symbol,resolution,time,open,high,low,close,volume,source
FPT,15,2026-07-23 09:15:00,59.09,59.73,58.91,58.91,424400,DNSE
FPT,15,2026-07-23 09:30:00,58.82,58.91,58.55,58.64,395300,DNSE
FPT,15,2026-07-23 09:45:00,58.64,59.36,58.36,58.91,503000,DNSE
FPT,15,2026-07-23 10:00:00,59.0,59.36,58.55,59.27,354700,DNSE
FPT,15,2026-07-23 10:15:00,59.27,59.27,58.91,59.09,208800,DNSE
FPT,15,2026-07-23 10:30:00,59.09,59.18,58.64,58.64,235300,DNSE
FPT,15,2026-07-23 10:45:00,58.73,59.0,58.73,59.0,284000,DNSE
FPT,15,2026-07-23 11:00:00,59.0,59.0,58.64,58.73,268100,DNSE
FPT,15,2026-07-23 11:15:00,58.73,58.82,58.64,58.82,331700,DNSE
FPT,15,2026-07-23 13:00:00,58.64,59.36,58.64,59.36,802400,DNSE
FPT,15,2026-07-23 13:15:00,59.36,59.55,59.0,59.18,294900,DNSE
FPT,15,2026-07-23 13:30:00,59.18,59.45,59.09,59.27,588500,DNSE
FPT,15,2026-07-23 13:45:00,59.27,59.36,58.82,58.91,325000,DNSE
FPT,15,2026-07-23 14:00:00,58.91,59.36,58.91,59.09,313200,DNSE
FPT,15,2026-07-23 14:15:00,59.09,59.27,58.91,58.91,389300,DNSE
FPT,15,2026-07-23 14:45:00,58.82,58.82,58.82,58.82,568700,DNSE
FPT,15,2026-07-24 09:15:00,58.45,58.64,57.45,57.82,635700,DNSE
FPT,15,2026-07-24 09:30:00,57.73,57.82,57.55,57.82,264600,DNSE
FPT,15,2026-07-24 09:45:00,57.73,57.82,57.55,57.55,264600,DNSE
FPT,15,2026-07-24 10:00:00,57.64,57.73,57.55,57.64,145300,DNSE
FPT,15,2026-07-24 10:15:00,57.64,57.73,57.55,57.55,179500,DNSE
FPT,15,2026-07-24 10:30:00,57.55,57.73,57.55,57.73,183000,DNSE
FPT,15,2026-07-24 10:45:00,57.73,58.0,57.64,57.82,223600,DNSE
FPT,15,2026-07-24 11:00:00,57.91,57.91,57.73,57.82,175100,DNSE
FPT,15,2026-07-24 11:15:00,57.91,57.91,57.73,57.91,156400,DNSE
FPT,15,2026-07-24 13:00:00,57.82,57.91,57.64,57.64,364700,DNSE
FPT,15,2026-07-24 13:15:00,57.64,57.82,57.64,57.64,132900,DNSE
FPT,15,2026-07-24 13:30:00,57.73,57.73,57.45,57.55,331100,DNSE
FPT,15,2026-07-24 13:45:00,57.55,57.64,57.18,57.18,869900,DNSE
FPT,15,2026-07-24 14:00:00,57.27,57.55,57.18,57.27,630300,DNSE
FPT,15,2026-07-24 14:15:00,57.27,57.36,57.09,57.18,733000,DNSE
FPT,15,2026-07-24 14:45:00,57.18,57.18,57.18,57.18,515100,DNSE
FPT,15,2026-07-27 09:15:00,57.36,57.73,56.55,57.64,660900,DNSE
FPT,15,2026-07-27 09:30:00,57.73,57.91,57.36,57.91,210600,DNSE
FPT,15,2026-07-27 09:45:00,57.91,57.91,57.36,57.36,128400,DNSE
FPT,15,2026-07-27 10:00:00,57.45,57.45,57.18,57.18,159800,DNSE
FPT,15,2026-07-27 10:15:00,57.18,57.45,57.18,57.18,88700,DNSE
FPT,15,2026-07-27 10:30:00,57.18,57.27,57.09,57.18,144100,DNSE
FPT,15,2026-07-27 10:45:00,57.18,57.18,56.91,57.09,118400,DNSE
FPT,15,2026-07-27 11:00:00,57.18,57.27,57.09,57.27,93400,DNSE
FPT,15,2026-07-27 11:15:00,57.27,57.45,57.18,57.45,86200,DNSE
FPT,15,2026-07-27 13:00:00,57.36,57.73,57.18,57.45,357500,DNSE
FPT,15,2026-07-27 13:15:00,57.45,57.55,57.18,57.27,315400,DNSE
FPT,15,2026-07-27 13:30:00,57.27,57.36,57.18,57.18,163200,DNSE
FPT,15,2026-07-27 13:45:00,57.18,57.36,57.09,57.27,246400,DNSE
FPT,15,2026-07-27 14:00:00,57.27,57.36,57.09,57.09,357400,DNSE
FPT,15,2026-07-27 14:15:00,57.09,57.18,56.91,56.91,603200,DNSE
FPT,15,2026-07-27 14:45:00,56.55,56.55,56.55,56.55,715900,DNSE
FPT,15,2026-07-28 09:15:00,56.27,56.82,55.91,56.55,645400,DNSE
FPT,15,2026-07-28 09:30:00,56.55,56.73,56.55,56.64,275300,DNSE
FPT,15,2026-07-28 09:45:00,56.55,56.64,56.27,56.36,418800,DNSE
FPT,15,2026-07-28 10:00:00,56.36,56.55,56.27,56.45,240800,DNSE
FPT,15,2026-07-28 10:15:00,56.45,56.64,56.27,56.36,329600,DNSE
FPT,15,2026-07-28 10:30:00,56.36,56.55,56.36,56.36,109500,DNSE
FPT,15,2026-07-28 10:45:00,56.36,56.73,56.36,56.73,330600,DNSE
FPT,15,2026-07-28 11:00:00,56.73,57.09,56.64,57.0,304200,DNSE
FPT,15,2026-07-28 11:15:00,57.0,57.09,56.91,57.0,126900,DNSE
FPT,15,2026-07-28 13:00:00,57.0,57.55,56.91,57.45,523200,DNSE
FPT,15,2026-07-28 13:15:00,57.45,57.91,57.27,57.27,648000,DNSE
FPT,15,2026-07-28 13:30:00,57.36,57.64,57.27,57.55,227100,DNSE
FPT,15,2026-07-28 13:45:00,57.55,57.64,57.36,57.36,248000,DNSE
FPT,15,2026-07-28 14:00:00,57.36,57.55,57.18,57.18,245200,DNSE
FPT,15,2026-07-28 14:15:00,57.18,57.27,56.91,57.0,495500,DNSE
FPT,15,2026-07-28 14:45:00,57.27,57.27,57.27,57.27,231300,DNSE
FPT,15,2026-07-29 09:15:00,57.27,57.55,56.91,56.91,375100,DNSE
FPT,15,2026-07-29 09:30:00,56.91,57.09,56.82,56.91,243200,DNSE
FPT,15,2026-07-29 09:45:00,57.0,57.27,56.91,57.27,285900,DNSE
FPT,15,2026-07-29 10:00:00,57.27,57.55,57.18,57.18,178800,DNSE
FPT,15,2026-07-29 10:15:00,57.18,57.27,57.09,57.18,163200,DNSE
FPT,15,2026-07-29 10:30:00,57.09,57.18,57.0,57.18,103800,DNSE
FPT,15,2026-07-29 10:45:00,57.0,57.27,57.0,57.27,132200,DNSE
FPT,15,2026-07-29 11:00:00,57.09,57.27,57.0,57.0,148000,DNSE
FPT,15,2026-07-29 11:15:00,57.09,57.18,56.91,57.0,96800,DNSE
FPT,15,2026-07-29 13:00:00,57.18,57.36,57.0,57.27,383600,DNSE
FPT,15,2026-07-29 13:15:00,57.27,57.91,57.27,57.55,536500,DNSE
FPT,15,2026-07-29 13:30:00,57.55,57.91,57.45,57.82,389800,DNSE
FPT,15,2026-07-29 13:45:00,57.82,58.45,57.73,58.18,992800,DNSE
FPT,15,2026-07-29 14:00:00,58.18,58.73,58.18,58.55,567900,DNSE
FPT,15,2026-07-29 14:15:00,58.55,59.36,58.45,59.09,1217600,DNSE
FPT,15,2026-07-29 14:45:00,59.18,59.18,59.18,59.18,298800,DNSE
FPT,15,2026-07-30 09:15:00,59.27,59.82,58.91,59.36,623600,DNSE
FPT,15,2026-07-30 09:30:00,59.45,60.27,59.27,60.0,918700,DNSE
FPT,15,2026-07-30 09:45:00,59.91,61.09,59.91,60.55,1286200,DNSE
FPT,15,2026-07-30 10:00:00,60.55,60.55,60.27,60.36,291900,DNSE
FPT,15,2026-07-30 10:15:00,60.36,60.73,60.27,60.73,360300,DNSE
FPT,15,2026-07-30 10:30:00,60.64,60.73,60.55,60.64,241500,DNSE
FPT,15,2026-07-30 10:45:00,60.73,60.82,60.64,60.64,239700,DNSE
FPT,15,2026-07-30 11:00:00,60.64,60.73,60.64,60.64,140900,DNSE
FPT,15,2026-07-30 11:15:00,60.64,60.91,60.64,60.82,212300,DNSE
FPT,15,2026-07-30 13:00:00,60.82,61.0,60.73,61.0,641300,DNSE
FPT,15,2026-07-30 13:15:00,61.0,61.09,60.64,60.64,515300,DNSE
FPT,15,2026-07-30 13:30:00,60.64,60.73,60.45,60.55,328500,DNSE
FPT,15,2026-07-30 13:45:00,60.55,60.82,60.45,60.73,348700,DNSE
FPT,15,2026-07-30 14:00:00,60.82,60.91,60.64,60.73,316600,DNSE
FPT,15,2026-07-30 14:15:00,60.82,61.09,60.73,60.82,728900,DNSE
FPT,15,2026-07-30 14:45:00,60.91,60.91,60.91,60.91,377100,DNSE
FPT,15,2026-07-31 09:15:00,61.09,61.73,60.82,61.55,1135000,DNSE
FPT,15,2026-07-31 09:30:00,61.45,61.64,61.18,61.45,561600,DNSE
FPT,15,2026-07-31 09:45:00,61.45,61.45,61.27,61.36,279200,DNSE
FPT,15,2026-07-31 10:00:00,61.36,61.45,61.27,61.45,266900,DNSE
FPT,15,2026-07-31 10:15:00,61.36,61.45,61.27,61.27,121900,DNSE
FPT,15,2026-07-31 10:30:00,61.27,61.36,61.0,61.0,259900,DNSE
FPT,15,2026-07-31 10:45:00,61.0,61.09,60.82,60.91,206800,DNSE
FPT,15,2026-07-31 11:00:00,60.82,60.91,60.82,60.91,187900,DNSE
FPT,15,2026-07-31 11:15:00,60.82,61.09,60.82,60.91,170700,DNSE
FPT,15,2026-07-31 13:00:00,60.91,61.09,60.45,60.91,849100,DNSE
FPT,15,2026-07-31 13:15:00,60.82,60.91,60.64,60.91,176200,DNSE
FPT,15,2026-07-31 13:30:00,60.91,61.0,60.64,60.73,342900,DNSE
FPT,15,2026-07-31 13:45:00,60.73,60.82,60.64,60.73,216500,DNSE
FPT,15,2026-07-31 14:00:00,60.73,60.73,60.55,60.64,305700,DNSE
FPT,15,2026-07-31 14:15:00,60.64,60.82,60.45,60.55,453000,DNSE
FPT,15,2026-07-31 14:45:00,61.0,61.0,61.0,61.0,720300,DNSE
FPT,15,2026-08-03 09:15:00,61.27,63.0,61.18,62.55,1441000,DNSE
FPT,15,2026-08-03 09:30:00,62.55,63.55,62.55,63.27,2087900,DNSE
FPT,15,2026-08-03 09:45:00,63.27,63.55,63.18,63.27,859700,DNSE
FPT,15,2026-08-03 10:00:00,63.27,63.55,63.18,63.36,673500,DNSE
FPT,15,2026-08-03 10:15:00,63.36,64.18,63.27,64.18,2319000,DNSE
FPT,15,2026-08-03 10:30:00,64.09,64.73,64.09,64.36,1342800,DNSE
FPT,15,2026-08-03 10:45:00,64.36,64.45,64.09,64.36,368500,DNSE
FPT,15,2026-08-03 11:00:00,64.36,64.55,64.27,64.45,386600,DNSE
FPT,15,2026-08-03 11:15:00,64.45,64.45,64.27,64.27,251700,DNSE
FPT,15,2026-08-03 13:00:00,64.36,65.18,64.18,65.0,2772100,DNSE
FPT,15,2026-08-03 13:15:00,65.09,65.18,64.73,65.09,994500,DNSE
FPT,15,2026-08-03 13:30:00,65.18,65.18,65.09,65.18,1723700,DNSE
FPT,15,2026-08-03 13:45:00,65.18,65.18,65.18,65.18,142400,DNSE
FPT,15,2026-08-03 14:00:00,65.18,65.18,65.18,65.18,240900,DNSE
FPT,15,2026-08-03 14:15:00,65.18,65.18,65.18,65.18,582600,DNSE
FPT,15,2026-08-03 14:45:00,65.18,65.18,65.18,65.18,92200,DNSE
FPT,15,2026-08-04 09:15:00,65.82,66.64,65.45,66.09,1834300,DNSE
FPT,15,2026-08-04 09:30:00,66.09,66.18,65.18,65.36,718600,DNSE
FPT,15,2026-08-04 09:45:00,65.27,65.73,65.27,65.55,329400,DNSE
FPT,15,2026-08-04 10:00:00,65.55,65.64,65.27,65.27,276200,DNSE
FPT,15,2026-08-04 10:15:00,65.27,65.82,65.27,65.82,275000,DNSE
FPT,15,2026-08-04 10:30:00,65.82,65.82,65.45,65.45,192100,DNSE
FPT,15,2026-08-04 10:45:00,65.55,65.64,65.36,65.36,181700,DNSE
FPT,15,2026-08-04 11:00:00,65.45,65.45,65.27,65.36,178900,DNSE
FPT,15,2026-08-04 11:15:00,65.27,65.36,65.18,65.18,218400,DNSE
FPT,15,2026-08-04 13:00:00,65.18,65.55,64.91,65.27,823700,DNSE
FPT,15,2026-08-04 13:15:00,65.27,65.45,65.18,65.36,244800,DNSE
FPT,15,2026-08-04 13:30:00,65.45,65.45,65.27,65.45,177700,DNSE
FPT,15,2026-08-04 13:45:00,65.45,65.45,65.18,65.18,215400,DNSE
FPT,15,2026-08-04 14:00:00,65.27,65.27,64.91,64.91,404600,DNSE
FPT,15,2026-08-04 14:15:00,64.91,65.18,64.82,65.09,286300,DNSE
FPT,15,2026-08-04 14:45:00,65.0,65.0,65.0,65.0,227200,DNSE
FPT,15,2026-08-05 09:15:00,65.64,65.64,65.09,65.09,349400,DNSE
FPT,15,2026-08-05 09:30:00,65.09,65.18,64.55,64.55,642200,DNSE
FPT,15,2026-08-05 09:45:00,64.55,65.0,64.36,64.82,775100,DNSE
FPT,15,2026-08-05 10:00:00,65.0,65.09,64.73,65.0,305500,DNSE
FPT,15,2026-08-05 10:15:00,65.0,65.18,64.91,65.18,245400,DNSE
FPT,15,2026-08-05 10:30:00,65.18,65.18,65.09,65.09,185700,DNSE
FPT,15,2026-08-05 10:45:00,65.09,65.18,65.0,65.09,100400,DNSE
FPT,15,2026-08-05 11:00:00,65.0,65.09,65.0,65.0,133700,DNSE
FPT,15,2026-08-05 11:15:00,65.0,65.09,64.91,64.91,162300,DNSE
FPT,15,2026-08-05 13:00:00,64.91,64.91,64.64,64.64,485200,DNSE
FPT,15,2026-08-05 13:15:00,64.64,64.73,64.45,64.55,697000,DNSE
FPT,15,2026-08-05 13:30:00,64.64,64.64,64.18,64.27,498400,DNSE
FPT,15,2026-08-05 13:45:00,64.18,64.27,63.91,64.09,793000,DNSE
FPT,15,2026-08-05 14:00:00,64.09,64.09,63.82,64.09,753900,DNSE
FPT,15,2026-08-05 14:15:00,64.09,64.27,63.91,63.91,357900,DNSE
FPT,15,2026-08-05 14:45:00,63.91,63.91,63.91,63.91,392500,DNSE
FPT,15,2026-08-06 09:15:00,64.0,64.91,64.0,64.45,466400,DNSE
FPT,15,2026-08-06 09:30:00,64.45,64.73,64.09,64.27,565100,DNSE
FPT,15,2026-08-06 09:45:00,64.27,64.36,64.18,64.18,184800,DNSE
FPT,15,2026-08-06 10:00:00,64.18,64.45,64.18,64.45,240600,DNSE
FPT,15,2026-08-06 10:15:00,64.55,64.64,64.36,64.55,363900,DNSE
FPT,15,2026-08-06 10:30:00,64.55,64.55,64.36,64.36,171600,DNSE
FPT,15,2026-08-06 10:45:00,64.36,64.36,64.18,64.36,135400,DNSE
FPT,15,2026-08-06 11:00:00,64.36,64.45,64.18,64.36,176700,DNSE
FPT,15,2026-08-06 11:15:00,64.36,64.55,64.36,64.45,106900,DNSE
FPT,15,2026-08-06 13:00:00,64.36,64.82,64.18,64.82,592400,DNSE
FPT,15,2026-08-06 13:15:00,64.82,64.91,64.36,64.45,359700,DNSE
FPT,15,2026-08-06 13:30:00,64.45,64.73,64.18,64.55,307000,DNSE
FPT,15,2026-08-06 13:45:00,64.64,64.73,64.45,64.55,287200,DNSE
FPT,15,2026-08-06 14:00:00,64.55,64.64,64.27,64.27,238800,DNSE
FPT,15,2026-08-06 14:15:00,64.36,64.45,64.18,64.36,265300,DNSE
FPT,15,2026-08-06 14:45:00,64.27,64.27,64.27,64.27,167900,DNSE
FPT,15,2026-08-07 09:15:00,64.64,64.73,64.36,64.36,412200,DNSE
FPT,15,2026-08-07 09:30:00,64.36,64.36,64.09,64.27,245000,DNSE
FPT,15,2026-08-07 09:45:00,64.27,64.27,63.91,64.09,324200,DNSE
FPT,15,2026-08-07 10:00:00,64.09,64.64,64.09,64.64,382600,DNSE
FPT,15,2026-08-07 10:15:00,64.64,65.18,64.55,64.91,571100,DNSE
FPT,15,2026-08-07 10:30:00,64.91,65.0,64.82,64.91,214900,DNSE
FPT,15,2026-08-07 10:45:00,64.82,64.91,64.64,64.64,280100,DNSE
FPT,15,2026-08-07 11:00:00,64.64,64.82,64.55,64.73,105600,DNSE
FPT,15,2026-08-07 11:15:00,64.73,64.82,64.64,64.73,128100,DNSE
FPT,15,2026-08-07 13:00:00,64.73,64.73,64.55,64.64,268100,DNSE
FPT,15,2026-08-07 13:15:00,64.64,64.73,64.45,64.55,189200,DNSE
FPT,15,2026-08-07 13:30:00,64.55,64.64,64.45,64.45,179600,DNSE
FPT,15,2026-08-07 13:45:00,64.45,64.55,64.36,64.45,227800,DNSE
FPT,15,2026-08-07 14:00:00,64.45,64.64,64.36,64.45,229600,DNSE
FPT,15,2026-08-07 14:15:00,64.55,64.55,64.36,64.45,373200,DNSE
FPT,15,2026-08-07 14:45:00,64.36,64.36,64.36,64.36,170500,DNSE
FPT,15,2026-08-10 09:15:00,64.45,64.82,64.27,64.73,336400,DNSE
FPT,15,2026-08-10 09:30:00,64.64,64.73,64.36,64.45,186400,DNSE
FPT,15,2026-08-10 09:45:00,64.45,64.82,64.36,64.73,373300,DNSE
FPT,15,2026-08-10 10:00:00,64.73,64.82,64.64,64.82,133700,DNSE
FPT,15,2026-08-10 10:15:00,64.73,65.45,64.73,64.91,748200,DNSE
FPT,15,2026-08-10 10:30:00,64.91,65.0,64.73,65.0,199400,DNSE
FPT,15,2026-08-10 10:45:00,65.0,65.09,64.91,65.09,147500,DNSE
FPT,15,2026-08-10 11:00:00,65.0,65.18,64.91,65.18,163100,DNSE
FPT,15,2026-08-10 11:15:00,65.18,65.27,65.09,65.18,225300,DNSE
FPT,15,2026-08-10 13:00:00,65.18,65.27,64.82,64.91,604100,DNSE
FPT,15,2026-08-10 13:15:00,64.91,65.18,64.82,65.09,273500,DNSE
FPT,15,2026-08-10 13:30:00,65.09,65.27,65.0,65.18,544400,DNSE
FPT,15,2026-08-10 13:45:00,65.18,65.27,65.0,65.09,321300,DNSE
FPT,15,2026-08-10 14:00:00,65.09,65.18,65.0,65.09,200300,DNSE
FPT,15,2026-08-10 14:15:00,65.09,65.18,64.82,64.91,423000,DNSE
FPT,15,2026-08-10 14:45:00,65.27,65.27,65.27,65.27,372200,DNSE
FPT,15,2026-08-11 09:15:00,65.09,65.73,64.91,65.09,737000,DNSE
FPT,15,2026-08-11 09:30:00,65.09,65.18,64.55,64.82,711400,DNSE
FPT,15,2026-08-11 09:45:00,64.73,65.36,64.73,65.18,380000,DNSE
FPT,15,2026-08-11 10:00:00,65.18,66.45,65.18,66.09,2070400,DNSE
FPT,15,2026-08-11 10:15:00,66.09,66.09,65.55,65.73,346500,DNSE
FPT,15,2026-08-11 10:30:00,65.73,65.82,65.55,65.64,153900,DNSE
FPT,15,2026-08-11 10:45:00,65.64,65.73,65.27,65.36,232000,DNSE
FPT,15,2026-08-11 11:00:00,65.45,65.45,65.18,65.45,163900,DNSE
FPT,15,2026-08-11 11:15:00,65.45,65.64,65.36,65.55,123400,DNSE
FPT,15,2026-08-11 13:00:00,65.55,65.55,65.27,65.27,326000,DNSE
FPT,15,2026-08-11 13:15:00,65.27,65.73,65.27,65.73,351800,DNSE
FPT,15,2026-08-11 13:30:00,65.73,65.73,65.27,65.36,428400,DNSE
FPT,15,2026-08-11 13:45:00,65.27,65.36,65.09,65.18,242400,DNSE
FPT,15,2026-08-11 14:00:00,65.09,65.18,65.09,65.18,149400,DNSE
FPT,15,2026-08-11 14:15:00,65.09,65.27,65.09,65.09,225600,DNSE
FPT,15,2026-08-11 14:45:00,64.73,64.73,64.73,64.73,294700,DNSE
FPT,15,2026-08-12 09:15:00,64.73,65.0,64.73,64.91,198300,DNSE
FPT,15,2026-08-12 09:30:00,64.82,65.09,64.55,64.91,234300,DNSE
FPT,15,2026-08-12 09:45:00,64.91,65.27,64.91,65.27,329700,DNSE
FPT,15,2026-08-12 10:00:00,65.27,65.36,64.73,64.91,243200,DNSE
FPT,15,2026-08-12 10:15:00,64.91,64.91,64.64,64.82,177800,DNSE
FPT,15,2026-08-12 10:30:00,64.82,64.91,64.73,64.82,64600,DNSE
FPT,15,2026-08-12 10:45:00,64.82,64.91,64.73,64.91,100600,DNSE
FPT,15,2026-08-12 11:00:00,64.91,65.0,64.73,64.91,152400,DNSE
FPT,15,2026-08-12 11:15:00,64.91,65.0,64.82,64.91,134800,DNSE
FPT,15,2026-08-12 13:00:00,64.91,64.91,64.55,64.73,499700,DNSE
FPT,15,2026-08-12 13:15:00,64.73,64.82,64.64,64.64,222500,DNSE
FPT,15,2026-08-12 13:30:00,64.64,64.73,64.45,64.64,317700,DNSE
FPT,15,2026-08-12 13:45:00,64.64,64.73,64.55,64.55,180300,DNSE
FPT,15,2026-08-12 14:00:00,64.55,64.64,64.18,64.27,369500,DNSE
FPT,15,2026-08-12 14:15:00,64.27,64.55,64.27,64.45,343000,DNSE
FPT,15,2026-08-12 14:45:00,64.36,64.36,64.36,64.36,117200,DNSE
FPT,15,2026-08-13 09:15:00,64.55,64.73,64.45,64.55,219900,DNSE
FPT,15,2026-08-13 09:30:00,64.45,64.55,64.36,64.55,285000,DNSE
FPT,15,2026-08-13 09:45:00,64.45,64.55,64.36,64.45,216400,DNSE
FPT,15,2026-08-13 10:00:00,64.45,64.55,64.36,64.45,57300,DNSE
FPT,15,2026-08-13 10:15:00,64.55,64.55,64.45,64.45,142500,DNSE
FPT,15,2026-08-13 10:30:00,64.45,64.55,64.36,64.45,130100,DNSE
FPT,15,2026-08-13 10:45:00,64.45,64.55,64.45,64.55,162700,DNSE
FPT,15,2026-08-13 11:00:00,64.64,64.64,64.55,64.55,89800,DNSE
FPT,15,2026-08-13 11:15:00,64.55,64.82,64.55,64.82,176600,DNSE
FPT,15,2026-08-13 13:00:00,64.82,64.82,64.55,64.64,375300,DNSE
FPT,15,2026-08-13 13:15:00,64.64,64.73,64.36,64.45,514500,DNSE
FPT,15,2026-08-13 13:30:00,64.36,64.45,64.0,64.0,684200,DNSE
FPT,15,2026-08-13 13:45:00,64.0,64.27,64.0,64.09,329100,DNSE
FPT,15,2026-08-13 14:00:00,64.09,64.18,63.09,63.27,2093800,DNSE
FPT,15,2026-08-13 14:15:00,63.45,63.45,63.0,63.18,1247700,DNSE
FPT,15,2026-08-13 14:45:00,62.91,62.91,62.91,62.91,733100,DNSE
FPT,15,2026-08-14 09:15:00,63.0,63.27,62.91,63.18,588300,DNSE
FPT,15,2026-08-14 09:30:00,63.18,63.27,63.09,63.18,250300,DNSE
FPT,15,2026-08-14 09:45:00,63.09,63.27,62.82,63.27,650900,DNSE
FPT,15,2026-08-14 10:00:00,63.18,63.27,62.82,62.91,265500,DNSE
FPT,15,2026-08-14 10:15:00,62.91,63.18,62.82,62.91,157000,DNSE
FPT,15,2026-08-14 10:30:00,62.91,63.09,62.91,63.0,120300,DNSE
FPT,15,2026-08-14 10:45:00,63.0,63.0,62.82,62.82,201300,DNSE
FPT,15,2026-08-14 11:00:00,62.82,62.91,62.73,62.73,196200,DNSE
FPT,15,2026-08-14 11:15:00,62.73,62.82,62.45,62.73,615400,DNSE
FPT,15,2026-08-14 13:00:00,62.73,62.73,62.45,62.55,431600,DNSE
FPT,15,2026-08-14 13:15:00,62.55,62.55,62.36,62.45,488900,DNSE
FPT,15,2026-08-14 13:30:00,62.55,62.55,62.27,62.27,391500,DNSE
FPT,15,2026-08-14 13:45:00,62.36,62.36,62.0,62.27,850400,DNSE
FPT,15,2026-08-14 14:00:00,62.27,62.27,61.82,62.0,715100,DNSE
FPT,15,2026-08-14 14:15:00,61.91,62.27,61.91,62.09,897700,DNSE
FPT,15,2026-08-14 14:45:00,62.09,62.09,62.09,62.09,303400,DNSE
FPT,15,2026-08-17 09:15:00,62.18,63.09,62.18,62.91,708900,DNSE
FPT,15,2026-08-17 09:30:00,62.82,63.0,62.64,63.0,249800,DNSE
FPT,15,2026-08-17 09:45:00,62.91,63.0,62.73,62.82,121700,DNSE
FPT,15,2026-08-17 10:00:00,62.82,62.82,62.45,62.73,166100,DNSE
FPT,15,2026-08-17 10:15:00,62.64,62.82,62.45,62.64,117500,DNSE
FPT,15,2026-08-17 10:30:00,62.64,62.64,62.45,62.55,85600,DNSE
FPT,15,2026-08-17 10:45:00,62.55,62.73,62.36,62.64,234900,DNSE
FPT,15,2026-08-17 11:00:00,62.55,62.73,62.55,62.73,179400,DNSE
FPT,15,2026-08-17 11:15:00,62.73,62.73,62.64,62.73,105200,DNSE
FPT,15,2026-08-17 13:00:00,62.73,62.73,62.55,62.64,365400,DNSE
FPT,15,2026-08-17 13:15:00,62.55,62.73,62.36,62.73,388800,DNSE
FPT,15,2026-08-17 13:30:00,62.73,62.73,62.45,62.55,263000,DNSE
FPT,15,2026-08-17 13:45:00,62.55,62.73,62.45,62.64,234600,DNSE
FPT,15,2026-08-17 14:00:00,62.55,62.64,62.36,62.45,255000,DNSE
FPT,15,2026-08-17 14:15:00,62.36,62.73,62.27,62.64,489700,DNSE
FPT,15,2026-08-17 14:45:00,62.55,62.55,62.55,62.55,138900,DNSE
FPT,15,2026-08-18 09:15:00,62.55,62.91,62.55,62.73,147600,DNSE
FPT,15,2026-08-18 09:30:00,62.73,62.73,62.55,62.55,106400,DNSE
FPT,15,2026-08-18 09:45:00,62.64,62.73,62.55,62.64,212400,DNSE
FPT,15,2026-08-18 10:00:00,62.64,62.82,62.55,62.82,134600,DNSE
FPT,15,2026-08-18 10:15:00,62.82,63.0,62.73,62.73,229000,DNSE
FPT,15,2026-08-18 10:30:00,62.73,62.82,62.64,62.73,159100,DNSE
FPT,15,2026-08-18 10:45:00,62.64,62.82,62.64,62.73,96200,DNSE
FPT,15,2026-08-18 11:00:00,62.73,62.82,62.73,62.82,58000,DNSE
FPT,15,2026-08-18 11:15:00,62.82,62.82,62.64,62.73,112400,DNSE
FPT,15,2026-08-18 13:00:00,62.73,62.73,62.45,62.45,619800,DNSE
FPT,15,2026-08-18 13:15:00,62.45,62.55,62.45,62.45,137700,DNSE
FPT,15,2026-08-18 13:30:00,62.45,62.55,62.27,62.27,274500,DNSE
FPT,15,2026-08-18 13:45:00,62.27,62.45,62.09,62.27,307300,DNSE
FPT,15,2026-08-18 14:00:00,62.27,62.45,62.0,62.27,240800,DNSE
FPT,15,2026-08-18 14:15:00,62.36,62.55,62.27,62.45,336200,DNSE
FPT,15,2026-08-18 14:45:00,62.73,62.73,62.73,62.73,211800,DNSE
FPT,15,2026-08-19 09:15:00,62.73,62.91,62.45,62.55,96600,DNSE
FPT,15,2026-08-19 09:30:00,62.55,62.64,62.45,62.55,31600,DNSE
FPT,15,2026-08-19 09:45:00,62.55,62.64,62.36,62.45,125600,DNSE
FPT,15,2026-08-19 10:00:00,62.45,62.73,62.45,62.73,75800,DNSE
FPT,15,2026-08-19 10:15:00,62.73,62.73,62.55,62.64,52100,DNSE
FPT,15,2026-08-19 10:30:00,62.64,62.64,62.55,62.64,57500,DNSE
FPT,15,2026-08-19 10:45:00,62.55,62.64,62.55,62.64,51700,DNSE
FPT,15,2026-08-19 11:00:00,62.55,62.64,62.45,62.55,102500,DNSE
FPT,15,2026-08-19 11:15:00,62.55,62.73,62.45,62.73,104600,DNSE
FPT,15,2026-08-19 13:00:00,62.73,62.73,62.45,62.64,237900,DNSE
FPT,15,2026-08-19 13:15:00,62.55,62.73,62.55,62.55,144000,DNSE
FPT,15,2026-08-19 13:30:00,62.64,62.64,62.45,62.55,97300,DNSE
FPT,15,2026-08-19 13:45:00,62.64,62.64,62.45,62.45,83000,DNSE
FPT,15,2026-08-19 14:00:00,62.55,62.64,62.45,62.55,202500,DNSE
FPT,15,2026-08-19 14:15:00,62.45,62.73,62.45,62.64,223700,DNSE
FPT,15,2026-08-19 14:45:00,62.64,62.64,62.64,62.64,134600,DNSE
FPT,15,2026-08-20 09:15:00,62.82,63.45,62.82,63.36,397100,DNSE
FPT,15,2026-08-20 09:30:00,63.27,63.91,63.18,63.64,616900,DNSE
FPT,15,2026-08-20 09:45:00,63.64,63.91,63.64,63.82,302000,DNSE
FPT,15,2026-08-20 10:00:00,63.82,63.91,63.64,63.82,189500,DNSE
FPT,15,2026-08-20 10:15:00,63.73,63.73,63.64,63.73,128700,DNSE
FPT,15,2026-08-20 10:30:00,63.73,63.82,63.64,63.73,113500,DNSE
FPT,15,2026-08-20 10:45:00,63.73,63.82,63.64,63.73,108500,DNSE
FPT,15,2026-08-20 11:00:00,63.73,63.73,63.55,63.55,359300,DNSE
FPT,15,2026-08-20 11:15:00,63.55,63.73,63.55,63.64,181900,DNSE
FPT,15,2026-08-20 13:00:00,63.64,63.82,63.55,63.73,254500,DNSE
FPT,15,2026-08-20 13:15:00,63.73,63.82,63.64,63.64,160000,DNSE
FPT,15,2026-08-20 13:30:00,63.64,63.73,63.55,63.73,186700,DNSE
FPT,15,2026-08-20 13:45:00,63.64,63.82,63.64,63.82,184500,DNSE
FPT,15,2026-08-20 14:00:00,63.82,63.82,63.64,63.73,180700,DNSE
FPT,15,2026-08-20 14:15:00,63.64,63.82,63.55,63.64,942200,DNSE
FPT,15,2026-08-20 14:45:00,63.45,63.45,63.45,63.45,162100,DNSE
FPT,15,2026-08-21 09:15:00,63.55,63.64,63.18,63.18,249800,DNSE
FPT,15,2026-08-21 09:30:00,63.18,63.55,63.18,63.55,118900,DNSE
FPT,15,2026-08-21 09:45:00,63.55,63.64,63.36,63.55,148700,DNSE
FPT,15,2026-08-21 10:00:00,63.55,63.55,63.36,63.36,141500,DNSE
FPT,15,2026-08-21 10:15:00,63.45,63.73,63.36,63.73,222800,DNSE
FPT,15,2026-08-21 10:30:00,63.82,64.27,63.73,64.27,425700,DNSE
FPT,15,2026-08-21 10:45:00,64.27,64.55,64.18,64.45,518100,DNSE
FPT,15,2026-08-21 11:00:00,64.45,64.45,64.27,64.36,237500,DNSE
FPT,15,2026-08-21 11:15:00,64.45,64.45,64.36,64.36,164400,DNSE
FPT,15,2026-08-21 13:00:00,64.36,64.82,64.27,64.73,1095800,DNSE
FPT,15,2026-08-21 13:15:00,64.64,65.36,64.64,65.09,767200,DNSE
FPT,15,2026-08-21 13:30:00,65.09,65.09,64.82,64.91,405700,DNSE
FPT,15,2026-08-21 13:45:00,65.0,65.27,64.91,65.0,518600,DNSE
FPT,15,2026-08-21 14:00:00,65.09,65.27,65.0,65.09,488300,DNSE
FPT,15,2026-08-21 14:15:00,65.09,65.36,65.0,65.18,593100,DNSE
FPT,15,2026-08-21 14:45:00,65.45,65.45,65.45,65.45,939700,DNSE
FPT,15,2026-08-24 09:15:00,65.91,66.09,65.18,65.27,878000,DNSE
FPT,15,2026-08-24 09:30:00,65.27,65.55,65.09,65.36,322100,DNSE
FPT,15,2026-08-24 09:45:00,65.36,65.45,65.18,65.27,192500,DNSE
FPT,15,2026-08-24 10:00:00,65.27,65.45,65.27,65.45,117700,DNSE
FPT,15,2026-08-24 10:15:00,65.45,65.64,65.36,65.55,373500,DNSE
FPT,15,2026-08-24 10:30:00,65.55,65.73,65.45,65.45,203600,DNSE
FPT,15,2026-08-24 10:45:00,65.45,65.55,65.36,65.36,223700,DNSE
FPT,15,2026-08-24 11:00:00,65.45,65.45,65.27,65.27,122400,DNSE
FPT,15,2026-08-24 11:15:00,65.36,65.45,65.27,65.27,133600,DNSE
FPT,15,2026-08-24 13:00:00,65.27,65.45,65.09,65.36,448800,DNSE
FPT,15,2026-08-24 13:15:00,65.36,65.36,65.09,65.18,162100,DNSE
FPT,15,2026-08-24 13:30:00,65.27,65.36,65.18,65.18,127500,DNSE
FPT,15,2026-08-24 13:45:00,65.18,65.27,65.09,65.09,205700,DNSE
FPT,15,2026-08-24 14:00:00,65.18,65.18,65.0,65.0,341100,DNSE
FPT,15,2026-08-24 14:15:00,65.0,65.09,64.91,65.09,375600,DNSE
FPT,15,2026-08-24 14:45:00,64.91,64.91,64.91,64.91,384000,DNSE
FPT,15,2026-08-25 09:15:00,64.91,65.36,64.82,65.09,219300,DNSE
FPT,15,2026-08-25 09:30:00,65.0,65.45,64.91,65.27,267500,DNSE
FPT,15,2026-08-25 09:45:00,65.18,65.36,65.0,65.09,221500,DNSE
FPT,15,2026-08-25 10:00:00,65.0,65.27,64.91,65.18,188600,DNSE
FPT,15,2026-08-25 10:15:00,65.27,65.27,65.0,65.0,231600,DNSE
FPT,15,2026-08-25 10:30:00,65.0,65.18,64.91,65.0,172300,DNSE
FPT,15,2026-08-25 10:45:00,65.0,65.09,64.91,65.0,217500,DNSE
FPT,15,2026-08-25 11:00:00,65.0,65.09,64.91,65.0,112000,DNSE
FPT,15,2026-08-25 11:15:00,64.91,65.0,64.91,64.91,180300,DNSE
FPT,15,2026-08-25 13:00:00,64.82,64.91,64.55,64.64,648200,DNSE
FPT,15,2026-08-25 13:15:00,64.55,64.73,64.36,64.45,603800,DNSE
FPT,15,2026-08-25 13:30:00,64.45,64.73,64.45,64.45,408500,DNSE
FPT,15,2026-08-25 13:45:00,64.55,64.55,64.36,64.36,268100,DNSE
FPT,15,2026-08-25 14:00:00,64.36,64.55,64.27,64.55,388200,DNSE
FPT,15,2026-08-25 14:15:00,64.45,64.55,64.36,64.45,308300,DNSE
FPT,15,2026-08-25 14:45:00,64.27,64.27,64.27,64.27,254300,DNSE
FPT,15,2026-08-26 09:15:00,64.27,64.91,64.27,64.91,562400,DNSE
FPT,15,2026-08-26 09:30:00,64.91,65.18,64.82,65.0,340000,DNSE
FPT,15,2026-08-26 09:45:00,65.0,65.09,64.82,64.91,214800,DNSE
FPT,15,2026-08-26 10:00:00,64.91,64.91,64.73,64.82,185800,DNSE
FPT,15,2026-08-26 10:15:00,64.82,65.45,64.82,65.27,835500,DNSE
FPT,15,2026-08-26 10:30:00,65.27,65.82,65.18,65.45,1124900,DNSE
FPT,15,2026-08-26 10:45:00,65.45,65.82,65.45,65.64,604700,DNSE
FPT,15,2026-08-26 11:00:00,65.73,65.73,65.55,65.64,443400,DNSE
FPT,15,2026-08-26 11:15:00,65.64,65.73,65.64,65.73,365400,DNSE
FPT,15,2026-08-26 13:00:00,65.73,65.73,65.55,65.55,563100,DNSE
FPT,15,2026-08-26 13:15:00,65.55,66.09,65.55,65.91,1415500,DNSE
FPT,15,2026-08-26 13:30:00,65.91,66.27,65.82,66.0,1254800,DNSE
FPT,15,2026-08-26 13:45:00,66.0,66.27,65.91,65.91,631500,DNSE
FPT,15,2026-08-26 14:00:00,66.0,66.09,65.64,65.73,423800,DNSE
FPT,15,2026-08-26 14:15:00,65.73,66.0,65.64,66.0,769700,DNSE
FPT,15,2026-08-26 14:45:00,66.0,66.0,66.0,66.0,426000,DNSE
FPT,15,2026-08-27 09:15:00,66.0,66.09,65.64,65.82,436800,DNSE
FPT,15,2026-08-27 09:30:00,65.82,66.0,65.64,65.64,230800,DNSE
FPT,15,2026-08-27 09:45:00,65.64,65.82,65.64,65.73,138800,DNSE
FPT,15,2026-08-27 10:00:00,65.73,65.82,65.64,65.73,249300,DNSE
FPT,15,2026-08-27 10:15:00,65.82,65.82,65.64,65.64,77500,DNSE
FPT,15,2026-08-27 10:30:00,65.73,65.82,65.64,65.82,138900,DNSE
FPT,15,2026-08-27 10:45:00,65.73,66.0,65.73,65.91,160900,DNSE
FPT,15,2026-08-27 11:00:00,66.0,66.0,65.82,65.91,118400,DNSE
FPT,15,2026-08-27 11:15:00,66.0,66.0,65.91,66.0,144300,DNSE
FPT,15,2026-08-27 13:00:00,65.91,66.0,65.73,65.82,290200,DNSE
FPT,15,2026-08-27 13:15:00,65.82,65.82,65.64,65.82,253100,DNSE
FPT,15,2026-08-27 13:30:00,65.82,65.91,65.73,65.82,187200,DNSE
FPT,15,2026-08-27 13:45:00,65.82,65.91,65.64,65.82,320900,DNSE
FPT,15,2026-08-27 14:00:00,65.82,65.82,65.73,65.82,204800,DNSE
FPT,15,2026-08-27 14:15:00,65.73,65.91,65.73,65.82,350200,DNSE
FPT,15,2026-08-27 14:45:00,65.64,65.64,65.64,65.64,240800,DNSE
FPT,15,2026-08-28 09:15:00,65.64,67.09,65.64,66.73,1603600,DNSE
FPT,15,2026-08-28 09:30:00,66.73,67.09,66.64,67.09,933600,DNSE
FPT,15,2026-08-28 09:45:00,67.0,67.27,66.82,66.91,1287100,DNSE
FPT,15,2026-08-28 10:00:00,66.82,67.0,66.73,66.82,465100,DNSE
FPT,15,2026-08-28 10:15:00,66.82,67.09,66.64,67.0,368200,DNSE
FPT,15,2026-08-28 10:30:00,67.0,67.18,66.91,67.18,617300,DNSE
FPT,15,2026-08-28 10:45:00,67.09,67.18,67.0,67.18,390500,DNSE
FPT,15,2026-08-28 11:00:00,67.09,67.18,66.82,67.09,428600,DNSE
FPT,15,2026-08-28 11:15:00,67.09,67.09,66.82,66.91,390400,DNSE
FPT,15,2026-08-28 13:00:00,66.91,66.91,66.64,66.73,443100,DNSE
FPT,15,2026-08-28 13:15:00,66.82,66.91,66.73,66.82,416400,DNSE
FPT,15,2026-08-28 13:30:00,66.82,66.91,66.73,66.82,438000,DNSE
FPT,15,2026-08-28 13:45:00,66.82,67.0,66.73,66.82,362000,DNSE
FPT,15,2026-08-28 14:00:00,66.91,66.91,66.73,66.73,401700,DNSE
FPT,15,2026-08-28 14:15:00,66.82,66.82,66.45,66.73,1067400,DNSE
FPT,15,2026-08-28 14:45:00,66.55,66.55,66.55,66.55,583800,DNSE
FPT,15,2026-09-03 09:15:00,66.36,66.36,65.91,66.27,502000,DNSE
FPT,15,2026-09-03 09:30:00,66.27,66.27,65.64,65.73,405800,DNSE
FPT,15,2026-09-03 09:45:00,65.82,65.91,65.73,65.82,174700,DNSE
FPT,15,2026-09-03 10:00:00,65.91,65.91,65.64,65.73,341800,DNSE
FPT,15,2026-09-03 10:15:00,65.73,65.91,65.64,65.82,247100,DNSE
FPT,15,2026-09-03 10:30:00,65.73,65.91,65.64,65.91,119600,DNSE
FPT,15,2026-09-03 10:45:00,65.91,66.0,65.73,65.73,237500,DNSE
FPT,15,2026-09-03 11:00:00,65.82,65.82,65.73,65.73,100000,DNSE
FPT,15,2026-09-03 11:15:00,65.82,65.91,65.73,65.82,123700,DNSE
FPT,15,2026-09-03 13:00:00,65.82,65.82,65.64,65.73,238000,DNSE
FPT,15,2026-09-03 13:15:00,65.73,65.82,65.45,65.64,659700,DNSE
FPT,15,2026-09-03 13:30:00,65.64,65.91,65.64,65.82,234700,DNSE
FPT,15,2026-09-03 13:45:00,65.82,65.91,65.73,65.82,120700,DNSE
FPT,15,2026-09-03 14:00:00,65.82,65.91,65.64,65.73,155000,DNSE
FPT,15,2026-09-03 14:15:00,65.64,65.82,65.64,65.73,261800,DNSE
FPT,15,2026-09-03 14:45:00,65.64,65.64,65.64,65.64,176100,DNSE
FPT,15,2026-09-04 09:15:00,65.91,66.36,65.91,66.36,311300,DNSE
FPT,15,2026-09-04 09:30:00,66.36,66.36,66.09,66.18,292000,DNSE
FPT,15,2026-09-04 09:45:00,66.09,66.27,65.82,65.82,324600,DNSE
FPT,15,2026-09-04 10:00:00,65.91,66.0,65.82,66.0,240600,DNSE
FPT,15,2026-09-04 10:15:00,65.91,66.18,65.91,66.0,122900,DNSE
FPT,15,2026-09-04 10:30:00,66.09,66.09,66.0,66.09,56800,DNSE
FPT,15,2026-09-04 10:45:00,66.09,66.18,66.0,66.09,293200,DNSE
FPT,15,2026-09-04 11:00:00,66.18,66.18,66.0,66.0,67100,DNSE
FPT,15,2026-09-04 11:15:00,66.0,66.09,66.0,66.09,81300,DNSE
FPT,15,2026-09-04 13:00:00,66.0,66.18,66.0,66.09,273400,DNSE
FPT,15,2026-09-04 13:15:00,66.09,66.09,65.91,66.0,314600,DNSE
FPT,15,2026-09-04 13:30:00,66.0,66.09,65.91,66.0,127700,DNSE
FPT,15,2026-09-04 13:45:00,66.0,66.09,66.0,66.09,182100,DNSE
FPT,15,2026-09-04 14:00:00,66.09,66.09,65.91,66.0,310400,DNSE
FPT,15,2026-09-04 14:15:00,66.09,66.18,66.0,66.18,321200,DNSE
FPT,15,2026-09-04 14:45:00,66.18,66.18,66.18,66.18,230300,DNSE
FPT,15,2026-09-07 09:15:00,66.36,66.64,66.18,66.27,532900,DNSE
FPT,15,2026-09-07 09:30:00,66.18,66.36,66.18,66.36,341200,DNSE
FPT,15,2026-09-07 09:45:00,66.27,66.36,66.18,66.27,234900,DNSE
FPT,15,2026-09-07 10:00:00,66.27,66.82,66.27,66.82,817700,DNSE
FPT,15,2026-09-07 10:15:00,66.73,67.09,66.64,66.64,997400,DNSE
FPT,15,2026-09-07 10:30:00,66.73,66.73,66.36,66.45,358200,DNSE
FPT,15,2026-09-07 10:45:00,66.55,66.55,66.27,66.36,221400,DNSE
FPT,15,2026-09-07 11:00:00,66.36,66.36,66.09,66.09,315100,DNSE
FPT,15,2026-09-07 11:15:00,66.18,66.27,66.0,66.18,303400,DNSE
FPT,15,2026-09-07 13:00:00,66.18,66.36,66.09,66.18,384400,DNSE
FPT,15,2026-09-07 13:15:00,66.18,66.27,66.0,66.0,241200,DNSE
FPT,15,2026-09-07 13:30:00,66.18,66.27,66.0,66.09,222800,DNSE
FPT,15,2026-09-07 13:45:00,66.09,66.18,65.91,65.91,498900,DNSE
FPT,15,2026-09-07 14:00:00,65.91,66.09,65.64,65.91,998200,DNSE
FPT,15,2026-09-07 14:15:00,65.91,65.91,65.82,65.91,366800,DNSE
FPT,15,2026-09-07 14:45:00,65.82,65.82,65.82,65.82,185700,DNSE
FPT,15,2026-09-08 09:15:00,65.82,65.91,65.73,65.82,140000,DNSE
FPT,15,2026-09-08 09:30:00,65.82,65.82,65.73,65.82,140200,DNSE
FPT,15,2026-09-08 09:45:00,65.82,65.82,65.73,65.73,146700,DNSE
FPT,15,2026-09-08 10:00:00,65.64,65.73,65.64,65.64,122300,DNSE
FPT,15,2026-09-08 10:15:00,65.73,65.82,65.64,65.82,133800,DNSE
FPT,15,2026-09-08 10:30:00,65.82,65.91,65.73,65.82,328900,DNSE
FPT,15,2026-09-08 10:45:00,65.82,65.82,65.73,65.82,159900,DNSE
FPT,15,2026-09-08 11:00:00,65.82,65.82,65.64,65.73,153300,DNSE
FPT,15,2026-09-08 11:15:00,65.73,65.73,65.64,65.73,476300,DNSE
FPT,15,2026-09-08 13:00:00,65.64,65.73,65.55,65.64,182400,DNSE
FPT,15,2026-09-08 13:15:00,65.73,65.73,65.55,65.64,123200,DNSE
FPT,15,2026-09-08 13:30:00,65.55,65.73,65.55,65.73,218600,DNSE
FPT,15,2026-09-08 13:45:00,65.73,65.82,65.55,65.64,536400,DNSE
FPT,15,2026-09-08 14:00:00,65.64,65.73,65.55,65.55,235100,DNSE
FPT,15,2026-09-08 14:15:00,65.64,65.64,65.45,65.64,1026000,DNSE
FPT,15,2026-09-08 14:45:00,65.64,65.64,65.64,65.64,149900,DNSE
FPT,15,2026-09-09 09:15:00,65.73,65.82,65.55,65.64,210100,DNSE
FPT,15,2026-09-09 09:30:00,65.64,66.0,65.64,66.0,206000,DNSE
FPT,15,2026-09-09 09:45:00,66.0,66.36,65.91,66.27,346400,DNSE
FPT,15,2026-09-09 10:00:00,66.18,66.27,66.09,66.27,219600,DNSE
FPT,15,2026-09-09 10:15:00,66.27,66.36,66.18,66.27,319500,DNSE
FPT,15,2026-09-09 10:30:00,66.27,66.27,66.18,66.18,287100,DNSE
FPT,15,2026-09-09 10:45:00,66.27,66.27,66.09,66.18,158600,DNSE
FPT,15,2026-09-09 11:00:00,66.18,66.18,66.09,66.09,126300,DNSE
FPT,15,2026-09-09 11:15:00,66.18,66.18,66.09,66.18,153800,DNSE
FPT,15,2026-09-09 13:00:00,66.09,66.18,66.0,66.09,288900,DNSE
FPT,15,2026-09-09 13:15:00,66.09,66.18,66.0,66.09,139500,DNSE
FPT,15,2026-09-09 13:30:00,66.09,66.09,66.0,66.09,113800,DNSE
FPT,15,2026-09-09 13:45:00,66.0,66.09,65.91,66.0,205200,DNSE
FPT,15,2026-09-09 14:00:00,65.91,66.0,65.82,65.82,439600,DNSE
FPT,15,2026-09-09 14:15:00,65.82,65.91,65.82,65.91,195600,DNSE
FPT,15,2026-09-09 14:45:00,65.82,65.82,65.82,65.82,270300,DNSE
FPT,15,2026-09-10 09:15:00,65.73,65.91,65.64,65.91,156500,DNSE
FPT,15,2026-09-10 09:30:00,65.82,66.82,65.82,66.55,582100,DNSE
FPT,15,2026-09-10 09:45:00,66.55,66.64,66.45,66.55,751800,DNSE
FPT,15,2026-09-10 10:00:00,66.64,67.45,66.55,66.91,2066900,DNSE
FPT,15,2026-09-10 10:15:00,67.0,67.09,66.91,67.0,311000,DNSE
FPT,15,2026-09-10 10:30:00,67.0,67.0,66.82,66.91,319600,DNSE
FPT,15,2026-09-10 10:45:00,66.91,66.91,66.73,66.73,284400,DNSE
FPT,15,2026-09-10 11:00:00,66.82,66.82,66.64,66.82,186200,DNSE
FPT,15,2026-09-10 11:15:00,66.82,67.0,66.73,66.91,308300,DNSE
FPT,15,2026-09-10 13:00:00,66.91,67.09,66.73,67.09,881000,DNSE
FPT,15,2026-09-10 13:15:00,67.09,67.18,67.09,67.18,488800,DNSE
FPT,15,2026-09-10 13:30:00,67.18,67.36,67.09,67.27,1349500,DNSE
FPT,15,2026-09-10 13:45:00,67.18,67.36,67.18,67.36,511800,DNSE
FPT,15,2026-09-10 14:00:00,67.36,68.0,67.18,67.82,2333000,DNSE
FPT,15,2026-09-10 14:15:00,67.91,68.0,67.55,67.64,1085400,DNSE
FPT,15,2026-09-10 14:45:00,67.73,67.73,67.73,67.73,320300,DNSE
FPT,15,2026-09-11 09:15:00,67.64,67.64,67.0,67.09,517800,DNSE
FPT,15,2026-09-11 09:30:00,67.09,67.18,66.73,66.73,395200,DNSE
FPT,15,2026-09-11 09:45:00,66.73,66.82,66.45,66.45,333800,DNSE
FPT,15,2026-09-11 10:00:00,66.45,66.64,66.45,66.55,308600,DNSE
FPT,15,2026-09-11 10:15:00,66.64,66.73,66.55,66.73,211000,DNSE
FPT,15,2026-09-11 10:30:00,66.64,66.82,66.55,66.55,311600,DNSE
FPT,15,2026-09-11 10:45:00,66.55,66.73,66.45,66.45,230400,DNSE
FPT,15,2026-09-11 11:00:00,66.55,66.73,66.45,66.55,168700,DNSE
FPT,15,2026-09-11 11:15:00,66.55,66.64,66.45,66.55,182300,DNSE
FPT,15,2026-09-11 13:00:00,66.64,66.73,66.45,66.64,275100,DNSE
FPT,15,2026-09-11 13:15:00,66.55,66.91,66.45,66.82,298500,DNSE
FPT,15,2026-09-11 13:30:00,66.82,66.91,66.73,66.73,288100,DNSE
FPT,15,2026-09-11 13:45:00,66.82,66.82,66.64,66.73,285200,DNSE
FPT,15,2026-09-11 14:00:00,66.73,66.73,66.18,66.27,594800,DNSE
FPT,15,2026-09-11 14:15:00,66.27,66.55,66.09,66.09,724300,DNSE
FPT,15,2026-09-11 14:45:00,66.09,66.09,66.09,66.09,529600,DNSE
FPT,15,2026-09-14 09:15:00,66.18,66.91,66.09,66.36,293500,DNSE
FPT,15,2026-09-14 09:30:00,66.27,66.45,66.0,66.09,251300,DNSE
FPT,15,2026-09-14 09:45:00,66.0,66.73,66.0,66.64,303100,DNSE
FPT,15,2026-09-14 10:00:00,66.64,66.64,66.27,66.36,186700,DNSE
FPT,15,2026-09-14 10:15:00,66.27,66.36,66.18,66.27,165200,DNSE
FPT,15,2026-09-14 10:30:00,66.27,66.36,66.18,66.27,118800,DNSE
FPT,15,2026-09-14 10:45:00,66.27,66.36,66.27,66.27,49300,DNSE
FPT,15,2026-09-14 11:00:00,66.36,66.36,66.18,66.27,124800,DNSE
FPT,15,2026-09-14 11:15:00,66.18,66.27,66.18,66.18,97700,DNSE
FPT,15,2026-09-14 13:00:00,66.18,66.27,66.0,66.0,406200,DNSE
FPT,15,2026-09-14 13:15:00,66.0,66.09,65.82,65.91,323500,DNSE
FPT,15,2026-09-14 13:30:00,65.91,66.0,65.55,65.73,689500,DNSE
FPT,15,2026-09-14 13:45:00,65.73,65.82,65.45,65.64,941300,DNSE
FPT,15,2026-09-14 14:00:00,65.64,65.91,65.55,65.64,361100,DNSE
FPT,15,2026-09-14 14:15:00,65.64,65.82,65.64,65.64,393600,DNSE
FPT,15,2026-09-14 14:45:00,65.82,65.82,65.82,65.82,154700,DNSE
FPT,15,2026-09-15 09:15:00,66.09,66.45,66.0,66.45,230800,DNSE
FPT,15,2026-09-15 09:30:00,66.45,66.64,66.18,66.55,270600,DNSE
FPT,15,2026-09-15 09:45:00,66.55,66.64,66.45,66.45,226700,DNSE
FPT,15,2026-09-15 10:00:00,66.45,66.64,66.36,66.64,217600,DNSE
FPT,15,2026-09-15 10:15:00,66.64,66.73,66.45,66.55,266400,DNSE
FPT,15,2026-09-15 10:30:00,66.55,66.55,66.36,66.36,116400,DNSE
FPT,15,2026-09-15 10:45:00,66.45,66.55,66.27,66.36,208600,DNSE
FPT,15,2026-09-15 11:00:00,66.36,66.36,66.27,66.36,30400,DNSE
FPT,15,2026-09-15 11:15:00,66.36,66.36,66.27,66.27,107200,DNSE
FPT,15,2026-09-15 13:00:00,66.27,66.36,66.18,66.27,214200,DNSE
FPT,15,2026-09-15 13:15:00,66.36,66.36,66.18,66.18,281300,DNSE
FPT,15,2026-09-15 13:30:00,66.18,66.27,66.09,66.09,324500,DNSE
FPT,15,2026-09-15 13:45:00,66.09,66.18,66.0,66.09,351800,DNSE
FPT,15,2026-09-15 14:00:00,66.09,66.18,66.0,66.09,469600,DNSE
FPT,15,2026-09-15 14:15:00,66.18,66.18,65.91,66.0,477500,DNSE
FPT,15,2026-09-15 14:45:00,66.09,66.09,66.09,66.09,183900,DNSE
FPT,15,2026-09-16 09:15:00,66.18,66.45,66.09,66.18,138900,DNSE
FPT,15,2026-09-16 09:30:00,66.18,66.18,66.0,66.0,286200,DNSE
FPT,15,2026-09-16 09:45:00,66.09,66.18,65.73,65.73,228500,DNSE
FPT,15,2026-09-16 10:00:00,65.73,65.82,65.27,65.45,478500,DNSE
FPT,15,2026-09-16 10:15:00,65.45,65.55,65.27,65.45,490300,DNSE
FPT,15,2026-09-16 10:30:00,65.36,65.45,65.18,65.27,489800,DNSE
FPT,15,2026-09-16 10:45:00,65.27,65.36,65.18,65.27,377500,DNSE
FPT,15,2026-09-16 11:00:00,65.27,65.27,65.09,65.18,331200,DNSE
FPT,15,2026-09-16 11:15:00,65.18,65.18,65.09,65.18,215700,DNSE
FPT,15,2026-09-16 13:00:00,65.18,65.27,65.0,65.27,474900,DNSE
FPT,15,2026-09-16 13:15:00,65.27,65.45,65.18,65.45,196600,DNSE
FPT,15,2026-09-16 13:30:00,65.45,65.73,65.27,65.64,268400,DNSE
FPT,15,2026-09-16 13:45:00,65.64,65.73,65.45,65.73,264300,DNSE
FPT,15,2026-09-16 14:00:00,65.73,66.09,65.55,66.09,454700,DNSE
FPT,15,2026-09-16 14:15:00,66.09,66.36,66.0,66.27,912000,DNSE
FPT,15,2026-09-16 14:45:00,67.09,67.09,67.09,67.09,2140600,DNSE
FPT,15,2026-09-17 09:15:00,66.64,66.73,66.0,66.55,293000,DNSE
FPT,15,2026-09-17 09:30:00,66.64,66.64,66.45,66.45,115300,DNSE
FPT,15,2026-09-17 09:45:00,66.45,66.73,66.36,66.45,221800,DNSE
FPT,15,2026-09-17 10:00:00,66.45,66.73,66.36,66.64,208600,DNSE
FPT,15,2026-09-17 10:15:00,66.55,67.0,66.55,66.91,318300,DNSE
FPT,15,2026-09-17 10:30:00,66.91,67.09,66.82,66.82,238500,DNSE
FPT,15,2026-09-17 10:45:00,66.82,66.91,66.73,66.73,176000,DNSE
FPT,15,2026-09-17 11:00:00,66.73,66.82,66.64,66.64,126000,DNSE
FPT,15,2026-09-17 11:15:00,66.73,66.91,66.64,66.91,158300,DNSE
FPT,15,2026-09-17 13:00:00,66.82,66.91,66.64,66.64,282500,DNSE
FPT,15,2026-09-17 13:15:00,66.73,66.73,66.55,66.55,239400,DNSE
FPT,15,2026-09-17 13:30:00,66.64,67.09,66.55,66.91,459700,DNSE
FPT,15,2026-09-17 13:45:00,66.91,67.0,66.64,66.64,285900,DNSE
FPT,15,2026-09-17 14:00:00,66.73,66.82,66.55,66.82,356500,DNSE
FPT,15,2026-09-17 14:15:00,66.82,67.27,66.73,67.27,1259900,DNSE
FPT,15,2026-09-17 14:45:00,67.55,67.55,67.55,67.55,1887000,DNSE
FPT,15,2026-09-18 09:15:00,67.73,67.91,67.0,67.36,553000,DNSE
FPT,15,2026-09-18 09:30:00,67.45,67.45,67.18,67.27,217000,DNSE
FPT,15,2026-09-18 09:45:00,67.27,67.45,67.27,67.36,173700,DNSE
FPT,15,2026-09-18 10:00:00,67.36,67.64,67.36,67.64,327500,DNSE
FPT,15,2026-09-18 10:15:00,67.64,67.73,67.55,67.64,344500,DNSE
FPT,15,2026-09-18 10:30:00,67.64,67.82,67.55,67.73,439400,DNSE
FPT,15,2026-09-18 10:45:00,67.73,68.0,67.73,67.91,736000,DNSE
FPT,15,2026-09-18 11:00:00,67.91,67.91,67.73,67.82,297200,DNSE
FPT,15,2026-09-18 11:15:00,67.82,67.91,67.73,67.73,232100,DNSE
FPT,15,2026-09-18 13:00:00,67.73,67.82,67.64,67.64,554200,DNSE
FPT,15,2026-09-18 13:15:00,67.64,67.73,67.45,67.45,583100,DNSE
FPT,15,2026-09-18 13:30:00,67.45,67.55,67.36,67.45,400500,DNSE
FPT,15,2026-09-18 13:45:00,67.45,67.55,67.36,67.36,612400,DNSE
FPT,15,2026-09-18 14:00:00,67.45,67.55,67.36,67.36,618000,DNSE
FPT,15,2026-09-18 14:15:00,67.36,67.45,67.09,67.18,892000,DNSE
FPT,15,2026-09-18 14:45:00,65.18,65.18,65.18,65.18,8520100,DNSE
FPT,15,2026-09-21 09:15:00,66.5,66.8,66.1,66.3,1001200,DNSE
FPT,15,2026-09-21 09:30:00,66.3,66.5,66.2,66.3,302500,DNSE
FPT,15,2026-09-21 09:45:00,66.3,66.4,66.0,66.3,472000,DNSE
FPT,15,2026-09-21 10:00:00,66.3,66.4,66.2,66.3,223600,DNSE
FPT,15,2026-09-21 10:15:00,66.2,66.3,66.2,66.3,246200,DNSE
FPT,15,2026-09-21 10:30:00,66.2,66.3,66.2,66.3,121700,DNSE
FPT,15,2026-09-21 10:45:00,66.3,66.3,66.1,66.2,342900,DNSE
FPT,15,2026-09-21 11:00:00,66.2,66.3,66.0,66.1,272800,DNSE
FPT,15,2026-09-21 11:15:00,66.0,66.3,66.0,66.3,169400,DNSE
FPT,15,2026-09-21 13:00:00,66.2,66.3,65.9,65.9,670500,DNSE
FPT,15,2026-09-21 13:15:00,66.0,66.0,65.7,65.8,365400,DNSE
FPT,15,2026-09-21 13:30:00,65.8,66.0,65.5,65.6,468100,DNSE
FPT,15,2026-09-21 13:45:00,65.6,65.8,65.2,65.3,790700,DNSE
FPT,15,2026-09-21 14:00:00,65.2,65.6,65.2,65.4,533400,DNSE
FPT,15,2026-09-21 14:15:00,65.5,65.5,65.0,65.5,953200,DNSE
FPT,15,2026-09-21 14:45:00,66.4,66.4,66.4,66.4,1468000,DNSE
FRT,15,2026-07-23 09:15:00,105.0,105.1,102.8,102.8,14200,DNSE
FRT,15,2026-07-23 09:30:00,102.8,103.9,102.3,103.9,13800,DNSE
FRT,15,2026-07-23 09:45:00,103.8,103.8,102.8,102.9,4300,DNSE
FRT,15,2026-07-23 10:00:00,102.9,103.0,102.5,102.7,15100,DNSE
FRT,15,2026-07-23 10:15:00,102.7,102.8,101.1,101.3,32600,DNSE
FRT,15,2026-07-23 10:30:00,101.3,101.5,100.5,101.0,38700,DNSE
FRT,15,2026-07-23 10:45:00,101.0,101.0,100.4,100.5,17400,DNSE
FRT,15,2026-07-23 11:00:00,100.4,100.5,100.2,100.3,7200,DNSE
FRT,15,2026-07-23 11:15:00,100.3,101.0,100.2,100.2,31800,DNSE
FRT,15,2026-07-23 13:00:00,100.2,101.9,100.2,101.4,90700,DNSE
FRT,15,2026-07-23 13:15:00,101.5,101.9,100.7,101.9,65200,DNSE
FRT,15,2026-07-23 13:30:00,102.0,103.9,101.8,102.6,83300,DNSE
FRT,15,2026-07-23 13:45:00,102.6,103.0,101.8,101.9,41900,DNSE
FRT,15,2026-07-23 14:00:00,101.8,105.0,101.7,103.3,62000,DNSE
FRT,15,2026-07-23 14:15:00,103.2,103.7,102.0,103.0,31200,DNSE
FRT,15,2026-07-23 14:45:00,109.0,109.0,109.0,109.0,239200,DNSE
FRT,15,2026-07-24 09:15:00,106.0,106.1,104.1,104.2,21200,DNSE
FRT,15,2026-07-24 09:30:00,104.3,105.4,103.7,105.3,23300,DNSE
FRT,15,2026-07-24 09:45:00,105.2,106.5,104.5,104.9,16500,DNSE
FRT,15,2026-07-24 10:00:00,104.9,107.0,104.6,107.0,10500,DNSE
FRT,15,2026-07-24 10:15:00,107.0,107.9,105.9,106.4,28200,DNSE
FRT,15,2026-07-24 10:30:00,106.5,107.0,106.4,106.9,14300,DNSE
FRT,15,2026-07-24 10:45:00,106.9,106.9,106.0,106.8,11600,DNSE
FRT,15,2026-07-24 11:00:00,106.8,107.9,106.8,107.5,25100,DNSE
FRT,15,2026-07-24 11:15:00,107.5,108.0,107.5,107.9,7200,DNSE
FRT,15,2026-07-24 13:00:00,107.8,107.9,107.7,107.8,15000,DNSE
FRT,15,2026-07-24 13:15:00,107.8,107.9,106.5,107.7,21800,DNSE
FRT,15,2026-07-24 13:30:00,107.6,107.7,106.0,106.5,19200,DNSE
FRT,15,2026-07-24 13:45:00,106.5,107.0,106.4,106.9,7600,DNSE
FRT,15,2026-07-24 14:00:00,106.9,107.0,106.6,107.0,17600,DNSE
FRT,15,2026-07-24 14:15:00,107.0,108.3,106.8,107.5,86400,DNSE
FRT,15,2026-07-24 14:45:00,107.8,107.8,107.8,107.8,54000,DNSE
FRT,15,2026-07-27 09:15:00,108.1,108.3,106.9,108.2,20900,DNSE
FRT,15,2026-07-27 09:30:00,108.5,108.6,108.0,108.6,12200,DNSE
FRT,15,2026-07-27 09:45:00,108.5,109.5,108.2,109.4,40800,DNSE
FRT,15,2026-07-27 10:00:00,109.1,109.4,108.8,108.9,20700,DNSE
FRT,15,2026-07-27 10:15:00,109.0,109.0,108.8,108.8,9000,DNSE
FRT,15,2026-07-27 10:30:00,108.8,108.8,108.7,108.7,1900,DNSE
FRT,15,2026-07-27 10:45:00,108.6,108.8,108.3,108.6,7500,DNSE
FRT,15,2026-07-27 11:00:00,108.6,108.8,108.0,108.4,15100,DNSE
FRT,15,2026-07-27 11:15:00,108.4,108.5,108.1,108.4,4200,DNSE
FRT,15,2026-07-27 13:00:00,108.1,108.6,108.0,108.5,15700,DNSE
FRT,15,2026-07-27 13:15:00,108.2,108.4,108.0,108.4,17000,DNSE
FRT,15,2026-07-27 13:30:00,108.4,108.4,107.0,108.3,30600,DNSE
FRT,15,2026-07-27 13:45:00,108.3,108.5,107.8,108.5,15600,DNSE
FRT,15,2026-07-27 14:00:00,108.5,108.6,108.0,108.0,33300,DNSE
FRT,15,2026-07-27 14:15:00,108.0,108.9,107.9,108.8,61600,DNSE
FRT,15,2026-07-27 14:45:00,107.8,107.8,107.8,107.8,66800,DNSE
FRT,15,2026-07-28 09:15:00,105.3,106.0,105.1,106.0,6200,DNSE
FRT,15,2026-07-28 09:30:00,106.4,108.0,106.4,106.8,8800,DNSE
FRT,15,2026-07-28 09:45:00,107.9,108.0,105.6,105.6,25700,DNSE
FRT,15,2026-07-28 10:00:00,105.6,106.4,104.0,104.9,34700,DNSE
FRT,15,2026-07-28 10:15:00,104.9,105.1,104.9,105.1,21800,DNSE
FRT,15,2026-07-28 10:30:00,105.1,105.2,105.0,105.0,28200,DNSE
FRT,15,2026-07-28 10:45:00,105.0,105.5,105.0,105.5,15900,DNSE
FRT,15,2026-07-28 11:00:00,105.6,106.8,105.4,106.6,17700,DNSE
FRT,15,2026-07-28 11:15:00,106.7,106.7,105.5,105.5,14100,DNSE
FRT,15,2026-07-28 13:00:00,105.7,107.0,105.7,107.0,11000,DNSE
FRT,15,2026-07-28 13:15:00,107.0,107.8,106.9,106.9,31700,DNSE
FRT,15,2026-07-28 13:30:00,106.8,107.4,106.0,106.2,21500,DNSE
FRT,15,2026-07-28 13:45:00,106.2,106.7,105.6,105.8,35100,DNSE
FRT,15,2026-07-28 14:00:00,105.8,106.4,105.8,106.4,23600,DNSE
FRT,15,2026-07-28 14:15:00,106.4,106.7,106.0,106.7,10500,DNSE
FRT,15,2026-07-28 14:45:00,107.7,107.7,107.7,107.7,58400,DNSE
FRT,15,2026-07-29 09:15:00,107.0,107.5,107.0,107.5,1400,DNSE
FRT,15,2026-07-29 09:30:00,107.5,108.0,107.5,107.8,10400,DNSE
FRT,15,2026-07-29 09:45:00,107.8,107.8,107.7,107.8,1900,DNSE
FRT,15,2026-07-29 10:00:00,107.8,107.8,107.7,107.7,14200,DNSE
FRT,15,2026-07-29 10:15:00,107.6,107.6,107.0,107.0,36200,DNSE
FRT,15,2026-07-29 10:30:00,107.0,107.5,106.0,106.0,8000,DNSE
FRT,15,2026-07-29 10:45:00,106.0,107.0,106.0,106.3,13600,DNSE
FRT,15,2026-07-29 11:00:00,106.3,106.3,105.9,106.0,9400,DNSE
FRT,15,2026-07-29 11:15:00,105.9,106.0,105.8,106.0,4900,DNSE
FRT,15,2026-07-29 13:00:00,106.0,107.8,106.0,107.5,35700,DNSE
FRT,15,2026-07-29 13:15:00,107.6,111.0,107.6,109.0,48100,DNSE
FRT,15,2026-07-29 13:30:00,109.0,112.5,108.0,110.3,134500,DNSE
FRT,15,2026-07-29 13:45:00,110.3,111.5,110.0,111.0,35300,DNSE
FRT,15,2026-07-29 14:00:00,110.9,111.6,110.9,111.0,18600,DNSE
FRT,15,2026-07-29 14:15:00,111.0,111.3,110.0,110.8,44800,DNSE
FRT,15,2026-07-29 14:45:00,108.7,108.7,108.7,108.7,34300,DNSE
FRT,15,2026-07-30 09:15:00,109.9,115.5,109.9,115.5,109900,DNSE
FRT,15,2026-07-30 09:30:00,115.6,116.3,115.5,116.3,106400,DNSE
FRT,15,2026-07-30 09:45:00,116.3,116.3,116.3,116.3,14700,DNSE
FRT,15,2026-07-30 10:00:00,116.3,116.3,116.3,116.3,3400,DNSE
FRT,15,2026-07-30 10:15:00,116.3,116.3,116.3,116.3,4600,DNSE
FRT,15,2026-07-30 10:30:00,116.3,116.3,116.3,116.3,1500,DNSE
FRT,15,2026-07-30 10:45:00,116.3,116.3,116.3,116.3,800,DNSE
FRT,15,2026-07-30 11:00:00,116.3,116.3,116.3,116.3,1400,DNSE
FRT,15,2026-07-30 11:15:00,116.3,116.3,116.3,116.3,600,DNSE
FRT,15,2026-07-30 13:00:00,116.3,116.3,116.3,116.3,4600,DNSE
FRT,15,2026-07-30 13:15:00,116.3,116.3,116.3,116.3,1800,DNSE
FRT,15,2026-07-30 13:30:00,116.3,116.3,116.3,116.3,300,DNSE
FRT,15,2026-07-30 13:45:00,116.3,116.3,116.3,116.3,600,DNSE
FRT,15,2026-07-30 14:00:00,116.3,116.3,116.3,116.3,300,DNSE
FRT,15,2026-07-30 14:15:00,116.3,116.3,116.3,116.3,2000,DNSE
FRT,15,2026-07-30 14:45:00,116.3,116.3,116.3,116.3,800,DNSE
FRT,15,2026-07-31 09:15:00,124.4,124.4,124.4,124.4,217500,DNSE
FRT,15,2026-07-31 09:30:00,124.4,124.4,123.3,123.7,289700,DNSE
FRT,15,2026-07-31 09:45:00,123.7,124.4,123.7,124.3,247600,DNSE
FRT,15,2026-07-31 10:00:00,124.2,124.4,124.2,124.4,41200,DNSE
FRT,15,2026-07-31 10:15:00,124.4,124.4,124.2,124.4,165000,DNSE
FRT,15,2026-07-31 10:30:00,124.4,124.4,124.2,124.4,52600,DNSE
FRT,15,2026-07-31 10:45:00,124.3,124.4,124.3,124.4,11200,DNSE
FRT,15,2026-07-31 11:00:00,124.4,124.4,124.4,124.4,7000,DNSE
FRT,15,2026-07-31 11:15:00,124.4,124.4,124.4,124.4,5700,DNSE
FRT,15,2026-07-31 13:00:00,124.4,124.4,124.4,124.4,39100,DNSE
FRT,15,2026-07-31 13:15:00,124.4,124.4,124.4,124.4,111000,DNSE
FRT,15,2026-07-31 13:30:00,124.4,124.4,124.4,124.4,15100,DNSE
FRT,15,2026-07-31 13:45:00,124.4,124.4,124.4,124.4,7300,DNSE
FRT,15,2026-07-31 14:00:00,124.4,124.4,124.4,124.4,8600,DNSE
FRT,15,2026-07-31 14:15:00,124.4,124.4,124.4,124.4,28300,DNSE
FRT,15,2026-07-31 14:45:00,124.4,124.4,124.4,124.4,7700,DNSE
FRT,15,2026-08-03 09:15:00,126.0,131.1,125.9,128.8,192600,DNSE
FRT,15,2026-08-03 09:30:00,128.8,130.6,127.6,130.6,154700,DNSE
FRT,15,2026-08-03 09:45:00,130.5,130.5,129.8,129.8,53200,DNSE
FRT,15,2026-08-03 10:00:00,129.9,131.2,129.9,131.2,64300,DNSE
FRT,15,2026-08-03 10:15:00,131.2,133.1,131.2,133.0,347100,DNSE
FRT,15,2026-08-03 10:30:00,133.1,133.1,133.0,133.1,91800,DNSE
FRT,15,2026-08-03 10:45:00,133.1,133.1,133.0,133.1,114200,DNSE
FRT,15,2026-08-03 11:00:00,133.1,133.1,133.1,133.1,7700,DNSE
FRT,15,2026-08-03 11:15:00,133.1,133.1,133.1,133.1,7500,DNSE
FRT,15,2026-08-03 13:00:00,133.1,133.1,133.1,133.1,256200,DNSE
FRT,15,2026-08-03 13:15:00,133.1,133.1,133.1,133.1,2900,DNSE
FRT,15,2026-08-03 13:30:00,133.1,133.1,133.1,133.1,1600,DNSE
FRT,15,2026-08-03 13:45:00,133.1,133.1,133.1,133.1,800,DNSE
FRT,15,2026-08-03 14:00:00,133.1,133.1,133.1,133.1,600,DNSE
FRT,15,2026-08-03 14:15:00,133.1,133.1,133.1,133.1,3700,DNSE
FRT,15,2026-08-03 14:45:00,133.1,133.1,133.1,133.1,3300,DNSE
FRT,15,2026-08-04 09:15:00,136.0,137.9,134.0,135.1,99900,DNSE
FRT,15,2026-08-04 09:30:00,135.1,135.1,133.0,133.9,40400,DNSE
FRT,15,2026-08-04 09:45:00,133.9,135.0,133.5,134.7,57000,DNSE
FRT,15,2026-08-04 10:00:00,134.7,135.7,134.3,135.1,39700,DNSE
FRT,15,2026-08-04 10:15:00,135.1,136.5,135.1,136.0,58500,DNSE
FRT,15,2026-08-04 10:30:00,135.7,136.2,135.6,136.0,39100,DNSE
FRT,15,2026-08-04 10:45:00,136.1,136.3,134.6,134.6,58300,DNSE
FRT,15,2026-08-04 11:00:00,134.5,135.4,134.2,134.5,25000,DNSE
FRT,15,2026-08-04 11:15:00,134.5,135.0,134.5,134.7,27900,DNSE
FRT,15,2026-08-04 13:00:00,134.6,135.0,133.1,135.0,95300,DNSE
FRT,15,2026-08-04 13:15:00,135.0,135.2,134.6,135.0,36300,DNSE
FRT,15,2026-08-04 13:30:00,135.0,135.1,134.0,134.0,68700,DNSE
FRT,15,2026-08-04 13:45:00,133.9,133.9,132.1,132.9,71900,DNSE
FRT,15,2026-08-04 14:00:00,132.9,134.0,132.9,133.5,76400,DNSE
FRT,15,2026-08-04 14:15:00,133.4,135.6,133.3,135.0,121900,DNSE
FRT,15,2026-08-04 14:45:00,133.1,133.1,133.1,133.1,41600,DNSE
FRT,15,2026-08-05 09:15:00,134.9,136.0,134.1,135.1,65400,DNSE
FRT,15,2026-08-05 09:30:00,135.1,135.5,133.5,134.3,50300,DNSE
FRT,15,2026-08-05 09:45:00,134.3,135.6,134.0,135.0,79900,DNSE
FRT,15,2026-08-05 10:00:00,135.1,139.0,135.0,138.0,164900,DNSE
FRT,15,2026-08-05 10:15:00,137.9,138.1,135.6,136.3,58000,DNSE
FRT,15,2026-08-05 10:30:00,135.8,136.0,134.5,135.0,65000,DNSE
FRT,15,2026-08-05 10:45:00,135.0,135.8,135.0,135.3,28200,DNSE
FRT,15,2026-08-05 11:00:00,135.3,135.7,135.1,135.2,33300,DNSE
FRT,15,2026-08-05 11:15:00,135.7,135.7,134.7,135.1,43100,DNSE
FRT,15,2026-08-05 13:00:00,135.1,135.4,134.7,135.1,68600,DNSE
FRT,15,2026-08-05 13:15:00,135.1,135.4,134.4,135.1,68300,DNSE
FRT,15,2026-08-05 13:30:00,135.1,135.4,134.7,134.9,77600,DNSE
FRT,15,2026-08-05 13:45:00,134.8,135.1,134.7,135.1,85300,DNSE
FRT,15,2026-08-05 14:00:00,135.1,135.2,134.9,135.2,39500,DNSE
FRT,15,2026-08-05 14:15:00,135.2,135.4,135.1,135.2,37800,DNSE
FRT,15,2026-08-05 14:45:00,135.0,135.0,135.0,135.0,27900,DNSE
FRT,15,2026-08-06 09:15:00,135.0,135.4,134.9,134.9,12200,DNSE
FRT,15,2026-08-06 09:30:00,134.9,134.9,131.0,133.0,29700,DNSE
FRT,15,2026-08-06 09:45:00,133.0,133.0,131.9,132.5,17100,DNSE
FRT,15,2026-08-06 10:00:00,132.9,133.8,132.6,133.0,6200,DNSE
FRT,15,2026-08-06 10:15:00,133.0,133.0,132.4,132.4,6800,DNSE
FRT,15,2026-08-06 10:30:00,132.4,132.5,132.0,132.0,11300,DNSE
FRT,15,2026-08-06 10:45:00,131.9,132.1,131.5,132.1,17400,DNSE
FRT,15,2026-08-06 11:00:00,132.0,132.5,131.9,131.9,6700,DNSE
FRT,15,2026-08-06 11:15:00,131.9,132.0,131.5,132.0,1700,DNSE
FRT,15,2026-08-06 13:00:00,131.9,132.0,130.5,131.9,30000,DNSE
FRT,15,2026-08-06 13:15:00,131.6,132.8,131.2,132.5,19200,DNSE
FRT,15,2026-08-06 13:30:00,132.6,134.5,132.6,134.0,31600,DNSE
FRT,15,2026-08-06 13:45:00,134.0,134.4,134.0,134.0,12400,DNSE
FRT,15,2026-08-06 14:00:00,134.0,134.3,132.8,133.0,16000,DNSE
FRT,15,2026-08-06 14:15:00,133.0,133.6,132.0,132.3,36700,DNSE
FRT,15,2026-08-06 14:45:00,132.1,132.1,132.1,132.1,17000,DNSE
FRT,15,2026-08-07 09:15:00,132.1,133.2,132.1,133.2,22200,DNSE
FRT,15,2026-08-07 09:30:00,133.0,133.0,132.1,132.1,17200,DNSE
FRT,15,2026-08-07 09:45:00,132.1,132.1,131.4,132.1,12600,DNSE
FRT,15,2026-08-07 10:00:00,132.0,133.2,132.0,133.0,51800,DNSE
FRT,15,2026-08-07 10:15:00,133.0,133.5,133.0,133.1,16200,DNSE
FRT,15,2026-08-07 10:30:00,133.2,133.6,133.1,133.3,21800,DNSE
FRT,15,2026-08-07 10:45:00,133.1,133.1,132.0,132.0,42100,DNSE
FRT,15,2026-08-07 11:00:00,132.1,132.7,132.0,132.3,15700,DNSE
FRT,15,2026-08-07 11:15:00,132.3,133.0,132.3,132.5,30300,DNSE
FRT,15,2026-08-07 13:00:00,132.5,132.8,132.4,132.6,34000,DNSE
FRT,15,2026-08-07 13:15:00,132.6,132.6,132.0,132.2,32500,DNSE
FRT,15,2026-08-07 13:30:00,132.2,132.3,132.0,132.0,26800,DNSE
FRT,15,2026-08-07 13:45:00,132.0,132.1,131.1,131.1,44600,DNSE
FRT,15,2026-08-07 14:00:00,131.2,133.4,131.1,133.3,46900,DNSE
FRT,15,2026-08-07 14:15:00,133.2,133.3,132.4,132.6,27600,DNSE
FRT,15,2026-08-07 14:45:00,132.0,132.0,132.0,132.0,8700,DNSE
FRT,15,2026-08-10 09:15:00,134.0,134.0,133.0,133.2,26000,DNSE
FRT,15,2026-08-10 09:30:00,133.0,133.2,132.6,133.2,28700,DNSE
FRT,15,2026-08-10 09:45:00,133.3,133.3,132.7,133.0,43500,DNSE
FRT,15,2026-08-10 10:00:00,133.0,133.2,132.0,132.2,21400,DNSE
FRT,15,2026-08-10 10:15:00,132.2,133.2,132.2,133.0,30800,DNSE
FRT,15,2026-08-10 10:30:00,133.0,133.3,132.9,133.1,30100,DNSE
FRT,15,2026-08-10 10:45:00,133.0,133.2,132.9,132.9,20400,DNSE
FRT,15,2026-08-10 11:00:00,132.9,133.0,132.9,133.0,24000,DNSE
FRT,15,2026-08-10 11:15:00,133.0,133.1,133.0,133.1,5500,DNSE
FRT,15,2026-08-10 13:00:00,133.0,137.2,132.9,136.7,133800,DNSE
FRT,15,2026-08-10 13:15:00,136.3,137.0,135.6,135.6,60800,DNSE
FRT,15,2026-08-10 13:30:00,135.6,135.6,134.0,134.0,63400,DNSE
FRT,15,2026-08-10 13:45:00,133.9,134.2,133.5,133.5,123800,DNSE
FRT,15,2026-08-10 14:00:00,133.4,134.5,133.3,134.0,61500,DNSE
FRT,15,2026-08-10 14:15:00,134.0,137.0,134.0,135.5,74200,DNSE
FRT,15,2026-08-10 14:45:00,137.0,137.0,137.0,137.0,30700,DNSE
FRT,15,2026-08-11 09:15:00,138.1,141.4,138.0,140.5,136800,DNSE
FRT,15,2026-08-11 09:30:00,140.5,143.1,140.5,142.7,134300,DNSE
FRT,15,2026-08-11 09:45:00,142.7,146.5,142.7,145.5,407700,DNSE
FRT,15,2026-08-11 10:00:00,145.6,146.3,144.8,146.2,95900,DNSE
FRT,15,2026-08-11 10:15:00,146.2,146.2,145.8,146.0,32500,DNSE
FRT,15,2026-08-11 10:30:00,145.9,146.5,145.9,146.5,231900,DNSE
FRT,15,2026-08-11 10:45:00,146.5,146.5,146.5,146.5,12100,DNSE
FRT,15,2026-08-11 11:00:00,146.5,146.5,146.5,146.5,3100,DNSE
FRT,15,2026-08-11 11:15:00,146.5,146.5,146.5,146.5,6900,DNSE
FRT,15,2026-08-11 13:00:00,146.5,146.5,146.5,146.5,20500,DNSE
FRT,15,2026-08-11 13:15:00,146.5,146.5,146.5,146.5,55800,DNSE
FRT,15,2026-08-11 13:30:00,146.5,146.5,146.5,146.5,67800,DNSE
FRT,15,2026-08-11 13:45:00,146.5,146.5,145.3,146.2,143200,DNSE
FRT,15,2026-08-11 14:00:00,146.0,146.5,145.7,146.5,34300,DNSE
FRT,15,2026-08-11 14:15:00,146.5,146.5,146.4,146.5,38600,DNSE
FRT,15,2026-08-11 14:45:00,146.5,146.5,146.5,146.5,7100,DNSE
FRT,15,2026-08-12 09:15:00,148.0,148.0,146.3,146.3,35700,DNSE
FRT,15,2026-08-12 09:30:00,146.3,146.3,145.3,146.0,23400,DNSE
FRT,15,2026-08-12 09:45:00,146.0,147.0,146.0,146.5,20000,DNSE
FRT,15,2026-08-12 10:00:00,146.6,147.0,146.6,146.9,9300,DNSE
FRT,15,2026-08-12 10:15:00,146.9,147.2,146.9,147.1,29400,DNSE
FRT,15,2026-08-12 10:30:00,147.0,147.0,146.0,146.0,26400,DNSE
FRT,15,2026-08-12 10:45:00,145.9,145.9,145.0,145.3,27100,DNSE
FRT,15,2026-08-12 11:00:00,145.3,145.5,145.3,145.3,16000,DNSE
FRT,15,2026-08-12 11:15:00,145.3,145.5,145.3,145.3,19100,DNSE
FRT,15,2026-08-12 13:00:00,145.3,146.5,145.3,145.4,45600,DNSE
FRT,15,2026-08-12 13:15:00,145.4,145.4,145.0,145.0,45900,DNSE
FRT,15,2026-08-12 13:30:00,145.0,145.5,145.0,145.5,86200,DNSE
FRT,15,2026-08-12 13:45:00,145.5,145.5,145.2,145.2,31100,DNSE
FRT,15,2026-08-12 14:00:00,145.2,146.8,145.1,145.7,59500,DNSE
FRT,15,2026-08-12 14:15:00,145.7,148.5,145.5,147.5,178000,DNSE
FRT,15,2026-08-12 14:45:00,148.0,148.0,148.0,148.0,278900,DNSE
FRT,15,2026-08-13 09:15:00,147.3,147.9,146.8,147.0,3300,DNSE
FRT,15,2026-08-13 09:30:00,146.9,146.9,145.7,146.0,7000,DNSE
FRT,15,2026-08-13 09:45:00,146.0,147.0,146.0,146.9,5600,DNSE
FRT,15,2026-08-13 10:00:00,146.5,146.9,146.0,146.1,8600,DNSE
FRT,15,2026-08-13 10:15:00,146.8,147.0,146.5,146.6,9400,DNSE
FRT,15,2026-08-13 10:30:00,146.6,146.6,146.2,146.2,2500,DNSE
FRT,15,2026-08-13 10:45:00,146.2,146.2,146.0,146.1,6200,DNSE
FRT,15,2026-08-13 11:00:00,146.2,146.6,146.2,146.6,2500,DNSE
FRT,15,2026-08-13 11:15:00,146.8,147.7,146.6,147.5,17000,DNSE
FRT,15,2026-08-13 13:00:00,147.3,147.5,146.2,146.6,10400,DNSE
FRT,15,2026-08-13 13:15:00,146.6,147.0,146.5,147.0,3100,DNSE
FRT,15,2026-08-13 13:30:00,147.0,147.0,146.0,146.2,23600,DNSE
FRT,15,2026-08-13 13:45:00,146.2,146.2,145.3,145.3,60600,DNSE
FRT,15,2026-08-13 14:00:00,145.3,145.7,145.2,145.7,45300,DNSE
FRT,15,2026-08-13 14:15:00,145.6,145.6,143.1,143.3,91800,DNSE
FRT,15,2026-08-13 14:45:00,146.9,146.9,146.9,146.9,111400,DNSE
FRT,15,2026-08-14 09:15:00,142.1,144.8,142.1,144.3,17300,DNSE
FRT,15,2026-08-14 09:30:00,144.3,144.4,144.0,144.0,13200,DNSE
FRT,15,2026-08-14 09:45:00,144.0,144.3,143.2,144.3,16600,DNSE
FRT,15,2026-08-14 10:00:00,144.3,144.5,143.3,143.4,10100,DNSE
FRT,15,2026-08-14 10:15:00,143.4,143.8,143.4,143.7,7300,DNSE
FRT,15,2026-08-14 10:30:00,143.7,143.7,143.4,143.5,5300,DNSE
FRT,15,2026-08-14 10:45:00,143.5,143.5,142.6,143.0,9000,DNSE
FRT,15,2026-08-14 11:00:00,142.8,143.2,142.3,142.7,25400,DNSE
FRT,15,2026-08-14 11:15:00,142.7,143.1,141.8,142.7,60600,DNSE
FRT,15,2026-08-14 13:00:00,142.4,142.5,142.1,142.4,18800,DNSE
FRT,15,2026-08-14 13:15:00,142.3,143.1,142.3,142.7,24200,DNSE
FRT,15,2026-08-14 13:30:00,142.9,143.0,142.5,142.6,26500,DNSE
FRT,15,2026-08-14 13:45:00,142.6,143.4,142.4,143.4,70100,DNSE
FRT,15,2026-08-14 14:00:00,143.4,143.5,142.7,143.3,166200,DNSE
FRT,15,2026-08-14 14:15:00,142.8,143.3,142.8,143.3,196800,DNSE
FRT,15,2026-08-14 14:45:00,142.9,142.9,142.9,142.9,158000,DNSE
FRT,15,2026-08-17 09:15:00,143.2,143.2,142.0,142.1,17500,DNSE
FRT,15,2026-08-17 09:30:00,142.1,142.2,140.1,141.1,26500,DNSE
FRT,15,2026-08-17 09:45:00,141.1,141.8,141.0,141.3,119600,DNSE
FRT,15,2026-08-17 10:00:00,141.2,141.2,139.3,139.3,46700,DNSE
FRT,15,2026-08-17 10:15:00,139.3,139.3,138.3,138.4,81100,DNSE
FRT,15,2026-08-17 10:30:00,138.4,138.4,138.0,138.3,40400,DNSE
FRT,15,2026-08-17 10:45:00,138.2,139.8,138.2,139.8,23400,DNSE
FRT,15,2026-08-17 11:00:00,139.9,140.8,139.6,140.2,13900,DNSE
FRT,15,2026-08-17 11:15:00,140.0,140.4,139.8,140.2,21800,DNSE
FRT,15,2026-08-17 13:00:00,140.2,140.3,139.9,140.0,29400,DNSE
FRT,15,2026-08-17 13:15:00,140.0,143.2,140.0,143.2,99800,DNSE
FRT,15,2026-08-17 13:30:00,143.2,145.9,142.9,145.7,143000,DNSE
FRT,15,2026-08-17 13:45:00,145.7,145.8,144.8,144.9,36100,DNSE
FRT,15,2026-08-17 14:00:00,144.8,144.9,143.6,143.8,29200,DNSE
FRT,15,2026-08-17 14:15:00,143.8,146.3,143.8,145.6,85500,DNSE
FRT,15,2026-08-17 14:45:00,147.0,147.0,147.0,147.0,107900,DNSE
FRT,15,2026-08-18 09:15:00,147.0,147.0,146.3,146.4,13300,DNSE
FRT,15,2026-08-18 09:30:00,146.5,151.5,146.3,148.0,85500,DNSE
FRT,15,2026-08-18 09:45:00,147.9,148.0,147.0,147.2,28000,DNSE
FRT,15,2026-08-18 10:00:00,147.3,147.5,147.1,147.2,9700,DNSE
FRT,15,2026-08-18 10:15:00,147.2,148.0,147.2,147.9,14400,DNSE
FRT,15,2026-08-18 10:30:00,147.9,147.9,146.5,146.5,21700,DNSE
FRT,15,2026-08-18 10:45:00,146.5,147.0,146.5,147.0,5000,DNSE
FRT,15,2026-08-18 11:00:00,147.0,147.0,146.9,146.9,6000,DNSE
FRT,15,2026-08-18 11:15:00,146.9,147.0,146.5,146.9,9000,DNSE
FRT,15,2026-08-18 13:00:00,146.4,146.9,146.0,146.3,19100,DNSE
FRT,15,2026-08-18 13:15:00,146.3,147.0,146.1,147.0,16700,DNSE
FRT,15,2026-08-18 13:30:00,146.7,146.8,146.6,146.6,9700,DNSE
FRT,15,2026-08-18 13:45:00,146.5,146.5,146.2,146.3,18800,DNSE
FRT,15,2026-08-18 14:00:00,146.4,146.4,145.9,145.9,26400,DNSE
FRT,15,2026-08-18 14:15:00,145.9,146.1,145.7,145.7,24300,DNSE
FRT,15,2026-08-18 14:45:00,145.1,145.1,145.1,145.1,17900,DNSE
FRT,15,2026-08-19 09:15:00,142.0,144.8,142.0,144.0,14300,DNSE
FRT,15,2026-08-19 09:30:00,144.0,144.4,144.0,144.2,2400,DNSE
FRT,15,2026-08-19 09:45:00,144.4,144.7,144.0,144.2,14200,DNSE
FRT,15,2026-08-19 10:00:00,144.2,145.6,144.2,145.3,30900,DNSE
FRT,15,2026-08-19 10:15:00,145.0,148.7,145.0,148.0,91100,DNSE
FRT,15,2026-08-19 10:30:00,148.4,148.4,147.0,148.0,62700,DNSE
FRT,15,2026-08-19 10:45:00,148.0,149.6,147.0,147.0,234300,DNSE
FRT,15,2026-08-19 11:00:00,147.0,147.4,145.7,146.0,47300,DNSE
FRT,15,2026-08-19 11:15:00,145.8,146.0,145.1,145.5,44000,DNSE
FRT,15,2026-08-19 13:00:00,145.5,145.6,144.0,144.0,33600,DNSE
FRT,15,2026-08-19 13:15:00,144.3,145.5,144.2,145.5,28600,DNSE
FRT,15,2026-08-19 13:30:00,145.5,145.5,144.0,144.0,18600,DNSE
FRT,15,2026-08-19 13:45:00,144.1,144.2,142.5,143.0,48700,DNSE
FRT,15,2026-08-19 14:00:00,143.4,143.5,143.0,143.2,35700,DNSE
FRT,15,2026-08-19 14:15:00,143.2,145.9,143.1,144.8,36700,DNSE
FRT,15,2026-08-19 14:45:00,143.0,143.0,143.0,143.0,25500,DNSE
FRT,15,2026-08-20 09:15:00,142.9,145.5,142.9,143.1,6000,DNSE
FRT,15,2026-08-20 09:30:00,144.0,147.0,144.0,145.2,44000,DNSE
FRT,15,2026-08-20 09:45:00,145.2,145.2,144.0,144.6,4400,DNSE
FRT,15,2026-08-20 10:00:00,144.6,144.6,144.5,144.5,900,DNSE
FRT,15,2026-08-20 10:15:00,144.5,144.5,143.1,143.1,7600,DNSE
FRT,15,2026-08-20 10:30:00,143.1,143.5,143.1,143.3,8300,DNSE
FRT,15,2026-08-20 10:45:00,143.3,143.3,143.3,143.3,2000,DNSE
FRT,15,2026-08-20 11:00:00,143.5,143.8,143.3,143.3,2900,DNSE
FRT,15,2026-08-20 11:15:00,143.2,143.8,143.2,143.2,3500,DNSE
FRT,15,2026-08-20 13:00:00,143.2,144.0,143.1,144.0,11400,DNSE
FRT,15,2026-08-20 13:15:00,143.8,144.1,143.8,144.0,6200,DNSE
FRT,15,2026-08-20 13:30:00,143.7,145.1,143.7,145.0,28800,DNSE
FRT,15,2026-08-20 13:45:00,144.9,145.0,143.7,144.9,113200,DNSE
FRT,15,2026-08-20 14:00:00,144.3,144.3,143.5,143.5,15800,DNSE
FRT,15,2026-08-20 14:15:00,143.4,143.5,142.1,142.8,36800,DNSE
FRT,15,2026-08-20 14:45:00,145.0,145.0,145.0,145.0,135000,DNSE
FRT,15,2026-08-21 09:15:00,144.8,144.9,142.9,143.1,10100,DNSE
FRT,15,2026-08-21 09:30:00,143.1,143.1,142.2,142.6,15900,DNSE
FRT,15,2026-08-21 09:45:00,142.6,142.6,140.8,140.8,36100,DNSE
FRT,15,2026-08-21 10:00:00,140.8,142.3,140.6,141.4,15200,DNSE
FRT,15,2026-08-21 10:15:00,141.4,141.4,141.0,141.4,11100,DNSE
FRT,15,2026-08-21 10:30:00,141.4,142.2,141.4,142.1,6200,DNSE
FRT,15,2026-08-21 10:45:00,142.1,142.5,141.7,142.5,9500,DNSE
FRT,15,2026-08-21 11:00:00,142.5,142.5,141.8,142.0,4200,DNSE
FRT,15,2026-08-21 11:15:00,141.8,142.1,141.7,142.0,9600,DNSE
FRT,15,2026-08-21 13:00:00,142.1,144.4,141.9,143.0,16200,DNSE
FRT,15,2026-08-21 13:15:00,143.0,144.0,143.0,143.3,12400,DNSE
FRT,15,2026-08-21 13:30:00,143.5,144.4,143.1,143.5,25300,DNSE
FRT,15,2026-08-21 13:45:00,143.5,147.3,143.2,147.3,183500,DNSE
FRT,15,2026-08-21 14:00:00,147.2,147.5,143.6,143.6,52200,DNSE
FRT,15,2026-08-21 14:15:00,143.7,146.5,143.6,146.4,24100,DNSE
FRT,15,2026-08-21 14:45:00,143.5,143.5,143.5,143.5,37800,DNSE
FRT,15,2026-08-24 09:15:00,143.0,144.9,142.6,143.5,22500,DNSE
FRT,15,2026-08-24 09:30:00,143.6,143.6,143.1,143.1,3500,DNSE
FRT,15,2026-08-24 09:45:00,143.1,143.4,142.6,143.3,7300,DNSE
FRT,15,2026-08-24 10:00:00,143.6,145.0,143.5,143.9,33200,DNSE
FRT,15,2026-08-24 10:15:00,143.9,143.9,143.4,143.6,9300,DNSE
FRT,15,2026-08-24 10:30:00,143.8,145.3,143.7,145.0,17100,DNSE
FRT,15,2026-08-24 10:45:00,145.0,145.5,145.0,145.4,11500,DNSE
FRT,15,2026-08-24 11:00:00,145.4,145.4,145.0,145.0,9900,DNSE
FRT,15,2026-08-24 11:15:00,145.0,145.4,144.3,144.3,6400,DNSE
FRT,15,2026-08-24 13:00:00,144.2,145.0,144.0,144.0,11800,DNSE
FRT,15,2026-08-24 13:15:00,144.0,144.4,143.7,143.7,13300,DNSE
FRT,15,2026-08-24 13:30:00,143.9,144.2,143.6,144.0,7800,DNSE
FRT,15,2026-08-24 13:45:00,144.0,144.1,143.8,144.0,6500,DNSE
FRT,15,2026-08-24 14:00:00,143.9,147.3,143.9,146.0,124500,DNSE
FRT,15,2026-08-24 14:15:00,145.8,148.0,145.2,148.0,150500,DNSE
FRT,15,2026-08-24 14:45:00,147.5,147.5,147.5,147.5,26500,DNSE
FRT,15,2026-08-25 09:15:00,146.0,146.5,146.0,146.5,12300,DNSE
FRT,15,2026-08-25 09:30:00,146.3,146.3,145.6,146.0,6100,DNSE
FRT,15,2026-08-25 09:45:00,146.0,146.0,145.5,145.8,8300,DNSE
FRT,15,2026-08-25 10:00:00,145.8,145.8,145.6,145.6,2800,DNSE
FRT,15,2026-08-25 10:15:00,145.6,145.6,145.6,145.6,1300,DNSE
FRT,15,2026-08-25 10:30:00,145.6,145.6,145.4,145.4,5900,DNSE
FRT,15,2026-08-25 10:45:00,145.4,145.5,145.4,145.5,1700,DNSE
FRT,15,2026-08-25 11:00:00,145.9,145.9,145.5,145.5,3000,DNSE
FRT,15,2026-08-25 11:15:00,145.4,145.5,145.2,145.3,11700,DNSE
FRT,15,2026-08-25 13:00:00,145.3,145.6,145.3,145.5,9300,DNSE
FRT,15,2026-08-25 13:15:00,145.5,145.6,145.1,145.2,10500,DNSE
FRT,15,2026-08-25 13:30:00,145.3,145.4,145.0,145.0,9500,DNSE
FRT,15,2026-08-25 13:45:00,145.0,145.0,144.5,144.5,12700,DNSE
FRT,15,2026-08-25 14:00:00,144.5,145.1,144.0,145.0,14200,DNSE
FRT,15,2026-08-25 14:15:00,144.9,145.2,144.7,144.9,10600,DNSE
FRT,15,2026-08-25 14:45:00,145.0,145.0,145.0,145.0,23300,DNSE
FRT,15,2026-08-26 09:15:00,144.9,144.9,143.5,143.6,12100,DNSE
FRT,15,2026-08-26 09:30:00,143.6,144.2,143.6,144.2,9000,DNSE
FRT,15,2026-08-26 09:45:00,144.0,144.3,143.9,144.3,10300,DNSE
FRT,15,2026-08-26 10:00:00,144.3,144.5,144.0,144.0,18200,DNSE
FRT,15,2026-08-26 10:15:00,144.0,144.0,143.7,143.7,16000,DNSE
FRT,15,2026-08-26 10:30:00,143.7,143.7,143.6,143.7,4300,DNSE
FRT,15,2026-08-26 10:45:00,143.7,143.7,143.5,143.5,5800,DNSE
FRT,15,2026-08-26 11:00:00,143.5,143.5,143.0,143.1,14500,DNSE
FRT,15,2026-08-26 11:15:00,143.1,143.2,143.1,143.2,8400,DNSE
FRT,15,2026-08-26 13:00:00,143.2,143.6,143.1,143.5,9300,DNSE
FRT,15,2026-08-26 13:15:00,143.7,143.9,143.6,143.6,8100,DNSE
FRT,15,2026-08-26 13:30:00,143.6,143.6,143.0,143.3,25600,DNSE
FRT,15,2026-08-26 13:45:00,143.3,143.6,143.2,143.6,28900,DNSE
FRT,15,2026-08-26 14:00:00,143.5,143.9,143.2,143.2,25100,DNSE
FRT,15,2026-08-26 14:15:00,143.2,143.3,142.9,142.9,42200,DNSE
FRT,15,2026-08-26 14:45:00,142.9,142.9,142.9,142.9,37500,DNSE
FRT,15,2026-08-27 09:15:00,142.9,144.5,142.9,144.0,28700,DNSE
FRT,15,2026-08-27 09:30:00,143.9,143.9,143.5,143.8,5300,DNSE
FRT,15,2026-08-27 09:45:00,143.8,144.0,143.7,144.0,25300,DNSE
FRT,15,2026-08-27 10:00:00,144.0,144.3,143.8,143.8,16500,DNSE
FRT,15,2026-08-27 10:15:00,143.8,144.2,143.7,144.2,15100,DNSE
FRT,15,2026-08-27 10:30:00,144.3,144.3,143.9,143.9,6700,DNSE
FRT,15,2026-08-27 10:45:00,143.9,144.3,143.8,144.3,5900,DNSE
FRT,15,2026-08-27 11:00:00,144.0,144.5,144.0,144.4,19200,DNSE
FRT,15,2026-08-27 11:15:00,144.4,144.7,144.4,144.7,19400,DNSE
FRT,15,2026-08-27 13:00:00,144.8,144.8,144.2,144.2,6800,DNSE
FRT,15,2026-08-27 13:15:00,144.2,144.2,143.8,143.8,9000,DNSE
FRT,15,2026-08-27 13:30:00,143.8,144.5,143.8,144.5,36300,DNSE
FRT,15,2026-08-27 13:45:00,144.4,146.5,144.4,145.0,112800,DNSE
FRT,15,2026-08-27 14:00:00,145.0,145.0,144.5,144.6,11400,DNSE
FRT,15,2026-08-27 14:15:00,144.6,146.5,144.5,145.9,56400,DNSE
FRT,15,2026-08-27 14:45:00,145.9,145.9,145.9,145.9,36400,DNSE
FRT,15,2026-08-28 09:15:00,145.7,145.8,145.4,145.4,1900,DNSE
FRT,15,2026-08-28 09:30:00,145.4,145.4,144.0,144.0,3900,DNSE
FRT,15,2026-08-28 09:45:00,144.5,144.5,144.3,144.4,700,DNSE
FRT,15,2026-08-28 10:00:00,144.4,144.8,144.4,144.8,3000,DNSE
FRT,15,2026-08-28 10:15:00,144.9,145.0,144.8,145.0,2800,DNSE
FRT,15,2026-08-28 10:30:00,145.0,145.0,144.8,144.8,2900,DNSE
FRT,15,2026-08-28 10:45:00,144.8,144.9,144.8,144.9,5900,DNSE
FRT,15,2026-08-28 11:00:00,144.9,144.9,144.8,144.8,1300,DNSE
FRT,15,2026-08-28 11:15:00,144.8,144.8,143.9,144.0,26800,DNSE
FRT,15,2026-08-28 13:00:00,144.0,144.5,143.5,144.5,13300,DNSE
FRT,15,2026-08-28 13:15:00,144.5,145.0,144.0,145.0,11400,DNSE
FRT,15,2026-08-28 13:30:00,145.0,145.0,144.4,144.7,3600,DNSE
FRT,15,2026-08-28 13:45:00,144.7,144.8,144.3,144.4,2600,DNSE
FRT,15,2026-08-28 14:00:00,144.4,144.5,144.1,144.1,6200,DNSE
FRT,15,2026-08-28 14:15:00,144.1,144.5,143.8,143.8,25700,DNSE
FRT,15,2026-08-28 14:45:00,145.9,145.9,145.9,145.9,89600,DNSE
FRT,15,2026-09-03 09:15:00,144.2,144.2,143.7,143.8,19200,DNSE
FRT,15,2026-09-03 09:30:00,143.8,144.0,143.0,143.6,13800,DNSE
FRT,15,2026-09-03 09:45:00,143.5,143.7,143.5,143.7,2500,DNSE
FRT,15,2026-09-03 10:00:00,143.8,143.8,143.5,143.5,8400,DNSE
FRT,15,2026-09-03 10:15:00,143.5,143.9,143.4,143.9,8300,DNSE
FRT,15,2026-09-03 10:30:00,143.9,143.9,143.7,143.9,5100,DNSE
FRT,15,2026-09-03 10:45:00,143.9,144.0,143.9,144.0,6900,DNSE
FRT,15,2026-09-03 11:00:00,143.9,143.9,143.8,143.9,3000,DNSE
FRT,15,2026-09-03 11:15:00,143.9,144.0,143.8,144.0,16100,DNSE
FRT,15,2026-09-03 13:00:00,144.0,144.0,143.7,143.9,7400,DNSE
FRT,15,2026-09-03 13:15:00,143.9,143.9,143.6,143.6,11300,DNSE
FRT,15,2026-09-03 13:30:00,143.6,143.7,143.3,143.3,11900,DNSE
FRT,15,2026-09-03 13:45:00,143.3,143.8,143.0,143.3,22400,DNSE
FRT,15,2026-09-03 14:00:00,143.8,143.8,143.4,143.4,4200,DNSE
FRT,15,2026-09-03 14:15:00,143.4,143.8,143.0,143.1,17600,DNSE
FRT,15,2026-09-03 14:45:00,142.9,142.9,142.9,142.9,24500,DNSE
FRT,15,2026-09-04 09:15:00,142.0,143.7,142.0,143.7,7200,DNSE
FRT,15,2026-09-04 09:30:00,143.7,143.7,142.5,142.6,3100,DNSE
FRT,15,2026-09-04 09:45:00,142.6,142.6,142.5,142.5,4100,DNSE
FRT,15,2026-09-04 10:00:00,142.3,142.7,142.0,142.2,3100,DNSE
FRT,15,2026-09-04 10:15:00,142.2,143.0,141.9,141.9,12400,DNSE
FRT,15,2026-09-04 10:30:00,141.9,141.9,140.9,141.0,12100,DNSE
FRT,15,2026-09-04 10:45:00,141.0,141.0,139.0,140.6,30600,DNSE
FRT,15,2026-09-04 11:00:00,140.6,140.6,139.5,139.5,6700,DNSE
FRT,15,2026-09-04 11:15:00,139.6,140.0,139.5,139.8,6500,DNSE
FRT,15,2026-09-04 13:00:00,139.9,142.0,139.7,142.0,69700,DNSE
FRT,15,2026-09-04 13:15:00,142.0,142.2,141.3,142.2,10100,DNSE
FRT,15,2026-09-04 13:30:00,142.2,142.2,141.1,141.3,17000,DNSE
FRT,15,2026-09-04 13:45:00,141.4,142.7,141.1,142.7,16800,DNSE
FRT,15,2026-09-04 14:00:00,142.8,143.7,142.5,142.5,16500,DNSE
FRT,15,2026-09-04 14:15:00,142.5,143.9,142.5,143.9,15200,DNSE
FRT,15,2026-09-04 14:45:00,142.7,142.7,142.7,142.7,19500,DNSE
FRT,15,2026-09-07 09:15:00,143.0,143.0,142.0,142.0,6200,DNSE
FRT,15,2026-09-07 09:30:00,141.4,141.6,141.4,141.4,9800,DNSE
FRT,15,2026-09-07 09:45:00,141.5,142.0,141.0,141.0,7800,DNSE
FRT,15,2026-09-07 10:00:00,141.4,141.6,141.1,141.4,2300,DNSE
FRT,15,2026-09-07 10:15:00,141.4,141.5,140.9,140.9,11000,DNSE
FRT,15,2026-09-07 10:30:00,140.9,140.9,139.0,139.0,28900,DNSE
FRT,15,2026-09-07 10:45:00,139.8,140.0,139.6,139.6,42200,DNSE
FRT,15,2026-09-07 11:00:00,139.6,139.9,139.6,139.9,2000,DNSE
FRT,15,2026-09-07 11:15:00,139.9,140.0,139.9,139.9,2600,DNSE
FRT,15,2026-09-07 13:00:00,139.9,140.0,139.6,140.0,13600,DNSE
FRT,15,2026-09-07 13:15:00,140.0,140.0,138.9,139.0,31300,DNSE
FRT,15,2026-09-07 13:30:00,139.2,140.0,139.2,139.5,17700,DNSE
FRT,15,2026-09-07 13:45:00,139.5,139.5,138.9,138.9,14000,DNSE
FRT,15,2026-09-07 14:00:00,138.9,139.1,138.8,138.9,12200,DNSE
FRT,15,2026-09-07 14:15:00,138.9,139.4,137.0,138.8,44700,DNSE
FRT,15,2026-09-07 14:45:00,136.4,136.4,136.4,136.4,69400,DNSE
FRT,15,2026-09-08 09:15:00,136.4,139.0,136.4,139.0,13100,DNSE
FRT,15,2026-09-08 09:30:00,139.0,139.0,138.0,138.5,4000,DNSE
FRT,15,2026-09-08 09:45:00,138.5,138.9,138.3,138.4,4300,DNSE
FRT,15,2026-09-08 10:00:00,138.7,139.9,138.7,139.6,24700,DNSE
FRT,15,2026-09-08 10:15:00,139.7,140.5,139.7,140.2,18400,DNSE
FRT,15,2026-09-08 10:30:00,140.2,140.4,140.0,140.1,6300,DNSE
FRT,15,2026-09-08 10:45:00,139.9,139.9,139.5,139.5,4000,DNSE
FRT,15,2026-09-08 11:00:00,139.5,139.5,139.2,139.2,1400,DNSE
FRT,15,2026-09-08 11:15:00,139.2,139.2,139.0,139.0,3200,DNSE
FRT,15,2026-09-08 13:00:00,138.9,140.1,138.6,139.7,47300,DNSE
FRT,15,2026-09-08 13:15:00,139.4,140.0,139.4,139.9,13000,DNSE
FRT,15,2026-09-08 13:30:00,139.8,140.0,139.5,139.5,5900,DNSE
FRT,15,2026-09-08 13:45:00,139.5,140.0,139.3,140.0,11000,DNSE
FRT,15,2026-09-08 14:00:00,139.6,140.5,139.6,140.3,48700,DNSE
FRT,15,2026-09-08 14:15:00,140.3,140.3,140.0,140.2,18200,DNSE
FRT,15,2026-09-08 14:45:00,139.5,139.5,139.5,139.5,7900,DNSE
FRT,15,2026-09-09 09:15:00,139.5,139.5,137.5,139.5,3300,DNSE
FRT,15,2026-09-09 09:30:00,139.5,140.0,139.5,140.0,1500,DNSE
FRT,15,2026-09-09 09:45:00,140.3,141.5,140.3,141.3,2300,DNSE
FRT,15,2026-09-09 10:00:00,140.3,141.1,140.3,140.9,1100,DNSE
FRT,15,2026-09-09 10:15:00,140.3,141.7,140.0,141.2,31300,DNSE
FRT,15,2026-09-09 10:30:00,141.2,141.5,141.0,141.1,2900,DNSE
FRT,15,2026-09-09 10:45:00,141.2,141.4,141.0,141.0,1900,DNSE
FRT,15,2026-09-09 11:00:00,141.0,141.2,141.0,141.0,4800,DNSE
FRT,15,2026-09-09 11:15:00,140.9,140.9,140.2,140.3,1100,DNSE
FRT,15,2026-09-09 13:00:00,140.2,140.5,140.0,140.0,6000,DNSE
FRT,15,2026-09-09 13:15:00,140.0,141.0,139.9,140.9,15100,DNSE
FRT,15,2026-09-09 13:30:00,140.9,141.2,140.9,141.0,17900,DNSE
FRT,15,2026-09-09 13:45:00,141.0,141.5,141.0,141.4,33300,DNSE
FRT,15,2026-09-09 14:00:00,141.3,142.5,141.3,142.2,80500,DNSE
FRT,15,2026-09-09 14:15:00,142.2,142.3,140.0,140.0,17400,DNSE
FRT,15,2026-09-09 14:45:00,140.5,140.5,140.5,140.5,10100,DNSE
FRT,15,2026-09-10 09:15:00,140.4,141.0,140.4,140.9,800,DNSE
FRT,15,2026-09-10 09:30:00,140.8,141.3,140.8,141.2,6200,DNSE
FRT,15,2026-09-10 09:45:00,141.2,142.0,141.2,141.9,10200,DNSE
FRT,15,2026-09-10 10:00:00,141.6,141.7,141.0,141.0,12100,DNSE
FRT,15,2026-09-10 10:15:00,141.6,141.7,141.0,141.4,5900,DNSE
FRT,15,2026-09-10 10:30:00,140.9,141.4,140.4,141.1,13600,DNSE
FRT,15,2026-09-10 10:45:00,140.6,141.1,140.0,140.0,21900,DNSE
FRT,15,2026-09-10 11:00:00,140.4,141.0,140.0,140.3,13000,DNSE
FRT,15,2026-09-10 11:15:00,140.8,141.9,140.3,141.9,54400,DNSE
FRT,15,2026-09-10 13:00:00,141.9,142.3,141.7,141.9,100200,DNSE
FRT,15,2026-09-10 13:15:00,142.0,142.2,141.7,141.9,35100,DNSE
FRT,15,2026-09-10 13:30:00,141.9,143.0,141.6,142.1,93600,DNSE
FRT,15,2026-09-10 13:45:00,142.1,142.3,141.4,141.4,28500,DNSE
FRT,15,2026-09-10 14:00:00,141.3,141.4,140.6,140.7,21800,DNSE
FRT,15,2026-09-10 14:15:00,140.6,141.1,140.5,141.0,22400,DNSE
FRT,15,2026-09-10 14:45:00,140.0,140.0,140.0,140.0,15400,DNSE
FRT,15,2026-09-11 09:15:00,139.8,139.8,137.5,137.5,16700,DNSE
FRT,15,2026-09-11 09:30:00,137.9,138.4,137.5,137.9,10100,DNSE
FRT,15,2026-09-11 09:45:00,137.9,138.0,137.4,137.9,10800,DNSE
FRT,15,2026-09-11 10:00:00,137.9,137.9,137.0,137.3,17700,DNSE
FRT,15,2026-09-11 10:15:00,137.3,137.7,137.0,137.4,14900,DNSE
FRT,15,2026-09-11 10:30:00,137.4,137.5,137.4,137.5,9600,DNSE
FRT,15,2026-09-11 10:45:00,137.7,137.7,137.7,137.7,900,DNSE
FRT,15,2026-09-11 11:00:00,137.8,137.9,137.8,137.9,1000,DNSE
FRT,15,2026-09-11 11:15:00,137.9,137.9,137.4,137.8,13800,DNSE
FRT,15,2026-09-11 13:00:00,137.4,137.6,136.8,136.8,18200,DNSE
FRT,15,2026-09-11 13:15:00,136.9,137.6,136.9,137.4,6600,DNSE
FRT,15,2026-09-11 13:30:00,137.4,137.4,136.5,136.5,28400,DNSE
FRT,15,2026-09-11 13:45:00,136.7,136.7,136.4,136.6,6900,DNSE
FRT,15,2026-09-11 14:00:00,136.5,137.4,136.0,137.3,21800,DNSE
FRT,15,2026-09-11 14:15:00,137.3,137.4,136.0,136.5,15300,DNSE
FRT,15,2026-09-11 14:45:00,137.0,137.0,137.0,137.0,81700,DNSE
FRT,15,2026-09-14 09:15:00,137.0,137.3,137.0,137.0,7800,DNSE
FRT,15,2026-09-14 09:30:00,137.1,137.8,137.1,137.5,7000,DNSE
FRT,15,2026-09-14 09:45:00,137.1,137.1,136.3,136.3,8800,DNSE
FRT,15,2026-09-14 10:00:00,136.4,136.4,134.9,135.0,16400,DNSE
FRT,15,2026-09-14 10:15:00,135.2,135.6,135.1,135.6,12400,DNSE
FRT,15,2026-09-14 10:30:00,135.4,135.6,135.4,135.6,1700,DNSE
FRT,15,2026-09-14 10:45:00,135.6,136.5,135.6,136.3,12200,DNSE
FRT,15,2026-09-14 11:00:00,136.3,136.3,135.6,135.7,3700,DNSE
FRT,15,2026-09-14 11:15:00,135.7,135.8,135.7,135.8,5700,DNSE
FRT,15,2026-09-14 13:00:00,135.7,135.7,132.2,132.6,48900,DNSE
FRT,15,2026-09-14 13:15:00,133.0,133.0,132.1,132.7,43400,DNSE
FRT,15,2026-09-14 13:30:00,132.6,132.7,127.5,129.7,243600,DNSE
FRT,15,2026-09-14 13:45:00,129.7,135.8,129.0,131.1,99200,DNSE
FRT,15,2026-09-14 14:00:00,132.0,132.0,129.0,129.2,54100,DNSE
FRT,15,2026-09-14 14:15:00,129.2,138.5,129.2,136.0,167400,DNSE
FRT,15,2026-09-14 14:45:00,133.0,133.0,133.0,133.0,99400,DNSE
FRT,15,2026-09-15 09:15:00,131.6,136.0,131.6,135.5,5900,DNSE
FRT,15,2026-09-15 09:30:00,135.5,136.0,135.5,136.0,7200,DNSE
FRT,15,2026-09-15 09:45:00,135.8,135.8,135.0,135.4,1500,DNSE
FRT,15,2026-09-15 10:00:00,135.0,135.0,134.1,134.4,6200,DNSE
FRT,15,2026-09-15 10:15:00,134.7,134.8,134.4,134.4,6900,DNSE
FRT,15,2026-09-15 10:30:00,134.4,134.4,134.0,134.0,8800,DNSE
FRT,15,2026-09-15 10:45:00,134.0,134.0,133.0,133.0,6000,DNSE
FRT,15,2026-09-15 11:00:00,133.4,133.4,133.4,133.4,1100,DNSE
FRT,15,2026-09-15 11:15:00,133.2,134.0,133.2,134.0,3800,DNSE
FRT,15,2026-09-15 13:00:00,134.0,134.2,133.1,134.2,8600,DNSE
FRT,15,2026-09-15 13:15:00,134.2,135.6,134.2,134.9,17500,DNSE
FRT,15,2026-09-15 13:30:00,135.1,135.2,134.6,134.6,5600,DNSE
FRT,15,2026-09-15 13:45:00,134.5,134.6,134.2,134.5,24800,DNSE
FRT,15,2026-09-15 14:00:00,134.8,134.9,134.8,134.9,5000,DNSE
FRT,15,2026-09-15 14:15:00,134.9,135.0,134.4,134.6,8500,DNSE
FRT,15,2026-09-15 14:45:00,129.0,129.0,129.0,129.0,168300,DNSE
FRT,15,2026-09-16 09:15:00,129.5,133.3,129.5,132.9,29400,DNSE
FRT,15,2026-09-16 09:30:00,132.8,132.9,132.2,132.8,17700,DNSE
FRT,15,2026-09-16 09:45:00,132.7,132.7,132.3,132.6,5900,DNSE
FRT,15,2026-09-16 10:00:00,132.5,132.5,131.6,131.9,11600,DNSE
FRT,15,2026-09-16 10:15:00,132.1,132.2,131.2,132.0,4500,DNSE
FRT,15,2026-09-16 10:30:00,132.0,132.0,131.0,132.0,9000,DNSE
FRT,15,2026-09-16 10:45:00,132.0,133.0,131.8,132.9,10200,DNSE
FRT,15,2026-09-16 11:00:00,132.9,133.3,132.7,132.7,11500,DNSE
FRT,15,2026-09-16 11:15:00,132.7,133.0,132.7,132.8,4800,DNSE
FRT,15,2026-09-16 13:00:00,132.7,132.7,130.4,130.4,35300,DNSE
FRT,15,2026-09-16 13:15:00,130.4,131.5,130.2,131.1,13300,DNSE
FRT,15,2026-09-16 13:30:00,131.0,131.0,129.8,130.6,27500,DNSE
FRT,15,2026-09-16 13:45:00,130.6,130.8,130.3,130.5,8600,DNSE
FRT,15,2026-09-16 14:00:00,130.6,130.9,130.5,130.6,13300,DNSE
FRT,15,2026-09-16 14:15:00,130.7,130.7,130.4,130.5,10700,DNSE
FRT,15,2026-09-16 14:45:00,128.0,128.0,128.0,128.0,188500,DNSE
FRT,15,2026-09-17 09:15:00,128.1,130.5,128.1,130.1,16500,DNSE
FRT,15,2026-09-17 09:30:00,130.1,130.2,129.6,130.0,8500,DNSE
FRT,15,2026-09-17 09:45:00,129.8,130.1,129.4,130.0,14200,DNSE
FRT,15,2026-09-17 10:00:00,129.7,130.0,129.5,129.8,16600,DNSE
FRT,15,2026-09-17 10:15:00,129.9,130.4,129.8,130.1,40400,DNSE
FRT,15,2026-09-17 10:30:00,130.1,130.8,130.1,130.8,23400,DNSE
FRT,15,2026-09-17 10:45:00,130.5,132.3,130.4,132.0,25100,DNSE
FRT,15,2026-09-17 11:00:00,132.0,132.0,131.4,132.0,4900,DNSE
FRT,15,2026-09-17 11:15:00,131.9,132.2,131.7,132.2,9400,DNSE
FRT,15,2026-09-17 13:00:00,132.1,132.1,130.9,130.9,5800,DNSE
FRT,15,2026-09-17 13:15:00,130.8,131.0,130.3,130.4,16200,DNSE
FRT,15,2026-09-17 13:30:00,130.1,130.7,129.8,130.7,10200,DNSE
FRT,15,2026-09-17 13:45:00,130.5,130.8,130.0,130.1,10500,DNSE
FRT,15,2026-09-17 14:00:00,129.9,130.0,129.5,129.8,5600,DNSE
FRT,15,2026-09-17 14:15:00,129.9,130.0,129.6,129.8,11100,DNSE
FRT,15,2026-09-17 14:45:00,130.0,130.0,130.0,130.0,189700,DNSE
FRT,15,2026-09-18 09:15:00,131.5,131.9,131.4,131.8,4600,DNSE
FRT,15,2026-09-18 09:30:00,131.8,132.2,131.6,132.0,14800,DNSE
FRT,15,2026-09-18 09:45:00,131.6,131.9,131.5,131.8,2300,DNSE
FRT,15,2026-09-18 10:00:00,131.7,132.1,131.7,132.1,11000,DNSE
FRT,15,2026-09-18 10:15:00,132.0,133.5,132.0,133.5,28400,DNSE
FRT,15,2026-09-18 10:30:00,133.6,133.7,132.8,133.0,8500,DNSE
FRT,15,2026-09-18 10:45:00,132.7,132.8,132.5,132.7,2600,DNSE
FRT,15,2026-09-18 11:00:00,132.3,132.5,132.0,132.5,1400,DNSE
FRT,15,2026-09-18 11:15:00,132.5,132.7,132.5,132.6,3100,DNSE
FRT,15,2026-09-18 13:00:00,132.6,132.8,132.0,132.7,13800,DNSE
FRT,15,2026-09-18 13:15:00,132.7,132.8,132.5,132.8,3400,DNSE
FRT,15,2026-09-18 13:30:00,132.6,132.7,131.2,131.7,29500,DNSE
FRT,15,2026-09-18 13:45:00,131.3,131.7,130.7,131.5,41000,DNSE
FRT,15,2026-09-18 14:00:00,131.4,131.6,130.2,130.9,35800,DNSE
FRT,15,2026-09-18 14:15:00,130.9,132.2,130.1,131.3,24000,DNSE
FRT,15,2026-09-18 14:45:00,130.9,130.9,130.9,130.9,219600,DNSE
FRT,15,2026-09-21 09:15:00,131.0,132.0,131.0,131.8,4100,DNSE
FRT,15,2026-09-21 09:30:00,131.8,132.0,131.8,131.9,2800,DNSE
FRT,15,2026-09-21 09:45:00,131.9,131.9,131.0,131.3,12500,DNSE
FRT,15,2026-09-21 10:00:00,131.6,131.6,131.3,131.5,3600,DNSE
FRT,15,2026-09-21 10:15:00,131.3,131.5,131.0,131.5,3700,DNSE
FRT,15,2026-09-21 10:30:00,131.5,131.7,131.5,131.5,2600,DNSE
FRT,15,2026-09-21 10:45:00,131.5,131.8,131.5,131.8,5300,DNSE
FRT,15,2026-09-21 11:00:00,132.0,132.0,131.5,131.5,5000,DNSE
FRT,15,2026-09-21 11:15:00,131.4,131.4,131.0,131.1,12600,DNSE
FRT,15,2026-09-21 13:00:00,131.1,131.9,131.1,131.7,17700,DNSE
FRT,15,2026-09-21 13:15:00,131.2,131.5,131.2,131.2,8600,DNSE
FRT,15,2026-09-21 13:30:00,131.2,131.3,130.9,131.1,7200,DNSE
FRT,15,2026-09-21 13:45:00,131.4,131.8,130.8,130.8,9600,DNSE
FRT,15,2026-09-21 14:00:00,130.7,130.7,130.1,130.7,6100,DNSE
FRT,15,2026-09-21 14:15:00,130.6,131.5,130.0,131.5,21500,DNSE
FRT,15,2026-09-21 14:45:00,130.1,130.1,130.1,130.1,114400,DNSE
GMD,15,2026-07-23 09:15:00,71.9,72.2,71.5,72.2,129100,DNSE
GMD,15,2026-07-23 09:30:00,72.1,72.1,71.0,71.0,139100,DNSE
GMD,15,2026-07-23 09:45:00,71.0,71.0,69.5,69.5,146900,DNSE
GMD,15,2026-07-23 10:00:00,69.5,69.5,68.7,69.3,225000,DNSE
GMD,15,2026-07-23 10:15:00,69.3,69.8,69.1,69.3,75600,DNSE
GMD,15,2026-07-23 10:30:00,69.2,69.5,68.8,69.0,124700,DNSE
GMD,15,2026-07-23 10:45:00,69.0,69.0,68.8,68.8,103100,DNSE
GMD,15,2026-07-23 11:00:00,68.8,68.8,67.6,67.7,236200,DNSE
GMD,15,2026-07-23 11:15:00,67.7,67.9,67.0,67.0,523000,DNSE
GMD,15,2026-07-23 13:00:00,67.0,70.0,67.0,69.9,468400,DNSE
GMD,15,2026-07-23 13:15:00,69.7,70.4,69.6,70.0,282400,DNSE
GMD,15,2026-07-23 13:30:00,70.0,70.8,69.8,70.4,133800,DNSE
GMD,15,2026-07-23 13:45:00,70.3,70.4,69.1,69.5,115500,DNSE
GMD,15,2026-07-23 14:00:00,69.6,70.0,69.5,69.5,73700,DNSE
GMD,15,2026-07-23 14:15:00,69.5,72.2,69.2,71.0,428000,DNSE
GMD,15,2026-07-23 14:45:00,72.0,72.0,72.0,72.0,199500,DNSE
GMD,15,2026-07-24 09:15:00,72.0,72.0,70.6,70.7,36600,DNSE
GMD,15,2026-07-24 09:30:00,70.7,72.0,70.7,71.7,74400,DNSE
GMD,15,2026-07-24 09:45:00,71.7,72.0,71.7,72.0,31000,DNSE
GMD,15,2026-07-24 10:00:00,72.0,72.8,72.0,72.7,155700,DNSE
GMD,15,2026-07-24 10:15:00,72.7,72.7,71.7,71.8,81800,DNSE
GMD,15,2026-07-24 10:30:00,71.9,72.3,71.7,72.1,31300,DNSE
GMD,15,2026-07-24 10:45:00,72.1,72.8,72.1,72.1,93600,DNSE
GMD,15,2026-07-24 11:00:00,72.1,72.4,72.1,72.4,18600,DNSE
GMD,15,2026-07-24 11:15:00,72.2,72.4,72.0,72.1,31900,DNSE
GMD,15,2026-07-24 13:00:00,72.1,72.4,72.0,72.0,82800,DNSE
GMD,15,2026-07-24 13:15:00,72.0,72.7,72.0,72.5,133800,DNSE
GMD,15,2026-07-24 13:30:00,72.5,72.9,72.5,72.7,252000,DNSE
GMD,15,2026-07-24 13:45:00,72.7,73.0,72.6,72.9,134900,DNSE
GMD,15,2026-07-24 14:00:00,73.0,73.0,72.7,72.8,134600,DNSE
GMD,15,2026-07-24 14:15:00,72.8,73.2,72.6,72.6,346100,DNSE
GMD,15,2026-07-24 14:45:00,73.2,73.2,73.2,73.2,190300,DNSE
GMD,15,2026-07-27 09:15:00,73.0,73.2,72.5,73.2,11900,DNSE
GMD,15,2026-07-27 09:30:00,72.9,72.9,72.7,72.7,2800,DNSE
GMD,15,2026-07-27 09:45:00,72.7,72.9,72.7,72.8,8900,DNSE
GMD,15,2026-07-27 10:00:00,72.7,72.8,72.6,72.8,11000,DNSE
GMD,15,2026-07-27 10:15:00,72.8,72.9,72.8,72.8,8600,DNSE
GMD,15,2026-07-27 10:30:00,72.8,72.9,72.7,72.8,7500,DNSE
GMD,15,2026-07-27 10:45:00,72.8,73.0,72.8,72.9,29800,DNSE
GMD,15,2026-07-27 11:00:00,72.9,73.2,72.9,73.0,8600,DNSE
GMD,15,2026-07-27 11:15:00,73.0,73.5,73.0,73.4,14600,DNSE
GMD,15,2026-07-27 13:00:00,73.2,73.2,72.9,73.1,50500,DNSE
GMD,15,2026-07-27 13:15:00,73.1,73.5,73.1,73.4,97700,DNSE
GMD,15,2026-07-27 13:30:00,73.5,73.8,73.4,73.4,119100,DNSE
GMD,15,2026-07-27 13:45:00,73.4,73.5,73.0,73.2,130400,DNSE
GMD,15,2026-07-27 14:00:00,73.2,73.3,73.0,73.1,91600,DNSE
GMD,15,2026-07-27 14:15:00,73.1,73.2,72.2,72.8,219700,DNSE
GMD,15,2026-07-27 14:45:00,72.3,72.3,72.3,72.3,87400,DNSE
GMD,15,2026-07-28 09:15:00,72.0,72.7,71.5,72.2,87200,DNSE
GMD,15,2026-07-28 09:30:00,72.2,72.5,72.2,72.4,15700,DNSE
GMD,15,2026-07-28 09:45:00,72.4,72.5,72.2,72.3,34700,DNSE
GMD,15,2026-07-28 10:00:00,72.2,72.2,72.0,72.1,20900,DNSE
GMD,15,2026-07-28 10:15:00,72.2,72.2,72.1,72.1,10000,DNSE
GMD,15,2026-07-28 10:30:00,72.2,72.2,72.1,72.2,15800,DNSE
GMD,15,2026-07-28 10:45:00,72.2,72.5,72.2,72.4,34400,DNSE
GMD,15,2026-07-28 11:00:00,72.4,72.4,72.2,72.3,23100,DNSE
GMD,15,2026-07-28 11:15:00,72.3,72.5,72.3,72.3,43800,DNSE
GMD,15,2026-07-28 13:00:00,72.3,72.7,72.3,72.7,41400,DNSE
GMD,15,2026-07-28 13:15:00,72.7,73.4,72.6,73.3,85000,DNSE
GMD,15,2026-07-28 13:30:00,73.3,73.4,72.8,73.0,67400,DNSE
GMD,15,2026-07-28 13:45:00,72.9,73.0,72.7,72.8,40800,DNSE
GMD,15,2026-07-28 14:00:00,72.7,72.9,72.6,72.7,44000,DNSE
GMD,15,2026-07-28 14:15:00,72.7,72.7,72.2,72.2,99100,DNSE
GMD,15,2026-07-28 14:45:00,72.9,72.9,72.9,72.9,166400,DNSE
GMD,15,2026-07-29 09:15:00,73.0,73.7,72.9,73.7,25800,DNSE
GMD,15,2026-07-29 09:30:00,73.8,73.9,73.5,73.6,48400,DNSE
GMD,15,2026-07-29 09:45:00,73.6,73.6,73.5,73.5,33700,DNSE
GMD,15,2026-07-29 10:00:00,73.5,73.7,73.5,73.5,35400,DNSE
GMD,15,2026-07-29 10:15:00,73.5,73.6,73.4,73.4,31100,DNSE
GMD,15,2026-07-29 10:30:00,73.4,73.7,73.4,73.6,44100,DNSE
GMD,15,2026-07-29 10:45:00,73.5,73.6,73.5,73.6,10100,DNSE
GMD,15,2026-07-29 11:00:00,73.5,73.5,73.3,73.4,55000,DNSE
GMD,15,2026-07-29 11:15:00,73.4,73.6,73.2,73.4,40700,DNSE
GMD,15,2026-07-29 13:00:00,73.4,73.9,73.4,73.9,78600,DNSE
GMD,15,2026-07-29 13:15:00,73.9,74.0,73.8,73.9,62600,DNSE
GMD,15,2026-07-29 13:30:00,73.9,73.9,73.5,73.7,51500,DNSE
GMD,15,2026-07-29 13:45:00,73.7,73.8,73.6,73.8,39100,DNSE
GMD,15,2026-07-29 14:00:00,73.7,73.9,73.7,73.8,54600,DNSE
GMD,15,2026-07-29 14:15:00,73.9,73.9,73.7,73.8,40400,DNSE
GMD,15,2026-07-29 14:45:00,73.8,73.8,73.8,73.8,12900,DNSE
GMD,15,2026-07-30 09:15:00,73.8,75.0,73.8,75.0,174500,DNSE
GMD,15,2026-07-30 09:30:00,74.9,75.1,74.9,75.1,82100,DNSE
GMD,15,2026-07-30 09:45:00,75.1,75.2,75.0,75.1,46700,DNSE
GMD,15,2026-07-30 10:00:00,75.1,75.3,75.1,75.2,52900,DNSE
GMD,15,2026-07-30 10:15:00,75.2,75.3,75.1,75.2,53400,DNSE
GMD,15,2026-07-30 10:30:00,75.3,76.0,75.3,75.9,162700,DNSE
GMD,15,2026-07-30 10:45:00,75.9,75.9,75.8,75.8,63100,DNSE
GMD,15,2026-07-30 11:00:00,75.9,75.9,75.7,75.8,88600,DNSE
GMD,15,2026-07-30 11:15:00,75.9,76.3,75.9,76.2,165100,DNSE
GMD,15,2026-07-30 13:00:00,76.3,76.5,76.2,76.5,94700,DNSE
GMD,15,2026-07-30 13:15:00,76.5,76.5,76.3,76.4,80400,DNSE
GMD,15,2026-07-30 13:30:00,76.4,76.5,76.3,76.5,69100,DNSE
GMD,15,2026-07-30 13:45:00,76.5,76.5,76.2,76.4,70600,DNSE
GMD,15,2026-07-30 14:00:00,76.4,76.4,76.1,76.2,67200,DNSE
GMD,15,2026-07-30 14:15:00,76.2,76.3,76.0,76.3,61300,DNSE
GMD,15,2026-07-30 14:45:00,76.4,76.4,76.4,76.4,61200,DNSE
GMD,15,2026-07-31 09:15:00,77.0,77.0,76.4,76.6,82700,DNSE
GMD,15,2026-07-31 09:30:00,76.5,76.5,76.1,76.1,19500,DNSE
GMD,15,2026-07-31 09:45:00,76.2,76.2,75.4,75.6,59000,DNSE
GMD,15,2026-07-31 10:00:00,75.7,75.7,75.4,75.5,47300,DNSE
GMD,15,2026-07-31 10:15:00,75.5,75.6,75.3,75.3,107700,DNSE
GMD,15,2026-07-31 10:30:00,75.2,75.4,75.0,75.1,59900,DNSE
GMD,15,2026-07-31 10:45:00,75.1,75.2,74.7,74.8,71900,DNSE
GMD,15,2026-07-31 11:00:00,74.8,74.9,74.5,74.5,71400,DNSE
GMD,15,2026-07-31 11:15:00,74.5,74.9,74.5,74.8,59300,DNSE
GMD,15,2026-07-31 13:00:00,74.9,75.1,74.7,75.0,75200,DNSE
GMD,15,2026-07-31 13:15:00,74.9,74.9,74.6,74.7,74700,DNSE
GMD,15,2026-07-31 13:30:00,74.7,74.9,74.5,74.6,88000,DNSE
GMD,15,2026-07-31 13:45:00,74.6,74.9,74.5,74.7,88400,DNSE
GMD,15,2026-07-31 14:00:00,74.7,74.8,74.5,74.7,80800,DNSE
GMD,15,2026-07-31 14:15:00,74.7,75.9,74.6,75.8,72900,DNSE
GMD,15,2026-07-31 14:45:00,77.0,77.0,77.0,77.0,1149400,DNSE
GMD,15,2026-08-03 09:15:00,76.4,76.9,76.1,76.4,36800,DNSE
GMD,15,2026-08-03 09:30:00,76.4,76.8,76.2,76.5,22900,DNSE
GMD,15,2026-08-03 09:45:00,76.7,76.9,76.4,76.6,25100,DNSE
GMD,15,2026-08-03 10:00:00,76.9,77.0,76.6,76.9,62200,DNSE
GMD,15,2026-08-03 10:15:00,76.9,77.0,76.6,77.0,43600,DNSE
GMD,15,2026-08-03 10:30:00,77.0,77.0,76.7,77.0,42200,DNSE
GMD,15,2026-08-03 10:45:00,76.8,77.0,76.7,77.0,50700,DNSE
GMD,15,2026-08-03 11:00:00,76.9,77.0,76.7,76.9,45500,DNSE
GMD,15,2026-08-03 11:15:00,76.9,77.0,76.8,76.8,48400,DNSE
GMD,15,2026-08-03 13:00:00,76.8,76.9,76.4,76.7,96400,DNSE
GMD,15,2026-08-03 13:15:00,76.9,77.0,76.6,77.0,83500,DNSE
GMD,15,2026-08-03 13:30:00,77.0,78.3,76.9,78.0,269400,DNSE
GMD,15,2026-08-03 13:45:00,77.9,78.0,77.1,77.2,85000,DNSE
GMD,15,2026-08-03 14:00:00,77.8,77.8,77.2,77.7,60300,DNSE
GMD,15,2026-08-03 14:15:00,77.7,77.8,77.2,77.2,53400,DNSE
GMD,15,2026-08-03 14:45:00,77.1,77.1,77.1,77.1,68600,DNSE
GMD,15,2026-08-04 09:15:00,77.2,77.4,76.7,77.2,28500,DNSE
GMD,15,2026-08-04 09:30:00,77.2,77.3,76.7,76.8,23100,DNSE
GMD,15,2026-08-04 09:45:00,76.8,76.9,76.7,76.7,20100,DNSE
GMD,15,2026-08-04 10:00:00,76.9,76.9,76.6,76.8,29700,DNSE
GMD,15,2026-08-04 10:15:00,76.8,76.8,76.5,76.8,24000,DNSE
GMD,15,2026-08-04 10:30:00,76.8,76.9,76.7,76.8,22100,DNSE
GMD,15,2026-08-04 10:45:00,76.8,76.8,76.6,76.8,16400,DNSE
GMD,15,2026-08-04 11:00:00,76.8,76.8,76.5,76.7,15700,DNSE
GMD,15,2026-08-04 11:15:00,76.7,76.7,76.4,76.4,15500,DNSE
GMD,15,2026-08-04 13:00:00,76.4,77.1,76.3,76.7,59900,DNSE
GMD,15,2026-08-04 13:15:00,76.6,76.7,76.2,76.5,43500,DNSE
GMD,15,2026-08-04 13:30:00,76.6,76.6,76.2,76.4,40400,DNSE
GMD,15,2026-08-04 13:45:00,76.4,76.5,76.3,76.4,21400,DNSE
GMD,15,2026-08-04 14:00:00,76.4,76.7,76.4,76.7,38400,DNSE
GMD,15,2026-08-04 14:15:00,76.7,76.7,76.4,76.7,42800,DNSE
GMD,15,2026-08-04 14:45:00,76.5,76.5,76.5,76.5,61600,DNSE
GMD,15,2026-08-05 09:15:00,76.9,77.2,76.8,77.0,57400,DNSE
GMD,15,2026-08-05 09:30:00,77.0,77.0,76.5,76.9,49200,DNSE
GMD,15,2026-08-05 09:45:00,76.7,76.9,76.6,76.7,47400,DNSE
GMD,15,2026-08-05 10:00:00,76.7,76.8,76.6,76.7,35300,DNSE
GMD,15,2026-08-05 10:15:00,76.8,76.8,76.6,76.8,26600,DNSE
GMD,15,2026-08-05 10:30:00,76.8,76.8,76.5,76.7,29900,DNSE
GMD,15,2026-08-05 10:45:00,76.7,76.7,76.5,76.7,29500,DNSE
GMD,15,2026-08-05 11:00:00,76.5,76.7,76.4,76.4,42500,DNSE
GMD,15,2026-08-05 11:15:00,76.5,76.5,76.2,76.2,55700,DNSE
GMD,15,2026-08-05 13:00:00,76.1,76.3,75.8,76.1,104000,DNSE
GMD,15,2026-08-05 13:15:00,76.1,77.2,76.0,77.0,204000,DNSE
GMD,15,2026-08-05 13:30:00,76.9,77.1,76.5,76.7,80700,DNSE
GMD,15,2026-08-05 13:45:00,76.7,76.8,76.3,76.4,96500,DNSE
GMD,15,2026-08-05 14:00:00,76.3,76.6,76.2,76.4,53000,DNSE
GMD,15,2026-08-05 14:15:00,76.5,76.7,76.3,76.5,98300,DNSE
GMD,15,2026-08-05 14:45:00,76.2,76.2,76.2,76.2,54800,DNSE
GMD,15,2026-08-06 09:15:00,76.2,76.9,76.2,76.4,15500,DNSE
GMD,15,2026-08-06 09:30:00,76.4,77.2,76.4,77.1,50900,DNSE
GMD,15,2026-08-06 09:45:00,77.1,77.1,76.8,77.0,36400,DNSE
GMD,15,2026-08-06 10:00:00,77.0,77.0,76.8,77.0,27900,DNSE
GMD,15,2026-08-06 10:15:00,77.0,77.1,76.9,76.9,22400,DNSE
GMD,15,2026-08-06 10:30:00,76.9,76.9,76.7,76.8,16400,DNSE
GMD,15,2026-08-06 10:45:00,76.8,77.1,76.7,77.1,81900,DNSE
GMD,15,2026-08-06 11:00:00,77.2,78.4,77.2,78.0,299800,DNSE
GMD,15,2026-08-06 11:15:00,78.0,78.0,77.8,77.8,46100,DNSE
GMD,15,2026-08-06 13:00:00,77.8,77.9,77.5,77.8,56300,DNSE
GMD,15,2026-08-06 13:15:00,77.9,78.0,77.8,77.9,186500,DNSE
GMD,15,2026-08-06 13:30:00,77.9,77.9,77.7,77.8,31800,DNSE
GMD,15,2026-08-06 13:45:00,77.8,77.9,77.6,77.7,51300,DNSE
GMD,15,2026-08-06 14:00:00,77.7,77.7,77.0,77.4,50600,DNSE
GMD,15,2026-08-06 14:15:00,77.4,77.7,77.4,77.6,57500,DNSE
GMD,15,2026-08-06 14:45:00,77.1,77.1,77.1,77.1,34900,DNSE
GMD,15,2026-08-07 09:15:00,76.9,77.8,76.9,77.5,17500,DNSE
GMD,15,2026-08-07 09:30:00,77.5,77.5,77.2,77.4,1700,DNSE
GMD,15,2026-08-07 09:45:00,77.4,77.5,77.3,77.4,9400,DNSE
GMD,15,2026-08-07 10:00:00,77.4,77.4,77.2,77.4,9000,DNSE
GMD,15,2026-08-07 10:15:00,77.3,77.8,77.2,77.3,37900,DNSE
GMD,15,2026-08-07 10:30:00,77.3,77.9,77.3,77.6,48400,DNSE
GMD,15,2026-08-07 10:45:00,77.6,77.6,77.3,77.5,47400,DNSE
GMD,15,2026-08-07 11:00:00,77.4,77.6,77.4,77.4,37200,DNSE
GMD,15,2026-08-07 11:15:00,77.4,77.4,77.3,77.3,27200,DNSE
GMD,15,2026-08-07 13:00:00,77.3,77.3,77.0,77.2,73600,DNSE
GMD,15,2026-08-07 13:15:00,77.2,77.5,77.1,77.4,51600,DNSE
GMD,15,2026-08-07 13:30:00,77.4,77.5,77.1,77.4,49100,DNSE
GMD,15,2026-08-07 13:45:00,77.4,77.4,77.1,77.4,47400,DNSE
GMD,15,2026-08-07 14:00:00,77.4,77.4,77.0,77.2,51200,DNSE
GMD,15,2026-08-07 14:15:00,77.2,77.4,77.1,77.3,41200,DNSE
GMD,15,2026-08-07 14:45:00,77.2,77.2,77.2,77.2,29200,DNSE
GMD,15,2026-08-10 09:15:00,78.3,78.4,77.3,78.3,104400,DNSE
GMD,15,2026-08-10 09:30:00,78.3,78.9,78.3,78.8,273700,DNSE
GMD,15,2026-08-10 09:45:00,78.8,78.8,78.6,78.8,47300,DNSE
GMD,15,2026-08-10 10:00:00,78.7,78.8,78.6,78.8,45500,DNSE
GMD,15,2026-08-10 10:15:00,78.8,79.0,78.6,79.0,138800,DNSE
GMD,15,2026-08-10 10:30:00,79.0,79.6,78.8,79.6,526500,DNSE
GMD,15,2026-08-10 10:45:00,79.6,80.6,79.5,80.1,614800,DNSE
GMD,15,2026-08-10 11:00:00,80.1,82.0,80.1,81.4,459800,DNSE
GMD,15,2026-08-10 11:15:00,81.4,81.4,80.3,80.5,204200,DNSE
GMD,15,2026-08-10 13:00:00,80.5,80.5,79.5,79.5,189900,DNSE
GMD,15,2026-08-10 13:15:00,79.6,79.8,79.4,79.4,122000,DNSE
GMD,15,2026-08-10 13:30:00,79.5,79.5,79.3,79.4,69900,DNSE
GMD,15,2026-08-10 13:45:00,79.4,79.6,79.4,79.5,101500,DNSE
GMD,15,2026-08-10 14:00:00,79.5,79.5,79.1,79.2,95200,DNSE
GMD,15,2026-08-10 14:15:00,79.2,79.4,78.0,78.3,307000,DNSE
GMD,15,2026-08-10 14:45:00,78.2,78.2,78.2,78.2,100800,DNSE
GMD,15,2026-08-11 09:15:00,78.2,78.5,78.1,78.2,44500,DNSE
GMD,15,2026-08-11 09:30:00,78.2,78.2,77.2,77.9,82900,DNSE
GMD,15,2026-08-11 09:45:00,77.9,78.1,77.8,78.0,28800,DNSE
GMD,15,2026-08-11 10:00:00,78.0,78.0,77.7,78.0,22800,DNSE
GMD,15,2026-08-11 10:15:00,78.0,78.1,77.7,78.0,27700,DNSE
GMD,15,2026-08-11 10:30:00,78.0,78.1,77.9,78.1,16800,DNSE
GMD,15,2026-08-11 10:45:00,78.1,78.2,78.0,78.2,23800,DNSE
GMD,15,2026-08-11 11:00:00,78.1,78.2,78.0,78.0,11000,DNSE
GMD,15,2026-08-11 11:15:00,78.2,78.2,78.1,78.2,12400,DNSE
GMD,15,2026-08-11 13:00:00,78.1,78.1,77.7,77.9,26400,DNSE
GMD,15,2026-08-11 13:15:00,77.9,77.9,77.7,77.7,17700,DNSE
GMD,15,2026-08-11 13:30:00,77.6,77.8,77.6,77.8,33400,DNSE
GMD,15,2026-08-11 13:45:00,77.8,77.9,77.6,77.7,31500,DNSE
GMD,15,2026-08-11 14:00:00,77.7,77.8,77.5,77.7,65300,DNSE
GMD,15,2026-08-11 14:15:00,77.7,77.8,77.5,77.5,53200,DNSE
GMD,15,2026-08-11 14:45:00,77.4,77.4,77.4,77.4,23600,DNSE
GMD,15,2026-08-12 09:15:00,77.4,78.2,77.4,78.1,21000,DNSE
GMD,15,2026-08-12 09:30:00,78.1,78.1,77.5,78.0,11900,DNSE
GMD,15,2026-08-12 09:45:00,78.0,78.0,77.5,77.7,15700,DNSE
GMD,15,2026-08-12 10:00:00,77.7,77.8,77.6,77.8,15600,DNSE
GMD,15,2026-08-12 10:15:00,77.7,77.7,77.2,77.4,59000,DNSE
GMD,15,2026-08-12 10:30:00,77.4,77.4,77.3,77.4,17300,DNSE
GMD,15,2026-08-12 10:45:00,77.4,77.5,77.3,77.5,21600,DNSE
GMD,15,2026-08-12 11:00:00,77.5,77.5,77.5,77.5,5400,DNSE
GMD,15,2026-08-12 11:15:00,77.5,77.5,77.4,77.4,17700,DNSE
GMD,15,2026-08-12 13:00:00,77.5,77.5,76.8,77.0,245400,DNSE
GMD,15,2026-08-12 13:15:00,77.0,77.0,76.7,76.8,111600,DNSE
GMD,15,2026-08-12 13:30:00,76.8,76.8,76.5,76.7,87400,DNSE
GMD,15,2026-08-12 13:45:00,76.7,76.8,76.6,76.8,54900,DNSE
GMD,15,2026-08-12 14:00:00,76.8,77.3,76.8,76.8,52600,DNSE
GMD,15,2026-08-12 14:15:00,76.7,77.0,76.7,76.8,74500,DNSE
GMD,15,2026-08-12 14:45:00,77.2,77.2,77.2,77.2,61600,DNSE
GMD,15,2026-08-13 09:15:00,77.0,77.7,77.0,77.5,21000,DNSE
GMD,15,2026-08-13 09:30:00,77.5,77.5,77.4,77.5,12600,DNSE
GMD,15,2026-08-13 09:45:00,77.5,77.7,76.9,77.1,62500,DNSE
GMD,15,2026-08-13 10:00:00,76.9,77.1,76.8,77.1,21400,DNSE
GMD,15,2026-08-13 10:15:00,77.1,77.2,76.9,77.0,23300,DNSE
GMD,15,2026-08-13 10:30:00,77.0,77.0,76.5,76.6,51800,DNSE
GMD,15,2026-08-13 10:45:00,76.7,76.7,76.4,76.7,59500,DNSE
GMD,15,2026-08-13 11:00:00,76.7,77.4,76.6,77.0,31400,DNSE
GMD,15,2026-08-13 11:15:00,77.3,77.3,76.9,77.1,17700,DNSE
GMD,15,2026-08-13 13:00:00,77.0,77.5,76.9,77.5,61500,DNSE
GMD,15,2026-08-13 13:15:00,77.5,78.6,77.4,78.5,468700,DNSE
GMD,15,2026-08-13 13:30:00,78.6,79.4,78.5,78.8,376200,DNSE
GMD,15,2026-08-13 13:45:00,78.8,79.1,78.7,79.0,174500,DNSE
GMD,15,2026-08-13 14:00:00,78.9,79.1,78.5,78.7,241600,DNSE
GMD,15,2026-08-13 14:15:00,78.7,79.8,78.6,78.7,428400,DNSE
GMD,15,2026-08-13 14:45:00,78.5,78.5,78.5,78.5,77800,DNSE
GMD,15,2026-08-14 09:15:00,78.4,79.1,78.4,79.0,29600,DNSE
GMD,15,2026-08-14 09:30:00,79.1,79.7,79.1,79.6,105900,DNSE
GMD,15,2026-08-14 09:45:00,79.5,79.5,78.9,79.1,65000,DNSE
GMD,15,2026-08-14 10:00:00,79.1,79.8,79.1,79.7,122700,DNSE
GMD,15,2026-08-14 10:15:00,79.6,79.7,79.4,79.4,73900,DNSE
GMD,15,2026-08-14 10:30:00,79.5,79.6,79.4,79.4,46700,DNSE
GMD,15,2026-08-14 10:45:00,79.4,79.4,79.2,79.2,49800,DNSE
GMD,15,2026-08-14 11:00:00,79.2,79.2,78.7,78.7,35300,DNSE
GMD,15,2026-08-14 11:15:00,78.7,79.2,78.7,78.9,51400,DNSE
GMD,15,2026-08-14 13:00:00,78.8,78.9,78.4,78.6,113700,DNSE
GMD,15,2026-08-14 13:15:00,78.6,78.8,78.3,78.6,117500,DNSE
GMD,15,2026-08-14 13:30:00,78.6,78.9,78.6,78.7,134400,DNSE
GMD,15,2026-08-14 13:45:00,78.7,78.9,78.5,78.9,137000,DNSE
GMD,15,2026-08-14 14:00:00,78.9,79.0,78.6,78.6,73200,DNSE
GMD,15,2026-08-14 14:15:00,78.6,78.9,78.5,78.9,136100,DNSE
GMD,15,2026-08-14 14:45:00,78.7,78.7,78.7,78.7,59100,DNSE
GMD,15,2026-08-17 09:15:00,78.7,79.3,78.7,78.8,8400,DNSE
GMD,15,2026-08-17 09:30:00,78.8,79.6,78.8,79.3,76900,DNSE
GMD,15,2026-08-17 09:45:00,79.3,79.8,79.2,79.5,61900,DNSE
GMD,15,2026-08-17 10:00:00,79.5,79.9,79.5,79.7,80600,DNSE
GMD,15,2026-08-17 10:15:00,79.7,79.7,79.4,79.5,31200,DNSE
GMD,15,2026-08-17 10:30:00,79.5,79.6,79.0,79.0,63100,DNSE
GMD,15,2026-08-17 10:45:00,79.0,79.0,78.3,78.5,66900,DNSE
GMD,15,2026-08-17 11:00:00,78.5,78.9,78.5,78.8,50000,DNSE
GMD,15,2026-08-17 11:15:00,78.8,78.8,78.5,78.8,43400,DNSE
GMD,15,2026-08-17 13:00:00,78.8,78.8,78.4,78.5,71600,DNSE
GMD,15,2026-08-17 13:15:00,78.4,78.7,78.4,78.7,93300,DNSE
GMD,15,2026-08-17 13:30:00,78.5,78.8,78.5,78.7,76700,DNSE
GMD,15,2026-08-17 13:45:00,78.7,78.8,78.7,78.8,101700,DNSE
GMD,15,2026-08-17 14:00:00,78.9,79.4,78.9,79.0,478900,DNSE
GMD,15,2026-08-17 14:15:00,79.0,79.2,78.9,79.1,341000,DNSE
GMD,15,2026-08-17 14:45:00,78.8,78.8,78.8,78.8,85500,DNSE
GMD,15,2026-08-18 09:15:00,79.0,79.7,79.0,79.1,22700,DNSE
GMD,15,2026-08-18 09:30:00,79.2,79.2,78.8,78.9,5500,DNSE
GMD,15,2026-08-18 09:45:00,78.8,79.0,78.8,79.0,28700,DNSE
GMD,15,2026-08-18 10:00:00,79.0,79.1,78.8,78.8,31800,DNSE
GMD,15,2026-08-18 10:15:00,78.9,78.9,78.8,78.9,27600,DNSE
GMD,15,2026-08-18 10:30:00,78.9,79.0,78.9,78.9,37300,DNSE
GMD,15,2026-08-18 10:45:00,78.9,79.5,78.9,79.1,57200,DNSE
GMD,15,2026-08-18 11:00:00,79.1,79.2,79.0,79.1,62200,DNSE
GMD,15,2026-08-18 11:15:00,79.1,79.2,79.0,79.0,67800,DNSE
GMD,15,2026-08-18 13:00:00,79.0,79.0,78.8,79.0,102600,DNSE
GMD,15,2026-08-18 13:15:00,79.0,79.0,78.7,79.0,203200,DNSE
GMD,15,2026-08-18 13:30:00,78.9,79.5,78.9,79.4,431000,DNSE
GMD,15,2026-08-18 13:45:00,79.4,79.5,79.3,79.5,231600,DNSE
GMD,15,2026-08-18 14:00:00,79.4,79.7,79.0,79.0,280700,DNSE
GMD,15,2026-08-18 14:15:00,79.0,79.8,78.8,79.5,397100,DNSE
GMD,15,2026-08-18 14:45:00,79.5,79.5,79.5,79.5,58500,DNSE
GMD,15,2026-08-19 09:15:00,80.0,80.6,79.8,80.1,177300,DNSE
GMD,15,2026-08-19 09:30:00,80.1,80.4,80.0,80.2,68400,DNSE
GMD,15,2026-08-19 09:45:00,80.2,80.4,80.2,80.3,42300,DNSE
GMD,15,2026-08-19 10:00:00,80.3,80.4,79.8,79.8,111300,DNSE
GMD,15,2026-08-19 10:15:00,79.8,79.8,79.7,79.8,20800,DNSE
GMD,15,2026-08-19 10:30:00,79.8,79.8,79.5,79.5,59300,DNSE
GMD,15,2026-08-19 10:45:00,79.5,79.6,79.1,79.2,37700,DNSE
GMD,15,2026-08-19 11:00:00,79.4,79.4,79.1,79.2,49500,DNSE
GMD,15,2026-08-19 11:15:00,79.2,79.2,79.1,79.1,48100,DNSE
GMD,15,2026-08-19 13:00:00,79.1,79.2,79.0,79.0,117500,DNSE
GMD,15,2026-08-19 13:15:00,79.0,80.0,79.0,79.7,492100,DNSE
GMD,15,2026-08-19 13:30:00,79.8,80.2,79.4,79.4,359500,DNSE
GMD,15,2026-08-19 13:45:00,79.5,79.7,79.1,79.6,226800,DNSE
GMD,15,2026-08-19 14:00:00,79.7,79.7,79.2,79.3,90100,DNSE
GMD,15,2026-08-19 14:15:00,79.3,79.3,79.0,79.2,146400,DNSE
GMD,15,2026-08-19 14:45:00,78.6,78.6,78.6,78.6,83500,DNSE
GMD,15,2026-08-20 09:15:00,78.7,78.9,78.3,78.4,16600,DNSE
GMD,15,2026-08-20 09:30:00,78.4,78.6,78.3,78.5,31500,DNSE
GMD,15,2026-08-20 09:45:00,78.5,78.5,78.4,78.4,28500,DNSE
GMD,15,2026-08-20 10:00:00,78.4,78.4,78.0,78.1,103100,DNSE
GMD,15,2026-08-20 10:15:00,78.1,78.1,77.9,77.9,66400,DNSE
GMD,15,2026-08-20 10:30:00,77.8,77.8,77.7,77.7,48900,DNSE
GMD,15,2026-08-20 10:45:00,77.7,77.7,77.6,77.6,59600,DNSE
GMD,15,2026-08-20 11:00:00,77.6,77.7,77.4,77.4,145400,DNSE
GMD,15,2026-08-20 11:15:00,77.4,77.5,77.2,77.2,33300,DNSE
GMD,15,2026-08-20 13:00:00,77.2,78.3,77.2,78.3,107500,DNSE
GMD,15,2026-08-20 13:15:00,78.3,78.8,77.9,78.5,417600,DNSE
GMD,15,2026-08-20 13:30:00,78.5,78.5,78.0,78.1,131100,DNSE
GMD,15,2026-08-20 13:45:00,78.0,78.5,78.0,78.4,171000,DNSE
GMD,15,2026-08-20 14:00:00,78.3,78.4,77.9,77.9,289700,DNSE
GMD,15,2026-08-20 14:15:00,77.9,78.1,77.6,77.6,152900,DNSE
GMD,15,2026-08-20 14:45:00,77.0,77.0,77.0,77.0,145700,DNSE
GMD,15,2026-08-21 09:15:00,77.1,77.8,77.1,77.5,11200,DNSE
GMD,15,2026-08-21 09:30:00,77.5,77.5,77.1,77.4,43700,DNSE
GMD,15,2026-08-21 09:45:00,77.3,77.3,77.1,77.2,41500,DNSE
GMD,15,2026-08-21 10:00:00,77.3,77.5,77.3,77.4,105100,DNSE
GMD,15,2026-08-21 10:15:00,77.3,77.4,77.3,77.3,16700,DNSE
GMD,15,2026-08-21 10:30:00,77.3,77.5,77.3,77.5,59300,DNSE
GMD,15,2026-08-21 10:45:00,77.4,77.6,77.4,77.5,49900,DNSE
GMD,15,2026-08-21 11:00:00,77.5,77.5,77.4,77.4,11300,DNSE
GMD,15,2026-08-21 11:15:00,77.4,77.4,77.3,77.4,41200,DNSE
GMD,15,2026-08-21 13:00:00,77.4,77.4,77.1,77.3,141000,DNSE
GMD,15,2026-08-21 13:15:00,77.3,77.5,77.1,77.5,174200,DNSE
GMD,15,2026-08-21 13:30:00,77.5,77.7,77.2,77.5,188500,DNSE
GMD,15,2026-08-21 13:45:00,77.5,77.6,77.4,77.5,82000,DNSE
GMD,15,2026-08-21 14:00:00,77.6,77.6,77.3,77.3,98600,DNSE
GMD,15,2026-08-21 14:15:00,77.3,77.7,77.3,77.4,259400,DNSE
GMD,15,2026-08-21 14:45:00,77.4,77.4,77.4,77.4,65300,DNSE
GMD,15,2026-08-24 09:15:00,77.8,78.4,77.8,78.3,26500,DNSE
GMD,15,2026-08-24 09:30:00,78.3,78.4,78.0,78.3,19200,DNSE
GMD,15,2026-08-24 09:45:00,78.3,78.4,78.1,78.2,9500,DNSE
GMD,15,2026-08-24 10:00:00,78.1,78.2,77.7,78.0,37900,DNSE
GMD,15,2026-08-24 10:15:00,78.0,78.1,78.0,78.0,12700,DNSE
GMD,15,2026-08-24 10:30:00,77.9,78.0,77.8,78.0,17400,DNSE
GMD,15,2026-08-24 10:45:00,77.9,78.0,77.8,77.9,12600,DNSE
GMD,15,2026-08-24 11:00:00,77.9,77.9,77.6,77.8,18500,DNSE
GMD,15,2026-08-24 11:15:00,77.9,77.9,77.7,77.9,2700,DNSE
GMD,15,2026-08-24 13:00:00,77.8,77.8,77.6,77.8,59500,DNSE
GMD,15,2026-08-24 13:15:00,77.7,77.8,77.5,77.7,35900,DNSE
GMD,15,2026-08-24 13:30:00,77.6,77.8,77.5,77.8,129800,DNSE
GMD,15,2026-08-24 13:45:00,77.8,77.8,77.5,77.6,39700,DNSE
GMD,15,2026-08-24 14:00:00,77.6,77.7,77.4,77.6,95200,DNSE
GMD,15,2026-08-24 14:15:00,77.6,77.6,77.5,77.6,65600,DNSE
GMD,15,2026-08-24 14:45:00,77.5,77.5,77.5,77.5,63400,DNSE
GMD,15,2026-08-25 09:15:00,77.5,78.2,77.5,78.0,11400,DNSE
GMD,15,2026-08-25 09:30:00,78.0,78.0,77.9,78.0,24200,DNSE
GMD,15,2026-08-25 09:45:00,78.0,78.1,77.9,78.0,20000,DNSE
GMD,15,2026-08-25 10:00:00,77.9,78.0,77.6,78.0,14800,DNSE
GMD,15,2026-08-25 10:15:00,78.0,78.0,77.8,77.8,16100,DNSE
GMD,15,2026-08-25 10:30:00,77.8,78.0,77.6,77.6,24700,DNSE
GMD,15,2026-08-25 10:45:00,77.6,77.8,77.5,77.5,54800,DNSE
GMD,15,2026-08-25 11:00:00,77.5,77.7,77.2,77.5,130900,DNSE
GMD,15,2026-08-25 11:15:00,77.6,77.7,77.5,77.5,39200,DNSE
GMD,15,2026-08-25 13:00:00,77.6,77.6,77.4,77.6,112000,DNSE
GMD,15,2026-08-25 13:15:00,77.6,77.6,77.1,77.4,153100,DNSE
GMD,15,2026-08-25 13:30:00,77.4,77.5,77.2,77.4,81100,DNSE
GMD,15,2026-08-25 13:45:00,77.4,77.4,77.3,77.3,50500,DNSE
GMD,15,2026-08-25 14:00:00,77.3,77.7,77.2,77.6,211300,DNSE
GMD,15,2026-08-25 14:15:00,77.5,78.6,77.5,78.6,245800,DNSE
GMD,15,2026-08-25 14:45:00,78.7,78.7,78.7,78.7,84500,DNSE
GMD,15,2026-08-26 09:15:00,78.7,79.3,78.7,78.8,33300,DNSE
GMD,15,2026-08-26 09:30:00,78.9,79.0,78.7,79.0,19300,DNSE
GMD,15,2026-08-26 09:45:00,79.0,79.0,78.8,79.0,34900,DNSE
GMD,15,2026-08-26 10:00:00,79.0,80.6,79.0,80.5,406600,DNSE
GMD,15,2026-08-26 10:15:00,80.5,81.3,80.2,80.9,586100,DNSE
GMD,15,2026-08-26 10:30:00,80.8,81.0,79.9,80.0,111400,DNSE
GMD,15,2026-08-26 10:45:00,80.0,80.0,79.8,79.9,36700,DNSE
GMD,15,2026-08-26 11:00:00,80.0,80.3,79.9,80.2,125500,DNSE
GMD,15,2026-08-26 11:15:00,80.2,80.2,80.0,80.0,53000,DNSE
GMD,15,2026-08-26 13:00:00,80.0,80.0,79.8,79.8,39900,DNSE
GMD,15,2026-08-26 13:15:00,79.9,80.0,79.7,79.8,58600,DNSE
GMD,15,2026-08-26 13:30:00,79.8,79.8,79.6,79.8,49300,DNSE
GMD,15,2026-08-26 13:45:00,79.7,79.8,79.6,79.6,95000,DNSE
GMD,15,2026-08-26 14:00:00,79.5,79.6,79.2,79.6,112200,DNSE
GMD,15,2026-08-26 14:15:00,79.6,79.6,79.2,79.4,130400,DNSE
GMD,15,2026-08-26 14:45:00,79.3,79.3,79.3,79.3,45200,DNSE
GMD,15,2026-08-27 09:15:00,79.7,79.8,79.4,79.5,10400,DNSE
GMD,15,2026-08-27 09:30:00,79.5,79.5,79.5,79.5,2600,DNSE
GMD,15,2026-08-27 09:45:00,79.4,79.4,79.3,79.3,22600,DNSE
GMD,15,2026-08-27 10:00:00,79.3,79.3,79.2,79.3,9500,DNSE
GMD,15,2026-08-27 10:15:00,79.2,79.3,79.2,79.2,6200,DNSE
GMD,15,2026-08-27 10:30:00,79.2,79.2,79.2,79.2,13600,DNSE
GMD,15,2026-08-27 10:45:00,79.2,79.2,79.2,79.2,1800,DNSE
GMD,15,2026-08-27 11:00:00,79.2,79.7,79.2,79.4,40700,DNSE
GMD,15,2026-08-27 11:15:00,79.4,79.4,79.4,79.4,2300,DNSE
GMD,15,2026-08-27 13:00:00,79.4,79.6,79.3,79.3,89700,DNSE
GMD,15,2026-08-27 13:15:00,79.3,79.7,79.3,79.6,47900,DNSE
GMD,15,2026-08-27 13:30:00,79.6,79.6,79.5,79.6,23500,DNSE
GMD,15,2026-08-27 13:45:00,79.6,80.0,79.5,79.8,40700,DNSE
GMD,15,2026-08-27 14:00:00,79.7,79.8,79.6,79.8,36200,DNSE
GMD,15,2026-08-27 14:15:00,79.7,80.1,79.7,79.8,87300,DNSE
GMD,15,2026-08-27 14:45:00,79.8,79.8,79.8,79.8,15900,DNSE
GMD,15,2026-08-28 09:15:00,79.8,79.8,79.5,79.7,15600,DNSE
GMD,15,2026-08-28 09:30:00,79.7,79.7,79.5,79.5,11900,DNSE
GMD,15,2026-08-28 09:45:00,79.2,79.8,79.2,79.5,32500,DNSE
GMD,15,2026-08-28 10:00:00,79.5,80.1,79.4,79.6,63800,DNSE
GMD,15,2026-08-28 10:15:00,79.8,79.8,79.5,79.6,20000,DNSE
GMD,15,2026-08-28 10:30:00,79.7,80.0,79.5,79.5,29800,DNSE
GMD,15,2026-08-28 10:45:00,79.5,79.5,79.5,79.5,5200,DNSE
GMD,15,2026-08-28 11:00:00,79.5,80.0,79.3,79.5,31700,DNSE
GMD,15,2026-08-28 11:15:00,79.5,80.0,79.5,79.5,40000,DNSE
GMD,15,2026-08-28 13:00:00,79.5,80.0,79.3,79.6,60600,DNSE
GMD,15,2026-08-28 13:15:00,79.6,79.8,79.6,79.6,31000,DNSE
GMD,15,2026-08-28 13:30:00,79.7,79.9,79.5,79.7,39100,DNSE
GMD,15,2026-08-28 13:45:00,79.6,80.0,79.6,80.0,84900,DNSE
GMD,15,2026-08-28 14:00:00,79.8,80.0,79.7,79.8,44500,DNSE
GMD,15,2026-08-28 14:15:00,79.7,79.8,79.3,79.7,92300,DNSE
GMD,15,2026-08-28 14:45:00,79.5,79.5,79.5,79.5,43400,DNSE
GMD,15,2026-09-03 09:15:00,79.5,79.5,78.7,78.7,49100,DNSE
GMD,15,2026-09-03 09:30:00,78.7,78.7,78.4,78.6,86300,DNSE
GMD,15,2026-09-03 09:45:00,78.6,78.7,78.5,78.7,42400,DNSE
GMD,15,2026-09-03 10:00:00,78.6,78.7,78.4,78.4,53100,DNSE
GMD,15,2026-09-03 10:15:00,78.4,78.4,78.1,78.2,48200,DNSE
GMD,15,2026-09-03 10:30:00,78.1,78.2,78.1,78.2,44700,DNSE
GMD,15,2026-09-03 10:45:00,78.2,78.3,78.2,78.3,38200,DNSE
GMD,15,2026-09-03 11:00:00,78.3,78.4,78.1,78.2,30300,DNSE
GMD,15,2026-09-03 11:15:00,78.2,78.2,78.1,78.1,42800,DNSE
GMD,15,2026-09-03 13:00:00,78.1,78.2,78.1,78.2,22900,DNSE
GMD,15,2026-09-03 13:15:00,78.1,78.2,77.8,77.8,114700,DNSE
GMD,15,2026-09-03 13:30:00,77.8,78.1,77.8,78.0,66500,DNSE
GMD,15,2026-09-03 13:45:00,78.0,78.1,77.8,78.0,100600,DNSE
GMD,15,2026-09-03 14:00:00,78.0,78.1,77.9,77.9,36800,DNSE
GMD,15,2026-09-03 14:15:00,77.9,78.0,77.7,77.9,79300,DNSE
GMD,15,2026-09-03 14:45:00,77.6,77.6,77.6,77.6,61100,DNSE
GMD,15,2026-09-04 09:15:00,78.0,78.1,77.7,78.0,26200,DNSE
GMD,15,2026-09-04 09:30:00,78.2,78.4,77.9,77.9,8400,DNSE
GMD,15,2026-09-04 09:45:00,77.9,78.0,77.7,77.8,43200,DNSE
GMD,15,2026-09-04 10:00:00,77.7,77.7,77.5,77.6,57900,DNSE
GMD,15,2026-09-04 10:15:00,77.6,77.8,77.6,77.8,22400,DNSE
GMD,15,2026-09-04 10:30:00,77.8,77.8,77.6,77.8,25300,DNSE
GMD,15,2026-09-04 10:45:00,77.7,77.8,77.6,77.7,4400,DNSE
GMD,15,2026-09-04 11:00:00,77.7,77.8,77.5,77.5,104300,DNSE
GMD,15,2026-09-04 11:15:00,77.6,77.7,77.5,77.7,19500,DNSE
GMD,15,2026-09-04 13:00:00,77.6,77.7,77.5,77.6,52500,DNSE
GMD,15,2026-09-04 13:15:00,77.6,77.7,77.5,77.5,49500,DNSE
GMD,15,2026-09-04 13:30:00,77.6,77.7,77.3,77.6,72400,DNSE
GMD,15,2026-09-04 13:45:00,77.7,77.8,77.4,77.4,39000,DNSE
GMD,15,2026-09-04 14:00:00,77.5,77.6,77.4,77.5,50200,DNSE
GMD,15,2026-09-04 14:15:00,77.6,77.7,77.5,77.5,81400,DNSE
GMD,15,2026-09-04 14:45:00,77.4,77.4,77.4,77.4,80400,DNSE
GMD,15,2026-09-07 09:15:00,77.5,78.0,77.5,77.8,38000,DNSE
GMD,15,2026-09-07 09:30:00,77.8,77.8,77.6,77.7,18400,DNSE
GMD,15,2026-09-07 09:45:00,77.6,77.7,77.6,77.6,45800,DNSE
GMD,15,2026-09-07 10:00:00,77.6,77.6,77.5,77.6,16300,DNSE
GMD,15,2026-09-07 10:15:00,77.6,77.6,77.5,77.6,15300,DNSE
GMD,15,2026-09-07 10:30:00,77.6,77.6,77.4,77.5,24400,DNSE
GMD,15,2026-09-07 10:45:00,77.4,77.5,77.4,77.4,46900,DNSE
GMD,15,2026-09-07 11:00:00,77.4,77.4,77.3,77.4,29800,DNSE
GMD,15,2026-09-07 11:15:00,77.4,77.4,77.3,77.3,34900,DNSE
GMD,15,2026-09-07 13:00:00,77.3,77.4,77.2,77.4,17900,DNSE
GMD,15,2026-09-07 13:15:00,77.3,77.4,77.3,77.4,17800,DNSE
GMD,15,2026-09-07 13:30:00,77.3,77.4,77.1,77.2,51800,DNSE
GMD,15,2026-09-07 13:45:00,77.2,77.2,77.0,77.0,47100,DNSE
GMD,15,2026-09-07 14:00:00,77.0,77.1,76.8,76.9,95400,DNSE
GMD,15,2026-09-07 14:15:00,76.9,77.0,76.8,76.9,78400,DNSE
GMD,15,2026-09-07 14:45:00,76.8,76.8,76.8,76.8,40500,DNSE
GMD,15,2026-09-08 09:15:00,76.8,77.1,76.7,77.0,12000,DNSE
GMD,15,2026-09-08 09:30:00,77.0,77.1,76.7,77.1,19000,DNSE
GMD,15,2026-09-08 09:45:00,77.0,77.1,76.9,76.9,13200,DNSE
GMD,15,2026-09-08 10:00:00,76.9,76.9,76.8,76.9,2500,DNSE
GMD,15,2026-09-08 10:15:00,76.9,77.0,76.8,77.0,22700,DNSE
GMD,15,2026-09-08 10:30:00,77.0,77.0,76.9,77.0,24100,DNSE
GMD,15,2026-09-08 10:45:00,77.0,77.2,77.0,77.2,11100,DNSE
GMD,15,2026-09-08 11:00:00,77.1,77.2,77.1,77.1,12500,DNSE
GMD,15,2026-09-08 11:15:00,77.1,77.1,77.0,77.1,6800,DNSE
GMD,15,2026-09-08 13:00:00,77.1,77.1,76.9,77.0,23500,DNSE
GMD,15,2026-09-08 13:15:00,77.0,77.0,76.9,76.9,16500,DNSE
GMD,15,2026-09-08 13:30:00,76.9,76.9,76.6,76.7,79700,DNSE
GMD,15,2026-09-08 13:45:00,76.7,76.7,75.6,76.2,215100,DNSE
GMD,15,2026-09-08 14:00:00,76.1,76.3,75.8,75.8,77800,DNSE
GMD,15,2026-09-08 14:15:00,75.8,76.0,75.5,75.7,169400,DNSE
GMD,15,2026-09-08 14:45:00,75.0,75.0,75.0,75.0,228700,DNSE
GMD,15,2026-09-09 09:15:00,75.0,75.8,75.0,75.8,57300,DNSE
GMD,15,2026-09-09 09:30:00,75.8,75.9,75.7,75.8,18700,DNSE
GMD,15,2026-09-09 09:45:00,75.8,76.1,75.8,76.1,53300,DNSE
GMD,15,2026-09-09 10:00:00,76.1,76.5,76.1,76.3,53800,DNSE
GMD,15,2026-09-09 10:15:00,76.3,76.3,76.0,76.1,22200,DNSE
GMD,15,2026-09-09 10:30:00,76.1,76.2,76.0,76.1,4900,DNSE
GMD,15,2026-09-09 10:45:00,76.1,76.1,76.1,76.1,1200,DNSE
GMD,15,2026-09-09 11:00:00,76.1,76.2,76.1,76.2,7500,DNSE
GMD,15,2026-09-09 11:15:00,76.2,76.3,76.2,76.3,1600,DNSE
GMD,15,2026-09-09 13:00:00,76.2,76.3,76.1,76.2,10100,DNSE
GMD,15,2026-09-09 13:15:00,76.3,76.5,76.1,76.1,59300,DNSE
GMD,15,2026-09-09 13:30:00,76.1,76.2,75.7,75.9,58600,DNSE
GMD,15,2026-09-09 13:45:00,75.9,75.9,75.4,75.5,59000,DNSE
GMD,15,2026-09-09 14:00:00,75.5,75.5,75.3,75.5,31100,DNSE
GMD,15,2026-09-09 14:15:00,75.4,75.6,75.3,75.5,36600,DNSE
GMD,15,2026-09-09 14:45:00,75.6,75.6,75.6,75.6,17500,DNSE
GMD,15,2026-09-10 09:15:00,75.7,76.0,75.6,75.7,12300,DNSE
GMD,15,2026-09-10 09:30:00,75.8,75.8,75.7,75.8,1100,DNSE
GMD,15,2026-09-10 09:45:00,75.8,75.8,75.4,75.5,16300,DNSE
GMD,15,2026-09-10 10:00:00,75.5,75.5,75.3,75.4,9100,DNSE
GMD,15,2026-09-10 10:15:00,75.4,75.4,75.2,75.3,11800,DNSE
GMD,15,2026-09-10 10:30:00,75.3,75.3,75.2,75.2,16300,DNSE
GMD,15,2026-09-10 10:45:00,75.2,75.5,75.1,75.5,25800,DNSE
GMD,15,2026-09-10 11:00:00,75.5,75.5,75.2,75.4,7400,DNSE
GMD,15,2026-09-10 11:15:00,75.4,75.4,75.3,75.3,700,DNSE
GMD,15,2026-09-10 13:00:00,75.3,75.6,75.3,75.5,19500,DNSE
GMD,15,2026-09-10 13:15:00,75.6,75.8,75.4,75.5,11500,DNSE
GMD,15,2026-09-10 13:30:00,75.5,75.7,75.5,75.6,8600,DNSE
GMD,15,2026-09-10 13:45:00,75.7,75.7,75.4,75.4,33100,DNSE
GMD,15,2026-09-10 14:00:00,75.5,75.5,75.4,75.5,14100,DNSE
GMD,15,2026-09-10 14:15:00,75.5,75.6,75.2,75.2,58900,DNSE
GMD,15,2026-09-10 14:45:00,75.2,75.2,75.2,75.2,43000,DNSE
GMD,15,2026-09-11 09:15:00,75.2,75.3,75.0,75.3,21200,DNSE
GMD,15,2026-09-11 09:30:00,75.4,75.4,75.1,75.1,15400,DNSE
GMD,15,2026-09-11 09:45:00,75.1,75.1,74.5,74.8,77000,DNSE
GMD,15,2026-09-11 10:00:00,74.8,74.8,74.5,74.5,45700,DNSE
GMD,15,2026-09-11 10:15:00,74.5,74.5,74.2,74.3,60200,DNSE
GMD,15,2026-09-11 10:30:00,74.3,74.5,74.3,74.3,21500,DNSE
GMD,15,2026-09-11 10:45:00,74.3,74.5,74.2,74.5,5800,DNSE
GMD,15,2026-09-11 11:00:00,74.3,74.4,74.3,74.3,11700,DNSE
GMD,15,2026-09-11 11:15:00,74.3,74.4,74.3,74.4,5800,DNSE
GMD,15,2026-09-11 13:00:00,74.4,74.4,74.3,74.4,21400,DNSE
GMD,15,2026-09-11 13:15:00,74.4,74.8,74.2,74.8,68600,DNSE
GMD,15,2026-09-11 13:30:00,74.8,74.9,74.3,74.3,63200,DNSE
GMD,15,2026-09-11 13:45:00,74.3,75.8,74.2,75.4,232000,DNSE
GMD,15,2026-09-11 14:00:00,75.4,76.0,75.1,75.9,195400,DNSE
GMD,15,2026-09-11 14:15:00,75.8,76.0,75.0,75.1,115100,DNSE
GMD,15,2026-09-11 14:45:00,74.6,74.6,74.6,74.6,120800,DNSE
GMD,15,2026-09-14 09:15:00,74.6,75.5,74.6,74.9,7300,DNSE
GMD,15,2026-09-14 09:30:00,74.9,75.0,74.9,74.9,19100,DNSE
GMD,15,2026-09-14 09:45:00,74.8,74.9,74.5,74.5,22200,DNSE
GMD,15,2026-09-14 10:00:00,74.4,74.6,74.4,74.5,12300,DNSE
GMD,15,2026-09-14 10:15:00,74.6,74.7,74.5,74.7,5200,DNSE
GMD,15,2026-09-14 10:30:00,74.7,74.8,74.7,74.8,2400,DNSE
GMD,15,2026-09-14 10:45:00,74.8,74.9,74.8,74.8,8400,DNSE
GMD,15,2026-09-14 11:00:00,74.8,74.8,74.7,74.7,4800,DNSE
GMD,15,2026-09-14 11:15:00,74.7,74.7,74.5,74.5,9700,DNSE
GMD,15,2026-09-14 13:00:00,74.7,74.7,74.4,74.4,33000,DNSE
GMD,15,2026-09-14 13:15:00,74.4,74.4,74.1,74.2,49700,DNSE
GMD,15,2026-09-14 13:30:00,74.2,74.2,74.1,74.1,46000,DNSE
GMD,15,2026-09-14 13:45:00,74.0,74.0,73.5,73.7,151700,DNSE
GMD,15,2026-09-14 14:00:00,73.7,73.9,73.6,73.8,39800,DNSE
GMD,15,2026-09-14 14:15:00,73.7,74.1,73.6,74.1,34600,DNSE
GMD,15,2026-09-14 14:45:00,74.6,74.6,74.6,74.6,71900,DNSE
GMD,15,2026-09-15 09:15:00,75.0,75.4,74.9,75.2,29600,DNSE
GMD,15,2026-09-15 09:30:00,75.2,75.7,75.1,75.7,53900,DNSE
GMD,15,2026-09-15 09:45:00,75.7,75.7,75.2,75.6,58200,DNSE
GMD,15,2026-09-15 10:00:00,75.6,76.0,75.6,75.9,75200,DNSE
GMD,15,2026-09-15 10:15:00,75.9,76.2,75.6,76.1,66900,DNSE
GMD,15,2026-09-15 10:30:00,76.1,76.2,76.1,76.2,31700,DNSE
GMD,15,2026-09-15 10:45:00,76.2,76.2,76.0,76.1,27400,DNSE
GMD,15,2026-09-15 11:00:00,76.1,76.2,75.9,76.1,45700,DNSE
GMD,15,2026-09-15 11:15:00,76.2,76.2,76.1,76.2,24000,DNSE
GMD,15,2026-09-15 13:00:00,76.1,76.3,76.0,76.3,84400,DNSE
GMD,15,2026-09-15 13:15:00,76.3,76.4,76.1,76.2,35200,DNSE
GMD,15,2026-09-15 13:30:00,76.2,76.3,76.1,76.3,30200,DNSE
GMD,15,2026-09-15 13:45:00,76.3,76.3,76.1,76.2,72800,DNSE
GMD,15,2026-09-15 14:00:00,76.2,76.2,76.1,76.2,27900,DNSE
GMD,15,2026-09-15 14:15:00,76.2,76.4,76.2,76.2,66000,DNSE
GMD,15,2026-09-15 14:45:00,76.5,76.5,76.5,76.5,106600,DNSE
GMD,15,2026-09-16 09:15:00,76.5,76.5,76.0,76.0,19900,DNSE
GMD,15,2026-09-16 09:30:00,75.9,76.0,75.9,76.0,8000,DNSE
GMD,15,2026-09-16 09:45:00,76.0,76.1,75.8,75.9,21300,DNSE
GMD,15,2026-09-16 10:00:00,76.0,76.1,75.9,75.9,27200,DNSE
GMD,15,2026-09-16 10:15:00,75.9,76.5,75.9,76.1,70200,DNSE
GMD,15,2026-09-16 10:30:00,76.2,76.4,75.9,76.0,72100,DNSE
GMD,15,2026-09-16 10:45:00,76.1,76.4,76.1,76.1,22100,DNSE
GMD,15,2026-09-16 11:00:00,76.1,76.5,76.1,76.1,47100,DNSE
GMD,15,2026-09-16 11:15:00,76.2,76.5,76.1,76.5,17100,DNSE
GMD,15,2026-09-16 13:00:00,76.5,76.5,76.1,76.2,50600,DNSE
GMD,15,2026-09-16 13:15:00,76.5,76.6,76.3,76.3,28800,DNSE
GMD,15,2026-09-16 13:30:00,76.3,76.7,76.3,76.6,98700,DNSE
GMD,15,2026-09-16 13:45:00,76.6,76.6,76.3,76.4,39200,DNSE
GMD,15,2026-09-16 14:00:00,76.5,76.6,76.3,76.5,121300,DNSE
GMD,15,2026-09-16 14:15:00,76.5,76.6,76.3,76.6,172800,DNSE
GMD,15,2026-09-16 14:45:00,76.6,76.6,76.6,76.6,50700,DNSE
GMD,15,2026-09-17 09:15:00,76.3,76.7,76.2,76.7,33600,DNSE
GMD,15,2026-09-17 09:30:00,76.7,76.7,76.5,76.6,13100,DNSE
GMD,15,2026-09-17 09:45:00,76.6,76.7,76.6,76.7,16700,DNSE
GMD,15,2026-09-17 10:00:00,76.6,76.9,76.5,76.9,51000,DNSE
GMD,15,2026-09-17 10:15:00,76.9,77.0,76.7,76.7,23200,DNSE
GMD,15,2026-09-17 10:30:00,76.7,76.8,76.6,76.7,21000,DNSE
GMD,15,2026-09-17 10:45:00,76.6,76.8,76.6,76.8,21600,DNSE
GMD,15,2026-09-17 11:00:00,76.7,76.8,76.6,76.8,16900,DNSE
GMD,15,2026-09-17 11:15:00,76.6,76.7,76.4,76.4,23900,DNSE
GMD,15,2026-09-17 13:00:00,76.5,76.5,76.2,76.3,71100,DNSE
GMD,15,2026-09-17 13:15:00,76.3,76.7,76.3,76.7,34600,DNSE
GMD,15,2026-09-17 13:30:00,76.7,76.8,76.6,76.8,111600,DNSE
GMD,15,2026-09-17 13:45:00,76.6,76.8,76.5,76.5,58900,DNSE
GMD,15,2026-09-17 14:00:00,76.5,76.6,76.1,76.4,66200,DNSE
GMD,15,2026-09-17 14:15:00,76.4,76.6,76.3,76.4,26000,DNSE
GMD,15,2026-09-17 14:45:00,76.6,76.6,76.6,76.6,31100,DNSE
GMD,15,2026-09-18 09:15:00,76.8,77.2,76.8,77.0,65600,DNSE
GMD,15,2026-09-18 09:30:00,77.0,77.0,76.8,76.8,7600,DNSE
GMD,15,2026-09-18 09:45:00,76.8,76.9,76.7,76.9,13100,DNSE
GMD,15,2026-09-18 10:00:00,76.9,77.0,76.9,77.0,65200,DNSE
GMD,15,2026-09-18 10:15:00,77.0,77.2,77.0,77.2,28700,DNSE
GMD,15,2026-09-18 10:30:00,77.2,77.2,77.1,77.2,28500,DNSE
GMD,15,2026-09-18 10:45:00,77.2,77.3,77.0,77.3,23200,DNSE
GMD,15,2026-09-18 11:00:00,77.3,77.4,77.2,77.4,41300,DNSE
GMD,15,2026-09-18 11:15:00,77.5,77.5,77.3,77.3,21400,DNSE
GMD,15,2026-09-18 13:00:00,77.3,77.4,77.2,77.4,30800,DNSE
GMD,15,2026-09-18 13:15:00,77.4,77.6,77.2,77.6,106800,DNSE
GMD,15,2026-09-18 13:30:00,77.6,77.6,77.4,77.6,28000,DNSE
GMD,15,2026-09-18 13:45:00,77.6,77.6,77.2,77.4,57500,DNSE
GMD,15,2026-09-18 14:00:00,77.4,77.4,77.1,77.2,104200,DNSE
GMD,15,2026-09-18 14:15:00,77.2,77.3,77.1,77.1,81000,DNSE
GMD,15,2026-09-18 14:45:00,77.3,77.3,77.3,77.3,75200,DNSE
GMD,15,2026-09-21 09:15:00,77.3,77.8,77.3,77.6,23500,DNSE
GMD,15,2026-09-21 09:30:00,77.7,77.7,77.3,77.4,29800,DNSE
GMD,15,2026-09-21 09:45:00,77.4,77.4,77.2,77.2,14900,DNSE
GMD,15,2026-09-21 10:00:00,77.2,77.2,77.1,77.2,15800,DNSE
GMD,15,2026-09-21 10:15:00,77.2,77.5,77.2,77.5,40400,DNSE
GMD,15,2026-09-21 10:30:00,77.5,77.6,77.3,77.5,63000,DNSE
GMD,15,2026-09-21 10:45:00,77.5,77.6,77.4,77.5,26400,DNSE
GMD,15,2026-09-21 11:00:00,77.5,77.6,77.3,77.6,47600,DNSE
GMD,15,2026-09-21 11:15:00,77.6,77.6,77.3,77.3,49300,DNSE
GMD,15,2026-09-21 13:00:00,77.3,77.6,77.3,77.5,14700,DNSE
GMD,15,2026-09-21 13:15:00,77.5,77.5,77.2,77.3,15900,DNSE
GMD,15,2026-09-21 13:30:00,77.3,77.4,77.3,77.4,27700,DNSE
GMD,15,2026-09-21 13:45:00,77.4,77.5,77.0,77.2,65400,DNSE
GMD,15,2026-09-21 14:00:00,77.3,77.3,76.6,76.7,42700,DNSE
GMD,15,2026-09-21 14:15:00,76.7,77.0,76.5,76.5,68300,DNSE
GMD,15,2026-09-21 14:45:00,77.0,77.0,77.0,77.0,99100,DNSE
HPG,15,2026-07-23 09:15:00,20.7,20.85,20.65,20.75,2406400,DNSE
HPG,15,2026-07-23 09:30:00,20.75,20.75,20.65,20.65,1745700,DNSE
HPG,15,2026-07-23 09:45:00,20.7,20.7,20.6,20.6,2108100,DNSE
HPG,15,2026-07-23 10:00:00,20.6,20.75,20.6,20.7,1967400,DNSE
HPG,15,2026-07-23 10:15:00,20.65,20.7,20.6,20.65,1382700,DNSE
HPG,15,2026-07-23 10:30:00,20.65,20.65,20.55,20.6,1326900,DNSE
HPG,15,2026-07-23 10:45:00,20.6,20.6,20.4,20.5,2871500,DNSE
HPG,15,2026-07-23 11:00:00,20.5,20.5,20.2,20.25,2839400,DNSE
HPG,15,2026-07-23 11:15:00,20.25,20.35,20.15,20.2,2180300,DNSE
HPG,15,2026-07-23 13:00:00,20.2,20.95,20.2,20.95,4549200,DNSE
HPG,15,2026-07-23 13:15:00,20.9,20.95,20.7,20.7,1163800,DNSE
HPG,15,2026-07-23 13:30:00,20.75,21.0,20.65,20.75,3931500,DNSE
HPG,15,2026-07-23 13:45:00,20.8,20.85,20.7,20.75,1688500,DNSE
HPG,15,2026-07-23 14:00:00,20.7,20.9,20.7,20.75,1977200,DNSE
HPG,15,2026-07-23 14:15:00,20.75,20.8,20.7,20.75,2323700,DNSE
HPG,15,2026-07-23 14:45:00,20.8,20.8,20.8,20.8,2505300,DNSE
HPG,15,2026-07-24 09:15:00,20.7,20.75,20.6,20.65,2594300,DNSE
HPG,15,2026-07-24 09:30:00,20.65,20.75,20.65,20.65,1050300,DNSE
HPG,15,2026-07-24 09:45:00,20.65,20.7,20.65,20.65,551500,DNSE
HPG,15,2026-07-24 10:00:00,20.65,20.9,20.65,20.8,1371200,DNSE
HPG,15,2026-07-24 10:15:00,20.8,20.85,20.75,20.75,338700,DNSE
HPG,15,2026-07-24 10:30:00,20.8,20.9,20.75,20.9,1033400,DNSE
HPG,15,2026-07-24 10:45:00,20.9,20.95,20.85,20.9,645900,DNSE
HPG,15,2026-07-24 11:00:00,20.95,21.0,20.85,20.9,1119100,DNSE
HPG,15,2026-07-24 11:15:00,20.9,20.95,20.85,20.9,668100,DNSE
HPG,15,2026-07-24 13:00:00,20.9,20.95,20.85,20.85,797800,DNSE
HPG,15,2026-07-24 13:15:00,20.85,20.9,20.85,20.85,621900,DNSE
HPG,15,2026-07-24 13:30:00,20.9,20.9,20.8,20.85,1529700,DNSE
HPG,15,2026-07-24 13:45:00,20.85,20.9,20.8,20.8,1009200,DNSE
HPG,15,2026-07-24 14:00:00,20.85,20.9,20.8,20.85,874200,DNSE
HPG,15,2026-07-24 14:15:00,20.85,20.85,20.7,20.75,2058600,DNSE
HPG,15,2026-07-24 14:45:00,20.8,20.8,20.8,20.8,1368100,DNSE
HPG,15,2026-07-27 09:15:00,20.9,20.95,20.85,20.95,1419900,DNSE
HPG,15,2026-07-27 09:30:00,20.95,21.0,20.85,20.85,1125100,DNSE
HPG,15,2026-07-27 09:45:00,20.85,20.9,20.75,20.75,915900,DNSE
HPG,15,2026-07-27 10:00:00,20.75,20.8,20.7,20.7,618200,DNSE
HPG,15,2026-07-27 10:15:00,20.7,20.8,20.7,20.7,613600,DNSE
HPG,15,2026-07-27 10:30:00,20.75,20.75,20.65,20.75,799700,DNSE
HPG,15,2026-07-27 10:45:00,20.75,20.75,20.65,20.65,784100,DNSE
HPG,15,2026-07-27 11:00:00,20.6,20.8,20.6,20.8,545200,DNSE
HPG,15,2026-07-27 11:15:00,20.75,20.8,20.75,20.75,200200,DNSE
HPG,15,2026-07-27 13:00:00,20.75,20.9,20.75,20.8,1032200,DNSE
HPG,15,2026-07-27 13:15:00,20.8,20.85,20.7,20.75,988100,DNSE
HPG,15,2026-07-27 13:30:00,20.7,20.75,20.7,20.75,477100,DNSE
HPG,15,2026-07-27 13:45:00,20.75,20.8,20.7,20.8,689700,DNSE
HPG,15,2026-07-27 14:00:00,20.75,20.8,20.65,20.65,1485600,DNSE
HPG,15,2026-07-27 14:15:00,20.65,20.7,20.3,20.4,3757700,DNSE
HPG,15,2026-07-27 14:45:00,20.35,20.35,20.35,20.35,2714500,DNSE
HPG,15,2026-07-28 09:15:00,20.15,20.5,20.1,20.35,2681100,DNSE
HPG,15,2026-07-28 09:30:00,20.35,20.55,20.3,20.5,1990700,DNSE
HPG,15,2026-07-28 09:45:00,20.45,20.5,20.35,20.4,1757500,DNSE
HPG,15,2026-07-28 10:00:00,20.35,20.45,20.35,20.4,907000,DNSE
HPG,15,2026-07-28 10:15:00,20.4,20.5,20.35,20.45,2189500,DNSE
HPG,15,2026-07-28 10:30:00,20.5,20.7,20.4,20.6,2513200,DNSE
HPG,15,2026-07-28 10:45:00,20.6,20.85,20.6,20.85,2401000,DNSE
HPG,15,2026-07-28 11:00:00,20.85,20.9,20.8,20.8,1604600,DNSE
HPG,15,2026-07-28 11:15:00,20.8,20.85,20.75,20.8,1098200,DNSE
HPG,15,2026-07-28 13:00:00,20.8,20.95,20.8,20.85,2008300,DNSE
HPG,15,2026-07-28 13:15:00,20.85,20.95,20.8,20.85,1492900,DNSE
HPG,15,2026-07-28 13:30:00,20.8,20.85,20.8,20.8,850500,DNSE
HPG,15,2026-07-28 13:45:00,20.8,20.9,20.75,20.85,837800,DNSE
HPG,15,2026-07-28 14:00:00,20.85,20.95,20.85,20.9,1750900,DNSE
HPG,15,2026-07-28 14:15:00,20.9,20.95,20.85,20.9,2008300,DNSE
HPG,15,2026-07-28 14:45:00,21.0,21.0,21.0,21.0,3060200,DNSE
HPG,15,2026-07-29 09:15:00,21.05,21.15,20.9,20.95,1726200,DNSE
HPG,15,2026-07-29 09:30:00,20.95,21.05,20.95,20.95,792400,DNSE
HPG,15,2026-07-29 09:45:00,20.95,21.15,20.95,21.15,2431400,DNSE
HPG,15,2026-07-29 10:00:00,21.15,21.25,21.05,21.15,2108700,DNSE
HPG,15,2026-07-29 10:15:00,21.2,21.2,21.1,21.15,1139400,DNSE
HPG,15,2026-07-29 10:30:00,21.15,21.2,21.05,21.1,708000,DNSE
HPG,15,2026-07-29 10:45:00,21.05,21.1,21.0,21.0,925300,DNSE
HPG,15,2026-07-29 11:00:00,21.05,21.05,20.9,20.9,1777800,DNSE
HPG,15,2026-07-29 11:15:00,20.9,21.05,20.9,21.0,552600,DNSE
HPG,15,2026-07-29 13:00:00,21.0,21.55,21.0,21.5,7377700,DNSE
HPG,15,2026-07-29 13:15:00,21.5,21.5,21.35,21.45,3293300,DNSE
HPG,15,2026-07-29 13:30:00,21.45,21.5,21.4,21.45,2511200,DNSE
HPG,15,2026-07-29 13:45:00,21.45,21.6,21.4,21.55,3124300,DNSE
HPG,15,2026-07-29 14:00:00,21.55,21.65,21.45,21.55,3294000,DNSE
HPG,15,2026-07-29 14:15:00,21.55,21.65,21.5,21.65,2463500,DNSE
HPG,15,2026-07-29 14:45:00,21.65,21.65,21.65,21.65,2024200,DNSE
HPG,15,2026-07-30 09:15:00,21.65,21.7,21.5,21.5,2445900,DNSE
HPG,15,2026-07-30 09:30:00,21.5,21.65,21.5,21.55,1328800,DNSE
HPG,15,2026-07-30 09:45:00,21.55,21.65,21.55,21.55,1000900,DNSE
HPG,15,2026-07-30 10:00:00,21.55,21.6,21.5,21.55,1040600,DNSE
HPG,15,2026-07-30 10:15:00,21.6,21.65,21.55,21.55,849200,DNSE
HPG,15,2026-07-30 10:30:00,21.55,21.65,21.55,21.65,884700,DNSE
HPG,15,2026-07-30 10:45:00,21.65,21.8,21.65,21.65,1894800,DNSE
HPG,15,2026-07-30 11:00:00,21.65,21.75,21.65,21.75,729500,DNSE
HPG,15,2026-07-30 11:15:00,21.7,21.75,21.65,21.7,1345000,DNSE
HPG,15,2026-07-30 13:00:00,21.7,21.85,21.7,21.85,2719100,DNSE
HPG,15,2026-07-30 13:15:00,21.85,21.85,21.75,21.85,2708500,DNSE
HPG,15,2026-07-30 13:30:00,21.8,21.85,21.8,21.85,1885400,DNSE
HPG,15,2026-07-30 13:45:00,21.85,22.0,21.8,22.0,5428200,DNSE
HPG,15,2026-07-30 14:00:00,22.0,22.05,21.85,21.95,1788900,DNSE
HPG,15,2026-07-30 14:15:00,21.95,21.95,21.85,21.85,2359500,DNSE
HPG,15,2026-07-30 14:45:00,21.8,21.8,21.8,21.8,1559000,DNSE
HPG,15,2026-07-31 09:15:00,21.8,21.85,21.7,21.8,1980700,DNSE
HPG,15,2026-07-31 09:30:00,21.75,21.8,21.7,21.8,975600,DNSE
HPG,15,2026-07-31 09:45:00,21.75,21.85,21.7,21.7,995900,DNSE
HPG,15,2026-07-31 10:00:00,21.7,21.85,21.7,21.75,1087200,DNSE
HPG,15,2026-07-31 10:15:00,21.8,21.8,21.55,21.55,2058700,DNSE
HPG,15,2026-07-31 10:30:00,21.6,21.7,21.55,21.6,1035000,DNSE
HPG,15,2026-07-31 10:45:00,21.6,21.65,21.5,21.55,2057600,DNSE
HPG,15,2026-07-31 11:00:00,21.5,21.55,21.45,21.5,1094500,DNSE
HPG,15,2026-07-31 11:15:00,21.5,21.55,21.45,21.55,736200,DNSE
HPG,15,2026-07-31 13:00:00,21.55,21.55,21.4,21.45,1873400,DNSE
HPG,15,2026-07-31 13:15:00,21.5,21.6,21.45,21.5,1407900,DNSE
HPG,15,2026-07-31 13:30:00,21.5,21.6,21.5,21.55,1256000,DNSE
HPG,15,2026-07-31 13:45:00,21.5,21.55,21.5,21.5,675400,DNSE
HPG,15,2026-07-31 14:00:00,21.5,21.55,21.45,21.5,1419000,DNSE
HPG,15,2026-07-31 14:15:00,21.5,21.55,21.4,21.5,1925100,DNSE
HPG,15,2026-07-31 14:45:00,21.7,21.7,21.7,21.7,3533300,DNSE
HPG,15,2026-08-03 09:15:00,21.7,21.9,21.65,21.85,2499900,DNSE
HPG,15,2026-08-03 09:30:00,21.85,21.85,21.75,21.85,1429200,DNSE
HPG,15,2026-08-03 09:45:00,21.85,22.0,21.8,21.95,3016200,DNSE
HPG,15,2026-08-03 10:00:00,21.95,22.0,21.9,21.95,1677900,DNSE
HPG,15,2026-08-03 10:15:00,21.95,22.1,21.9,22.1,1992800,DNSE
HPG,15,2026-08-03 10:30:00,22.05,22.3,22.05,22.25,4326500,DNSE
HPG,15,2026-08-03 10:45:00,22.25,22.45,22.2,22.3,5915700,DNSE
HPG,15,2026-08-03 11:00:00,22.25,22.45,22.25,22.4,2279700,DNSE
HPG,15,2026-08-03 11:15:00,22.4,22.45,22.35,22.4,2218600,DNSE
HPG,15,2026-08-03 13:00:00,22.4,22.45,22.35,22.4,2652500,DNSE
HPG,15,2026-08-03 13:15:00,22.4,22.65,22.4,22.6,5009100,DNSE
HPG,15,2026-08-03 13:30:00,22.65,22.65,22.5,22.6,2354600,DNSE
HPG,15,2026-08-03 13:45:00,22.55,22.6,22.5,22.55,2800700,DNSE
HPG,15,2026-08-03 14:00:00,22.6,22.65,22.45,22.45,2520800,DNSE
HPG,15,2026-08-03 14:15:00,22.45,22.5,22.4,22.45,2048400,DNSE
HPG,15,2026-08-03 14:45:00,22.55,22.55,22.55,22.55,1705400,DNSE
HPG,15,2026-08-04 09:15:00,22.55,22.6,22.25,22.35,1829800,DNSE
HPG,15,2026-08-04 09:30:00,22.35,22.4,22.2,22.25,1220400,DNSE
HPG,15,2026-08-04 09:45:00,22.2,22.3,22.2,22.3,1305600,DNSE
HPG,15,2026-08-04 10:00:00,22.3,22.35,22.2,22.25,1233100,DNSE
HPG,15,2026-08-04 10:15:00,22.25,22.3,22.2,22.25,518700,DNSE
HPG,15,2026-08-04 10:30:00,22.3,22.3,22.2,22.25,644000,DNSE
HPG,15,2026-08-04 10:45:00,22.2,22.25,22.1,22.1,2269300,DNSE
HPG,15,2026-08-04 11:00:00,22.15,22.2,22.1,22.1,937100,DNSE
HPG,15,2026-08-04 11:15:00,22.1,22.2,22.1,22.15,1187500,DNSE
HPG,15,2026-08-04 13:00:00,22.15,22.25,22.15,22.2,1394800,DNSE
HPG,15,2026-08-04 13:15:00,22.2,22.4,22.2,22.35,2029400,DNSE
HPG,15,2026-08-04 13:30:00,22.4,22.4,22.25,22.3,1723700,DNSE
HPG,15,2026-08-04 13:45:00,22.25,22.35,22.25,22.3,1436200,DNSE
HPG,15,2026-08-04 14:00:00,22.35,22.35,22.3,22.3,833800,DNSE
HPG,15,2026-08-04 14:15:00,22.3,22.35,22.25,22.3,2287100,DNSE
HPG,15,2026-08-04 14:45:00,22.15,22.15,22.15,22.15,1843500,DNSE
HPG,15,2026-08-05 09:15:00,22.35,22.6,22.3,22.4,3830200,DNSE
HPG,15,2026-08-05 09:30:00,22.4,22.4,22.25,22.25,1663100,DNSE
HPG,15,2026-08-05 09:45:00,22.25,22.4,22.25,22.35,1036400,DNSE
HPG,15,2026-08-05 10:00:00,22.3,22.35,22.3,22.3,584500,DNSE
HPG,15,2026-08-05 10:15:00,22.3,22.35,22.3,22.3,1092100,DNSE
HPG,15,2026-08-05 10:30:00,22.3,22.3,22.2,22.2,1213700,DNSE
HPG,15,2026-08-05 10:45:00,22.25,22.25,22.15,22.15,885800,DNSE
HPG,15,2026-08-05 11:00:00,22.2,22.3,22.15,22.2,1320100,DNSE
HPG,15,2026-08-05 11:15:00,22.2,22.25,22.2,22.2,418700,DNSE
HPG,15,2026-08-05 13:00:00,22.25,22.25,22.2,22.2,987000,DNSE
HPG,15,2026-08-05 13:15:00,22.25,22.25,22.1,22.15,2611900,DNSE
HPG,15,2026-08-05 13:30:00,22.1,22.25,22.1,22.15,2194400,DNSE
HPG,15,2026-08-05 13:45:00,22.15,22.15,22.05,22.1,1848000,DNSE
HPG,15,2026-08-05 14:00:00,22.1,22.15,22.0,22.05,2604600,DNSE
HPG,15,2026-08-05 14:15:00,22.05,22.1,21.95,22.1,4187800,DNSE
HPG,15,2026-08-05 14:45:00,22.0,22.0,22.0,22.0,1485400,DNSE
HPG,15,2026-08-06 09:15:00,22.25,22.3,21.95,21.95,1125900,DNSE
HPG,15,2026-08-06 09:30:00,21.95,22.0,21.85,22.0,1642400,DNSE
HPG,15,2026-08-06 09:45:00,22.0,22.0,21.95,22.0,788400,DNSE
HPG,15,2026-08-06 10:00:00,22.0,22.05,21.95,22.05,798300,DNSE
HPG,15,2026-08-06 10:15:00,22.05,22.1,22.0,22.05,185100,DNSE
HPG,15,2026-08-06 10:30:00,22.05,22.1,22.0,22.0,683200,DNSE
HPG,15,2026-08-06 10:45:00,22.0,22.05,21.95,21.95,324200,DNSE
HPG,15,2026-08-06 11:00:00,21.95,22.0,21.9,21.9,926600,DNSE
HPG,15,2026-08-06 11:15:00,21.9,22.0,21.9,21.95,339600,DNSE
HPG,15,2026-08-06 13:00:00,21.95,22.15,21.95,22.1,1287200,DNSE
HPG,15,2026-08-06 13:15:00,22.15,22.15,22.0,22.1,1169500,DNSE
HPG,15,2026-08-06 13:30:00,22.1,22.1,21.95,22.05,539800,DNSE
HPG,15,2026-08-06 13:45:00,22.05,22.05,21.95,22.0,729400,DNSE
HPG,15,2026-08-06 14:00:00,22.0,22.05,21.9,21.95,660200,DNSE
HPG,15,2026-08-06 14:15:00,21.9,22.05,21.9,22.0,1428800,DNSE
HPG,15,2026-08-06 14:45:00,21.85,21.85,21.85,21.85,1740800,DNSE
HPG,15,2026-08-07 09:15:00,21.9,22.0,21.75,22.0,890100,DNSE
HPG,15,2026-08-07 09:30:00,22.0,22.0,21.95,21.95,485900,DNSE
HPG,15,2026-08-07 09:45:00,21.95,22.0,21.9,21.95,945600,DNSE
HPG,15,2026-08-07 10:00:00,22.0,22.15,21.95,22.15,1109400,DNSE
HPG,15,2026-08-07 10:15:00,22.1,22.3,22.1,22.15,1526300,DNSE
HPG,15,2026-08-07 10:30:00,22.1,22.2,22.1,22.1,609700,DNSE
HPG,15,2026-08-07 10:45:00,22.15,22.15,22.1,22.1,660000,DNSE
HPG,15,2026-08-07 11:00:00,22.1,22.1,22.05,22.05,432200,DNSE
HPG,15,2026-08-07 11:15:00,22.05,22.1,22.05,22.05,167800,DNSE
HPG,15,2026-08-07 13:00:00,22.05,22.1,22.05,22.1,580000,DNSE
HPG,15,2026-08-07 13:15:00,22.05,22.15,22.05,22.1,667000,DNSE
HPG,15,2026-08-07 13:30:00,22.15,22.15,22.05,22.1,566500,DNSE
HPG,15,2026-08-07 13:45:00,22.1,22.1,22.0,22.05,870100,DNSE
HPG,15,2026-08-07 14:00:00,22.1,22.1,22.0,22.1,665200,DNSE
HPG,15,2026-08-07 14:15:00,22.05,22.1,22.0,22.1,1512600,DNSE
HPG,15,2026-08-07 14:45:00,22.0,22.0,22.0,22.0,1329700,DNSE
HPG,15,2026-08-10 09:15:00,22.25,22.3,22.05,22.05,1072600,DNSE
HPG,15,2026-08-10 09:30:00,22.05,22.1,22.05,22.05,622900,DNSE
HPG,15,2026-08-10 09:45:00,22.05,22.2,21.95,22.1,1834000,DNSE
HPG,15,2026-08-10 10:00:00,22.1,22.2,22.1,22.1,607700,DNSE
HPG,15,2026-08-10 10:15:00,22.15,22.15,21.95,22.05,1305600,DNSE
HPG,15,2026-08-10 10:30:00,22.05,22.1,22.0,22.05,398800,DNSE
HPG,15,2026-08-10 10:45:00,22.1,22.1,22.0,22.05,336100,DNSE
HPG,15,2026-08-10 11:00:00,22.0,22.1,22.0,22.1,321300,DNSE
HPG,15,2026-08-10 11:15:00,22.05,22.15,22.05,22.1,895800,DNSE
HPG,15,2026-08-10 13:00:00,22.1,22.15,22.0,22.1,2038400,DNSE
HPG,15,2026-08-10 13:15:00,22.1,22.15,22.05,22.15,962600,DNSE
HPG,15,2026-08-10 13:30:00,22.1,22.15,22.05,22.1,1102300,DNSE
HPG,15,2026-08-10 13:45:00,22.1,22.25,22.1,22.2,2127800,DNSE
HPG,15,2026-08-10 14:00:00,22.2,22.2,22.1,22.15,1194200,DNSE
HPG,15,2026-08-10 14:15:00,22.1,22.2,22.1,22.1,945900,DNSE
HPG,15,2026-08-10 14:45:00,22.1,22.1,22.1,22.1,966700,DNSE
HPG,15,2026-08-11 09:15:00,22.2,22.25,22.15,22.2,1428800,DNSE
HPG,15,2026-08-11 09:30:00,22.15,22.2,22.1,22.15,953400,DNSE
HPG,15,2026-08-11 09:45:00,22.15,22.2,22.1,22.15,419900,DNSE
HPG,15,2026-08-11 10:00:00,22.15,22.2,22.1,22.15,1224300,DNSE
HPG,15,2026-08-11 10:15:00,22.2,22.2,22.15,22.15,624100,DNSE
HPG,15,2026-08-11 10:30:00,22.2,22.2,22.1,22.15,331800,DNSE
HPG,15,2026-08-11 10:45:00,22.1,22.15,22.1,22.1,343100,DNSE
HPG,15,2026-08-11 11:00:00,22.15,22.15,22.1,22.1,342600,DNSE
HPG,15,2026-08-11 11:15:00,22.1,22.15,22.05,22.1,1074800,DNSE
HPG,15,2026-08-11 13:00:00,22.1,22.15,22.1,22.1,885300,DNSE
HPG,15,2026-08-11 13:15:00,22.1,22.2,22.1,22.15,1388200,DNSE
HPG,15,2026-08-11 13:30:00,22.2,22.2,22.1,22.15,898700,DNSE
HPG,15,2026-08-11 13:45:00,22.15,22.2,22.1,22.15,799800,DNSE
HPG,15,2026-08-11 14:00:00,22.15,22.15,22.1,22.1,456100,DNSE
HPG,15,2026-08-11 14:15:00,22.1,22.15,22.05,22.1,1543600,DNSE
HPG,15,2026-08-11 14:45:00,22.05,22.05,22.05,22.05,980100,DNSE
HPG,15,2026-08-12 09:15:00,22.0,22.15,21.95,22.15,803300,DNSE
HPG,15,2026-08-12 09:30:00,22.15,22.15,22.05,22.1,831700,DNSE
HPG,15,2026-08-12 09:45:00,22.15,22.35,22.15,22.3,2607100,DNSE
HPG,15,2026-08-12 10:00:00,22.3,22.35,22.2,22.25,2315100,DNSE
HPG,15,2026-08-12 10:15:00,22.25,22.25,22.2,22.2,351300,DNSE
HPG,15,2026-08-12 10:30:00,22.25,22.25,22.15,22.15,621200,DNSE
HPG,15,2026-08-12 10:45:00,22.15,22.25,22.15,22.25,660700,DNSE
HPG,15,2026-08-12 11:00:00,22.2,22.25,22.15,22.2,667500,DNSE
HPG,15,2026-08-12 11:15:00,22.2,22.2,22.15,22.2,343300,DNSE
HPG,15,2026-08-12 13:00:00,22.2,22.25,22.15,22.2,811700,DNSE
HPG,15,2026-08-12 13:15:00,22.2,22.3,22.15,22.25,1195300,DNSE
HPG,15,2026-08-12 13:30:00,22.25,22.3,22.2,22.2,666900,DNSE
HPG,15,2026-08-12 13:45:00,22.2,22.25,22.15,22.15,1389100,DNSE
HPG,15,2026-08-12 14:00:00,22.2,22.2,22.15,22.15,409900,DNSE
HPG,15,2026-08-12 14:15:00,22.15,22.2,22.15,22.15,1134500,DNSE
HPG,15,2026-08-12 14:45:00,22.1,22.1,22.1,22.1,1116500,DNSE
HPG,15,2026-08-13 09:15:00,22.2,22.25,22.1,22.1,792500,DNSE
HPG,15,2026-08-13 09:30:00,22.15,22.15,22.05,22.05,936300,DNSE
HPG,15,2026-08-13 09:45:00,22.1,22.1,22.05,22.1,479200,DNSE
HPG,15,2026-08-13 10:00:00,22.1,22.15,22.1,22.15,340100,DNSE
HPG,15,2026-08-13 10:15:00,22.15,22.15,22.05,22.1,545100,DNSE
HPG,15,2026-08-13 10:30:00,22.1,22.1,22.05,22.05,407800,DNSE
HPG,15,2026-08-13 10:45:00,22.1,22.1,22.05,22.05,604400,DNSE
HPG,15,2026-08-13 11:00:00,22.1,22.1,22.05,22.1,426200,DNSE
HPG,15,2026-08-13 11:15:00,22.1,22.15,22.05,22.15,914200,DNSE
HPG,15,2026-08-13 13:00:00,22.15,22.15,22.05,22.15,1503500,DNSE
HPG,15,2026-08-13 13:15:00,22.1,22.15,22.0,22.05,2219600,DNSE
HPG,15,2026-08-13 13:30:00,22.1,22.1,22.0,22.05,1779700,DNSE
HPG,15,2026-08-13 13:45:00,22.0,22.05,21.9,21.9,3080500,DNSE
HPG,15,2026-08-13 14:00:00,21.9,21.95,21.7,21.85,5657500,DNSE
HPG,15,2026-08-13 14:15:00,21.85,21.9,21.75,21.8,2885400,DNSE
HPG,15,2026-08-13 14:45:00,21.7,21.7,21.7,21.7,3130700,DNSE
HPG,15,2026-08-14 09:15:00,21.7,21.75,21.65,21.65,955000,DNSE
HPG,15,2026-08-14 09:30:00,21.65,21.7,21.6,21.65,1017500,DNSE
HPG,15,2026-08-14 09:45:00,21.65,21.7,21.55,21.7,2749300,DNSE
HPG,15,2026-08-14 10:00:00,21.7,21.75,21.65,21.7,440200,DNSE
HPG,15,2026-08-14 10:15:00,21.7,21.8,21.65,21.8,823200,DNSE
HPG,15,2026-08-14 10:30:00,21.75,21.8,21.7,21.7,387300,DNSE
HPG,15,2026-08-14 10:45:00,21.7,21.75,21.65,21.65,409200,DNSE
HPG,15,2026-08-14 11:00:00,21.65,21.7,21.6,21.65,506200,DNSE
HPG,15,2026-08-14 11:15:00,21.65,21.65,21.55,21.6,1072600,DNSE
HPG,15,2026-08-14 13:00:00,21.6,21.65,21.55,21.55,1081100,DNSE
HPG,15,2026-08-14 13:15:00,21.55,21.6,21.5,21.5,2364800,DNSE
HPG,15,2026-08-14 13:30:00,21.55,21.6,21.45,21.45,1926900,DNSE
HPG,15,2026-08-14 13:45:00,21.45,21.5,21.3,21.4,4119900,DNSE
HPG,15,2026-08-14 14:00:00,21.45,21.45,21.2,21.35,4635400,DNSE
HPG,15,2026-08-14 14:15:00,21.35,21.4,21.25,21.35,2879800,DNSE
HPG,15,2026-08-14 14:45:00,21.25,21.25,21.25,21.25,2075200,DNSE
HPG,15,2026-08-17 09:15:00,21.25,21.45,21.25,21.3,1512900,DNSE
HPG,15,2026-08-17 09:30:00,21.3,21.3,21.15,21.3,1218700,DNSE
HPG,15,2026-08-17 09:45:00,21.25,21.3,21.15,21.2,1524100,DNSE
HPG,15,2026-08-17 10:00:00,21.2,21.2,21.15,21.15,1415900,DNSE
HPG,15,2026-08-17 10:15:00,21.2,21.2,21.05,21.1,1329800,DNSE
HPG,15,2026-08-17 10:30:00,21.1,21.1,21.05,21.1,1108300,DNSE
HPG,15,2026-08-17 10:45:00,21.1,21.15,21.05,21.1,636200,DNSE
HPG,15,2026-08-17 11:00:00,21.05,21.15,21.05,21.1,588400,DNSE
HPG,15,2026-08-17 11:15:00,21.1,21.15,21.05,21.1,503600,DNSE
HPG,15,2026-08-17 13:00:00,21.1,21.15,21.05,21.1,1244600,DNSE
HPG,15,2026-08-17 13:15:00,21.1,21.35,21.1,21.35,1773100,DNSE
HPG,15,2026-08-17 13:30:00,21.35,21.35,21.25,21.3,979300,DNSE
HPG,15,2026-08-17 13:45:00,21.3,21.35,21.25,21.25,1909000,DNSE
HPG,15,2026-08-17 14:00:00,21.3,21.3,21.25,21.25,463900,DNSE
HPG,15,2026-08-17 14:15:00,21.25,21.25,21.2,21.2,1364300,DNSE
HPG,15,2026-08-17 14:45:00,21.2,21.2,21.2,21.2,883400,DNSE
HPG,15,2026-08-18 09:15:00,21.15,21.3,21.15,21.25,799500,DNSE
HPG,15,2026-08-18 09:30:00,21.3,21.35,21.25,21.3,510100,DNSE
HPG,15,2026-08-18 09:45:00,21.3,21.35,21.25,21.3,657400,DNSE
HPG,15,2026-08-18 10:00:00,21.3,21.4,21.3,21.4,1007000,DNSE
HPG,15,2026-08-18 10:15:00,21.4,21.4,21.3,21.3,913500,DNSE
HPG,15,2026-08-18 10:30:00,21.35,21.35,21.25,21.25,758700,DNSE
HPG,15,2026-08-18 10:45:00,21.25,21.3,21.2,21.25,875700,DNSE
HPG,15,2026-08-18 11:00:00,21.2,21.3,21.2,21.3,469800,DNSE
HPG,15,2026-08-18 11:15:00,21.3,21.3,21.2,21.2,402300,DNSE
HPG,15,2026-08-18 13:00:00,21.2,21.25,21.2,21.2,624100,DNSE
HPG,15,2026-08-18 13:15:00,21.2,21.25,21.2,21.25,995400,DNSE
HPG,15,2026-08-18 13:30:00,21.25,21.25,21.15,21.2,1461800,DNSE
HPG,15,2026-08-18 13:45:00,21.15,21.2,21.15,21.15,1365600,DNSE
HPG,15,2026-08-18 14:00:00,21.15,21.15,21.05,21.1,1876400,DNSE
HPG,15,2026-08-18 14:15:00,21.1,21.15,21.05,21.1,1809800,DNSE
HPG,15,2026-08-18 14:45:00,21.0,21.0,21.0,21.0,1840400,DNSE
HPG,15,2026-08-19 09:15:00,21.1,21.2,21.0,21.05,736900,DNSE
HPG,15,2026-08-19 09:30:00,21.05,21.05,20.95,21.0,1069800,DNSE
HPG,15,2026-08-19 09:45:00,21.0,21.05,20.95,21.0,1283200,DNSE
HPG,15,2026-08-19 10:00:00,21.0,21.05,21.0,21.05,509000,DNSE
HPG,15,2026-08-19 10:15:00,21.05,21.1,21.0,21.0,629700,DNSE
HPG,15,2026-08-19 10:30:00,21.0,21.05,21.0,21.0,391900,DNSE
HPG,15,2026-08-19 10:45:00,21.0,21.05,21.0,21.0,1463500,DNSE
HPG,15,2026-08-19 11:00:00,21.0,21.0,20.9,20.95,739400,DNSE
HPG,15,2026-08-19 11:15:00,20.95,21.0,20.9,21.0,799800,DNSE
HPG,15,2026-08-19 13:00:00,21.0,21.0,20.9,21.0,1034000,DNSE
HPG,15,2026-08-19 13:15:00,20.95,21.1,20.95,21.0,1390500,DNSE
HPG,15,2026-08-19 13:30:00,21.0,21.05,21.0,21.0,641700,DNSE
HPG,15,2026-08-19 13:45:00,21.0,21.05,20.95,21.0,633200,DNSE
HPG,15,2026-08-19 14:00:00,21.0,21.05,20.95,20.95,1092500,DNSE
HPG,15,2026-08-19 14:15:00,21.0,21.1,20.95,21.1,1403100,DNSE
HPG,15,2026-08-19 14:45:00,21.2,21.2,21.2,21.2,1494300,DNSE
HPG,15,2026-08-20 09:15:00,21.25,21.45,21.25,21.35,1440400,DNSE
HPG,15,2026-08-20 09:30:00,21.35,21.4,21.25,21.35,797300,DNSE
HPG,15,2026-08-20 09:45:00,21.3,21.35,21.25,21.3,336100,DNSE
HPG,15,2026-08-20 10:00:00,21.3,21.3,21.2,21.25,545400,DNSE
HPG,15,2026-08-20 10:15:00,21.25,21.3,21.2,21.25,264400,DNSE
HPG,15,2026-08-20 10:30:00,21.25,21.3,21.2,21.2,348200,DNSE
HPG,15,2026-08-20 10:45:00,21.2,21.3,21.2,21.3,398500,DNSE
HPG,15,2026-08-20 11:00:00,21.3,21.3,21.2,21.25,489500,DNSE
HPG,15,2026-08-20 11:15:00,21.25,21.25,21.2,21.25,500600,DNSE
HPG,15,2026-08-20 13:00:00,21.25,21.3,21.15,21.2,1792800,DNSE
HPG,15,2026-08-20 13:15:00,21.2,21.25,21.15,21.25,766800,DNSE
HPG,15,2026-08-20 13:30:00,21.25,21.25,21.15,21.25,774300,DNSE
HPG,15,2026-08-20 13:45:00,21.25,21.3,21.15,21.25,1075900,DNSE
HPG,15,2026-08-20 14:00:00,21.25,21.3,21.2,21.25,1369900,DNSE
HPG,15,2026-08-20 14:15:00,21.2,21.3,21.15,21.3,3418200,DNSE
HPG,15,2026-08-20 14:45:00,21.15,21.15,21.15,21.15,838100,DNSE
HPG,15,2026-08-21 09:15:00,21.15,21.2,21.05,21.1,891700,DNSE
HPG,15,2026-08-21 09:30:00,21.1,21.15,21.05,21.15,634200,DNSE
HPG,15,2026-08-21 09:45:00,21.15,21.2,21.1,21.15,772700,DNSE
HPG,15,2026-08-21 10:00:00,21.1,21.2,21.1,21.1,1117000,DNSE
HPG,15,2026-08-21 10:15:00,21.1,21.2,21.1,21.15,553800,DNSE
HPG,15,2026-08-21 10:30:00,21.15,21.2,21.15,21.2,381900,DNSE
HPG,15,2026-08-21 10:45:00,21.2,21.2,21.15,21.2,498300,DNSE
HPG,15,2026-08-21 11:00:00,21.15,21.2,21.15,21.2,436300,DNSE
HPG,15,2026-08-21 11:15:00,21.2,21.3,21.15,21.25,668000,DNSE
HPG,15,2026-08-21 13:00:00,21.25,21.45,21.2,21.45,3896100,DNSE
HPG,15,2026-08-21 13:15:00,21.4,21.75,21.35,21.6,5159300,DNSE
HPG,15,2026-08-21 13:30:00,21.6,21.65,21.5,21.55,2741200,DNSE
HPG,15,2026-08-21 13:45:00,21.6,21.65,21.55,21.65,1475300,DNSE
HPG,15,2026-08-21 14:00:00,21.65,21.7,21.6,21.6,1881100,DNSE
HPG,15,2026-08-21 14:15:00,21.6,21.7,21.55,21.7,2728900,DNSE
HPG,15,2026-08-21 14:45:00,21.7,21.7,21.7,21.7,1302600,DNSE
HPG,15,2026-08-24 09:15:00,22.0,22.2,21.9,21.95,4334100,DNSE
HPG,15,2026-08-24 09:30:00,21.95,22.05,21.9,22.0,1311900,DNSE
HPG,15,2026-08-24 09:45:00,22.05,22.05,22.0,22.05,832200,DNSE
HPG,15,2026-08-24 10:00:00,22.05,22.05,22.0,22.05,820400,DNSE
HPG,15,2026-08-24 10:15:00,22.05,22.05,21.95,22.0,925900,DNSE
HPG,15,2026-08-24 10:30:00,22.0,22.0,21.95,21.95,497700,DNSE
HPG,15,2026-08-24 10:45:00,22.0,22.0,21.85,21.9,863000,DNSE
HPG,15,2026-08-24 11:00:00,21.95,21.95,21.85,21.9,309100,DNSE
HPG,15,2026-08-24 11:15:00,21.9,21.9,21.85,21.85,778700,DNSE
HPG,15,2026-08-24 13:00:00,21.85,22.0,21.85,21.95,1347900,DNSE
HPG,15,2026-08-24 13:15:00,21.95,22.0,21.9,21.95,1516300,DNSE
HPG,15,2026-08-24 13:30:00,21.9,22.05,21.9,22.05,2058800,DNSE
HPG,15,2026-08-24 13:45:00,22.05,22.3,22.05,22.15,6796400,DNSE
HPG,15,2026-08-24 14:00:00,22.2,22.3,22.15,22.25,1771000,DNSE
HPG,15,2026-08-24 14:15:00,22.25,22.3,22.2,22.2,3109200,DNSE
HPG,15,2026-08-24 14:45:00,22.25,22.25,22.25,22.25,1517600,DNSE
HPG,15,2026-08-25 09:15:00,22.25,22.3,22.05,22.1,1160500,DNSE
HPG,15,2026-08-25 09:30:00,22.1,22.25,22.1,22.2,1264400,DNSE
HPG,15,2026-08-25 09:45:00,22.2,22.2,22.1,22.1,1203100,DNSE
HPG,15,2026-08-25 10:00:00,22.15,22.15,22.05,22.15,1810400,DNSE
HPG,15,2026-08-25 10:15:00,22.1,22.15,22.1,22.15,976800,DNSE
HPG,15,2026-08-25 10:30:00,22.15,22.2,22.1,22.15,845200,DNSE
HPG,15,2026-08-25 10:45:00,22.15,22.2,22.1,22.15,759300,DNSE
HPG,15,2026-08-25 11:00:00,22.15,22.15,22.1,22.1,465600,DNSE
HPG,15,2026-08-25 11:15:00,22.1,22.15,22.05,22.05,694100,DNSE
HPG,15,2026-08-25 13:00:00,22.05,22.1,21.9,21.9,4129200,DNSE
HPG,15,2026-08-25 13:15:00,21.9,22.0,21.9,21.95,2167400,DNSE
HPG,15,2026-08-25 13:30:00,22.0,22.05,21.9,21.9,1888000,DNSE
HPG,15,2026-08-25 13:45:00,21.9,22.0,21.9,21.9,1251600,DNSE
HPG,15,2026-08-25 14:00:00,21.9,22.0,21.85,21.95,3049600,DNSE
HPG,15,2026-08-25 14:15:00,22.0,22.05,21.9,21.9,1979400,DNSE
HPG,15,2026-08-25 14:45:00,21.8,21.8,21.8,21.8,2199500,DNSE
HPG,15,2026-08-26 09:15:00,21.8,21.95,21.8,21.9,936400,DNSE
HPG,15,2026-08-26 09:30:00,21.85,21.95,21.85,21.95,862400,DNSE
HPG,15,2026-08-26 09:45:00,21.9,21.95,21.9,21.9,623200,DNSE
HPG,15,2026-08-26 10:00:00,21.9,21.9,21.85,21.85,286400,DNSE
HPG,15,2026-08-26 10:15:00,21.85,21.9,21.8,21.8,777900,DNSE
HPG,15,2026-08-26 10:30:00,21.85,21.85,21.75,21.8,1222700,DNSE
HPG,15,2026-08-26 10:45:00,21.8,21.85,21.8,21.8,167400,DNSE
HPG,15,2026-08-26 11:00:00,21.8,21.85,21.75,21.85,1212700,DNSE
HPG,15,2026-08-26 11:15:00,21.85,21.9,21.8,21.85,987000,DNSE
HPG,15,2026-08-26 13:00:00,21.85,22.05,21.85,21.95,2704800,DNSE
HPG,15,2026-08-26 13:15:00,22.0,22.1,21.95,22.05,1876600,DNSE
HPG,15,2026-08-26 13:30:00,22.0,22.05,21.9,21.95,1835400,DNSE
HPG,15,2026-08-26 13:45:00,22.0,22.05,21.95,22.05,998400,DNSE
HPG,15,2026-08-26 14:00:00,22.05,22.05,22.0,22.0,1233800,DNSE
HPG,15,2026-08-26 14:15:00,22.0,22.1,21.95,22.1,2719000,DNSE
HPG,15,2026-08-26 14:45:00,22.05,22.05,22.05,22.05,950700,DNSE
HPG,15,2026-08-27 09:15:00,22.05,22.2,22.05,22.1,1125800,DNSE
HPG,15,2026-08-27 09:30:00,22.1,22.15,22.05,22.05,974200,DNSE
HPG,15,2026-08-27 09:45:00,22.1,22.25,22.05,22.25,2008100,DNSE
HPG,15,2026-08-27 10:00:00,22.2,22.4,22.2,22.25,2228200,DNSE
HPG,15,2026-08-27 10:15:00,22.25,22.25,22.2,22.25,702300,DNSE
HPG,15,2026-08-27 10:30:00,22.25,22.25,22.2,22.25,771100,DNSE
HPG,15,2026-08-27 10:45:00,22.2,22.3,22.2,22.25,756100,DNSE
HPG,15,2026-08-27 11:00:00,22.25,22.3,22.25,22.25,683200,DNSE
HPG,15,2026-08-27 11:15:00,22.25,22.3,22.2,22.25,403200,DNSE
HPG,15,2026-08-27 13:00:00,22.25,22.3,22.2,22.3,1205600,DNSE
HPG,15,2026-08-27 13:15:00,22.3,22.3,22.2,22.2,1695600,DNSE
HPG,15,2026-08-27 13:30:00,22.2,22.3,22.2,22.25,988700,DNSE
HPG,15,2026-08-27 13:45:00,22.2,22.25,22.2,22.2,985000,DNSE
HPG,15,2026-08-27 14:00:00,22.25,22.25,22.2,22.25,1495800,DNSE
HPG,15,2026-08-27 14:15:00,22.25,22.3,22.2,22.25,1750000,DNSE
HPG,15,2026-08-27 14:45:00,22.2,22.2,22.2,22.2,1429000,DNSE
HPG,15,2026-08-28 09:15:00,22.25,22.3,22.05,22.15,973700,DNSE
HPG,15,2026-08-28 09:30:00,22.15,22.15,22.05,22.1,425200,DNSE
HPG,15,2026-08-28 09:45:00,22.15,22.2,22.1,22.2,703300,DNSE
HPG,15,2026-08-28 10:00:00,22.2,22.35,22.15,22.25,1436500,DNSE
HPG,15,2026-08-28 10:15:00,22.3,22.3,22.25,22.3,409500,DNSE
HPG,15,2026-08-28 10:30:00,22.25,22.35,22.25,22.3,1165200,DNSE
HPG,15,2026-08-28 10:45:00,22.25,22.3,22.25,22.3,529300,DNSE
HPG,15,2026-08-28 11:00:00,22.25,22.3,22.2,22.2,683400,DNSE
HPG,15,2026-08-28 11:15:00,22.2,22.25,22.2,22.2,490400,DNSE
HPG,15,2026-08-28 13:00:00,22.2,22.25,22.15,22.15,764800,DNSE
HPG,15,2026-08-28 13:15:00,22.2,22.25,22.15,22.25,1610700,DNSE
HPG,15,2026-08-28 13:30:00,22.25,22.3,22.2,22.25,1013700,DNSE
HPG,15,2026-08-28 13:45:00,22.2,22.25,22.2,22.2,1471200,DNSE
HPG,15,2026-08-28 14:00:00,22.25,22.25,22.2,22.25,975300,DNSE
HPG,15,2026-08-28 14:15:00,22.25,22.25,22.15,22.2,2133100,DNSE
HPG,15,2026-08-28 14:45:00,22.1,22.1,22.1,22.1,2341400,DNSE
HPG,15,2026-09-03 09:15:00,22.0,22.0,21.8,21.8,3626100,DNSE
HPG,15,2026-09-03 09:30:00,21.8,21.85,21.7,21.75,2272500,DNSE
HPG,15,2026-09-03 09:45:00,21.7,21.75,21.55,21.7,4368500,DNSE
HPG,15,2026-09-03 10:00:00,21.65,21.75,21.65,21.7,700600,DNSE
HPG,15,2026-09-03 10:15:00,21.7,21.75,21.6,21.7,1391300,DNSE
HPG,15,2026-09-03 10:30:00,21.7,21.8,21.65,21.8,822700,DNSE
HPG,15,2026-09-03 10:45:00,21.75,21.85,21.75,21.75,897300,DNSE
HPG,15,2026-09-03 11:00:00,21.75,21.8,21.7,21.75,550100,DNSE
HPG,15,2026-09-03 11:15:00,21.75,21.75,21.7,21.7,566200,DNSE
HPG,15,2026-09-03 13:00:00,21.7,21.75,21.7,21.7,971100,DNSE
HPG,15,2026-09-03 13:15:00,21.7,21.75,21.65,21.7,2181400,DNSE
HPG,15,2026-09-03 13:30:00,21.75,21.8,21.7,21.7,1495800,DNSE
HPG,15,2026-09-03 13:45:00,21.7,21.85,21.7,21.8,1439800,DNSE
HPG,15,2026-09-03 14:00:00,21.85,21.85,21.65,21.7,1482000,DNSE
HPG,15,2026-09-03 14:15:00,21.7,21.7,21.6,21.65,2138500,DNSE
HPG,15,2026-09-03 14:45:00,21.6,21.6,21.6,21.6,2081700,DNSE
HPG,15,2026-09-04 09:15:00,21.75,21.8,21.7,21.75,1025100,DNSE
HPG,15,2026-09-04 09:30:00,21.75,21.75,21.65,21.7,679300,DNSE
HPG,15,2026-09-04 09:45:00,21.65,21.7,21.6,21.65,875700,DNSE
HPG,15,2026-09-04 10:00:00,21.65,21.65,21.6,21.65,334200,DNSE
HPG,15,2026-09-04 10:15:00,21.65,21.7,21.6,21.65,855700,DNSE
HPG,15,2026-09-04 10:30:00,21.65,21.7,21.6,21.65,636700,DNSE
HPG,15,2026-09-04 10:45:00,21.65,21.7,21.6,21.65,299500,DNSE
HPG,15,2026-09-04 11:00:00,21.65,21.7,21.65,21.7,210000,DNSE
HPG,15,2026-09-04 11:15:00,21.7,21.75,21.65,21.7,537700,DNSE
HPG,15,2026-09-04 13:00:00,21.75,21.8,21.65,21.7,1674600,DNSE
HPG,15,2026-09-04 13:15:00,21.7,21.7,21.65,21.7,627900,DNSE
HPG,15,2026-09-04 13:30:00,21.65,21.75,21.65,21.7,1149900,DNSE
HPG,15,2026-09-04 13:45:00,21.7,21.75,21.65,21.7,1075400,DNSE
HPG,15,2026-09-04 14:00:00,21.75,21.75,21.65,21.65,797600,DNSE
HPG,15,2026-09-04 14:15:00,21.65,21.8,21.65,21.8,2312900,DNSE
HPG,15,2026-09-04 14:45:00,21.7,21.7,21.7,21.7,828700,DNSE
HPG,15,2026-09-07 09:15:00,21.8,21.85,21.75,21.85,965700,DNSE
HPG,15,2026-09-07 09:30:00,21.85,21.85,21.75,21.85,1170500,DNSE
HPG,15,2026-09-07 09:45:00,21.85,21.95,21.8,21.9,1424500,DNSE
HPG,15,2026-09-07 10:00:00,21.9,22.15,21.9,22.0,2445100,DNSE
HPG,15,2026-09-07 10:15:00,22.0,22.0,21.9,21.95,772000,DNSE
HPG,15,2026-09-07 10:30:00,21.95,21.95,21.9,21.9,486100,DNSE
HPG,15,2026-09-07 10:45:00,21.9,21.95,21.85,21.9,848400,DNSE
HPG,15,2026-09-07 11:00:00,21.9,21.9,21.85,21.9,659700,DNSE
HPG,15,2026-09-07 11:15:00,21.9,21.9,21.85,21.9,506800,DNSE
HPG,15,2026-09-07 13:00:00,21.85,21.9,21.85,21.9,686600,DNSE
HPG,15,2026-09-07 13:15:00,21.85,21.9,21.8,21.9,1076600,DNSE
HPG,15,2026-09-07 13:30:00,21.85,21.9,21.85,21.85,875500,DNSE
HPG,15,2026-09-07 13:45:00,21.85,21.9,21.75,21.8,1713800,DNSE
HPG,15,2026-09-07 14:00:00,21.75,21.8,21.75,21.75,1071400,DNSE
HPG,15,2026-09-07 14:15:00,21.8,21.8,21.6,21.65,3326800,DNSE
HPG,15,2026-09-07 14:45:00,21.55,21.55,21.55,21.55,1928300,DNSE
HPG,15,2026-09-08 09:15:00,21.55,21.65,21.55,21.6,685500,DNSE
HPG,15,2026-09-08 09:30:00,21.6,21.7,21.6,21.7,451200,DNSE
HPG,15,2026-09-08 09:45:00,21.7,21.75,21.65,21.7,589700,DNSE
HPG,15,2026-09-08 10:00:00,21.65,21.7,21.65,21.7,469200,DNSE
HPG,15,2026-09-08 10:15:00,21.7,21.7,21.65,21.7,430500,DNSE
HPG,15,2026-09-08 10:30:00,21.7,21.9,21.65,21.9,2185300,DNSE
HPG,15,2026-09-08 10:45:00,21.85,21.9,21.8,21.8,630000,DNSE
HPG,15,2026-09-08 11:00:00,21.85,21.85,21.8,21.8,197600,DNSE
HPG,15,2026-09-08 11:15:00,21.85,21.85,21.8,21.85,430900,DNSE
HPG,15,2026-09-08 13:00:00,21.85,21.9,21.8,21.85,1372900,DNSE
HPG,15,2026-09-08 13:15:00,21.85,21.9,21.8,21.85,342800,DNSE
HPG,15,2026-09-08 13:30:00,21.8,21.85,21.8,21.85,434700,DNSE
HPG,15,2026-09-08 13:45:00,21.8,21.85,21.75,21.8,915500,DNSE
HPG,15,2026-09-08 14:00:00,21.8,21.8,21.75,21.8,513100,DNSE
HPG,15,2026-09-08 14:15:00,21.75,21.8,21.7,21.75,2286600,DNSE
HPG,15,2026-09-08 14:45:00,21.85,21.85,21.85,21.85,1452100,DNSE
HPG,15,2026-09-09 09:15:00,21.9,21.95,21.85,21.85,720200,DNSE
HPG,15,2026-09-09 09:30:00,21.85,22.15,21.85,22.0,4141000,DNSE
HPG,15,2026-09-09 09:45:00,22.0,22.05,21.95,22.0,1090500,DNSE
HPG,15,2026-09-09 10:00:00,22.0,22.2,22.0,22.1,5301900,DNSE
HPG,15,2026-09-09 10:15:00,22.1,22.15,22.05,22.1,730200,DNSE
HPG,15,2026-09-09 10:30:00,22.1,22.1,22.0,22.05,561000,DNSE
HPG,15,2026-09-09 10:45:00,22.05,22.05,22.0,22.05,228100,DNSE
HPG,15,2026-09-09 11:00:00,22.05,22.05,22.0,22.05,317600,DNSE
HPG,15,2026-09-09 11:15:00,22.05,22.05,21.95,22.0,749500,DNSE
HPG,15,2026-09-09 13:00:00,22.0,22.05,21.95,22.0,922600,DNSE
HPG,15,2026-09-09 13:15:00,22.0,22.05,21.95,21.95,857600,DNSE
HPG,15,2026-09-09 13:30:00,21.95,22.05,21.95,22.05,856300,DNSE
HPG,15,2026-09-09 13:45:00,22.0,22.05,22.0,22.0,525300,DNSE
HPG,15,2026-09-09 14:00:00,22.0,22.1,21.95,22.0,2048400,DNSE
HPG,15,2026-09-09 14:15:00,22.0,22.1,21.95,22.05,1893900,DNSE
HPG,15,2026-09-09 14:45:00,22.05,22.05,22.05,22.05,1488700,DNSE
HPG,15,2026-09-10 09:15:00,22.0,22.05,21.9,21.95,440800,DNSE
HPG,15,2026-09-10 09:30:00,21.95,22.0,21.95,22.0,163800,DNSE
HPG,15,2026-09-10 09:45:00,22.0,22.0,21.9,21.9,729600,DNSE
HPG,15,2026-09-10 10:00:00,21.95,22.0,21.9,21.9,541900,DNSE
HPG,15,2026-09-10 10:15:00,21.95,21.95,21.8,21.9,1113500,DNSE
HPG,15,2026-09-10 10:30:00,21.95,21.95,21.85,21.85,492100,DNSE
HPG,15,2026-09-10 10:45:00,21.85,21.95,21.85,21.9,444700,DNSE
HPG,15,2026-09-10 11:00:00,21.9,21.95,21.85,21.9,233000,DNSE
HPG,15,2026-09-10 11:15:00,21.9,22.0,21.85,21.95,584000,DNSE
HPG,15,2026-09-10 13:00:00,21.95,22.0,21.9,22.0,1192300,DNSE
HPG,15,2026-09-10 13:15:00,22.0,22.0,21.9,21.9,359300,DNSE
HPG,15,2026-09-10 13:30:00,21.95,22.0,21.9,21.95,1069400,DNSE
HPG,15,2026-09-10 13:45:00,21.95,22.0,21.9,22.0,1516500,DNSE
HPG,15,2026-09-10 14:00:00,21.95,22.05,21.95,22.0,1265700,DNSE
HPG,15,2026-09-10 14:15:00,22.0,22.05,21.9,21.95,1931600,DNSE
HPG,15,2026-09-10 14:45:00,21.85,21.85,21.85,21.85,1313200,DNSE
HPG,15,2026-09-11 09:15:00,21.75,21.8,21.5,21.7,1757100,DNSE
HPG,15,2026-09-11 09:30:00,21.7,21.75,21.65,21.65,826600,DNSE
HPG,15,2026-09-11 09:45:00,21.65,21.7,21.6,21.6,1397400,DNSE
HPG,15,2026-09-11 10:00:00,21.6,21.65,21.5,21.55,2115300,DNSE
HPG,15,2026-09-11 10:15:00,21.55,21.6,21.5,21.55,1677000,DNSE
HPG,15,2026-09-11 10:30:00,21.6,21.6,21.5,21.5,847200,DNSE
HPG,15,2026-09-11 10:45:00,21.5,21.55,21.5,21.5,438200,DNSE
HPG,15,2026-09-11 11:00:00,21.5,21.6,21.5,21.55,639900,DNSE
HPG,15,2026-09-11 11:15:00,21.55,21.6,21.5,21.55,1307900,DNSE
HPG,15,2026-09-11 13:00:00,21.55,21.6,21.5,21.55,920300,DNSE
HPG,15,2026-09-11 13:15:00,21.55,21.6,21.5,21.55,1228300,DNSE
HPG,15,2026-09-11 13:30:00,21.55,21.65,21.55,21.65,895700,DNSE
HPG,15,2026-09-11 13:45:00,21.65,21.65,21.55,21.6,587600,DNSE
HPG,15,2026-09-11 14:00:00,21.6,21.6,21.5,21.55,1143000,DNSE
HPG,15,2026-09-11 14:15:00,21.5,21.55,21.4,21.45,3750000,DNSE
HPG,15,2026-09-11 14:45:00,21.3,21.3,21.3,21.3,2500200,DNSE
HPG,15,2026-09-14 09:15:00,21.3,21.4,21.25,21.35,1402000,DNSE
HPG,15,2026-09-14 09:30:00,21.35,21.35,21.25,21.3,922900,DNSE
HPG,15,2026-09-14 09:45:00,21.25,21.3,21.2,21.25,1219000,DNSE
HPG,15,2026-09-14 10:00:00,21.2,21.25,21.15,21.2,1671400,DNSE
HPG,15,2026-09-14 10:15:00,21.2,21.25,21.15,21.2,865000,DNSE
HPG,15,2026-09-14 10:30:00,21.2,21.25,21.2,21.2,278200,DNSE
HPG,15,2026-09-14 10:45:00,21.2,21.25,21.2,21.25,723200,DNSE
HPG,15,2026-09-14 11:00:00,21.25,21.25,21.2,21.2,782000,DNSE
HPG,15,2026-09-14 11:15:00,21.2,21.25,21.2,21.2,593900,DNSE
HPG,15,2026-09-14 13:00:00,21.25,21.25,21.1,21.15,1870600,DNSE
HPG,15,2026-09-14 13:15:00,21.1,21.15,21.05,21.05,1103100,DNSE
HPG,15,2026-09-14 13:30:00,21.05,21.1,21.0,21.0,2539600,DNSE
HPG,15,2026-09-14 13:45:00,21.0,21.05,20.9,20.95,3337300,DNSE
HPG,15,2026-09-14 14:00:00,20.95,21.0,20.85,20.9,2202600,DNSE
HPG,15,2026-09-14 14:15:00,20.9,21.1,20.85,21.1,2611300,DNSE
HPG,15,2026-09-14 14:45:00,20.9,20.9,20.9,20.9,1923900,DNSE
HPG,15,2026-09-15 09:15:00,21.0,21.05,21.0,21.05,643100,DNSE
HPG,15,2026-09-15 09:30:00,21.0,21.1,21.0,21.05,962100,DNSE
HPG,15,2026-09-15 09:45:00,21.1,21.1,21.0,21.0,595300,DNSE
HPG,15,2026-09-15 10:00:00,21.0,21.1,21.0,21.1,483200,DNSE
HPG,15,2026-09-15 10:15:00,21.05,21.1,21.05,21.1,272500,DNSE
HPG,15,2026-09-15 10:30:00,21.1,21.1,21.05,21.1,315600,DNSE
HPG,15,2026-09-15 10:45:00,21.1,21.1,21.0,21.05,1101100,DNSE
HPG,15,2026-09-15 11:00:00,21.05,21.05,21.0,21.05,290600,DNSE
HPG,15,2026-09-15 11:15:00,21.05,21.05,21.0,21.05,290900,DNSE
HPG,15,2026-09-15 13:00:00,21.05,21.05,21.0,21.05,654600,DNSE
HPG,15,2026-09-15 13:15:00,21.05,21.15,21.0,21.1,1225300,DNSE
HPG,15,2026-09-15 13:30:00,21.15,21.15,21.05,21.1,592000,DNSE
HPG,15,2026-09-15 13:45:00,21.1,21.2,21.1,21.1,1077600,DNSE
HPG,15,2026-09-15 14:00:00,21.1,21.15,21.05,21.1,684500,DNSE
HPG,15,2026-09-15 14:15:00,21.15,21.2,21.1,21.15,1317500,DNSE
HPG,15,2026-09-15 14:45:00,21.2,21.2,21.2,21.2,1431300,DNSE
HPG,15,2026-09-16 09:15:00,21.2,21.25,21.1,21.15,330400,DNSE
HPG,15,2026-09-16 09:30:00,21.15,21.2,21.1,21.2,273200,DNSE
HPG,15,2026-09-16 09:45:00,21.2,21.2,21.15,21.15,189400,DNSE
HPG,15,2026-09-16 10:00:00,21.2,21.2,21.05,21.05,926900,DNSE
HPG,15,2026-09-16 10:15:00,21.0,21.15,21.0,21.05,546500,DNSE
HPG,15,2026-09-16 10:30:00,21.05,21.1,21.0,21.05,458400,DNSE
HPG,15,2026-09-16 10:45:00,21.05,21.1,21.0,21.05,897500,DNSE
HPG,15,2026-09-16 11:00:00,21.05,21.1,21.0,21.0,501800,DNSE
HPG,15,2026-09-16 11:15:00,21.05,21.1,21.0,21.1,144700,DNSE
HPG,15,2026-09-16 13:00:00,21.1,21.1,21.05,21.1,604400,DNSE
HPG,15,2026-09-16 13:15:00,21.05,21.1,21.05,21.05,667200,DNSE
HPG,15,2026-09-16 13:30:00,21.1,21.1,21.0,21.05,710600,DNSE
HPG,15,2026-09-16 13:45:00,21.0,21.05,20.95,20.95,1774000,DNSE
HPG,15,2026-09-16 14:00:00,20.95,21.1,20.95,21.05,1033100,DNSE
HPG,15,2026-09-16 14:15:00,21.1,21.15,21.0,21.1,1751300,DNSE
HPG,15,2026-09-16 14:45:00,20.95,20.95,20.95,20.95,1468100,DNSE
HPG,15,2026-09-17 09:15:00,20.8,21.2,20.75,21.1,1816200,DNSE
HPG,15,2026-09-17 09:30:00,21.1,21.1,21.0,21.0,462100,DNSE
HPG,15,2026-09-17 09:45:00,21.0,21.15,21.0,21.1,647500,DNSE
HPG,15,2026-09-17 10:00:00,21.15,21.2,21.05,21.15,853200,DNSE
HPG,15,2026-09-17 10:15:00,21.2,21.4,21.15,21.35,2497900,DNSE
HPG,15,2026-09-17 10:30:00,21.4,21.4,21.25,21.35,1078200,DNSE
HPG,15,2026-09-17 10:45:00,21.3,21.4,21.3,21.4,807900,DNSE
HPG,15,2026-09-17 11:00:00,21.35,21.4,21.3,21.3,528900,DNSE
HPG,15,2026-09-17 11:15:00,21.35,21.35,21.25,21.3,418300,DNSE
HPG,15,2026-09-17 13:00:00,21.3,21.4,21.25,21.3,1097400,DNSE
HPG,15,2026-09-17 13:15:00,21.3,21.3,21.2,21.25,456800,DNSE
HPG,15,2026-09-17 13:30:00,21.25,21.3,21.2,21.2,1625700,DNSE
HPG,15,2026-09-17 13:45:00,21.25,21.3,21.15,21.15,620200,DNSE
HPG,15,2026-09-17 14:00:00,21.15,21.25,21.15,21.2,574900,DNSE
HPG,15,2026-09-17 14:15:00,21.2,21.35,21.15,21.3,3087400,DNSE
HPG,15,2026-09-17 14:45:00,21.2,21.2,21.2,21.2,1001500,DNSE
HPG,15,2026-09-18 09:15:00,21.45,21.45,21.3,21.35,798500,DNSE
HPG,15,2026-09-18 09:30:00,21.35,21.4,21.3,21.35,324700,DNSE
HPG,15,2026-09-18 09:45:00,21.35,21.4,21.35,21.4,425800,DNSE
HPG,15,2026-09-18 10:00:00,21.35,21.4,21.35,21.4,241200,DNSE
HPG,15,2026-09-18 10:15:00,21.4,21.55,21.35,21.5,2953200,DNSE
HPG,15,2026-09-18 10:30:00,21.5,21.5,21.45,21.5,586300,DNSE
HPG,15,2026-09-18 10:45:00,21.45,21.55,21.45,21.55,951200,DNSE
HPG,15,2026-09-18 11:00:00,21.5,21.55,21.5,21.5,930500,DNSE
HPG,15,2026-09-18 11:15:00,21.5,21.55,21.45,21.45,513800,DNSE
HPG,15,2026-09-18 13:00:00,21.45,21.55,21.45,21.45,1124700,DNSE
HPG,15,2026-09-18 13:15:00,21.45,21.5,21.4,21.45,699900,DNSE
HPG,15,2026-09-18 13:30:00,21.4,21.45,21.4,21.4,488900,DNSE
HPG,15,2026-09-18 13:45:00,21.4,21.45,21.35,21.35,1696500,DNSE
HPG,15,2026-09-18 14:00:00,21.4,21.4,21.3,21.35,1076100,DNSE
HPG,15,2026-09-18 14:15:00,21.35,21.45,21.3,21.4,1473100,DNSE
HPG,15,2026-09-18 14:45:00,21.55,21.55,21.55,21.55,16840500,DNSE
HPG,15,2026-09-21 09:15:00,21.55,21.6,21.35,21.35,1284400,DNSE
HPG,15,2026-09-21 09:30:00,21.4,21.45,21.35,21.35,353200,DNSE
HPG,15,2026-09-21 09:45:00,21.35,21.4,21.3,21.3,797900,DNSE
HPG,15,2026-09-21 10:00:00,21.3,21.35,21.25,21.3,771800,DNSE
HPG,15,2026-09-21 10:15:00,21.25,21.3,21.25,21.25,214500,DNSE
HPG,15,2026-09-21 10:30:00,21.25,21.3,21.25,21.25,359200,DNSE
HPG,15,2026-09-21 10:45:00,21.25,21.3,21.15,21.2,1487600,DNSE
HPG,15,2026-09-21 11:00:00,21.2,21.25,21.15,21.15,753200,DNSE
HPG,15,2026-09-21 11:15:00,21.15,21.25,21.15,21.2,603700,DNSE
HPG,15,2026-09-21 13:00:00,21.2,21.25,21.15,21.2,1564600,DNSE
HPG,15,2026-09-21 13:15:00,21.15,21.25,21.15,21.25,1099700,DNSE
HPG,15,2026-09-21 13:30:00,21.2,21.25,21.2,21.2,562800,DNSE
HPG,15,2026-09-21 13:45:00,21.2,21.25,21.15,21.15,991800,DNSE
HPG,15,2026-09-21 14:00:00,21.15,21.2,21.1,21.15,1766300,DNSE
HPG,15,2026-09-21 14:15:00,21.15,21.2,21.1,21.15,2178400,DNSE
HPG,15,2026-09-21 14:45:00,21.1,21.1,21.1,21.1,1034900,DNSE
MSN,15,2026-07-23 09:15:00,63.9,64.6,63.9,64.2,180400,DNSE
MSN,15,2026-07-23 09:30:00,64.2,64.2,63.5,63.8,143300,DNSE
MSN,15,2026-07-23 09:45:00,63.8,63.8,63.3,63.4,210700,DNSE
MSN,15,2026-07-23 10:00:00,63.5,63.9,63.3,63.4,249000,DNSE
MSN,15,2026-07-23 10:15:00,63.5,63.6,63.0,63.1,191300,DNSE
MSN,15,2026-07-23 10:30:00,63.1,63.1,62.2,62.4,371200,DNSE
MSN,15,2026-07-23 10:45:00,62.3,62.4,61.8,62.2,406100,DNSE
MSN,15,2026-07-23 11:00:00,62.3,62.3,61.8,61.8,334700,DNSE
MSN,15,2026-07-23 11:15:00,61.8,62.1,61.7,61.8,224600,DNSE
MSN,15,2026-07-23 13:00:00,61.9,63.2,61.8,63.2,430000,DNSE
MSN,15,2026-07-23 13:15:00,63.1,63.3,62.8,63.2,256000,DNSE
MSN,15,2026-07-23 13:30:00,63.3,64.2,63.1,63.9,572700,DNSE
MSN,15,2026-07-23 13:45:00,63.9,64.0,63.3,63.3,278700,DNSE
MSN,15,2026-07-23 14:00:00,63.3,64.0,63.1,63.6,243700,DNSE
MSN,15,2026-07-23 14:15:00,63.7,63.8,63.3,63.6,317600,DNSE
MSN,15,2026-07-23 14:45:00,64.0,64.0,64.0,64.0,655800,DNSE
MSN,15,2026-07-24 09:15:00,63.9,63.9,63.5,63.7,824100,DNSE
MSN,15,2026-07-24 09:30:00,63.6,63.7,63.2,63.2,192900,DNSE
MSN,15,2026-07-24 09:45:00,63.2,63.4,62.9,62.9,139600,DNSE
MSN,15,2026-07-24 10:00:00,62.9,63.7,62.9,63.4,86700,DNSE
MSN,15,2026-07-24 10:15:00,63.4,63.6,63.2,63.3,45300,DNSE
MSN,15,2026-07-24 10:30:00,63.3,63.8,63.3,63.8,89900,DNSE
MSN,15,2026-07-24 10:45:00,63.8,63.9,63.4,63.6,92500,DNSE
MSN,15,2026-07-24 11:00:00,63.6,64.0,63.6,63.7,53000,DNSE
MSN,15,2026-07-24 11:15:00,63.7,63.8,63.6,63.7,41000,DNSE
MSN,15,2026-07-24 13:00:00,63.6,63.7,63.1,63.1,228900,DNSE
MSN,15,2026-07-24 13:15:00,63.2,63.4,63.1,63.1,123100,DNSE
MSN,15,2026-07-24 13:30:00,63.1,63.1,63.0,63.1,194000,DNSE
MSN,15,2026-07-24 13:45:00,63.0,63.1,62.8,62.9,209600,DNSE
MSN,15,2026-07-24 14:00:00,62.9,63.6,62.9,63.2,266700,DNSE
MSN,15,2026-07-24 14:15:00,63.2,63.5,63.1,63.2,125500,DNSE
MSN,15,2026-07-24 14:45:00,63.9,63.9,63.9,63.9,628600,DNSE
MSN,15,2026-07-27 09:15:00,65.0,65.1,64.4,64.8,666900,DNSE
MSN,15,2026-07-27 09:30:00,64.9,65.1,64.7,65.0,515200,DNSE
MSN,15,2026-07-27 09:45:00,65.0,65.0,64.6,64.6,183800,DNSE
MSN,15,2026-07-27 10:00:00,64.6,64.7,64.6,64.7,35900,DNSE
MSN,15,2026-07-27 10:15:00,64.7,64.8,64.6,64.7,172800,DNSE
MSN,15,2026-07-27 10:30:00,64.7,64.7,64.4,64.4,84100,DNSE
MSN,15,2026-07-27 10:45:00,64.4,64.6,64.2,64.4,65700,DNSE
MSN,15,2026-07-27 11:00:00,64.4,64.7,64.3,64.5,149100,DNSE
MSN,15,2026-07-27 11:15:00,64.6,64.6,64.4,64.5,71400,DNSE
MSN,15,2026-07-27 13:00:00,64.4,64.8,64.4,64.6,306900,DNSE
MSN,15,2026-07-27 13:15:00,64.7,64.7,64.4,64.6,204300,DNSE
MSN,15,2026-07-27 13:30:00,64.4,64.6,64.3,64.3,148700,DNSE
MSN,15,2026-07-27 13:45:00,64.3,64.6,64.3,64.3,200900,DNSE
MSN,15,2026-07-27 14:00:00,64.3,64.3,63.9,63.9,304200,DNSE
MSN,15,2026-07-27 14:15:00,63.9,64.0,63.5,63.5,428700,DNSE
MSN,15,2026-07-27 14:45:00,63.9,63.9,63.9,63.9,1066600,DNSE
MSN,15,2026-07-28 09:15:00,63.2,64.0,63.2,63.8,368900,DNSE
MSN,15,2026-07-28 09:30:00,63.8,64.0,63.7,64.0,176500,DNSE
MSN,15,2026-07-28 09:45:00,64.0,64.1,63.9,63.9,93200,DNSE
MSN,15,2026-07-28 10:00:00,63.9,63.9,63.7,63.8,125300,DNSE
MSN,15,2026-07-28 10:15:00,63.8,64.3,63.8,64.2,163000,DNSE
MSN,15,2026-07-28 10:30:00,64.1,64.3,63.8,63.9,74300,DNSE
MSN,15,2026-07-28 10:45:00,63.9,64.3,63.8,64.2,150200,DNSE
MSN,15,2026-07-28 11:00:00,64.2,64.4,64.2,64.2,132100,DNSE
MSN,15,2026-07-28 11:15:00,64.2,64.4,64.2,64.2,86200,DNSE
MSN,15,2026-07-28 13:00:00,64.2,64.8,64.2,64.7,429200,DNSE
MSN,15,2026-07-28 13:15:00,64.7,64.9,64.4,64.6,478300,DNSE
MSN,15,2026-07-28 13:30:00,64.6,64.7,64.4,64.5,259500,DNSE
MSN,15,2026-07-28 13:45:00,64.5,65.8,64.4,65.7,804400,DNSE
MSN,15,2026-07-28 14:00:00,65.6,66.0,65.2,66.0,1019600,DNSE
MSN,15,2026-07-28 14:15:00,66.0,66.4,65.3,65.5,854600,DNSE
MSN,15,2026-07-28 14:45:00,65.7,65.7,65.7,65.7,358700,DNSE
MSN,15,2026-07-29 09:15:00,65.8,66.3,65.5,66.1,272300,DNSE
MSN,15,2026-07-29 09:30:00,66.0,66.6,65.9,66.4,263200,DNSE
MSN,15,2026-07-29 09:45:00,66.5,66.5,66.1,66.2,279500,DNSE
MSN,15,2026-07-29 10:00:00,66.2,66.2,65.9,65.9,178200,DNSE
MSN,15,2026-07-29 10:15:00,66.0,66.0,65.8,65.8,107200,DNSE
MSN,15,2026-07-29 10:30:00,65.8,65.9,65.6,65.6,110300,DNSE
MSN,15,2026-07-29 10:45:00,65.7,65.9,65.6,65.7,122600,DNSE
MSN,15,2026-07-29 11:00:00,65.7,65.7,65.1,65.4,173600,DNSE
MSN,15,2026-07-29 11:15:00,65.7,65.7,65.3,65.3,115000,DNSE
MSN,15,2026-07-29 13:00:00,65.3,65.8,65.2,65.8,307600,DNSE
MSN,15,2026-07-29 13:15:00,65.8,65.9,65.7,65.7,141900,DNSE
MSN,15,2026-07-29 13:30:00,65.8,65.8,65.6,65.6,211000,DNSE
MSN,15,2026-07-29 13:45:00,65.7,66.0,65.5,65.7,295400,DNSE
MSN,15,2026-07-29 14:00:00,65.7,65.9,65.6,65.9,216600,DNSE
MSN,15,2026-07-29 14:15:00,65.9,66.1,65.8,66.0,513600,DNSE
MSN,15,2026-07-29 14:45:00,66.3,66.3,66.3,66.3,384600,DNSE
MSN,15,2026-07-30 09:15:00,66.0,66.4,65.9,66.0,316600,DNSE
MSN,15,2026-07-30 09:30:00,66.0,66.5,66.0,66.4,241600,DNSE
MSN,15,2026-07-30 09:45:00,66.3,66.5,66.3,66.3,200200,DNSE
MSN,15,2026-07-30 10:00:00,66.3,66.8,66.3,66.5,358400,DNSE
MSN,15,2026-07-30 10:15:00,66.5,66.6,66.5,66.6,86000,DNSE
MSN,15,2026-07-30 10:30:00,66.6,66.7,66.5,66.6,131500,DNSE
MSN,15,2026-07-30 10:45:00,66.6,66.7,66.5,66.5,140700,DNSE
MSN,15,2026-07-30 11:00:00,66.5,66.7,66.5,66.7,168800,DNSE
MSN,15,2026-07-30 11:15:00,66.7,66.8,66.6,66.8,240200,DNSE
MSN,15,2026-07-30 13:00:00,66.8,67.2,66.8,67.2,490700,DNSE
MSN,15,2026-07-30 13:15:00,67.2,67.3,66.9,67.1,413700,DNSE
MSN,15,2026-07-30 13:30:00,67.1,67.2,67.0,67.1,267000,DNSE
MSN,15,2026-07-30 13:45:00,67.0,67.8,66.9,67.8,610900,DNSE
MSN,15,2026-07-30 14:00:00,67.8,67.8,67.4,67.5,286700,DNSE
MSN,15,2026-07-30 14:15:00,67.5,68.1,67.4,67.6,660000,DNSE
MSN,15,2026-07-30 14:45:00,67.9,67.9,67.9,67.9,245200,DNSE
MSN,15,2026-07-31 09:15:00,67.9,67.9,67.2,67.2,231200,DNSE
MSN,15,2026-07-31 09:30:00,67.2,67.5,67.0,67.1,205300,DNSE
MSN,15,2026-07-31 09:45:00,67.1,67.4,67.1,67.2,114900,DNSE
MSN,15,2026-07-31 10:00:00,67.3,67.5,67.1,67.4,121500,DNSE
MSN,15,2026-07-31 10:15:00,67.4,67.7,67.2,67.3,165600,DNSE
MSN,15,2026-07-31 10:30:00,67.4,67.4,67.1,67.1,97200,DNSE
MSN,15,2026-07-31 10:45:00,67.1,67.2,66.8,67.0,360900,DNSE
MSN,15,2026-07-31 11:00:00,66.9,67.1,66.9,67.0,95600,DNSE
MSN,15,2026-07-31 11:15:00,67.0,67.0,66.8,66.8,135300,DNSE
MSN,15,2026-07-31 13:00:00,66.8,67.0,66.6,66.6,297100,DNSE
MSN,15,2026-07-31 13:15:00,66.6,66.9,66.6,66.7,255400,DNSE
MSN,15,2026-07-31 13:30:00,66.7,66.8,66.6,66.6,257400,DNSE
MSN,15,2026-07-31 13:45:00,66.6,66.7,66.4,66.6,262200,DNSE
MSN,15,2026-07-31 14:00:00,66.5,67.0,66.5,66.8,280300,DNSE
MSN,15,2026-07-31 14:15:00,66.7,66.9,66.7,66.8,258300,DNSE
MSN,15,2026-07-31 14:45:00,66.1,66.1,66.1,66.1,598600,DNSE
MSN,15,2026-08-03 09:15:00,66.5,67.3,66.4,67.0,334100,DNSE
MSN,15,2026-08-03 09:30:00,66.8,67.1,66.7,67.1,248400,DNSE
MSN,15,2026-08-03 09:45:00,67.1,67.5,67.0,67.3,265200,DNSE
MSN,15,2026-08-03 10:00:00,67.3,67.5,67.1,67.2,168900,DNSE
MSN,15,2026-08-03 10:15:00,67.3,67.3,67.1,67.2,102800,DNSE
MSN,15,2026-08-03 10:30:00,67.2,68.0,67.2,67.9,399700,DNSE
MSN,15,2026-08-03 10:45:00,67.8,67.9,67.4,67.7,79100,DNSE
MSN,15,2026-08-03 11:00:00,67.5,67.7,67.4,67.6,104000,DNSE
MSN,15,2026-08-03 11:15:00,67.6,67.8,67.5,67.7,137500,DNSE
MSN,15,2026-08-03 13:00:00,67.7,68.2,67.6,68.1,655900,DNSE
MSN,15,2026-08-03 13:15:00,68.2,68.3,67.9,68.3,456400,DNSE
MSN,15,2026-08-03 13:30:00,68.3,68.3,68.0,68.0,209000,DNSE
MSN,15,2026-08-03 13:45:00,68.0,68.2,68.0,68.1,199000,DNSE
MSN,15,2026-08-03 14:00:00,68.1,68.2,67.9,67.9,393400,DNSE
MSN,15,2026-08-03 14:15:00,68.0,68.2,67.8,68.1,355000,DNSE
MSN,15,2026-08-03 14:45:00,68.2,68.2,68.2,68.2,239900,DNSE
MSN,15,2026-08-04 09:15:00,68.4,68.4,68.1,68.3,328600,DNSE
MSN,15,2026-08-04 09:30:00,68.3,68.3,68.1,68.2,198600,DNSE
MSN,15,2026-08-04 09:45:00,68.1,68.2,68.0,68.2,146000,DNSE
MSN,15,2026-08-04 10:00:00,68.2,68.2,68.0,68.1,111000,DNSE
MSN,15,2026-08-04 10:15:00,68.2,68.6,68.1,68.6,282800,DNSE
MSN,15,2026-08-04 10:30:00,68.6,68.6,68.2,68.3,137700,DNSE
MSN,15,2026-08-04 10:45:00,68.3,68.4,68.1,68.1,107300,DNSE
MSN,15,2026-08-04 11:00:00,68.2,68.2,68.1,68.1,88700,DNSE
MSN,15,2026-08-04 11:15:00,68.2,68.2,67.9,67.9,192400,DNSE
MSN,15,2026-08-04 13:00:00,67.9,68.0,67.7,67.9,176400,DNSE
MSN,15,2026-08-04 13:15:00,67.9,68.2,67.9,68.0,128000,DNSE
MSN,15,2026-08-04 13:30:00,68.0,68.2,68.0,68.2,90100,DNSE
MSN,15,2026-08-04 13:45:00,68.2,68.4,68.1,68.4,130000,DNSE
MSN,15,2026-08-04 14:00:00,68.4,68.4,68.0,68.1,200600,DNSE
MSN,15,2026-08-04 14:15:00,68.1,68.5,68.0,68.4,537300,DNSE
MSN,15,2026-08-04 14:45:00,68.4,68.4,68.4,68.4,260100,DNSE
MSN,15,2026-08-05 09:15:00,68.8,69.4,68.6,68.6,731200,DNSE
MSN,15,2026-08-05 09:30:00,68.7,68.7,68.3,68.3,194000,DNSE
MSN,15,2026-08-05 09:45:00,68.3,68.3,68.0,68.0,168400,DNSE
MSN,15,2026-08-05 10:00:00,68.1,68.3,68.1,68.2,124600,DNSE
MSN,15,2026-08-05 10:15:00,68.2,68.4,68.1,68.1,125000,DNSE
MSN,15,2026-08-05 10:30:00,68.1,68.3,68.1,68.2,102000,DNSE
MSN,15,2026-08-05 10:45:00,68.1,68.1,67.7,67.9,564800,DNSE
MSN,15,2026-08-05 11:00:00,67.9,68.0,67.7,67.8,99100,DNSE
MSN,15,2026-08-05 11:15:00,67.8,67.9,67.6,67.7,102200,DNSE
MSN,15,2026-08-05 13:00:00,67.8,67.9,67.6,67.7,180100,DNSE
MSN,15,2026-08-05 13:15:00,67.7,67.8,67.5,67.6,306900,DNSE
MSN,15,2026-08-05 13:30:00,67.8,67.8,67.6,67.6,150100,DNSE
MSN,15,2026-08-05 13:45:00,67.6,67.7,67.5,67.6,234100,DNSE
MSN,15,2026-08-05 14:00:00,67.6,67.6,67.0,67.4,440200,DNSE
MSN,15,2026-08-05 14:15:00,67.4,67.5,67.2,67.3,368900,DNSE
MSN,15,2026-08-05 14:45:00,67.2,67.2,67.2,67.2,292300,DNSE
MSN,15,2026-08-06 09:15:00,67.5,67.5,66.8,66.8,140200,DNSE
MSN,15,2026-08-06 09:30:00,66.9,67.0,66.6,66.7,164200,DNSE
MSN,15,2026-08-06 09:45:00,66.7,66.8,66.4,66.6,272300,DNSE
MSN,15,2026-08-06 10:00:00,66.6,66.9,66.6,66.9,93900,DNSE
MSN,15,2026-08-06 10:15:00,66.9,67.1,66.8,66.8,121000,DNSE
MSN,15,2026-08-06 10:30:00,66.8,66.9,66.8,66.8,58200,DNSE
MSN,15,2026-08-06 10:45:00,66.8,66.8,66.6,66.7,82200,DNSE
MSN,15,2026-08-06 11:00:00,66.7,66.7,66.6,66.7,28600,DNSE
MSN,15,2026-08-06 11:15:00,66.7,66.7,66.6,66.7,40900,DNSE
MSN,15,2026-08-06 13:00:00,66.7,66.9,66.5,66.8,201600,DNSE
MSN,15,2026-08-06 13:15:00,66.8,67.1,66.8,66.8,127000,DNSE
MSN,15,2026-08-06 13:30:00,66.8,66.9,66.7,66.7,143100,DNSE
MSN,15,2026-08-06 13:45:00,66.7,67.0,66.7,66.7,118100,DNSE
MSN,15,2026-08-06 14:00:00,66.7,66.8,66.5,66.5,230500,DNSE
MSN,15,2026-08-06 14:15:00,66.5,66.8,66.5,66.6,225000,DNSE
MSN,15,2026-08-06 14:45:00,66.5,66.5,66.5,66.5,240100,DNSE
MSN,15,2026-08-07 09:15:00,66.3,66.8,66.2,66.7,166000,DNSE
MSN,15,2026-08-07 09:30:00,66.7,66.7,66.5,66.6,82400,DNSE
MSN,15,2026-08-07 09:45:00,66.6,66.7,66.4,66.6,131900,DNSE
MSN,15,2026-08-07 10:00:00,66.6,67.5,66.6,67.4,335300,DNSE
MSN,15,2026-08-07 10:15:00,67.4,67.8,67.2,67.3,423600,DNSE
MSN,15,2026-08-07 10:30:00,67.4,67.4,67.2,67.2,136400,DNSE
MSN,15,2026-08-07 10:45:00,67.2,67.3,67.0,67.2,105500,DNSE
MSN,15,2026-08-07 11:00:00,67.2,67.2,67.0,67.1,69600,DNSE
MSN,15,2026-08-07 11:15:00,67.1,67.1,67.0,67.1,50100,DNSE
MSN,15,2026-08-07 13:00:00,67.1,67.3,67.0,67.1,146500,DNSE
MSN,15,2026-08-07 13:15:00,67.1,67.3,67.1,67.3,92900,DNSE
MSN,15,2026-08-07 13:30:00,67.3,67.3,67.1,67.1,115300,DNSE
MSN,15,2026-08-07 13:45:00,67.1,67.1,66.8,66.8,186500,DNSE
MSN,15,2026-08-07 14:00:00,66.8,66.9,66.6,66.8,277500,DNSE
MSN,15,2026-08-07 14:15:00,66.7,67.2,66.6,66.9,512800,DNSE
MSN,15,2026-08-07 14:45:00,67.4,67.4,67.4,67.4,336700,DNSE
MSN,15,2026-08-10 09:15:00,67.4,67.5,67.0,67.1,152200,DNSE
MSN,15,2026-08-10 09:30:00,67.0,67.3,66.9,67.0,158800,DNSE
MSN,15,2026-08-10 09:45:00,67.1,67.4,67.0,67.3,144900,DNSE
MSN,15,2026-08-10 10:00:00,67.3,67.5,67.3,67.5,91600,DNSE
MSN,15,2026-08-10 10:15:00,67.4,67.8,67.4,67.6,178000,DNSE
MSN,15,2026-08-10 10:30:00,67.6,67.6,67.4,67.5,73600,DNSE
MSN,15,2026-08-10 10:45:00,67.6,67.9,67.6,67.9,148600,DNSE
MSN,15,2026-08-10 11:00:00,67.9,68.1,67.8,67.9,240500,DNSE
MSN,15,2026-08-10 11:15:00,67.9,67.9,67.8,67.9,119700,DNSE
MSN,15,2026-08-10 13:00:00,67.9,68.0,67.8,67.8,261400,DNSE
MSN,15,2026-08-10 13:15:00,67.8,67.9,67.8,67.9,174200,DNSE
MSN,15,2026-08-10 13:30:00,67.9,68.0,67.8,67.9,168400,DNSE
MSN,15,2026-08-10 13:45:00,67.9,68.0,67.8,67.9,458200,DNSE
MSN,15,2026-08-10 14:00:00,67.9,68.0,67.6,67.7,329800,DNSE
MSN,15,2026-08-10 14:15:00,67.7,67.8,67.5,67.7,209100,DNSE
MSN,15,2026-08-10 14:45:00,67.7,67.7,67.7,67.7,147100,DNSE
MSN,15,2026-08-11 09:15:00,67.8,68.2,67.7,67.8,345500,DNSE
MSN,15,2026-08-11 09:30:00,67.8,67.8,67.5,67.7,172400,DNSE
MSN,15,2026-08-11 09:45:00,67.6,67.9,67.6,67.8,124200,DNSE
MSN,15,2026-08-11 10:00:00,67.8,68.0,67.8,68.0,215000,DNSE
MSN,15,2026-08-11 10:15:00,68.0,68.1,67.9,68.0,119000,DNSE
MSN,15,2026-08-11 10:30:00,68.0,68.0,67.8,67.9,68000,DNSE
MSN,15,2026-08-11 10:45:00,68.0,68.0,67.8,67.9,88400,DNSE
MSN,15,2026-08-11 11:00:00,67.9,67.9,67.8,67.8,55400,DNSE
MSN,15,2026-08-11 11:15:00,67.9,67.9,67.8,67.8,57600,DNSE
MSN,15,2026-08-11 13:00:00,67.8,67.9,67.7,67.8,129900,DNSE
MSN,15,2026-08-11 13:15:00,67.8,67.9,67.8,67.9,170600,DNSE
MSN,15,2026-08-11 13:30:00,67.9,67.9,67.6,67.7,223000,DNSE
MSN,15,2026-08-11 13:45:00,67.7,67.8,67.5,67.5,253400,DNSE
MSN,15,2026-08-11 14:00:00,67.6,67.6,67.3,67.4,396600,DNSE
MSN,15,2026-08-11 14:15:00,67.5,67.5,67.3,67.4,188900,DNSE
MSN,15,2026-08-11 14:45:00,67.1,67.1,67.1,67.1,268500,DNSE
MSN,15,2026-08-12 09:15:00,67.2,67.5,67.2,67.5,83700,DNSE
MSN,15,2026-08-12 09:30:00,67.4,67.5,67.1,67.3,184000,DNSE
MSN,15,2026-08-12 09:45:00,67.4,67.7,67.3,67.7,216200,DNSE
MSN,15,2026-08-12 10:00:00,67.7,67.8,67.4,67.4,122400,DNSE
MSN,15,2026-08-12 10:15:00,67.4,67.4,67.3,67.3,37000,DNSE
MSN,15,2026-08-12 10:30:00,67.3,67.5,67.3,67.4,52700,DNSE
MSN,15,2026-08-12 10:45:00,67.3,67.4,67.2,67.3,65100,DNSE
MSN,15,2026-08-12 11:00:00,67.3,67.4,67.3,67.3,49200,DNSE
MSN,15,2026-08-12 11:15:00,67.3,67.4,67.3,67.4,65900,DNSE
MSN,15,2026-08-12 13:00:00,67.4,67.6,67.4,67.6,159000,DNSE
MSN,15,2026-08-12 13:15:00,67.6,67.6,67.4,67.4,124900,DNSE
MSN,15,2026-08-12 13:30:00,67.4,67.5,67.4,67.4,68000,DNSE
MSN,15,2026-08-12 13:45:00,67.5,67.5,67.3,67.3,158700,DNSE
MSN,15,2026-08-12 14:00:00,67.3,67.4,67.1,67.1,241000,DNSE
MSN,15,2026-08-12 14:15:00,67.1,67.4,66.9,67.2,317300,DNSE
MSN,15,2026-08-12 14:45:00,67.2,67.2,67.2,67.2,94200,DNSE
MSN,15,2026-08-13 09:15:00,67.5,68.3,67.5,67.9,658600,DNSE
MSN,15,2026-08-13 09:30:00,67.9,68.1,67.8,68.0,312800,DNSE
MSN,15,2026-08-13 09:45:00,68.0,68.1,67.8,68.0,275400,DNSE
MSN,15,2026-08-13 10:00:00,68.0,68.1,67.9,68.1,125400,DNSE
MSN,15,2026-08-13 10:15:00,68.0,68.1,67.9,67.9,146900,DNSE
MSN,15,2026-08-13 10:30:00,68.0,68.0,67.9,68.0,58500,DNSE
MSN,15,2026-08-13 10:45:00,67.9,68.0,67.8,67.9,241400,DNSE
MSN,15,2026-08-13 11:00:00,68.0,68.1,67.9,68.1,294500,DNSE
MSN,15,2026-08-13 11:15:00,68.1,68.2,68.0,68.0,290300,DNSE
MSN,15,2026-08-13 13:00:00,68.0,68.2,68.0,68.2,259500,DNSE
MSN,15,2026-08-13 13:15:00,68.1,68.2,67.9,67.9,502300,DNSE
MSN,15,2026-08-13 13:30:00,68.0,68.2,67.8,67.8,567200,DNSE
MSN,15,2026-08-13 13:45:00,67.8,68.0,67.8,67.8,417200,DNSE
MSN,15,2026-08-13 14:00:00,67.8,67.9,67.4,67.8,667800,DNSE
MSN,15,2026-08-13 14:15:00,67.7,67.8,67.6,67.6,409100,DNSE
MSN,15,2026-08-13 14:45:00,67.6,67.6,67.6,67.6,454200,DNSE
MSN,15,2026-08-14 09:15:00,67.4,67.5,67.2,67.4,133500,DNSE
MSN,15,2026-08-14 09:30:00,67.4,67.5,67.0,67.1,257900,DNSE
MSN,15,2026-08-14 09:45:00,67.0,67.9,66.7,67.7,732800,DNSE
MSN,15,2026-08-14 10:00:00,67.7,67.7,67.2,67.4,154900,DNSE
MSN,15,2026-08-14 10:15:00,67.5,67.5,67.2,67.2,149800,DNSE
MSN,15,2026-08-14 10:30:00,67.2,67.5,67.2,67.3,57000,DNSE
MSN,15,2026-08-14 10:45:00,67.3,67.4,67.2,67.4,79900,DNSE
MSN,15,2026-08-14 11:00:00,67.3,67.3,67.1,67.1,165300,DNSE
MSN,15,2026-08-14 11:15:00,67.1,67.1,66.8,66.9,259000,DNSE
MSN,15,2026-08-14 13:00:00,66.9,67.3,66.8,67.0,329600,DNSE
MSN,15,2026-08-14 13:15:00,67.1,67.1,66.9,66.9,194900,DNSE
MSN,15,2026-08-14 13:30:00,66.9,67.0,66.8,66.8,205700,DNSE
MSN,15,2026-08-14 13:45:00,66.8,66.9,66.4,66.8,949300,DNSE
MSN,15,2026-08-14 14:00:00,66.8,66.8,66.1,66.4,645500,DNSE
MSN,15,2026-08-14 14:15:00,66.3,66.4,65.8,66.0,1191800,DNSE
MSN,15,2026-08-14 14:45:00,66.3,66.3,66.3,66.3,818500,DNSE
MSN,15,2026-08-17 09:15:00,66.3,66.7,66.1,66.2,342500,DNSE
MSN,15,2026-08-17 09:30:00,66.2,66.3,66.1,66.3,163400,DNSE
MSN,15,2026-08-17 09:45:00,66.3,66.4,66.3,66.4,81400,DNSE
MSN,15,2026-08-17 10:00:00,66.4,66.4,66.2,66.2,169400,DNSE
MSN,15,2026-08-17 10:15:00,66.3,66.3,66.1,66.1,125200,DNSE
MSN,15,2026-08-17 10:30:00,66.1,66.2,65.9,65.9,163200,DNSE
MSN,15,2026-08-17 10:45:00,65.9,66.1,65.9,66.0,118600,DNSE
MSN,15,2026-08-17 11:00:00,65.9,66.0,65.9,65.9,130900,DNSE
MSN,15,2026-08-17 11:15:00,66.0,66.1,65.9,66.0,83400,DNSE
MSN,15,2026-08-17 13:00:00,66.0,66.3,65.9,66.1,215100,DNSE
MSN,15,2026-08-17 13:15:00,66.2,66.6,66.1,66.6,280300,DNSE
MSN,15,2026-08-17 13:30:00,66.6,66.9,66.4,66.5,258400,DNSE
MSN,15,2026-08-17 13:45:00,66.5,66.8,66.5,66.7,157700,DNSE
MSN,15,2026-08-17 14:00:00,66.7,66.7,66.3,66.3,345000,DNSE
MSN,15,2026-08-17 14:15:00,66.3,66.5,66.2,66.4,334200,DNSE
MSN,15,2026-08-17 14:45:00,66.9,66.9,66.9,66.9,338100,DNSE
MSN,15,2026-08-18 09:15:00,66.9,66.9,66.7,66.8,58700,DNSE
MSN,15,2026-08-18 09:30:00,66.8,66.9,66.7,66.8,37200,DNSE
MSN,15,2026-08-18 09:45:00,66.8,67.1,66.8,67.1,98100,DNSE
MSN,15,2026-08-18 10:00:00,67.1,67.3,67.0,67.1,141500,DNSE
MSN,15,2026-08-18 10:15:00,67.1,67.2,66.9,66.9,71100,DNSE
MSN,15,2026-08-18 10:30:00,66.9,67.0,66.8,66.9,57600,DNSE
MSN,15,2026-08-18 10:45:00,66.9,66.9,66.8,66.9,35900,DNSE
MSN,15,2026-08-18 11:00:00,66.9,67.0,66.8,66.9,29900,DNSE
MSN,15,2026-08-18 11:15:00,66.9,66.9,66.8,66.8,66800,DNSE
MSN,15,2026-08-18 13:00:00,66.8,66.8,66.5,66.6,151100,DNSE
MSN,15,2026-08-18 13:15:00,66.5,66.6,66.4,66.4,185200,DNSE
MSN,15,2026-08-18 13:30:00,66.4,66.7,66.4,66.4,148400,DNSE
MSN,15,2026-08-18 13:45:00,66.5,66.5,66.2,66.3,188400,DNSE
MSN,15,2026-08-18 14:00:00,66.3,66.3,66.1,66.2,174100,DNSE
MSN,15,2026-08-18 14:15:00,66.3,66.8,66.2,66.7,230900,DNSE
MSN,15,2026-08-18 14:45:00,66.8,66.8,66.8,66.8,608100,DNSE
MSN,15,2026-08-19 09:15:00,66.7,66.8,66.4,66.5,27700,DNSE
MSN,15,2026-08-19 09:30:00,66.6,66.6,66.3,66.4,41500,DNSE
MSN,15,2026-08-19 09:45:00,66.4,66.7,66.3,66.4,54800,DNSE
MSN,15,2026-08-19 10:00:00,66.4,66.6,66.4,66.6,45600,DNSE
MSN,15,2026-08-19 10:15:00,66.6,66.8,66.4,66.7,53000,DNSE
MSN,15,2026-08-19 10:30:00,66.5,66.7,66.2,66.2,131000,DNSE
MSN,15,2026-08-19 10:45:00,66.2,66.3,65.9,66.0,333500,DNSE
MSN,15,2026-08-19 11:00:00,66.0,66.0,65.7,65.8,193200,DNSE
MSN,15,2026-08-19 11:15:00,65.8,65.9,65.6,65.9,263100,DNSE
MSN,15,2026-08-19 13:00:00,65.9,66.1,65.8,65.9,104300,DNSE
MSN,15,2026-08-19 13:15:00,65.9,66.1,65.8,65.9,227700,DNSE
MSN,15,2026-08-19 13:30:00,65.9,66.0,65.8,65.9,169700,DNSE
MSN,15,2026-08-19 13:45:00,65.9,65.9,65.5,65.6,320900,DNSE
MSN,15,2026-08-19 14:00:00,65.6,65.8,65.5,65.6,336800,DNSE
MSN,15,2026-08-19 14:15:00,65.6,65.8,65.5,65.8,458700,DNSE
MSN,15,2026-08-19 14:45:00,66.4,66.4,66.4,66.4,745500,DNSE
MSN,15,2026-08-20 09:15:00,66.5,67.0,66.4,66.4,242200,DNSE
MSN,15,2026-08-20 09:30:00,66.4,66.8,66.4,66.5,148500,DNSE
MSN,15,2026-08-20 09:45:00,66.5,66.7,66.5,66.5,41700,DNSE
MSN,15,2026-08-20 10:00:00,66.6,66.6,66.5,66.5,60400,DNSE
MSN,15,2026-08-20 10:15:00,66.5,66.6,66.3,66.4,119700,DNSE
MSN,15,2026-08-20 10:30:00,66.4,66.5,66.3,66.4,45300,DNSE
MSN,15,2026-08-20 10:45:00,66.4,66.5,66.3,66.5,22200,DNSE
MSN,15,2026-08-20 11:00:00,66.5,66.7,66.5,66.6,150500,DNSE
MSN,15,2026-08-20 11:15:00,66.6,66.6,66.5,66.6,72000,DNSE
MSN,15,2026-08-20 13:00:00,66.6,66.8,66.5,66.8,132900,DNSE
MSN,15,2026-08-20 13:15:00,66.8,67.9,66.8,67.8,1309400,DNSE
MSN,15,2026-08-20 13:30:00,67.8,68.2,67.5,68.2,1207400,DNSE
MSN,15,2026-08-20 13:45:00,68.2,68.8,68.1,68.7,1220400,DNSE
MSN,15,2026-08-20 14:00:00,68.8,68.9,68.1,68.3,1258000,DNSE
MSN,15,2026-08-20 14:15:00,68.3,68.4,68.0,68.3,824600,DNSE
MSN,15,2026-08-20 14:45:00,68.1,68.1,68.1,68.1,276900,DNSE
MSN,15,2026-08-21 09:15:00,68.2,68.7,68.0,68.0,294700,DNSE
MSN,15,2026-08-21 09:30:00,68.1,68.2,67.9,68.1,103800,DNSE
MSN,15,2026-08-21 09:45:00,68.2,68.4,68.1,68.3,150200,DNSE
MSN,15,2026-08-21 10:00:00,68.3,69.1,68.2,68.9,832800,DNSE
MSN,15,2026-08-21 10:15:00,68.9,69.4,68.8,68.9,1076000,DNSE
MSN,15,2026-08-21 10:30:00,69.0,69.2,68.9,69.0,215200,DNSE
MSN,15,2026-08-21 10:45:00,69.0,69.1,68.9,69.1,229800,DNSE
MSN,15,2026-08-21 11:00:00,69.1,69.2,68.9,69.1,251600,DNSE
MSN,15,2026-08-21 11:15:00,69.1,69.3,69.0,69.2,231000,DNSE
MSN,15,2026-08-21 13:00:00,69.1,69.3,69.0,69.3,555700,DNSE
MSN,15,2026-08-21 13:15:00,69.3,69.6,69.1,69.6,750800,DNSE
MSN,15,2026-08-21 13:30:00,69.6,69.9,69.3,69.9,676400,DNSE
MSN,15,2026-08-21 13:45:00,69.9,70.2,69.8,70.1,804500,DNSE
MSN,15,2026-08-21 14:00:00,70.1,70.1,69.6,69.7,606000,DNSE
MSN,15,2026-08-21 14:15:00,69.7,69.9,69.6,69.8,415100,DNSE
MSN,15,2026-08-21 14:45:00,69.8,69.8,69.8,69.8,241600,DNSE
MSN,15,2026-08-24 09:15:00,70.7,70.8,70.0,70.0,742400,DNSE
MSN,15,2026-08-24 09:30:00,70.0,70.4,70.0,70.4,413300,DNSE
MSN,15,2026-08-24 09:45:00,70.4,70.7,70.3,70.3,450500,DNSE
MSN,15,2026-08-24 10:00:00,70.3,70.4,70.2,70.2,142300,DNSE
MSN,15,2026-08-24 10:15:00,70.2,70.3,70.1,70.1,97700,DNSE
MSN,15,2026-08-24 10:30:00,70.1,70.3,70.0,70.1,214000,DNSE
MSN,15,2026-08-24 10:45:00,70.1,70.2,70.0,70.1,234800,DNSE
MSN,15,2026-08-24 11:00:00,70.1,70.2,69.9,70.0,161800,DNSE
MSN,15,2026-08-24 11:15:00,70.1,70.1,70.0,70.0,56600,DNSE
MSN,15,2026-08-24 13:00:00,70.0,70.2,69.7,69.8,529100,DNSE
MSN,15,2026-08-24 13:15:00,69.8,70.0,69.6,69.8,269600,DNSE
MSN,15,2026-08-24 13:30:00,69.8,69.9,69.6,69.7,141500,DNSE
MSN,15,2026-08-24 13:45:00,69.6,69.8,69.5,69.6,237900,DNSE
MSN,15,2026-08-24 14:00:00,69.6,69.9,69.5,69.9,242400,DNSE
MSN,15,2026-08-24 14:15:00,69.9,69.9,69.7,69.8,203400,DNSE
MSN,15,2026-08-24 14:45:00,70.0,70.0,70.0,70.0,577800,DNSE
MSN,15,2026-08-25 09:15:00,70.0,70.5,70.0,70.1,260500,DNSE
MSN,15,2026-08-25 09:30:00,70.1,70.2,69.8,70.1,241100,DNSE
MSN,15,2026-08-25 09:45:00,70.0,70.0,69.5,69.8,435100,DNSE
MSN,15,2026-08-25 10:00:00,69.8,70.1,69.7,69.8,184500,DNSE
MSN,15,2026-08-25 10:15:00,70.0,70.0,69.7,69.9,240800,DNSE
MSN,15,2026-08-25 10:30:00,69.8,69.9,69.6,69.8,148800,DNSE
MSN,15,2026-08-25 10:45:00,69.7,69.8,69.6,69.7,130100,DNSE
MSN,15,2026-08-25 11:00:00,69.7,69.7,69.5,69.7,88500,DNSE
MSN,15,2026-08-25 11:15:00,69.6,69.7,69.5,69.6,110100,DNSE
MSN,15,2026-08-25 13:00:00,69.5,69.7,69.4,69.5,406200,DNSE
MSN,15,2026-08-25 13:15:00,69.5,69.6,69.2,69.2,378400,DNSE
MSN,15,2026-08-25 13:30:00,69.3,69.5,69.2,69.3,283400,DNSE
MSN,15,2026-08-25 13:45:00,69.2,69.4,69.1,69.1,264300,DNSE
MSN,15,2026-08-25 14:00:00,69.1,69.4,69.0,69.4,466000,DNSE
MSN,15,2026-08-25 14:15:00,69.4,69.6,69.1,69.5,399700,DNSE
MSN,15,2026-08-25 14:45:00,69.5,69.5,69.5,69.5,606000,DNSE
MSN,15,2026-08-26 09:15:00,69.5,69.7,69.1,69.3,150700,DNSE
MSN,15,2026-08-26 09:30:00,69.3,69.5,69.2,69.5,86100,DNSE
MSN,15,2026-08-26 09:45:00,69.4,69.5,69.3,69.4,47400,DNSE
MSN,15,2026-08-26 10:00:00,69.4,69.4,69.2,69.3,88200,DNSE
MSN,15,2026-08-26 10:15:00,69.2,69.3,69.1,69.1,163700,DNSE
MSN,15,2026-08-26 10:30:00,69.1,69.4,69.1,69.3,74500,DNSE
MSN,15,2026-08-26 10:45:00,69.3,69.4,69.2,69.3,80700,DNSE
MSN,15,2026-08-26 11:00:00,69.3,69.4,69.2,69.4,149900,DNSE
MSN,15,2026-08-26 11:15:00,69.4,69.4,69.2,69.3,223400,DNSE
MSN,15,2026-08-26 13:00:00,69.3,69.4,69.2,69.4,98300,DNSE
MSN,15,2026-08-26 13:15:00,69.3,69.6,69.3,69.5,202100,DNSE
MSN,15,2026-08-26 13:30:00,69.5,70.0,69.5,69.9,448600,DNSE
MSN,15,2026-08-26 13:45:00,69.9,70.3,69.9,70.3,646800,DNSE
MSN,15,2026-08-26 14:00:00,70.3,70.3,69.8,69.9,355400,DNSE
MSN,15,2026-08-26 14:15:00,69.9,70.3,69.9,70.2,680800,DNSE
MSN,15,2026-08-26 14:45:00,70.1,70.1,70.1,70.1,322900,DNSE
MSN,15,2026-08-27 09:15:00,70.3,70.8,70.2,70.2,485500,DNSE
MSN,15,2026-08-27 09:30:00,70.2,70.3,69.7,69.7,288500,DNSE
MSN,15,2026-08-27 09:45:00,69.7,70.2,69.6,70.1,218900,DNSE
MSN,15,2026-08-27 10:00:00,70.1,70.2,70.1,70.1,63700,DNSE
MSN,15,2026-08-27 10:15:00,70.1,70.2,69.9,70.1,206800,DNSE
MSN,15,2026-08-27 10:30:00,70.1,70.1,69.9,70.1,117900,DNSE
MSN,15,2026-08-27 10:45:00,70.0,70.1,69.9,70.1,107000,DNSE
MSN,15,2026-08-27 11:00:00,70.1,70.1,69.9,70.0,58000,DNSE
MSN,15,2026-08-27 11:15:00,70.0,70.0,69.8,69.8,103800,DNSE
MSN,15,2026-08-27 13:00:00,69.9,70.0,69.7,69.9,188100,DNSE
MSN,15,2026-08-27 13:15:00,69.9,70.2,69.9,70.1,148800,DNSE
MSN,15,2026-08-27 13:30:00,70.1,71.1,70.0,70.7,1378700,DNSE
MSN,15,2026-08-27 13:45:00,70.7,71.0,70.6,70.7,595100,DNSE
MSN,15,2026-08-27 14:00:00,70.7,70.8,70.5,70.7,304600,DNSE
MSN,15,2026-08-27 14:15:00,70.6,70.8,70.5,70.6,274500,DNSE
MSN,15,2026-08-27 14:45:00,70.2,70.2,70.2,70.2,270900,DNSE
MSN,15,2026-08-28 09:15:00,70.6,70.6,70.1,70.2,148400,DNSE
MSN,15,2026-08-28 09:30:00,70.2,70.3,70.1,70.1,93300,DNSE
MSN,15,2026-08-28 09:45:00,70.1,70.2,69.8,70.0,106300,DNSE
MSN,15,2026-08-28 10:00:00,69.9,70.1,69.9,69.9,141300,DNSE
MSN,15,2026-08-28 10:15:00,70.0,70.0,69.9,70.0,259200,DNSE
MSN,15,2026-08-28 10:30:00,69.9,70.2,69.9,70.2,118100,DNSE
MSN,15,2026-08-28 10:45:00,70.2,70.4,70.1,70.2,133900,DNSE
MSN,15,2026-08-28 11:00:00,70.2,70.4,70.2,70.2,93100,DNSE
MSN,15,2026-08-28 11:15:00,70.2,70.3,70.1,70.1,135500,DNSE
MSN,15,2026-08-28 13:00:00,70.1,70.2,70.0,70.1,267100,DNSE
MSN,15,2026-08-28 13:15:00,70.1,70.4,70.1,70.3,241600,DNSE
MSN,15,2026-08-28 13:30:00,70.3,70.4,70.2,70.2,156600,DNSE
MSN,15,2026-08-28 13:45:00,70.3,70.5,70.2,70.3,166900,DNSE
MSN,15,2026-08-28 14:00:00,70.3,70.5,70.2,70.4,206900,DNSE
MSN,15,2026-08-28 14:15:00,70.3,70.4,70.0,70.0,494700,DNSE
MSN,15,2026-08-28 14:45:00,70.2,70.2,70.2,70.2,572100,DNSE
MSN,15,2026-09-03 09:15:00,69.5,69.6,68.9,69.1,628400,DNSE
MSN,15,2026-09-03 09:30:00,69.1,69.1,68.7,68.7,416100,DNSE
MSN,15,2026-09-03 09:45:00,68.7,68.9,68.5,68.5,494800,DNSE
MSN,15,2026-09-03 10:00:00,68.5,68.7,68.3,68.4,419500,DNSE
MSN,15,2026-09-03 10:15:00,68.4,68.7,68.3,68.7,199200,DNSE
MSN,15,2026-09-03 10:30:00,68.7,68.8,68.5,68.8,128800,DNSE
MSN,15,2026-09-03 10:45:00,68.8,68.8,68.6,68.6,177400,DNSE
MSN,15,2026-09-03 11:00:00,68.6,68.7,68.5,68.6,272700,DNSE
MSN,15,2026-09-03 11:15:00,68.6,68.8,68.6,68.8,70100,DNSE
MSN,15,2026-09-03 13:00:00,68.8,68.8,68.5,68.5,229500,DNSE
MSN,15,2026-09-03 13:15:00,68.6,68.8,68.5,68.6,357500,DNSE
MSN,15,2026-09-03 13:30:00,68.6,68.6,68.3,68.4,500600,DNSE
MSN,15,2026-09-03 13:45:00,68.4,68.7,68.3,68.6,327600,DNSE
MSN,15,2026-09-03 14:00:00,68.6,68.7,68.5,68.5,187700,DNSE
MSN,15,2026-09-03 14:15:00,68.5,68.6,68.4,68.5,354200,DNSE
MSN,15,2026-09-03 14:45:00,69.0,69.0,69.0,69.0,702300,DNSE
MSN,15,2026-09-04 09:15:00,68.5,69.1,68.5,69.1,177300,DNSE
MSN,15,2026-09-04 09:30:00,69.0,69.1,68.9,69.0,140400,DNSE
MSN,15,2026-09-04 09:45:00,69.0,69.0,68.6,68.7,251200,DNSE
MSN,15,2026-09-04 10:00:00,68.7,68.8,68.6,68.6,88400,DNSE
MSN,15,2026-09-04 10:15:00,68.6,68.8,68.6,68.8,67600,DNSE
MSN,15,2026-09-04 10:30:00,68.7,68.8,68.6,68.8,88500,DNSE
MSN,15,2026-09-04 10:45:00,68.8,68.8,68.6,68.7,96600,DNSE
MSN,15,2026-09-04 11:00:00,68.7,68.7,68.6,68.7,92600,DNSE
MSN,15,2026-09-04 11:15:00,68.6,68.8,68.6,68.6,106100,DNSE
MSN,15,2026-09-04 13:00:00,68.7,69.1,68.6,68.9,277700,DNSE
MSN,15,2026-09-04 13:15:00,68.9,69.0,68.8,68.8,161400,DNSE
MSN,15,2026-09-04 13:30:00,68.8,69.0,68.7,68.9,124600,DNSE
MSN,15,2026-09-04 13:45:00,68.9,69.1,68.9,68.9,158900,DNSE
MSN,15,2026-09-04 14:00:00,68.9,69.0,68.7,68.7,341500,DNSE
MSN,15,2026-09-04 14:15:00,68.8,69.0,68.7,69.0,218400,DNSE
MSN,15,2026-09-04 14:45:00,69.0,69.0,69.0,69.0,397300,DNSE
MSN,15,2026-09-07 09:15:00,69.0,69.0,68.4,68.4,219500,DNSE
MSN,15,2026-09-07 09:30:00,68.4,68.8,68.3,68.7,237800,DNSE
MSN,15,2026-09-07 09:45:00,68.8,68.8,68.5,68.5,119600,DNSE
MSN,15,2026-09-07 10:00:00,68.5,68.6,68.5,68.6,145100,DNSE
MSN,15,2026-09-07 10:15:00,68.7,68.7,68.5,68.5,109000,DNSE
MSN,15,2026-09-07 10:30:00,68.5,68.6,68.4,68.4,100800,DNSE
MSN,15,2026-09-07 10:45:00,68.5,68.7,68.4,68.6,378400,DNSE
MSN,15,2026-09-07 11:00:00,68.6,68.6,68.5,68.6,141200,DNSE
MSN,15,2026-09-07 11:15:00,68.6,68.6,68.4,68.5,215100,DNSE
MSN,15,2026-09-07 13:00:00,68.5,68.6,68.4,68.5,212000,DNSE
MSN,15,2026-09-07 13:15:00,68.5,68.6,68.4,68.5,151400,DNSE
MSN,15,2026-09-07 13:30:00,68.4,68.5,68.4,68.4,190300,DNSE
MSN,15,2026-09-07 13:45:00,68.4,68.5,68.3,68.4,255100,DNSE
MSN,15,2026-09-07 14:00:00,68.4,68.4,68.3,68.3,539100,DNSE
MSN,15,2026-09-07 14:15:00,68.3,68.4,68.1,68.4,343300,DNSE
MSN,15,2026-09-07 14:45:00,68.6,68.6,68.6,68.6,324600,DNSE
MSN,15,2026-09-08 09:15:00,68.4,68.6,68.4,68.5,79700,DNSE
MSN,15,2026-09-08 09:30:00,68.4,68.5,68.4,68.5,59800,DNSE
MSN,15,2026-09-08 09:45:00,68.5,68.5,68.3,68.3,129100,DNSE
MSN,15,2026-09-08 10:00:00,68.3,68.4,68.2,68.3,129200,DNSE
MSN,15,2026-09-08 10:15:00,68.3,68.3,68.2,68.3,172400,DNSE
MSN,15,2026-09-08 10:30:00,68.3,68.4,68.2,68.4,221400,DNSE
MSN,15,2026-09-08 10:45:00,68.4,68.4,68.3,68.4,121200,DNSE
MSN,15,2026-09-08 11:00:00,68.3,68.4,68.2,68.2,223600,DNSE
MSN,15,2026-09-08 11:15:00,68.2,68.3,68.2,68.2,120600,DNSE
MSN,15,2026-09-08 13:00:00,68.3,68.3,68.2,68.3,262400,DNSE
MSN,15,2026-09-08 13:15:00,68.4,68.4,68.3,68.3,192200,DNSE
MSN,15,2026-09-08 13:30:00,68.3,68.4,68.3,68.3,134500,DNSE
MSN,15,2026-09-08 13:45:00,68.4,68.4,68.2,68.3,193700,DNSE
MSN,15,2026-09-08 14:00:00,68.3,68.3,68.2,68.2,257100,DNSE
MSN,15,2026-09-08 14:15:00,68.2,68.3,68.1,68.3,275200,DNSE
MSN,15,2026-09-08 14:45:00,68.4,68.4,68.4,68.4,552500,DNSE
MSN,15,2026-09-09 09:15:00,68.4,68.4,68.2,68.4,89900,DNSE
MSN,15,2026-09-09 09:30:00,68.4,69.3,68.3,69.0,423000,DNSE
MSN,15,2026-09-09 09:45:00,68.9,69.0,68.8,68.8,71700,DNSE
MSN,15,2026-09-09 10:00:00,68.9,69.0,68.8,69.0,168900,DNSE
MSN,15,2026-09-09 10:15:00,69.0,69.0,68.8,68.9,93300,DNSE
MSN,15,2026-09-09 10:30:00,68.9,69.0,68.8,68.9,87000,DNSE
MSN,15,2026-09-09 10:45:00,69.0,69.0,68.9,69.0,85300,DNSE
MSN,15,2026-09-09 11:00:00,68.9,69.0,68.9,68.9,68100,DNSE
MSN,15,2026-09-09 11:15:00,68.9,68.9,68.8,68.8,101800,DNSE
MSN,15,2026-09-09 13:00:00,68.7,68.8,68.6,68.6,80100,DNSE
MSN,15,2026-09-09 13:15:00,68.7,68.7,68.6,68.6,81900,DNSE
MSN,15,2026-09-09 13:30:00,68.7,68.7,68.6,68.7,73200,DNSE
MSN,15,2026-09-09 13:45:00,68.7,68.7,68.5,68.5,184700,DNSE
MSN,15,2026-09-09 14:00:00,68.5,68.6,68.3,68.4,178500,DNSE
MSN,15,2026-09-09 14:15:00,68.4,68.5,68.3,68.3,216500,DNSE
MSN,15,2026-09-09 14:45:00,68.4,68.4,68.4,68.4,248500,DNSE
MSN,15,2026-09-10 09:15:00,68.0,68.4,68.0,68.4,143200,DNSE
MSN,15,2026-09-10 09:30:00,68.4,68.8,68.3,68.7,100700,DNSE
MSN,15,2026-09-10 09:45:00,68.7,68.8,68.6,68.6,103300,DNSE
MSN,15,2026-09-10 10:00:00,68.6,68.7,68.5,68.7,131700,DNSE
MSN,15,2026-09-10 10:15:00,68.8,68.9,68.6,68.7,279100,DNSE
MSN,15,2026-09-10 10:30:00,68.7,68.7,68.5,68.5,80400,DNSE
MSN,15,2026-09-10 10:45:00,68.6,68.6,68.5,68.6,128000,DNSE
MSN,15,2026-09-10 11:00:00,68.5,68.6,68.5,68.6,89100,DNSE
MSN,15,2026-09-10 11:15:00,68.6,68.8,68.5,68.8,175500,DNSE
MSN,15,2026-09-10 13:00:00,68.8,69.0,68.7,68.9,349200,DNSE
MSN,15,2026-09-10 13:15:00,68.9,68.9,68.6,68.8,155200,DNSE
MSN,15,2026-09-10 13:30:00,68.8,68.9,68.7,68.9,380600,DNSE
MSN,15,2026-09-10 13:45:00,68.8,68.9,68.7,68.8,226200,DNSE
MSN,15,2026-09-10 14:00:00,68.8,69.0,68.8,68.9,348200,DNSE
MSN,15,2026-09-10 14:15:00,68.9,69.0,68.8,68.9,300500,DNSE
MSN,15,2026-09-10 14:45:00,68.7,68.7,68.7,68.7,115500,DNSE
MSN,15,2026-09-11 09:15:00,68.6,68.7,68.3,68.3,300700,DNSE
MSN,15,2026-09-11 09:30:00,68.3,68.4,68.2,68.3,111600,DNSE
MSN,15,2026-09-11 09:45:00,68.4,68.4,68.2,68.2,140700,DNSE
MSN,15,2026-09-11 10:00:00,68.2,68.3,67.6,67.8,577300,DNSE
MSN,15,2026-09-11 10:15:00,67.8,67.9,67.7,67.9,111200,DNSE
MSN,15,2026-09-11 10:30:00,67.8,68.0,67.8,67.8,124700,DNSE
MSN,15,2026-09-11 10:45:00,67.9,67.9,67.7,67.8,92500,DNSE
MSN,15,2026-09-11 11:00:00,67.7,67.8,67.6,67.7,104900,DNSE
MSN,15,2026-09-11 11:15:00,67.6,67.7,67.2,67.4,388400,DNSE
MSN,15,2026-09-11 13:00:00,67.4,67.6,67.3,67.3,139600,DNSE
MSN,15,2026-09-11 13:15:00,67.3,67.7,67.3,67.6,158700,DNSE
MSN,15,2026-09-11 13:30:00,67.5,67.6,67.3,67.4,244200,DNSE
MSN,15,2026-09-11 13:45:00,67.3,67.4,67.2,67.2,417000,DNSE
MSN,15,2026-09-11 14:00:00,67.2,67.3,66.8,67.0,619000,DNSE
MSN,15,2026-09-11 14:15:00,67.1,67.2,66.9,67.0,348700,DNSE
MSN,15,2026-09-11 14:45:00,66.5,66.5,66.5,66.5,726800,DNSE
MSN,15,2026-09-14 09:15:00,66.7,66.9,66.5,66.8,196000,DNSE
MSN,15,2026-09-14 09:30:00,66.8,66.9,66.5,66.7,157500,DNSE
MSN,15,2026-09-14 09:45:00,66.7,67.0,66.6,66.6,291900,DNSE
MSN,15,2026-09-14 10:00:00,66.7,66.7,66.4,66.5,165000,DNSE
MSN,15,2026-09-14 10:15:00,66.5,66.8,66.4,66.8,160100,DNSE
MSN,15,2026-09-14 10:30:00,66.7,66.8,66.6,66.6,34500,DNSE
MSN,15,2026-09-14 10:45:00,66.6,66.8,66.6,66.8,47400,DNSE
MSN,15,2026-09-14 11:00:00,66.7,66.8,66.5,66.6,89700,DNSE
MSN,15,2026-09-14 11:15:00,66.6,66.6,66.5,66.5,62600,DNSE
MSN,15,2026-09-14 13:00:00,66.5,66.6,66.4,66.4,197200,DNSE
MSN,15,2026-09-14 13:15:00,66.3,66.4,66.2,66.3,166600,DNSE
MSN,15,2026-09-14 13:30:00,66.4,66.4,65.7,65.7,601900,DNSE
MSN,15,2026-09-14 13:45:00,65.8,66.0,65.5,65.9,355300,DNSE
MSN,15,2026-09-14 14:00:00,65.9,65.9,65.4,65.5,363500,DNSE
MSN,15,2026-09-14 14:15:00,65.5,66.6,65.3,66.5,879700,DNSE
MSN,15,2026-09-14 14:45:00,66.6,66.6,66.6,66.6,481600,DNSE
MSN,15,2026-09-15 09:15:00,66.6,67.0,66.6,66.8,276400,DNSE
MSN,15,2026-09-15 09:30:00,66.8,66.9,66.7,66.8,115500,DNSE
MSN,15,2026-09-15 09:45:00,66.8,66.9,66.4,66.4,194500,DNSE
MSN,15,2026-09-15 10:00:00,66.4,66.8,66.4,66.8,100400,DNSE
MSN,15,2026-09-15 10:15:00,66.7,67.0,66.7,67.0,137800,DNSE
MSN,15,2026-09-15 10:30:00,67.1,67.1,67.0,67.1,87100,DNSE
MSN,15,2026-09-15 10:45:00,67.1,67.1,66.8,66.8,98400,DNSE
MSN,15,2026-09-15 11:00:00,66.9,66.9,66.8,66.9,47800,DNSE
MSN,15,2026-09-15 11:15:00,66.9,67.0,66.8,66.9,54100,DNSE
MSN,15,2026-09-15 13:00:00,66.9,67.0,66.7,66.9,147800,DNSE
MSN,15,2026-09-15 13:15:00,67.0,67.2,66.9,67.2,139400,DNSE
MSN,15,2026-09-15 13:30:00,67.2,67.2,66.9,67.0,98700,DNSE
MSN,15,2026-09-15 13:45:00,66.9,67.3,66.9,67.3,136100,DNSE
MSN,15,2026-09-15 14:00:00,67.3,67.3,67.2,67.3,55000,DNSE
MSN,15,2026-09-15 14:15:00,67.3,67.4,67.2,67.3,192000,DNSE
MSN,15,2026-09-15 14:45:00,67.4,67.4,67.4,67.4,223100,DNSE
MSN,15,2026-09-16 09:15:00,67.4,67.6,67.2,67.3,120700,DNSE
MSN,15,2026-09-16 09:30:00,67.2,67.3,67.1,67.1,32800,DNSE
MSN,15,2026-09-16 09:45:00,67.1,67.2,66.9,67.0,62000,DNSE
MSN,15,2026-09-16 10:00:00,67.0,67.0,66.7,66.9,97900,DNSE
MSN,15,2026-09-16 10:15:00,66.9,67.3,66.8,67.0,169700,DNSE
MSN,15,2026-09-16 10:30:00,67.0,67.0,66.8,66.8,43200,DNSE
MSN,15,2026-09-16 10:45:00,66.8,67.1,66.8,66.9,59500,DNSE
MSN,15,2026-09-16 11:00:00,66.9,67.0,66.8,66.8,52700,DNSE
MSN,15,2026-09-16 11:15:00,66.9,67.0,66.8,67.0,92500,DNSE
MSN,15,2026-09-16 13:00:00,66.9,67.0,66.7,66.9,92300,DNSE
MSN,15,2026-09-16 13:15:00,66.9,67.0,66.7,66.8,86100,DNSE
MSN,15,2026-09-16 13:30:00,66.9,67.0,66.7,66.8,114300,DNSE
MSN,15,2026-09-16 13:45:00,66.8,66.9,66.7,66.9,98100,DNSE
MSN,15,2026-09-16 14:00:00,66.9,67.0,66.7,67.0,250500,DNSE
MSN,15,2026-09-16 14:15:00,67.0,67.5,66.9,67.3,660000,DNSE
MSN,15,2026-09-16 14:45:00,67.4,67.4,67.4,67.4,567800,DNSE
MSN,15,2026-09-17 09:15:00,67.1,67.6,66.9,67.5,205500,DNSE
MSN,15,2026-09-17 09:30:00,67.4,67.5,67.2,67.3,70500,DNSE
MSN,15,2026-09-17 09:45:00,67.3,67.6,67.3,67.5,132600,DNSE
MSN,15,2026-09-17 10:00:00,67.5,67.6,67.5,67.6,79000,DNSE
MSN,15,2026-09-17 10:15:00,67.7,68.2,67.6,68.0,441700,DNSE
MSN,15,2026-09-17 10:30:00,68.0,68.0,67.8,67.9,98300,DNSE
MSN,15,2026-09-17 10:45:00,67.9,68.1,67.8,68.1,144300,DNSE
MSN,15,2026-09-17 11:00:00,68.1,68.2,68.0,68.0,98500,DNSE
MSN,15,2026-09-17 11:15:00,68.1,68.1,67.9,67.9,95100,DNSE
MSN,15,2026-09-17 13:00:00,68.0,68.1,67.9,68.0,186600,DNSE
MSN,15,2026-09-17 13:15:00,68.1,68.1,67.8,67.9,105700,DNSE
MSN,15,2026-09-17 13:30:00,67.9,68.2,67.8,68.1,318100,DNSE
MSN,15,2026-09-17 13:45:00,68.2,68.2,67.7,67.7,203200,DNSE
MSN,15,2026-09-17 14:00:00,67.7,68.0,67.7,68.0,83400,DNSE
MSN,15,2026-09-17 14:15:00,68.0,68.2,67.9,68.2,664300,DNSE
MSN,15,2026-09-17 14:45:00,67.7,67.7,67.7,67.7,373200,DNSE
MSN,15,2026-09-18 09:15:00,68.2,68.7,68.2,68.5,267900,DNSE
MSN,15,2026-09-18 09:30:00,68.5,68.6,68.4,68.4,74600,DNSE
MSN,15,2026-09-18 09:45:00,68.4,69.3,68.4,69.2,622000,DNSE
MSN,15,2026-09-18 10:00:00,69.1,69.3,69.0,69.2,285500,DNSE
MSN,15,2026-09-18 10:15:00,69.2,69.5,69.2,69.2,356300,DNSE
MSN,15,2026-09-18 10:30:00,69.4,69.4,68.9,69.1,293900,DNSE
MSN,15,2026-09-18 10:45:00,69.1,69.3,69.0,69.1,173700,DNSE
MSN,15,2026-09-18 11:00:00,69.1,69.4,69.0,69.3,333000,DNSE
MSN,15,2026-09-18 11:15:00,69.3,69.4,69.1,69.2,122600,DNSE
MSN,15,2026-09-18 13:00:00,69.2,69.3,69.0,69.0,185700,DNSE
MSN,15,2026-09-18 13:15:00,69.1,69.2,69.0,69.1,364500,DNSE
MSN,15,2026-09-18 13:30:00,69.0,69.1,68.9,68.9,305800,DNSE
MSN,15,2026-09-18 13:45:00,68.9,69.0,68.8,68.9,101200,DNSE
MSN,15,2026-09-18 14:00:00,68.9,69.0,68.8,68.8,344300,DNSE
MSN,15,2026-09-18 14:15:00,68.8,68.9,68.6,68.9,333900,DNSE
MSN,15,2026-09-18 14:45:00,68.4,68.4,68.4,68.4,3319900,DNSE
MSN,15,2026-09-21 09:15:00,69.2,69.3,68.5,68.5,259900,DNSE
MSN,15,2026-09-21 09:30:00,68.5,68.6,68.3,68.5,159400,DNSE
MSN,15,2026-09-21 09:45:00,68.5,68.8,68.3,68.4,312400,DNSE
MSN,15,2026-09-21 10:00:00,68.4,68.6,68.4,68.4,118100,DNSE
MSN,15,2026-09-21 10:15:00,68.4,68.8,68.3,68.6,248000,DNSE
MSN,15,2026-09-21 10:30:00,68.6,68.6,68.4,68.4,62400,DNSE
MSN,15,2026-09-21 10:45:00,68.4,68.6,68.4,68.5,56500,DNSE
MSN,15,2026-09-21 11:00:00,68.5,68.6,68.3,68.3,122400,DNSE
MSN,15,2026-09-21 11:15:00,68.3,68.4,68.3,68.3,64200,DNSE
MSN,15,2026-09-21 13:00:00,68.3,68.4,68.0,68.0,242000,DNSE
MSN,15,2026-09-21 13:15:00,68.0,68.0,67.7,68.0,240600,DNSE
MSN,15,2026-09-21 13:30:00,67.9,68.0,67.6,67.7,188900,DNSE
MSN,15,2026-09-21 13:45:00,67.7,67.8,67.5,67.6,287800,DNSE
MSN,15,2026-09-21 14:00:00,67.5,67.8,67.4,67.6,260200,DNSE
MSN,15,2026-09-21 14:15:00,67.6,68.3,67.1,67.7,612400,DNSE
MSN,15,2026-09-21 14:45:00,67.7,67.7,67.7,67.7,396700,DNSE
MWG,15,2026-07-23 09:15:00,69.42,69.42,66.07,66.86,1562800,DNSE
MWG,15,2026-07-23 09:30:00,66.66,67.94,66.66,67.84,625200,DNSE
MWG,15,2026-07-23 09:45:00,67.84,67.84,66.37,66.46,764200,DNSE
MWG,15,2026-07-23 10:00:00,66.46,67.84,66.27,66.96,426200,DNSE
MWG,15,2026-07-23 10:15:00,66.96,67.45,66.86,67.45,168000,DNSE
MWG,15,2026-07-23 10:30:00,67.35,67.45,66.86,66.96,404600,DNSE
MWG,15,2026-07-23 10:45:00,66.96,67.06,66.37,66.86,506500,DNSE
MWG,15,2026-07-23 11:00:00,66.86,66.86,66.17,66.56,598200,DNSE
MWG,15,2026-07-23 11:15:00,66.76,66.86,66.46,66.46,398000,DNSE
MWG,15,2026-07-23 13:00:00,66.46,67.94,66.37,67.94,534600,DNSE
MWG,15,2026-07-23 13:15:00,67.94,68.43,67.74,68.34,605000,DNSE
MWG,15,2026-07-23 13:30:00,68.34,70.6,67.74,69.81,876900,DNSE
MWG,15,2026-07-23 13:45:00,69.71,70.11,68.34,70.11,298100,DNSE
MWG,15,2026-07-23 14:00:00,70.11,70.6,69.91,70.21,406500,DNSE
MWG,15,2026-07-23 14:15:00,70.11,70.21,68.63,68.93,262400,DNSE
MWG,15,2026-07-23 14:45:00,70.4,70.4,70.4,70.4,629000,DNSE
MWG,15,2026-07-24 09:15:00,68.53,69.81,67.45,68.14,345800,DNSE
MWG,15,2026-07-24 09:30:00,68.14,68.43,68.14,68.34,169700,DNSE
MWG,15,2026-07-24 09:45:00,68.34,68.43,67.45,67.45,270500,DNSE
MWG,15,2026-07-24 10:00:00,67.45,68.04,67.45,67.84,121500,DNSE
MWG,15,2026-07-24 10:15:00,67.84,67.94,67.35,67.55,208900,DNSE
MWG,15,2026-07-24 10:30:00,67.55,68.14,67.55,67.74,108700,DNSE
MWG,15,2026-07-24 10:45:00,67.74,67.94,67.65,67.74,232700,DNSE
MWG,15,2026-07-24 11:00:00,67.74,68.34,67.74,68.24,189300,DNSE
MWG,15,2026-07-24 11:15:00,68.24,68.24,67.94,68.04,116000,DNSE
MWG,15,2026-07-24 13:00:00,68.14,68.14,67.65,67.65,134400,DNSE
MWG,15,2026-07-24 13:15:00,67.74,68.14,67.65,67.84,116000,DNSE
MWG,15,2026-07-24 13:30:00,67.84,67.84,67.45,67.55,213400,DNSE
MWG,15,2026-07-24 13:45:00,67.55,67.94,67.45,67.45,180200,DNSE
MWG,15,2026-07-24 14:00:00,67.45,68.93,67.45,68.53,321100,DNSE
MWG,15,2026-07-24 14:15:00,68.53,68.93,67.94,67.94,286600,DNSE
MWG,15,2026-07-24 14:45:00,66.96,66.96,66.96,66.96,598900,DNSE
MWG,15,2026-07-27 09:15:00,67.45,67.94,67.35,67.94,265100,DNSE
MWG,15,2026-07-27 09:30:00,67.94,67.94,67.65,67.84,169600,DNSE
MWG,15,2026-07-27 09:45:00,67.84,67.94,67.55,67.74,92600,DNSE
MWG,15,2026-07-27 10:00:00,67.74,67.74,67.25,67.25,113800,DNSE
MWG,15,2026-07-27 10:15:00,67.25,67.35,67.06,67.06,121600,DNSE
MWG,15,2026-07-27 10:30:00,67.06,67.15,66.37,66.37,251100,DNSE
MWG,15,2026-07-27 10:45:00,66.37,66.37,65.78,65.97,323100,DNSE
MWG,15,2026-07-27 11:00:00,66.07,66.56,66.07,66.27,265800,DNSE
MWG,15,2026-07-27 11:15:00,66.27,66.46,66.17,66.46,344300,DNSE
MWG,15,2026-07-27 13:00:00,66.46,66.96,66.37,66.66,336400,DNSE
MWG,15,2026-07-27 13:15:00,66.66,66.76,66.46,66.46,339700,DNSE
MWG,15,2026-07-27 13:30:00,66.46,66.56,66.37,66.46,255000,DNSE
MWG,15,2026-07-27 13:45:00,66.46,66.66,66.46,66.46,289200,DNSE
MWG,15,2026-07-27 14:00:00,66.46,66.56,65.78,65.78,401600,DNSE
MWG,15,2026-07-27 14:15:00,65.78,65.87,64.0,64.1,1338300,DNSE
MWG,15,2026-07-27 14:45:00,62.33,62.33,62.33,62.33,2787600,DNSE
MWG,15,2026-07-28 09:15:00,62.92,63.51,61.54,62.92,1541900,DNSE
MWG,15,2026-07-28 09:30:00,62.92,63.51,62.82,63.02,689000,DNSE
MWG,15,2026-07-28 09:45:00,63.02,63.12,62.43,62.72,464200,DNSE
MWG,15,2026-07-28 10:00:00,62.72,62.92,62.53,62.92,257000,DNSE
MWG,15,2026-07-28 10:15:00,62.82,63.12,62.72,62.92,421100,DNSE
MWG,15,2026-07-28 10:30:00,62.82,63.51,62.72,62.92,440400,DNSE
MWG,15,2026-07-28 10:45:00,62.92,63.51,62.92,63.51,156700,DNSE
MWG,15,2026-07-28 11:00:00,63.51,64.0,63.51,63.81,308100,DNSE
MWG,15,2026-07-28 11:15:00,63.9,63.9,63.31,63.41,196900,DNSE
MWG,15,2026-07-28 13:00:00,63.41,64.79,63.41,64.5,328200,DNSE
MWG,15,2026-07-28 13:15:00,64.5,64.89,63.9,64.3,506900,DNSE
MWG,15,2026-07-28 13:30:00,64.2,64.3,63.61,64.2,352600,DNSE
MWG,15,2026-07-28 13:45:00,64.2,64.79,64.1,64.5,309700,DNSE
MWG,15,2026-07-28 14:00:00,64.5,64.79,64.5,64.69,248000,DNSE
MWG,15,2026-07-28 14:15:00,64.59,64.79,63.9,64.0,539500,DNSE
MWG,15,2026-07-28 14:45:00,64.2,64.2,64.2,64.2,198100,DNSE
MWG,15,2026-07-29 09:15:00,65.0,67.0,64.6,66.9,619200,DNSE
MWG,15,2026-07-29 09:30:00,66.6,67.8,66.3,67.1,555900,DNSE
MWG,15,2026-07-29 09:45:00,67.0,67.6,66.7,66.7,435400,DNSE
MWG,15,2026-07-29 10:00:00,66.8,66.8,66.3,66.6,235000,DNSE
MWG,15,2026-07-29 10:15:00,66.6,66.9,66.5,66.5,197300,DNSE
MWG,15,2026-07-29 10:30:00,66.5,66.6,66.2,66.2,182900,DNSE
MWG,15,2026-07-29 10:45:00,66.2,66.4,65.6,65.7,234900,DNSE
MWG,15,2026-07-29 11:00:00,65.7,65.8,64.8,65.3,273800,DNSE
MWG,15,2026-07-29 11:15:00,65.3,65.4,65.0,65.1,141500,DNSE
MWG,15,2026-07-29 13:00:00,65.2,65.7,65.0,65.5,323700,DNSE
MWG,15,2026-07-29 13:15:00,65.5,65.7,65.5,65.5,112600,DNSE
MWG,15,2026-07-29 13:30:00,65.5,65.7,65.4,65.4,188200,DNSE
MWG,15,2026-07-29 13:45:00,65.5,65.8,65.3,65.7,150600,DNSE
MWG,15,2026-07-29 14:00:00,65.7,66.2,65.7,66.0,409100,DNSE
MWG,15,2026-07-29 14:15:00,66.0,66.5,65.9,66.4,298400,DNSE
MWG,15,2026-07-29 14:45:00,66.5,66.5,66.5,66.5,254500,DNSE
MWG,15,2026-07-30 09:15:00,66.5,67.1,66.1,66.8,447100,DNSE
MWG,15,2026-07-30 09:30:00,66.7,67.2,66.6,66.8,743800,DNSE
MWG,15,2026-07-30 09:45:00,66.8,66.9,66.7,66.7,257000,DNSE
MWG,15,2026-07-30 10:00:00,66.7,66.9,66.7,66.7,138200,DNSE
MWG,15,2026-07-30 10:15:00,66.7,66.9,66.6,66.7,244900,DNSE
MWG,15,2026-07-30 10:30:00,66.7,66.8,66.7,66.7,214800,DNSE
MWG,15,2026-07-30 10:45:00,66.7,66.8,66.4,66.5,497300,DNSE
MWG,15,2026-07-30 11:00:00,66.4,66.6,66.4,66.6,194200,DNSE
MWG,15,2026-07-30 11:15:00,66.6,66.9,66.5,66.8,350200,DNSE
MWG,15,2026-07-30 13:00:00,66.9,67.4,66.8,67.2,374900,DNSE
MWG,15,2026-07-30 13:15:00,67.3,67.4,67.0,67.4,399000,DNSE
MWG,15,2026-07-30 13:30:00,67.3,68.5,67.2,68.3,1179300,DNSE
MWG,15,2026-07-30 13:45:00,68.2,70.9,68.2,70.3,1736200,DNSE
MWG,15,2026-07-30 14:00:00,70.6,70.8,69.6,69.9,1021800,DNSE
MWG,15,2026-07-30 14:15:00,69.9,70.2,69.7,70.1,273900,DNSE
MWG,15,2026-07-30 14:45:00,69.8,69.8,69.8,69.8,351900,DNSE
MWG,15,2026-07-31 09:15:00,70.5,70.5,68.5,69.6,535100,DNSE
MWG,15,2026-07-31 09:30:00,69.6,69.7,68.5,69.7,349600,DNSE
MWG,15,2026-07-31 09:45:00,69.7,69.9,69.3,69.3,209700,DNSE
MWG,15,2026-07-31 10:00:00,69.3,69.6,69.1,69.5,135900,DNSE
MWG,15,2026-07-31 10:15:00,69.5,69.9,69.5,69.7,171400,DNSE
MWG,15,2026-07-31 10:30:00,69.8,69.8,69.7,69.8,120200,DNSE
MWG,15,2026-07-31 10:45:00,69.8,69.9,69.6,69.6,162000,DNSE
MWG,15,2026-07-31 11:00:00,69.6,69.7,69.4,69.4,56100,DNSE
MWG,15,2026-07-31 11:15:00,69.4,69.5,69.1,69.1,97300,DNSE
MWG,15,2026-07-31 13:00:00,69.1,69.2,68.9,69.0,254000,DNSE
MWG,15,2026-07-31 13:15:00,68.9,69.1,68.8,68.9,175500,DNSE
MWG,15,2026-07-31 13:30:00,69.0,69.1,68.8,69.0,190700,DNSE
MWG,15,2026-07-31 13:45:00,69.0,69.1,68.8,68.8,112600,DNSE
MWG,15,2026-07-31 14:00:00,68.8,69.4,68.6,69.3,313200,DNSE
MWG,15,2026-07-31 14:15:00,69.2,69.5,69.0,69.1,362200,DNSE
MWG,15,2026-07-31 14:45:00,69.9,69.9,69.9,69.9,1317400,DNSE
MWG,15,2026-08-03 09:15:00,70.0,71.0,69.9,70.7,391200,DNSE
MWG,15,2026-08-03 09:30:00,70.6,70.9,70.2,70.6,448100,DNSE
MWG,15,2026-08-03 09:45:00,70.7,71.0,70.6,70.9,408400,DNSE
MWG,15,2026-08-03 10:00:00,70.8,70.9,70.5,70.6,238700,DNSE
MWG,15,2026-08-03 10:15:00,70.6,70.7,70.5,70.7,109800,DNSE
MWG,15,2026-08-03 10:30:00,70.7,70.8,70.6,70.8,63000,DNSE
MWG,15,2026-08-03 10:45:00,70.8,70.8,70.4,70.4,169500,DNSE
MWG,15,2026-08-03 11:00:00,70.4,70.7,70.4,70.7,90200,DNSE
MWG,15,2026-08-03 11:15:00,70.7,70.7,70.5,70.7,91900,DNSE
MWG,15,2026-08-03 13:00:00,70.7,71.1,70.6,71.0,451100,DNSE
MWG,15,2026-08-03 13:15:00,71.0,71.5,70.9,71.2,500700,DNSE
MWG,15,2026-08-03 13:30:00,71.3,71.5,71.1,71.3,289500,DNSE
MWG,15,2026-08-03 13:45:00,71.3,72.0,71.2,71.9,553000,DNSE
MWG,15,2026-08-03 14:00:00,71.9,73.0,71.8,72.4,739800,DNSE
MWG,15,2026-08-03 14:15:00,72.4,72.5,72.0,72.1,196800,DNSE
MWG,15,2026-08-03 14:45:00,72.5,72.5,72.5,72.5,349500,DNSE
MWG,15,2026-08-04 09:15:00,72.2,72.4,71.6,72.0,471200,DNSE
MWG,15,2026-08-04 09:30:00,72.0,72.0,71.4,71.4,329100,DNSE
MWG,15,2026-08-04 09:45:00,71.4,71.9,71.4,71.7,150300,DNSE
MWG,15,2026-08-04 10:00:00,71.7,72.1,71.5,72.0,260200,DNSE
MWG,15,2026-08-04 10:15:00,72.0,72.9,72.0,72.5,290000,DNSE
MWG,15,2026-08-04 10:30:00,72.4,72.5,72.1,72.2,130500,DNSE
MWG,15,2026-08-04 10:45:00,72.3,72.4,71.7,71.7,191600,DNSE
MWG,15,2026-08-04 11:00:00,71.7,71.9,71.4,71.5,229500,DNSE
MWG,15,2026-08-04 11:15:00,71.5,71.7,71.4,71.6,85100,DNSE
MWG,15,2026-08-04 13:00:00,71.7,71.9,71.4,71.6,310900,DNSE
MWG,15,2026-08-04 13:15:00,71.8,72.1,71.6,72.0,240900,DNSE
MWG,15,2026-08-04 13:30:00,72.0,72.3,71.9,72.0,160200,DNSE
MWG,15,2026-08-04 13:45:00,72.0,72.4,72.0,72.3,92500,DNSE
MWG,15,2026-08-04 14:00:00,72.3,72.3,71.9,71.9,250800,DNSE
MWG,15,2026-08-04 14:15:00,71.9,72.2,71.8,72.0,251700,DNSE
MWG,15,2026-08-04 14:45:00,72.1,72.1,72.1,72.1,262300,DNSE
MWG,15,2026-08-05 09:15:00,72.4,72.9,72.0,72.1,315000,DNSE
MWG,15,2026-08-05 09:30:00,72.1,72.2,71.9,71.9,250200,DNSE
MWG,15,2026-08-05 09:45:00,71.9,72.0,71.7,71.9,209300,DNSE
MWG,15,2026-08-05 10:00:00,71.9,72.8,71.7,72.3,271000,DNSE
MWG,15,2026-08-05 10:15:00,72.3,72.5,72.1,72.2,172800,DNSE
MWG,15,2026-08-05 10:30:00,72.1,72.2,72.0,72.0,63300,DNSE
MWG,15,2026-08-05 10:45:00,72.0,72.2,72.0,72.1,66600,DNSE
MWG,15,2026-08-05 11:00:00,72.1,72.2,72.0,72.2,47500,DNSE
MWG,15,2026-08-05 11:15:00,72.2,72.2,72.0,72.1,47700,DNSE
MWG,15,2026-08-05 13:00:00,72.1,72.2,71.7,71.9,352200,DNSE
MWG,15,2026-08-05 13:15:00,71.9,72.0,71.6,71.6,216500,DNSE
MWG,15,2026-08-05 13:30:00,71.7,72.0,71.6,71.7,197000,DNSE
MWG,15,2026-08-05 13:45:00,71.7,71.9,71.6,71.6,290200,DNSE
MWG,15,2026-08-05 14:00:00,71.6,71.6,71.0,71.2,529000,DNSE
MWG,15,2026-08-05 14:15:00,71.2,71.7,71.1,71.4,391000,DNSE
MWG,15,2026-08-05 14:45:00,72.2,72.2,72.2,72.2,536400,DNSE
MWG,15,2026-08-06 09:15:00,71.5,71.9,71.2,71.3,308600,DNSE
MWG,15,2026-08-06 09:30:00,71.2,71.2,70.6,70.8,503900,DNSE
MWG,15,2026-08-06 09:45:00,70.8,70.9,70.5,70.7,302000,DNSE
MWG,15,2026-08-06 10:00:00,70.6,71.1,70.6,70.9,324200,DNSE
MWG,15,2026-08-06 10:15:00,71.0,71.2,70.8,70.9,200200,DNSE
MWG,15,2026-08-06 10:30:00,70.9,71.1,70.7,70.7,112200,DNSE
MWG,15,2026-08-06 10:45:00,70.7,70.9,70.6,70.9,68900,DNSE
MWG,15,2026-08-06 11:00:00,70.7,70.9,70.6,70.6,181100,DNSE
MWG,15,2026-08-06 11:15:00,70.6,70.8,70.6,70.7,101600,DNSE
MWG,15,2026-08-06 13:00:00,70.7,71.2,70.6,70.9,229200,DNSE
MWG,15,2026-08-06 13:15:00,71.0,71.1,70.4,70.5,343100,DNSE
MWG,15,2026-08-06 13:30:00,70.4,70.8,70.4,70.8,224600,DNSE
MWG,15,2026-08-06 13:45:00,70.8,70.8,70.4,70.4,249500,DNSE
MWG,15,2026-08-06 14:00:00,70.3,70.5,70.0,70.0,496900,DNSE
MWG,15,2026-08-06 14:15:00,70.0,71.0,69.8,70.6,730300,DNSE
MWG,15,2026-08-06 14:45:00,71.2,71.2,71.2,71.2,953800,DNSE
MWG,15,2026-08-07 09:15:00,71.3,71.3,70.3,70.6,240200,DNSE
MWG,15,2026-08-07 09:30:00,70.6,70.6,70.2,70.6,151700,DNSE
MWG,15,2026-08-07 09:45:00,70.6,70.6,70.3,70.3,135800,DNSE
MWG,15,2026-08-07 10:00:00,70.5,70.8,70.3,70.8,310400,DNSE
MWG,15,2026-08-07 10:15:00,70.9,71.6,70.7,71.1,316300,DNSE
MWG,15,2026-08-07 10:30:00,71.2,71.2,71.0,71.0,122100,DNSE
MWG,15,2026-08-07 10:45:00,71.0,71.1,70.7,70.8,115200,DNSE
MWG,15,2026-08-07 11:00:00,70.8,70.9,70.6,70.6,104600,DNSE
MWG,15,2026-08-07 11:15:00,70.6,70.7,70.5,70.6,79600,DNSE
MWG,15,2026-08-07 13:00:00,70.6,71.0,70.5,70.8,246200,DNSE
MWG,15,2026-08-07 13:15:00,70.8,71.6,70.8,71.2,349900,DNSE
MWG,15,2026-08-07 13:30:00,71.1,71.2,71.0,71.0,145600,DNSE
MWG,15,2026-08-07 13:45:00,71.0,71.1,70.7,71.1,160600,DNSE
MWG,15,2026-08-07 14:00:00,71.1,71.4,71.1,71.2,138500,DNSE
MWG,15,2026-08-07 14:15:00,71.3,71.3,70.7,71.0,199200,DNSE
MWG,15,2026-08-07 14:45:00,71.0,71.0,71.0,71.0,268700,DNSE
MWG,15,2026-08-10 09:15:00,71.0,71.2,70.8,70.9,108700,DNSE
MWG,15,2026-08-10 09:30:00,70.9,71.0,70.7,71.0,116400,DNSE
MWG,15,2026-08-10 09:45:00,70.9,71.5,70.9,71.1,166500,DNSE
MWG,15,2026-08-10 10:00:00,71.2,71.5,71.1,71.4,61400,DNSE
MWG,15,2026-08-10 10:15:00,71.5,72.5,71.5,72.0,268800,DNSE
MWG,15,2026-08-10 10:30:00,72.0,72.4,71.9,72.2,144000,DNSE
MWG,15,2026-08-10 10:45:00,72.2,72.3,72.0,72.0,89700,DNSE
MWG,15,2026-08-10 11:00:00,72.0,72.4,71.9,72.4,108900,DNSE
MWG,15,2026-08-10 11:15:00,72.3,72.7,72.2,72.4,263600,DNSE
MWG,15,2026-08-10 13:00:00,72.3,72.5,72.2,72.2,322200,DNSE
MWG,15,2026-08-10 13:15:00,72.2,72.3,72.0,72.1,212200,DNSE
MWG,15,2026-08-10 13:30:00,72.1,73.4,72.1,73.4,820800,DNSE
MWG,15,2026-08-10 13:45:00,73.4,73.8,72.9,73.0,866900,DNSE
MWG,15,2026-08-10 14:00:00,73.0,73.3,72.9,73.2,402300,DNSE
MWG,15,2026-08-10 14:15:00,73.1,73.3,73.0,73.2,254400,DNSE
MWG,15,2026-08-10 14:45:00,73.0,73.0,73.0,73.0,421600,DNSE
MWG,15,2026-08-11 09:15:00,72.3,73.4,72.3,72.8,389100,DNSE
MWG,15,2026-08-11 09:30:00,72.8,72.8,72.3,72.5,279900,DNSE
MWG,15,2026-08-11 09:45:00,72.9,72.9,72.7,72.8,110000,DNSE
MWG,15,2026-08-11 10:00:00,72.7,73.1,72.7,72.9,111400,DNSE
MWG,15,2026-08-11 10:15:00,72.8,72.9,72.7,72.7,69300,DNSE
MWG,15,2026-08-11 10:30:00,72.8,72.9,72.5,72.5,244000,DNSE
MWG,15,2026-08-11 10:45:00,72.7,73.0,72.7,72.9,72800,DNSE
MWG,15,2026-08-11 11:00:00,73.0,73.0,72.9,73.0,49500,DNSE
MWG,15,2026-08-11 11:15:00,73.0,73.1,72.9,73.0,39500,DNSE
MWG,15,2026-08-11 13:00:00,73.0,73.0,72.8,72.9,145600,DNSE
MWG,15,2026-08-11 13:15:00,72.9,73.1,72.9,73.1,149000,DNSE
MWG,15,2026-08-11 13:30:00,73.1,73.2,72.9,72.9,95600,DNSE
MWG,15,2026-08-11 13:45:00,73.0,73.0,72.8,72.9,269200,DNSE
MWG,15,2026-08-11 14:00:00,73.0,73.5,72.9,73.5,456300,DNSE
MWG,15,2026-08-11 14:15:00,73.5,74.0,73.1,73.1,480000,DNSE
MWG,15,2026-08-11 14:45:00,73.2,73.2,73.2,73.2,159400,DNSE
MWG,15,2026-08-12 09:15:00,73.3,73.8,73.2,73.6,166700,DNSE
MWG,15,2026-08-12 09:30:00,73.6,73.7,73.2,73.5,175000,DNSE
MWG,15,2026-08-12 09:45:00,73.5,74.0,73.4,73.9,400800,DNSE
MWG,15,2026-08-12 10:00:00,73.7,74.2,73.7,73.9,302300,DNSE
MWG,15,2026-08-12 10:15:00,73.8,73.9,73.7,73.7,84800,DNSE
MWG,15,2026-08-12 10:30:00,73.7,73.8,73.6,73.7,51100,DNSE
MWG,15,2026-08-12 10:45:00,73.6,73.7,73.5,73.7,95300,DNSE
MWG,15,2026-08-12 11:00:00,73.6,73.8,73.6,73.8,27000,DNSE
MWG,15,2026-08-12 11:15:00,73.8,74.0,73.7,73.9,114100,DNSE
MWG,15,2026-08-12 13:00:00,73.9,73.9,73.5,73.6,320500,DNSE
MWG,15,2026-08-12 13:15:00,73.7,73.9,73.6,73.6,101300,DNSE
MWG,15,2026-08-12 13:30:00,73.6,73.6,73.5,73.5,138400,DNSE
MWG,15,2026-08-12 13:45:00,73.5,73.7,73.4,73.4,197000,DNSE
MWG,15,2026-08-12 14:00:00,73.5,73.5,73.2,73.2,273400,DNSE
MWG,15,2026-08-12 14:15:00,73.2,73.4,73.2,73.3,190800,DNSE
MWG,15,2026-08-12 14:45:00,74.0,74.0,74.0,74.0,427200,DNSE
MWG,15,2026-08-13 09:15:00,74.0,74.7,73.7,74.4,355700,DNSE
MWG,15,2026-08-13 09:30:00,74.5,74.5,74.0,74.1,65500,DNSE
MWG,15,2026-08-13 09:45:00,74.1,74.3,73.9,74.1,87100,DNSE
MWG,15,2026-08-13 10:00:00,74.0,74.3,74.0,74.1,41500,DNSE
MWG,15,2026-08-13 10:15:00,74.1,74.2,73.9,73.9,66800,DNSE
MWG,15,2026-08-13 10:30:00,74.0,74.1,73.9,74.0,101000,DNSE
MWG,15,2026-08-13 10:45:00,74.0,74.1,73.9,74.0,13200,DNSE
MWG,15,2026-08-13 11:00:00,74.1,74.1,73.9,73.9,42300,DNSE
MWG,15,2026-08-13 11:15:00,73.9,74.1,73.9,74.0,19700,DNSE
MWG,15,2026-08-13 13:00:00,74.0,74.1,73.9,74.0,82000,DNSE
MWG,15,2026-08-13 13:15:00,73.9,74.1,73.9,73.9,86700,DNSE
MWG,15,2026-08-13 13:30:00,74.0,74.4,73.9,73.9,287200,DNSE
MWG,15,2026-08-13 13:45:00,73.9,74.0,73.8,73.9,167900,DNSE
MWG,15,2026-08-13 14:00:00,73.9,73.9,73.3,73.5,401200,DNSE
MWG,15,2026-08-13 14:15:00,73.4,73.5,72.8,72.9,315600,DNSE
MWG,15,2026-08-13 14:45:00,73.6,73.6,73.6,73.6,535800,DNSE
MWG,15,2026-08-14 09:15:00,73.1,73.1,72.5,72.7,236700,DNSE
MWG,15,2026-08-14 09:30:00,72.7,73.0,72.5,72.6,192800,DNSE
MWG,15,2026-08-14 09:45:00,72.6,72.9,72.2,72.9,302700,DNSE
MWG,15,2026-08-14 10:00:00,73.0,73.1,72.7,73.0,154200,DNSE
MWG,15,2026-08-14 10:15:00,72.9,73.5,72.9,73.2,172800,DNSE
MWG,15,2026-08-14 10:30:00,73.2,73.3,73.1,73.2,74500,DNSE
MWG,15,2026-08-14 10:45:00,73.2,73.2,73.1,73.1,61700,DNSE
MWG,15,2026-08-14 11:00:00,73.2,73.2,72.8,72.8,180800,DNSE
MWG,15,2026-08-14 11:15:00,72.8,72.9,72.6,72.6,88900,DNSE
MWG,15,2026-08-14 13:00:00,72.6,72.9,72.5,72.7,117700,DNSE
MWG,15,2026-08-14 13:15:00,72.7,72.8,72.5,72.5,92600,DNSE
MWG,15,2026-08-14 13:30:00,72.5,72.6,72.5,72.5,70000,DNSE
MWG,15,2026-08-14 13:45:00,72.5,72.8,72.3,72.7,303000,DNSE
MWG,15,2026-08-14 14:00:00,72.7,72.8,72.2,72.7,409600,DNSE
MWG,15,2026-08-14 14:15:00,72.6,72.7,72.3,72.6,324000,DNSE
MWG,15,2026-08-14 14:45:00,72.4,72.4,72.4,72.4,382500,DNSE
MWG,15,2026-08-17 09:15:00,72.3,72.8,72.0,72.1,149400,DNSE
MWG,15,2026-08-17 09:30:00,72.1,72.4,71.8,72.4,131400,DNSE
MWG,15,2026-08-17 09:45:00,72.4,72.4,71.8,72.0,81200,DNSE
MWG,15,2026-08-17 10:00:00,72.0,72.0,71.8,72.0,40200,DNSE
MWG,15,2026-08-17 10:15:00,72.0,72.0,71.8,71.9,25800,DNSE
MWG,15,2026-08-17 10:30:00,72.0,72.2,72.0,72.0,26200,DNSE
MWG,15,2026-08-17 10:45:00,72.0,72.4,71.9,72.2,72700,DNSE
MWG,15,2026-08-17 11:00:00,72.2,72.6,72.1,72.6,106100,DNSE
MWG,15,2026-08-17 11:15:00,72.5,72.6,72.2,72.3,94300,DNSE
MWG,15,2026-08-17 13:00:00,72.3,72.8,72.2,72.5,186500,DNSE
MWG,15,2026-08-17 13:15:00,72.5,73.0,72.4,72.7,183000,DNSE
MWG,15,2026-08-17 13:30:00,73.0,73.0,72.7,72.9,42200,DNSE
MWG,15,2026-08-17 13:45:00,72.8,74.2,72.8,73.5,439300,DNSE
MWG,15,2026-08-17 14:00:00,73.4,73.7,73.3,73.4,117600,DNSE
MWG,15,2026-08-17 14:15:00,73.3,73.8,73.0,73.2,290900,DNSE
MWG,15,2026-08-17 14:45:00,73.5,73.5,73.5,73.5,153600,DNSE
MWG,15,2026-08-18 09:15:00,73.6,73.7,73.3,73.4,53800,DNSE
MWG,15,2026-08-18 09:30:00,73.4,73.6,73.3,73.5,35500,DNSE
MWG,15,2026-08-18 09:45:00,73.5,73.7,73.4,73.4,38800,DNSE
MWG,15,2026-08-18 10:00:00,73.4,73.6,73.4,73.5,62000,DNSE
MWG,15,2026-08-18 10:15:00,73.5,73.7,73.5,73.6,155100,DNSE
MWG,15,2026-08-18 10:30:00,73.6,73.9,73.5,73.7,164500,DNSE
MWG,15,2026-08-18 10:45:00,73.6,73.6,73.5,73.5,68000,DNSE
MWG,15,2026-08-18 11:00:00,73.5,73.5,73.4,73.4,14700,DNSE
MWG,15,2026-08-18 11:15:00,73.4,73.5,73.4,73.4,31900,DNSE
MWG,15,2026-08-18 13:00:00,73.4,73.4,72.8,72.9,103000,DNSE
MWG,15,2026-08-18 13:15:00,72.9,72.9,72.7,72.7,59700,DNSE
MWG,15,2026-08-18 13:30:00,72.7,72.8,72.5,72.5,166400,DNSE
MWG,15,2026-08-18 13:45:00,72.5,72.5,72.2,72.4,242300,DNSE
MWG,15,2026-08-18 14:00:00,72.4,72.5,72.1,72.3,191500,DNSE
MWG,15,2026-08-18 14:15:00,72.3,73.0,72.2,72.9,114300,DNSE
MWG,15,2026-08-18 14:45:00,72.8,72.8,72.8,72.8,148000,DNSE
MWG,15,2026-08-19 09:15:00,72.7,72.7,72.3,72.3,20600,DNSE
MWG,15,2026-08-19 09:30:00,72.3,72.3,71.5,71.7,284000,DNSE
MWG,15,2026-08-19 09:45:00,71.6,72.1,71.6,72.0,138200,DNSE
MWG,15,2026-08-19 10:00:00,72.0,72.1,71.9,72.0,35900,DNSE
MWG,15,2026-08-19 10:15:00,72.0,72.1,71.9,71.9,72400,DNSE
MWG,15,2026-08-19 10:30:00,71.9,72.0,71.8,71.8,68600,DNSE
MWG,15,2026-08-19 10:45:00,71.8,71.8,71.2,71.5,232600,DNSE
MWG,15,2026-08-19 11:00:00,71.5,71.5,71.3,71.3,95100,DNSE
MWG,15,2026-08-19 11:15:00,71.5,71.7,71.4,71.5,103900,DNSE
MWG,15,2026-08-19 13:00:00,71.6,71.7,71.3,71.6,160900,DNSE
MWG,15,2026-08-19 13:15:00,71.7,72.5,71.5,71.9,252000,DNSE
MWG,15,2026-08-19 13:30:00,71.9,72.4,71.8,72.0,93900,DNSE
MWG,15,2026-08-19 13:45:00,72.0,72.0,71.8,71.8,76300,DNSE
MWG,15,2026-08-19 14:00:00,71.8,72.4,71.8,72.1,102300,DNSE
MWG,15,2026-08-19 14:15:00,72.1,72.5,72.1,72.3,110700,DNSE
MWG,15,2026-08-19 14:45:00,72.2,72.2,72.2,72.2,147900,DNSE
MWG,15,2026-08-20 09:15:00,72.3,72.7,72.1,72.4,71600,DNSE
MWG,15,2026-08-20 09:30:00,72.4,72.7,72.4,72.7,77500,DNSE
MWG,15,2026-08-20 09:45:00,72.6,72.7,72.2,72.2,83100,DNSE
MWG,15,2026-08-20 10:00:00,72.4,72.4,72.1,72.2,70000,DNSE
MWG,15,2026-08-20 10:15:00,72.1,72.2,71.9,72.2,70100,DNSE
MWG,15,2026-08-20 10:30:00,72.1,72.2,72.0,72.1,49000,DNSE
MWG,15,2026-08-20 10:45:00,72.1,72.2,72.1,72.2,24300,DNSE
MWG,15,2026-08-20 11:00:00,72.2,72.4,72.1,72.2,90200,DNSE
MWG,15,2026-08-20 11:15:00,72.2,72.3,72.1,72.1,18200,DNSE
MWG,15,2026-08-20 13:00:00,72.1,72.4,72.1,72.3,120000,DNSE
MWG,15,2026-08-20 13:15:00,72.3,72.3,72.1,72.2,176000,DNSE
MWG,15,2026-08-20 13:30:00,72.2,72.4,72.1,72.4,110500,DNSE
MWG,15,2026-08-20 13:45:00,72.4,72.9,72.3,72.9,304100,DNSE
MWG,15,2026-08-20 14:00:00,72.9,73.2,72.8,73.0,279400,DNSE
MWG,15,2026-08-20 14:15:00,73.0,73.0,72.6,73.0,842500,DNSE
MWG,15,2026-08-20 14:45:00,72.7,72.7,72.7,72.7,107000,DNSE
MWG,15,2026-08-21 09:15:00,72.5,72.6,72.2,72.3,81800,DNSE
MWG,15,2026-08-21 09:30:00,72.3,72.3,72.1,72.2,98700,DNSE
MWG,15,2026-08-21 09:45:00,72.2,72.3,72.0,72.2,151500,DNSE
MWG,15,2026-08-21 10:00:00,72.2,72.3,72.0,72.2,169800,DNSE
MWG,15,2026-08-21 10:15:00,72.1,72.2,71.8,72.0,235100,DNSE
MWG,15,2026-08-21 10:30:00,72.0,72.4,72.0,72.3,103900,DNSE
MWG,15,2026-08-21 10:45:00,72.3,72.7,72.3,72.7,122800,DNSE
MWG,15,2026-08-21 11:00:00,72.6,73.2,72.5,73.0,111800,DNSE
MWG,15,2026-08-21 11:15:00,72.9,74.2,72.9,73.7,455100,DNSE
MWG,15,2026-08-21 13:00:00,73.6,74.4,73.5,74.2,562000,DNSE
MWG,15,2026-08-21 13:15:00,74.1,74.4,73.9,74.1,441800,DNSE
MWG,15,2026-08-21 13:30:00,74.1,74.3,73.7,74.0,264800,DNSE
MWG,15,2026-08-21 13:45:00,73.8,74.4,73.8,74.3,382300,DNSE
MWG,15,2026-08-21 14:00:00,74.3,75.0,74.3,74.4,793500,DNSE
MWG,15,2026-08-21 14:15:00,74.4,75.1,74.2,74.9,719200,DNSE
MWG,15,2026-08-21 14:45:00,75.0,75.0,75.0,75.0,301800,DNSE
MWG,15,2026-08-24 09:15:00,75.5,75.6,74.8,74.9,314800,DNSE
MWG,15,2026-08-24 09:30:00,74.9,75.0,74.6,74.8,95600,DNSE
MWG,15,2026-08-24 09:45:00,74.8,74.9,74.7,74.9,76600,DNSE
MWG,15,2026-08-24 10:00:00,74.8,75.2,74.8,75.1,187200,DNSE
MWG,15,2026-08-24 10:15:00,75.0,75.1,74.9,74.9,34800,DNSE
MWG,15,2026-08-24 10:30:00,74.9,75.0,74.8,74.8,71800,DNSE
MWG,15,2026-08-24 10:45:00,74.8,75.0,74.8,74.9,84700,DNSE
MWG,15,2026-08-24 11:00:00,74.9,75.0,74.8,74.8,64300,DNSE
MWG,15,2026-08-24 11:15:00,74.8,74.9,74.7,74.7,22600,DNSE
MWG,15,2026-08-24 13:00:00,74.7,75.6,74.6,75.1,413600,DNSE
MWG,15,2026-08-24 13:15:00,75.1,75.2,75.0,75.1,97600,DNSE
MWG,15,2026-08-24 13:30:00,75.1,75.2,74.9,74.9,90400,DNSE
MWG,15,2026-08-24 13:45:00,74.9,75.0,74.8,74.9,112800,DNSE
MWG,15,2026-08-24 14:00:00,74.8,75.2,74.8,75.0,169000,DNSE
MWG,15,2026-08-24 14:15:00,75.0,75.2,74.9,75.1,327900,DNSE
MWG,15,2026-08-24 14:45:00,75.1,75.1,75.1,75.1,306400,DNSE
MWG,15,2026-08-25 09:15:00,75.0,75.2,74.8,75.1,79000,DNSE
MWG,15,2026-08-25 09:30:00,75.1,75.3,74.9,75.2,100500,DNSE
MWG,15,2026-08-25 09:45:00,75.1,75.2,74.9,75.1,75700,DNSE
MWG,15,2026-08-25 10:00:00,75.0,75.1,74.9,75.0,110800,DNSE
MWG,15,2026-08-25 10:15:00,75.1,75.3,74.9,75.0,136100,DNSE
MWG,15,2026-08-25 10:30:00,75.0,75.2,75.0,75.1,99500,DNSE
MWG,15,2026-08-25 10:45:00,75.1,75.1,74.9,74.9,96100,DNSE
MWG,15,2026-08-25 11:00:00,75.0,75.1,74.9,75.0,71600,DNSE
MWG,15,2026-08-25 11:15:00,74.9,75.0,74.9,75.0,67600,DNSE
MWG,15,2026-08-25 13:00:00,74.9,75.1,74.8,74.8,339700,DNSE
MWG,15,2026-08-25 13:15:00,74.8,75.0,74.6,74.7,254400,DNSE
MWG,15,2026-08-25 13:30:00,74.7,74.7,74.4,74.4,249000,DNSE
MWG,15,2026-08-25 13:45:00,74.4,74.5,74.2,74.2,229100,DNSE
MWG,15,2026-08-25 14:00:00,74.2,74.6,73.8,74.5,280700,DNSE
MWG,15,2026-08-25 14:15:00,74.4,74.5,74.2,74.3,123600,DNSE
MWG,15,2026-08-25 14:45:00,73.9,73.9,73.9,73.9,243000,DNSE
MWG,15,2026-08-26 09:15:00,73.9,74.0,73.7,73.9,35000,DNSE
MWG,15,2026-08-26 09:30:00,73.9,74.3,73.8,74.2,52500,DNSE
MWG,15,2026-08-26 09:45:00,74.3,74.4,74.0,74.1,104400,DNSE
MWG,15,2026-08-26 10:00:00,74.0,74.1,73.9,74.0,26600,DNSE
MWG,15,2026-08-26 10:15:00,73.9,74.0,73.2,73.2,118500,DNSE
MWG,15,2026-08-26 10:30:00,73.2,73.6,73.2,73.6,71800,DNSE
MWG,15,2026-08-26 10:45:00,73.6,73.7,73.5,73.6,20000,DNSE
MWG,15,2026-08-26 11:00:00,73.6,73.6,73.4,73.6,104400,DNSE
MWG,15,2026-08-26 11:15:00,73.6,73.9,73.5,73.8,80900,DNSE
MWG,15,2026-08-26 13:00:00,73.8,74.2,73.7,74.1,98400,DNSE
MWG,15,2026-08-26 13:15:00,74.1,74.3,73.9,74.0,91200,DNSE
MWG,15,2026-08-26 13:30:00,74.0,74.4,73.9,74.1,180300,DNSE
MWG,15,2026-08-26 13:45:00,74.1,74.5,74.0,74.3,139200,DNSE
MWG,15,2026-08-26 14:00:00,74.3,74.4,74.1,74.4,125900,DNSE
MWG,15,2026-08-26 14:15:00,74.4,75.3,74.3,75.2,530100,DNSE
MWG,15,2026-08-26 14:45:00,75.5,75.5,75.5,75.5,383200,DNSE
MWG,15,2026-08-27 09:15:00,75.5,75.9,75.3,75.3,301700,DNSE
MWG,15,2026-08-27 09:30:00,75.4,75.5,75.2,75.2,88500,DNSE
MWG,15,2026-08-27 09:45:00,75.2,75.3,75.1,75.3,66700,DNSE
MWG,15,2026-08-27 10:00:00,75.3,75.6,75.3,75.4,80800,DNSE
MWG,15,2026-08-27 10:15:00,75.4,75.4,75.1,75.1,49300,DNSE
MWG,15,2026-08-27 10:30:00,75.1,75.2,75.0,75.0,142300,DNSE
MWG,15,2026-08-27 10:45:00,75.0,75.0,74.9,74.9,45200,DNSE
MWG,15,2026-08-27 11:00:00,75.0,75.2,74.9,75.1,76500,DNSE
MWG,15,2026-08-27 11:15:00,75.1,75.3,75.1,75.2,50100,DNSE
MWG,15,2026-08-27 13:00:00,75.2,75.3,75.0,75.0,173300,DNSE
MWG,15,2026-08-27 13:15:00,75.1,75.1,74.8,74.9,131100,DNSE
MWG,15,2026-08-27 13:30:00,74.9,75.4,74.9,75.2,66000,DNSE
MWG,15,2026-08-27 13:45:00,75.2,75.5,75.2,75.3,135200,DNSE
MWG,15,2026-08-27 14:00:00,75.4,75.6,75.3,75.5,277600,DNSE
MWG,15,2026-08-27 14:15:00,75.5,75.9,75.4,75.7,423300,DNSE
MWG,15,2026-08-27 14:45:00,75.9,75.9,75.9,75.9,198100,DNSE
MWG,15,2026-08-28 09:15:00,75.7,75.7,75.3,75.5,131100,DNSE
MWG,15,2026-08-28 09:30:00,75.5,75.5,75.2,75.3,147800,DNSE
MWG,15,2026-08-28 09:45:00,75.2,75.2,74.8,74.9,229800,DNSE
MWG,15,2026-08-28 10:00:00,74.9,75.2,74.8,75.1,181000,DNSE
MWG,15,2026-08-28 10:15:00,75.1,75.2,74.9,75.0,50200,DNSE
MWG,15,2026-08-28 10:30:00,75.1,75.5,75.0,75.3,58300,DNSE
MWG,15,2026-08-28 10:45:00,75.3,75.4,75.0,75.2,55300,DNSE
MWG,15,2026-08-28 11:00:00,75.2,75.3,75.0,75.2,67800,DNSE
MWG,15,2026-08-28 11:15:00,75.3,75.3,75.0,75.1,39200,DNSE
MWG,15,2026-08-28 13:00:00,75.1,75.1,74.9,75.1,119400,DNSE
MWG,15,2026-08-28 13:15:00,75.1,75.4,75.1,75.4,157700,DNSE
MWG,15,2026-08-28 13:30:00,75.4,75.5,75.2,75.4,141100,DNSE
MWG,15,2026-08-28 13:45:00,75.3,75.5,75.2,75.2,186300,DNSE
MWG,15,2026-08-28 14:00:00,75.2,75.4,75.1,75.3,46900,DNSE
MWG,15,2026-08-28 14:15:00,75.2,75.4,75.0,75.3,400800,DNSE
MWG,15,2026-08-28 14:45:00,75.0,75.0,75.0,75.0,704700,DNSE
MWG,15,2026-09-03 09:15:00,74.0,74.6,73.3,74.0,333600,DNSE
MWG,15,2026-09-03 09:30:00,73.9,74.2,73.7,73.8,158800,DNSE
MWG,15,2026-09-03 09:45:00,73.8,73.8,73.6,73.8,111800,DNSE
MWG,15,2026-09-03 10:00:00,73.8,73.9,73.6,73.7,107300,DNSE
MWG,15,2026-09-03 10:15:00,73.7,73.8,73.6,73.8,66300,DNSE
MWG,15,2026-09-03 10:30:00,73.8,73.9,73.6,73.9,61700,DNSE
MWG,15,2026-09-03 10:45:00,73.9,74.1,73.8,73.8,191800,DNSE
MWG,15,2026-09-03 11:00:00,73.9,74.1,73.8,73.8,55200,DNSE
MWG,15,2026-09-03 11:15:00,73.8,73.9,73.7,73.8,47100,DNSE
MWG,15,2026-09-03 13:00:00,73.9,74.0,73.8,73.9,39700,DNSE
MWG,15,2026-09-03 13:15:00,73.9,73.9,73.6,73.7,204100,DNSE
MWG,15,2026-09-03 13:30:00,73.7,73.8,73.4,73.5,231600,DNSE
MWG,15,2026-09-03 13:45:00,73.5,73.8,73.5,73.6,95000,DNSE
MWG,15,2026-09-03 14:00:00,73.6,73.7,73.5,73.5,120000,DNSE
MWG,15,2026-09-03 14:15:00,73.4,73.6,73.2,73.6,239200,DNSE
MWG,15,2026-09-03 14:45:00,73.2,73.2,73.2,73.2,320700,DNSE
MWG,15,2026-09-04 09:15:00,73.2,73.6,73.0,73.5,115500,DNSE
MWG,15,2026-09-04 09:30:00,73.5,73.6,73.4,73.4,92900,DNSE
MWG,15,2026-09-04 09:45:00,73.4,73.4,73.1,73.1,93200,DNSE
MWG,15,2026-09-04 10:00:00,73.1,73.1,72.8,72.9,193200,DNSE
MWG,15,2026-09-04 10:15:00,73.1,73.1,72.9,72.9,56000,DNSE
MWG,15,2026-09-04 10:30:00,72.9,73.1,72.9,73.0,78300,DNSE
MWG,15,2026-09-04 10:45:00,73.0,73.3,72.8,73.3,163000,DNSE
MWG,15,2026-09-04 11:00:00,73.2,73.3,72.9,73.0,130600,DNSE
MWG,15,2026-09-04 11:15:00,73.0,73.1,72.9,72.9,38600,DNSE
MWG,15,2026-09-04 13:00:00,72.9,73.4,72.9,73.1,152600,DNSE
MWG,15,2026-09-04 13:15:00,73.2,73.2,73.0,73.1,45400,DNSE
MWG,15,2026-09-04 13:30:00,73.0,73.1,72.9,73.1,97200,DNSE
MWG,15,2026-09-04 13:45:00,73.0,73.2,73.0,73.0,180300,DNSE
MWG,15,2026-09-04 14:00:00,72.9,73.2,72.9,73.0,282200,DNSE
MWG,15,2026-09-04 14:15:00,73.0,73.3,72.8,73.0,481900,DNSE
MWG,15,2026-09-04 14:45:00,73.1,73.1,73.1,73.1,236400,DNSE
MWG,15,2026-09-07 09:15:00,73.1,73.5,72.6,72.6,125200,DNSE
MWG,15,2026-09-07 09:30:00,72.6,72.7,72.5,72.5,186300,DNSE
MWG,15,2026-09-07 09:45:00,72.5,72.7,72.5,72.7,119100,DNSE
MWG,15,2026-09-07 10:00:00,72.6,73.1,72.5,72.9,110000,DNSE
MWG,15,2026-09-07 10:15:00,73.0,73.0,72.6,72.6,47300,DNSE
MWG,15,2026-09-07 10:30:00,72.7,72.7,72.4,72.7,94500,DNSE
MWG,15,2026-09-07 10:45:00,72.6,72.6,72.4,72.5,84900,DNSE
MWG,15,2026-09-07 11:00:00,72.5,72.5,72.3,72.5,57000,DNSE
MWG,15,2026-09-07 11:15:00,72.4,72.5,72.3,72.3,28900,DNSE
MWG,15,2026-09-07 13:00:00,72.3,72.5,72.1,72.2,214800,DNSE
MWG,15,2026-09-07 13:15:00,72.3,72.4,72.1,72.1,179000,DNSE
MWG,15,2026-09-07 13:30:00,72.1,72.3,71.8,71.9,444100,DNSE
MWG,15,2026-09-07 13:45:00,71.9,72.1,71.5,71.7,417900,DNSE
MWG,15,2026-09-07 14:00:00,71.7,71.9,71.6,71.9,314800,DNSE
MWG,15,2026-09-07 14:15:00,71.8,71.9,71.4,71.8,434000,DNSE
MWG,15,2026-09-07 14:45:00,72.0,72.0,72.0,72.0,1014300,DNSE
MWG,15,2026-09-08 09:15:00,71.6,71.8,71.2,71.7,87200,DNSE
MWG,15,2026-09-08 09:30:00,71.7,71.8,71.5,71.7,85100,DNSE
MWG,15,2026-09-08 09:45:00,71.8,71.8,71.4,71.5,113100,DNSE
MWG,15,2026-09-08 10:00:00,71.5,71.7,71.4,71.6,81500,DNSE
MWG,15,2026-09-08 10:15:00,71.7,71.7,71.5,71.6,90400,DNSE
MWG,15,2026-09-08 10:30:00,71.7,72.9,71.6,72.6,299300,DNSE
MWG,15,2026-09-08 10:45:00,72.6,72.8,72.3,72.5,82800,DNSE
MWG,15,2026-09-08 11:00:00,72.5,72.5,72.3,72.3,69400,DNSE
MWG,15,2026-09-08 11:15:00,72.3,72.5,72.1,72.1,87300,DNSE
MWG,15,2026-09-08 13:00:00,72.1,72.4,72.0,72.0,63100,DNSE
MWG,15,2026-09-08 13:15:00,72.0,72.1,71.8,72.0,123400,DNSE
MWG,15,2026-09-08 13:30:00,71.9,72.3,71.9,72.1,115900,DNSE
MWG,15,2026-09-08 13:45:00,72.2,72.2,72.0,72.0,40500,DNSE
MWG,15,2026-09-08 14:00:00,72.0,72.1,71.9,72.0,104100,DNSE
MWG,15,2026-09-08 14:15:00,71.9,72.3,71.9,72.0,158200,DNSE
MWG,15,2026-09-08 14:45:00,72.3,72.3,72.3,72.3,106200,DNSE
MWG,15,2026-09-09 09:15:00,72.3,72.6,72.1,72.3,75700,DNSE
MWG,15,2026-09-09 09:30:00,72.2,72.3,72.1,72.3,39000,DNSE
MWG,15,2026-09-09 09:45:00,72.3,72.4,72.2,72.3,57500,DNSE
MWG,15,2026-09-09 10:00:00,72.3,72.4,72.2,72.4,47200,DNSE
MWG,15,2026-09-09 10:15:00,72.4,72.5,72.2,72.3,65900,DNSE
MWG,15,2026-09-09 10:30:00,72.2,72.4,72.2,72.2,102200,DNSE
MWG,15,2026-09-09 10:45:00,72.2,72.3,72.2,72.2,25700,DNSE
MWG,15,2026-09-09 11:00:00,72.2,72.3,72.1,72.1,65600,DNSE
MWG,15,2026-09-09 11:15:00,72.1,72.1,71.9,72.0,100400,DNSE
MWG,15,2026-09-09 13:00:00,72.0,72.0,71.9,72.0,54200,DNSE
MWG,15,2026-09-09 13:15:00,72.0,72.1,71.8,71.9,101000,DNSE
MWG,15,2026-09-09 13:30:00,71.9,72.0,71.8,72.0,56100,DNSE
MWG,15,2026-09-09 13:45:00,71.9,72.0,71.8,71.8,146500,DNSE
MWG,15,2026-09-09 14:00:00,71.8,71.8,71.4,71.6,204800,DNSE
MWG,15,2026-09-09 14:15:00,71.6,71.7,71.4,71.7,167700,DNSE
MWG,15,2026-09-09 14:45:00,71.6,71.6,71.6,71.6,110800,DNSE
MWG,15,2026-09-10 09:15:00,71.6,71.6,71.2,71.2,75200,DNSE
MWG,15,2026-09-10 09:30:00,71.3,71.5,71.2,71.5,50000,DNSE
MWG,15,2026-09-10 09:45:00,71.5,71.7,71.4,71.5,179900,DNSE
MWG,15,2026-09-10 10:00:00,71.5,72.0,71.5,71.9,145100,DNSE
MWG,15,2026-09-10 10:15:00,71.9,72.0,71.7,71.7,73700,DNSE
MWG,15,2026-09-10 10:30:00,71.7,71.8,71.6,71.6,51600,DNSE
MWG,15,2026-09-10 10:45:00,71.6,71.7,71.5,71.6,102600,DNSE
MWG,15,2026-09-10 11:00:00,71.5,71.7,71.5,71.6,21300,DNSE
MWG,15,2026-09-10 11:15:00,71.6,72.5,71.6,72.5,356500,DNSE
MWG,15,2026-09-10 13:00:00,72.5,73.0,72.5,72.8,419700,DNSE
MWG,15,2026-09-10 13:15:00,72.8,73.1,72.5,73.0,261900,DNSE
MWG,15,2026-09-10 13:30:00,72.9,73.0,72.8,72.9,122800,DNSE
MWG,15,2026-09-10 13:45:00,72.8,72.9,72.6,72.6,79500,DNSE
MWG,15,2026-09-10 14:00:00,72.7,73.3,72.7,73.0,318000,DNSE
MWG,15,2026-09-10 14:15:00,73.0,73.1,72.7,73.0,103100,DNSE
MWG,15,2026-09-10 14:45:00,72.9,72.9,72.9,72.9,135300,DNSE
MWG,15,2026-09-11 09:15:00,72.5,72.5,71.9,72.1,180400,DNSE
MWG,15,2026-09-11 09:30:00,72.1,72.2,71.8,72.1,195000,DNSE
MWG,15,2026-09-11 09:45:00,72.1,72.2,71.9,71.9,129800,DNSE
MWG,15,2026-09-11 10:00:00,71.9,71.9,71.5,71.6,239000,DNSE
MWG,15,2026-09-11 10:15:00,71.6,71.9,71.6,71.9,173300,DNSE
MWG,15,2026-09-11 10:30:00,71.9,72.0,71.8,71.8,138400,DNSE
MWG,15,2026-09-11 10:45:00,71.8,71.9,71.7,71.8,146100,DNSE
MWG,15,2026-09-11 11:00:00,71.8,71.9,71.7,71.7,109900,DNSE
MWG,15,2026-09-11 11:15:00,71.7,71.9,71.7,71.8,106100,DNSE
MWG,15,2026-09-11 13:00:00,71.8,71.9,71.7,71.8,85700,DNSE
MWG,15,2026-09-11 13:15:00,71.8,72.0,71.7,71.9,115600,DNSE
MWG,15,2026-09-11 13:30:00,71.9,72.0,71.7,71.8,132600,DNSE
MWG,15,2026-09-11 13:45:00,71.8,71.9,71.7,71.7,56400,DNSE
MWG,15,2026-09-11 14:00:00,71.7,71.8,71.3,71.4,260200,DNSE
MWG,15,2026-09-11 14:15:00,71.3,71.7,71.3,71.4,283800,DNSE
MWG,15,2026-09-11 14:45:00,71.3,71.3,71.3,71.3,235300,DNSE
MWG,15,2026-09-14 09:15:00,71.3,71.4,71.3,71.4,74800,DNSE
MWG,15,2026-09-14 09:30:00,71.4,71.5,71.2,71.2,52200,DNSE
MWG,15,2026-09-14 09:45:00,71.2,71.4,71.2,71.3,81500,DNSE
MWG,15,2026-09-14 10:00:00,71.3,71.3,71.0,71.1,160600,DNSE
MWG,15,2026-09-14 10:15:00,71.1,71.1,70.8,70.9,137200,DNSE
MWG,15,2026-09-14 10:30:00,70.9,71.0,70.8,70.9,119500,DNSE
MWG,15,2026-09-14 10:45:00,70.9,71.0,70.8,70.9,105200,DNSE
MWG,15,2026-09-14 11:00:00,70.9,71.0,70.6,70.7,108400,DNSE
MWG,15,2026-09-14 11:15:00,70.6,70.8,70.6,70.7,37800,DNSE
MWG,15,2026-09-14 13:00:00,70.7,70.8,70.5,70.5,116900,DNSE
MWG,15,2026-09-14 13:15:00,70.6,70.7,70.5,70.5,78800,DNSE
MWG,15,2026-09-14 13:30:00,70.6,70.7,69.5,69.7,447400,DNSE
MWG,15,2026-09-14 13:45:00,69.7,70.0,69.5,69.8,324800,DNSE
MWG,15,2026-09-14 14:00:00,69.8,70.0,68.6,68.7,487800,DNSE
MWG,15,2026-09-14 14:15:00,68.7,70.8,68.7,70.6,556900,DNSE
MWG,15,2026-09-14 14:45:00,69.8,69.8,69.8,69.8,356700,DNSE
MWG,15,2026-09-15 09:15:00,69.8,70.5,69.8,70.1,154000,DNSE
MWG,15,2026-09-15 09:30:00,70.1,70.3,69.9,70.0,130000,DNSE
MWG,15,2026-09-15 09:45:00,70.1,70.2,69.8,70.0,157500,DNSE
MWG,15,2026-09-15 10:00:00,69.9,70.5,69.8,70.4,117200,DNSE
MWG,15,2026-09-15 10:15:00,70.4,70.5,70.3,70.3,64000,DNSE
MWG,15,2026-09-15 10:30:00,70.4,70.4,70.3,70.3,43100,DNSE
MWG,15,2026-09-15 10:45:00,70.3,70.4,70.1,70.1,150000,DNSE
MWG,15,2026-09-15 11:00:00,70.1,70.3,70.1,70.3,56600,DNSE
MWG,15,2026-09-15 11:15:00,70.3,70.3,70.1,70.3,33800,DNSE
MWG,15,2026-09-15 13:00:00,70.3,70.4,70.1,70.4,93200,DNSE
MWG,15,2026-09-15 13:15:00,70.2,70.5,70.2,70.3,82500,DNSE
MWG,15,2026-09-15 13:30:00,70.3,70.3,70.1,70.1,112600,DNSE
MWG,15,2026-09-15 13:45:00,70.1,70.5,70.1,70.4,113100,DNSE
MWG,15,2026-09-15 14:00:00,70.4,70.8,70.3,70.6,101900,DNSE
MWG,15,2026-09-15 14:15:00,70.6,70.8,70.3,70.7,114200,DNSE
MWG,15,2026-09-15 14:45:00,71.2,71.2,71.2,71.2,369400,DNSE
MWG,15,2026-09-16 09:15:00,71.0,71.4,70.9,71.0,113000,DNSE
MWG,15,2026-09-16 09:30:00,71.1,71.2,71.0,71.1,18000,DNSE
MWG,15,2026-09-16 09:45:00,71.1,71.2,70.9,70.9,50000,DNSE
MWG,15,2026-09-16 10:00:00,70.9,71.0,70.4,70.4,104900,DNSE
MWG,15,2026-09-16 10:15:00,70.4,70.8,70.3,70.8,130900,DNSE
MWG,15,2026-09-16 10:30:00,70.8,70.8,70.6,70.7,56500,DNSE
MWG,15,2026-09-16 10:45:00,70.6,70.9,70.6,70.7,64000,DNSE
MWG,15,2026-09-16 11:00:00,70.7,70.8,70.6,70.6,52200,DNSE
MWG,15,2026-09-16 11:15:00,70.6,70.8,70.5,70.8,65800,DNSE
MWG,15,2026-09-16 13:00:00,70.7,70.8,70.6,70.7,58500,DNSE
MWG,15,2026-09-16 13:15:00,70.6,70.7,70.5,70.7,91000,DNSE
MWG,15,2026-09-16 13:30:00,70.6,70.7,70.4,70.6,113200,DNSE
MWG,15,2026-09-16 13:45:00,70.6,70.6,70.3,70.5,117100,DNSE
MWG,15,2026-09-16 14:00:00,70.4,71.0,70.4,71.0,163400,DNSE
MWG,15,2026-09-16 14:15:00,70.9,71.6,70.6,71.5,475800,DNSE
MWG,15,2026-09-16 14:45:00,71.5,71.5,71.5,71.5,343400,DNSE
MWG,15,2026-09-17 09:15:00,71.0,71.7,70.8,71.6,181300,DNSE
MWG,15,2026-09-17 09:30:00,71.6,72.0,71.6,71.9,186500,DNSE
MWG,15,2026-09-17 09:45:00,71.9,72.2,71.7,71.8,235000,DNSE
MWG,15,2026-09-17 10:00:00,71.8,72.1,71.7,72.1,100700,DNSE
MWG,15,2026-09-17 10:15:00,72.0,72.7,72.0,72.5,195500,DNSE
MWG,15,2026-09-17 10:30:00,72.5,72.6,72.4,72.4,107400,DNSE
MWG,15,2026-09-17 10:45:00,72.4,72.4,72.1,72.3,150000,DNSE
MWG,15,2026-09-17 11:00:00,72.3,72.6,72.2,72.5,102600,DNSE
MWG,15,2026-09-17 11:15:00,72.5,72.8,72.5,72.7,173000,DNSE
MWG,15,2026-09-17 13:00:00,72.6,73.5,72.6,72.8,596100,DNSE
MWG,15,2026-09-17 13:15:00,72.9,72.9,72.6,72.9,139300,DNSE
MWG,15,2026-09-17 13:30:00,72.9,73.3,72.8,73.1,363200,DNSE
MWG,15,2026-09-17 13:45:00,73.1,73.2,72.8,72.8,210800,DNSE
MWG,15,2026-09-17 14:00:00,72.8,73.0,72.8,72.9,161600,DNSE
MWG,15,2026-09-17 14:15:00,72.9,73.4,72.9,73.4,618000,DNSE
MWG,15,2026-09-17 14:45:00,73.1,73.1,73.1,73.1,558900,DNSE
MWG,15,2026-09-18 09:15:00,73.1,73.5,73.1,73.2,65700,DNSE
MWG,15,2026-09-18 09:30:00,73.2,73.2,73.0,73.2,39600,DNSE
MWG,15,2026-09-18 09:45:00,73.2,73.2,72.9,73.0,43200,DNSE
MWG,15,2026-09-18 10:00:00,73.0,73.1,72.9,73.1,63500,DNSE
MWG,15,2026-09-18 10:15:00,73.1,73.3,73.1,73.3,143200,DNSE
MWG,15,2026-09-18 10:30:00,73.2,73.3,73.1,73.1,96900,DNSE
MWG,15,2026-09-18 10:45:00,73.2,73.3,73.1,73.3,66500,DNSE
MWG,15,2026-09-18 11:00:00,73.3,73.3,73.1,73.1,64700,DNSE
MWG,15,2026-09-18 11:15:00,73.2,73.2,73.1,73.1,47800,DNSE
MWG,15,2026-09-18 13:00:00,73.1,73.1,73.0,73.1,33800,DNSE
MWG,15,2026-09-18 13:15:00,73.1,73.1,72.8,72.8,192500,DNSE
MWG,15,2026-09-18 13:30:00,72.8,73.0,72.8,72.8,174300,DNSE
MWG,15,2026-09-18 13:45:00,72.8,73.0,72.8,72.8,144100,DNSE
MWG,15,2026-09-18 14:00:00,72.8,72.9,72.5,72.5,205600,DNSE
MWG,15,2026-09-18 14:15:00,72.5,72.7,72.4,72.7,199000,DNSE
MWG,15,2026-09-18 14:45:00,72.5,72.5,72.5,72.5,328600,DNSE
MWG,15,2026-09-21 09:15:00,72.5,72.5,72.1,72.1,77600,DNSE
MWG,15,2026-09-21 09:30:00,72.1,72.3,71.9,71.9,120900,DNSE
MWG,15,2026-09-21 09:45:00,71.9,72.0,71.5,71.7,219700,DNSE
MWG,15,2026-09-21 10:00:00,71.7,71.9,71.6,71.6,40900,DNSE
MWG,15,2026-09-21 10:15:00,71.6,71.7,71.6,71.6,68800,DNSE
MWG,15,2026-09-21 10:30:00,71.6,71.9,71.6,71.8,28700,DNSE
MWG,15,2026-09-21 10:45:00,71.8,71.9,71.7,71.8,33700,DNSE
MWG,15,2026-09-21 11:00:00,71.8,71.9,71.6,71.7,69100,DNSE
MWG,15,2026-09-21 11:15:00,71.7,71.8,71.6,71.7,34000,DNSE
MWG,15,2026-09-21 13:00:00,71.7,71.8,71.6,71.6,72600,DNSE
MWG,15,2026-09-21 13:15:00,71.6,71.7,71.5,71.6,126300,DNSE
MWG,15,2026-09-21 13:30:00,71.6,71.8,71.5,71.6,191800,DNSE
MWG,15,2026-09-21 13:45:00,71.7,71.7,71.2,71.2,185300,DNSE
MWG,15,2026-09-21 14:00:00,71.2,71.6,71.1,71.3,142200,DNSE
MWG,15,2026-09-21 14:15:00,71.3,71.7,71.0,71.7,384200,DNSE
MWG,15,2026-09-21 14:45:00,71.7,71.7,71.7,71.7,458600,DNSE
PNJ,15,2026-07-23 09:15:00,33.05,33.05,33.05,33.05,270100,DNSE
PNJ,15,2026-07-23 09:30:00,33.05,33.05,33.05,33.05,43200,DNSE
PNJ,15,2026-07-23 09:45:00,33.05,33.05,33.05,33.05,24000,DNSE
PNJ,15,2026-07-23 10:00:00,33.05,33.05,33.05,33.05,25500,DNSE
PNJ,15,2026-07-23 10:15:00,33.05,33.05,33.05,33.05,21200,DNSE
PNJ,15,2026-07-23 10:30:00,33.05,33.05,33.05,33.05,5300,DNSE
PNJ,15,2026-07-23 10:45:00,33.05,33.05,33.05,33.05,5400,DNSE
PNJ,15,2026-07-23 11:00:00,33.05,33.05,33.05,33.05,4300,DNSE
PNJ,15,2026-07-23 11:15:00,33.05,33.05,33.05,33.05,10700,DNSE
PNJ,15,2026-07-23 13:00:00,33.05,33.05,33.05,33.05,23000,DNSE
PNJ,15,2026-07-23 13:15:00,33.05,33.05,33.05,33.05,37900,DNSE
PNJ,15,2026-07-23 13:30:00,33.05,33.05,33.05,33.05,14700,DNSE
PNJ,15,2026-07-23 13:45:00,33.05,33.05,33.05,33.05,8900,DNSE
PNJ,15,2026-07-23 14:00:00,33.05,33.05,33.05,33.05,9700,DNSE
PNJ,15,2026-07-23 14:15:00,33.05,33.05,33.05,33.05,43200,DNSE
PNJ,15,2026-07-23 14:45:00,33.05,33.05,33.05,33.05,39600,DNSE
PNJ,15,2026-07-24 09:15:00,30.75,30.75,30.75,30.75,655500,DNSE
PNJ,15,2026-07-24 09:30:00,30.75,30.75,30.75,30.75,35600,DNSE
PNJ,15,2026-07-24 09:45:00,30.75,30.75,30.75,30.75,328900,DNSE
PNJ,15,2026-07-24 10:00:00,30.75,30.75,30.75,30.75,126800,DNSE
PNJ,15,2026-07-24 10:15:00,30.75,30.75,30.75,30.75,42600,DNSE
PNJ,15,2026-07-24 10:30:00,30.75,30.75,30.75,30.75,37700,DNSE
PNJ,15,2026-07-24 10:45:00,30.75,30.75,30.75,30.75,57600,DNSE
PNJ,15,2026-07-24 11:00:00,30.75,30.75,30.75,30.75,87400,DNSE
PNJ,15,2026-07-24 11:15:00,30.75,30.75,30.75,30.75,241100,DNSE
PNJ,15,2026-07-24 13:00:00,30.75,30.75,30.75,30.75,515200,DNSE
PNJ,15,2026-07-24 13:15:00,30.75,30.75,30.75,30.75,306500,DNSE
PNJ,15,2026-07-24 13:30:00,30.75,30.75,30.75,30.75,313800,DNSE
PNJ,15,2026-07-24 13:45:00,30.75,30.75,30.75,30.75,1228800,DNSE
PNJ,15,2026-07-24 14:00:00,30.75,32.05,30.75,30.75,27130300,DNSE
PNJ,15,2026-07-24 14:15:00,30.75,31.4,30.75,30.75,8254900,DNSE
PNJ,15,2026-07-24 14:45:00,30.75,30.75,30.75,30.75,1986500,DNSE
PNJ,15,2026-07-27 09:15:00,30.95,31.7,30.9,31.7,1683200,DNSE
PNJ,15,2026-07-27 09:30:00,31.7,32.7,31.4,32.65,1365900,DNSE
PNJ,15,2026-07-27 09:45:00,32.65,32.7,31.6,32.15,697200,DNSE
PNJ,15,2026-07-27 10:00:00,32.15,32.25,32.0,32.15,553500,DNSE
PNJ,15,2026-07-27 10:15:00,32.15,32.7,32.1,32.55,865400,DNSE
PNJ,15,2026-07-27 10:30:00,32.55,32.85,32.25,32.35,680900,DNSE
PNJ,15,2026-07-27 10:45:00,32.35,32.5,32.0,32.25,275700,DNSE
PNJ,15,2026-07-27 11:00:00,32.15,32.35,32.0,32.3,266200,DNSE
PNJ,15,2026-07-27 11:15:00,32.3,32.55,32.1,32.3,392900,DNSE
PNJ,15,2026-07-27 13:00:00,32.25,32.55,32.25,32.55,314400,DNSE
PNJ,15,2026-07-27 13:15:00,32.55,32.7,32.55,32.65,368100,DNSE
PNJ,15,2026-07-27 13:30:00,32.65,32.8,32.6,32.75,319000,DNSE
PNJ,15,2026-07-27 13:45:00,32.75,32.9,32.75,32.9,1667800,DNSE
PNJ,15,2026-07-27 14:00:00,32.9,32.9,32.9,32.9,48000,DNSE
PNJ,15,2026-07-27 14:15:00,32.9,32.9,32.9,32.9,705300,DNSE
PNJ,15,2026-07-27 14:45:00,32.9,32.9,32.9,32.9,53600,DNSE
PNJ,15,2026-07-28 09:15:00,33.1,35.2,33.1,35.15,3449200,DNSE
PNJ,15,2026-07-28 09:30:00,35.1,35.2,35.0,35.2,1753900,DNSE
PNJ,15,2026-07-28 09:45:00,35.2,35.2,35.15,35.2,466300,DNSE
PNJ,15,2026-07-28 10:00:00,35.2,35.2,35.2,35.2,174500,DNSE
PNJ,15,2026-07-28 10:15:00,35.2,35.2,35.2,35.2,105800,DNSE
PNJ,15,2026-07-28 10:30:00,35.2,35.2,35.2,35.2,39100,DNSE
PNJ,15,2026-07-28 10:45:00,35.2,35.2,35.05,35.1,329400,DNSE
PNJ,15,2026-07-28 11:00:00,35.1,35.2,35.1,35.2,948900,DNSE
PNJ,15,2026-07-28 11:15:00,35.2,35.2,35.2,35.2,31200,DNSE
PNJ,15,2026-07-28 13:00:00,35.2,35.2,33.1,33.7,3503200,DNSE
PNJ,15,2026-07-28 13:15:00,33.7,34.35,33.6,33.95,1987800,DNSE
PNJ,15,2026-07-28 13:30:00,33.95,34.2,33.7,33.9,1411600,DNSE
PNJ,15,2026-07-28 13:45:00,33.95,34.15,33.65,34.05,954900,DNSE
PNJ,15,2026-07-28 14:00:00,34.1,34.2,33.8,33.9,1027000,DNSE
PNJ,15,2026-07-28 14:15:00,33.95,34.05,33.05,33.1,2530700,DNSE
PNJ,15,2026-07-28 14:45:00,32.65,32.65,32.65,32.65,1709800,DNSE
PNJ,15,2026-07-29 09:15:00,32.9,33.9,32.9,33.55,461600,DNSE
PNJ,15,2026-07-29 09:30:00,33.55,33.6,32.75,33.05,420100,DNSE
PNJ,15,2026-07-29 09:45:00,33.0,33.3,32.75,32.8,520200,DNSE
PNJ,15,2026-07-29 10:00:00,32.8,33.1,32.45,33.05,312000,DNSE
PNJ,15,2026-07-29 10:15:00,33.1,33.15,32.9,33.1,219300,DNSE
PNJ,15,2026-07-29 10:30:00,33.05,33.4,32.9,33.4,237900,DNSE
PNJ,15,2026-07-29 10:45:00,33.35,33.85,33.35,33.8,433100,DNSE
PNJ,15,2026-07-29 11:00:00,33.8,33.85,33.3,33.4,477700,DNSE
PNJ,15,2026-07-29 11:15:00,33.4,33.5,33.0,33.15,458700,DNSE
PNJ,15,2026-07-29 13:00:00,33.15,33.2,32.65,32.7,455700,DNSE
PNJ,15,2026-07-29 13:15:00,32.7,33.15,32.65,33.0,224200,DNSE
PNJ,15,2026-07-29 13:30:00,32.95,32.95,32.7,32.75,500600,DNSE
PNJ,15,2026-07-29 13:45:00,32.75,32.85,32.6,32.6,551900,DNSE
PNJ,15,2026-07-29 14:00:00,32.6,32.95,32.5,32.8,1055700,DNSE
PNJ,15,2026-07-29 14:15:00,32.8,33.05,32.75,33.0,691800,DNSE
PNJ,15,2026-07-29 14:45:00,32.75,32.75,32.75,32.75,216000,DNSE
PNJ,15,2026-07-30 09:15:00,32.75,33.4,32.75,33.05,311200,DNSE
PNJ,15,2026-07-30 09:30:00,33.05,33.45,32.8,32.8,391800,DNSE
PNJ,15,2026-07-30 09:45:00,33.2,33.4,32.95,33.15,370000,DNSE
PNJ,15,2026-07-30 10:00:00,33.0,33.3,33.0,33.25,194800,DNSE
PNJ,15,2026-07-30 10:15:00,33.25,33.3,33.0,33.15,288800,DNSE
PNJ,15,2026-07-30 10:30:00,33.15,33.35,33.0,33.1,404000,DNSE
PNJ,15,2026-07-30 10:45:00,33.0,33.05,32.75,32.8,423400,DNSE
PNJ,15,2026-07-30 11:00:00,32.75,32.9,32.65,32.9,291800,DNSE
PNJ,15,2026-07-30 11:15:00,32.85,33.15,32.75,33.0,425600,DNSE
PNJ,15,2026-07-30 13:00:00,33.05,33.1,32.8,32.85,684200,DNSE
PNJ,15,2026-07-30 13:15:00,32.9,33.0,32.7,32.8,612500,DNSE
PNJ,15,2026-07-30 13:30:00,32.75,32.8,32.1,32.15,1216400,DNSE
PNJ,15,2026-07-30 13:45:00,32.15,32.6,31.8,32.45,764700,DNSE
PNJ,15,2026-07-30 14:00:00,32.45,32.45,32.0,32.2,356400,DNSE
PNJ,15,2026-07-30 14:15:00,32.2,32.45,32.0,32.3,570500,DNSE
PNJ,15,2026-07-30 14:45:00,32.5,32.5,32.5,32.5,514200,DNSE
PNJ,15,2026-07-31 09:15:00,30.35,31.25,30.35,30.9,3145200,DNSE
PNJ,15,2026-07-31 09:30:00,30.9,30.9,30.25,30.3,1532300,DNSE
PNJ,15,2026-07-31 09:45:00,30.3,30.5,30.25,30.45,700400,DNSE
PNJ,15,2026-07-31 10:00:00,30.45,30.55,30.35,30.5,249200,DNSE
PNJ,15,2026-07-31 10:15:00,30.5,30.6,30.25,30.3,3111500,DNSE
PNJ,15,2026-07-31 10:30:00,30.3,30.3,30.25,30.3,1096000,DNSE
PNJ,15,2026-07-31 10:45:00,30.3,30.3,30.25,30.25,419200,DNSE
PNJ,15,2026-07-31 11:00:00,30.25,30.25,30.25,30.25,150300,DNSE
PNJ,15,2026-07-31 11:15:00,30.25,30.3,30.25,30.3,1001500,DNSE
PNJ,15,2026-07-31 13:00:00,30.35,30.5,30.25,30.35,948800,DNSE
PNJ,15,2026-07-31 13:15:00,30.35,30.35,30.25,30.25,1113600,DNSE
PNJ,15,2026-07-31 13:30:00,30.25,30.8,30.25,30.7,1065700,DNSE
PNJ,15,2026-07-31 13:45:00,30.65,30.8,30.3,30.4,738500,DNSE
PNJ,15,2026-07-31 14:00:00,30.7,30.8,30.3,30.7,633500,DNSE
PNJ,15,2026-07-31 14:15:00,30.5,30.8,30.45,30.75,355400,DNSE
PNJ,15,2026-07-31 14:45:00,31.0,31.0,31.0,31.0,1473600,DNSE
PNJ,15,2026-08-03 09:15:00,31.2,31.9,31.2,31.6,592800,DNSE
PNJ,15,2026-08-03 09:30:00,31.65,32.4,31.45,32.3,990600,DNSE
PNJ,15,2026-08-03 09:45:00,32.3,33.0,32.15,32.65,662400,DNSE
PNJ,15,2026-08-03 10:00:00,32.6,32.8,32.45,32.5,261900,DNSE
PNJ,15,2026-08-03 10:15:00,32.5,32.65,31.9,31.95,458400,DNSE
PNJ,15,2026-08-03 10:30:00,31.95,32.35,31.9,32.3,363900,DNSE
PNJ,15,2026-08-03 10:45:00,32.3,32.55,32.1,32.3,224700,DNSE
PNJ,15,2026-08-03 11:00:00,32.3,32.55,32.0,32.25,502600,DNSE
PNJ,15,2026-08-03 11:15:00,32.3,32.4,32.25,32.35,113100,DNSE
PNJ,15,2026-08-03 13:00:00,32.35,33.15,32.3,33.1,1341200,DNSE
PNJ,15,2026-08-03 13:15:00,33.1,33.15,33.1,33.15,1491700,DNSE
PNJ,15,2026-08-03 13:30:00,33.15,33.15,33.15,33.15,63000,DNSE
PNJ,15,2026-08-03 13:45:00,33.15,33.15,33.15,33.15,71000,DNSE
PNJ,15,2026-08-03 14:00:00,33.15,33.15,33.1,33.15,654800,DNSE
PNJ,15,2026-08-03 14:15:00,33.15,33.15,33.15,33.15,106600,DNSE
PNJ,15,2026-08-03 14:45:00,33.15,33.15,33.15,33.15,106600,DNSE
PNJ,15,2026-08-04 09:15:00,34.0,35.3,34.0,34.5,1870400,DNSE
PNJ,15,2026-08-04 09:30:00,34.45,35.2,34.3,35.0,665000,DNSE
PNJ,15,2026-08-04 09:45:00,35.0,35.2,34.9,35.2,432200,DNSE
PNJ,15,2026-08-04 10:00:00,35.2,35.2,34.95,35.1,408400,DNSE
PNJ,15,2026-08-04 10:15:00,35.1,35.2,35.0,35.15,291600,DNSE
PNJ,15,2026-08-04 10:30:00,35.1,35.15,35.05,35.1,138800,DNSE
PNJ,15,2026-08-04 10:45:00,35.1,35.15,34.75,34.75,524900,DNSE
PNJ,15,2026-08-04 11:00:00,34.8,35.0,34.75,35.0,213000,DNSE
PNJ,15,2026-08-04 11:15:00,35.0,35.05,34.85,35.0,196700,DNSE
PNJ,15,2026-08-04 13:00:00,35.0,35.0,34.4,34.85,1939300,DNSE
PNJ,15,2026-08-04 13:15:00,34.85,35.15,34.85,35.15,1306200,DNSE
PNJ,15,2026-08-04 13:30:00,35.15,35.2,34.9,34.95,686800,DNSE
PNJ,15,2026-08-04 13:45:00,34.9,35.15,34.9,35.15,612600,DNSE
PNJ,15,2026-08-04 14:00:00,35.2,35.45,35.15,35.45,1257100,DNSE
PNJ,15,2026-08-04 14:15:00,35.45,35.45,35.45,35.45,71500,DNSE
PNJ,15,2026-08-04 14:45:00,35.45,35.45,35.45,35.45,32800,DNSE
PNJ,15,2026-08-05 09:15:00,37.25,37.6,36.75,36.95,1861100,DNSE
PNJ,15,2026-08-05 09:30:00,36.95,37.2,36.95,37.2,700100,DNSE
PNJ,15,2026-08-05 09:45:00,37.2,37.45,37.15,37.4,310800,DNSE
PNJ,15,2026-08-05 10:00:00,37.4,37.45,37.3,37.3,288700,DNSE
PNJ,15,2026-08-05 10:15:00,37.35,37.4,37.25,37.3,382200,DNSE
PNJ,15,2026-08-05 10:30:00,37.35,37.6,37.25,37.55,342000,DNSE
PNJ,15,2026-08-05 10:45:00,37.55,37.85,37.5,37.75,545100,DNSE
PNJ,15,2026-08-05 11:00:00,37.85,37.85,37.7,37.8,456200,DNSE
PNJ,15,2026-08-05 11:15:00,37.8,37.9,37.7,37.7,380000,DNSE
PNJ,15,2026-08-05 13:00:00,37.7,37.75,37.4,37.55,946600,DNSE
PNJ,15,2026-08-05 13:15:00,37.55,37.85,37.45,37.85,586800,DNSE
PNJ,15,2026-08-05 13:30:00,37.85,37.9,37.8,37.9,724900,DNSE
PNJ,15,2026-08-05 13:45:00,37.9,37.9,37.9,37.9,46100,DNSE
PNJ,15,2026-08-05 14:00:00,37.9,37.9,37.9,37.9,24300,DNSE
PNJ,15,2026-08-05 14:15:00,37.9,37.9,37.9,37.9,199500,DNSE
PNJ,15,2026-08-05 14:45:00,37.9,37.9,37.9,37.9,13300,DNSE
PNJ,15,2026-08-06 09:15:00,39.1,39.7,38.0,38.2,2205300,DNSE
PNJ,15,2026-08-06 09:30:00,38.2,38.7,38.15,38.3,529000,DNSE
PNJ,15,2026-08-06 09:45:00,38.3,38.3,38.05,38.15,356600,DNSE
PNJ,15,2026-08-06 10:00:00,38.15,38.4,38.05,38.1,604100,DNSE
PNJ,15,2026-08-06 10:15:00,38.1,38.2,37.0,37.6,562600,DNSE
PNJ,15,2026-08-06 10:30:00,37.6,37.9,37.5,37.7,219600,DNSE
PNJ,15,2026-08-06 10:45:00,37.7,38.0,37.65,37.95,179200,DNSE
PNJ,15,2026-08-06 11:00:00,37.9,37.95,37.7,37.8,166700,DNSE
PNJ,15,2026-08-06 11:15:00,37.8,37.8,37.6,37.65,179800,DNSE
PNJ,15,2026-08-06 13:00:00,37.7,37.7,37.15,37.7,795100,DNSE
PNJ,15,2026-08-06 13:15:00,37.7,37.75,37.5,37.55,355000,DNSE
PNJ,15,2026-08-06 13:30:00,37.5,37.6,37.25,37.35,356200,DNSE
PNJ,15,2026-08-06 13:45:00,37.35,37.4,37.0,37.05,469400,DNSE
PNJ,15,2026-08-06 14:00:00,37.0,37.2,36.2,36.45,700900,DNSE
PNJ,15,2026-08-06 14:15:00,36.45,36.75,36.3,36.55,518800,DNSE
PNJ,15,2026-08-06 14:45:00,36.45,36.45,36.45,36.45,265400,DNSE
PNJ,15,2026-08-07 09:15:00,36.1,36.4,35.6,35.7,565900,DNSE
PNJ,15,2026-08-07 09:30:00,35.7,35.7,35.15,35.3,524700,DNSE
PNJ,15,2026-08-07 09:45:00,35.3,36.0,35.1,36.0,299900,DNSE
PNJ,15,2026-08-07 10:00:00,36.1,36.6,36.05,36.6,224900,DNSE
PNJ,15,2026-08-07 10:15:00,36.6,37.0,36.4,36.75,281300,DNSE
PNJ,15,2026-08-07 10:30:00,36.75,37.0,36.6,36.65,159500,DNSE
PNJ,15,2026-08-07 10:45:00,36.65,37.0,36.6,36.9,167000,DNSE
PNJ,15,2026-08-07 11:00:00,37.0,37.1,36.85,36.85,148000,DNSE
PNJ,15,2026-08-07 11:15:00,36.9,36.9,36.75,36.8,66700,DNSE
PNJ,15,2026-08-07 13:00:00,36.8,37.85,36.7,37.7,259300,DNSE
PNJ,15,2026-08-07 13:15:00,37.7,37.9,36.95,36.95,325400,DNSE
PNJ,15,2026-08-07 13:30:00,37.0,37.1,36.7,36.75,186700,DNSE
PNJ,15,2026-08-07 13:45:00,36.7,36.8,36.6,36.6,120100,DNSE
PNJ,15,2026-08-07 14:00:00,36.6,36.65,35.9,36.2,279000,DNSE
PNJ,15,2026-08-07 14:15:00,36.2,36.4,36.15,36.4,162600,DNSE
PNJ,15,2026-08-07 14:45:00,36.0,36.0,36.0,36.0,178500,DNSE
PNJ,15,2026-08-10 09:15:00,35.4,35.5,34.55,35.1,729100,DNSE
PNJ,15,2026-08-10 09:30:00,35.1,35.5,35.0,35.3,176100,DNSE
PNJ,15,2026-08-10 09:45:00,35.3,36.4,35.3,36.0,221400,DNSE
PNJ,15,2026-08-10 10:00:00,36.0,36.15,36.0,36.0,78400,DNSE
PNJ,15,2026-08-10 10:15:00,36.0,36.0,35.8,35.85,60200,DNSE
PNJ,15,2026-08-10 10:30:00,35.85,35.85,35.7,35.8,32400,DNSE
PNJ,15,2026-08-10 10:45:00,35.8,35.8,35.7,35.75,29700,DNSE
PNJ,15,2026-08-10 11:00:00,35.75,35.75,35.6,35.65,53400,DNSE
PNJ,15,2026-08-10 11:15:00,35.65,35.75,35.55,35.75,65300,DNSE
PNJ,15,2026-08-10 13:00:00,35.75,35.9,35.45,35.65,278700,DNSE
PNJ,15,2026-08-10 13:15:00,35.65,35.95,35.65,35.8,79500,DNSE
PNJ,15,2026-08-10 13:30:00,35.85,35.85,35.65,35.75,75900,DNSE
PNJ,15,2026-08-10 13:45:00,35.75,36.15,35.75,36.1,321300,DNSE
PNJ,15,2026-08-10 14:00:00,36.05,36.1,35.9,35.95,205300,DNSE
PNJ,15,2026-08-10 14:15:00,35.95,36.05,35.8,35.85,240000,DNSE
PNJ,15,2026-08-10 14:45:00,35.95,35.95,35.95,35.95,78800,DNSE
PNJ,15,2026-08-11 09:15:00,36.3,36.4,36.15,36.4,199300,DNSE
PNJ,15,2026-08-11 09:30:00,36.4,36.75,36.3,36.4,308800,DNSE
PNJ,15,2026-08-11 09:45:00,36.4,36.45,36.1,36.1,251900,DNSE
PNJ,15,2026-08-11 10:00:00,36.15,36.2,35.75,35.9,104200,DNSE
PNJ,15,2026-08-11 10:15:00,35.9,36.0,35.75,35.8,66700,DNSE
PNJ,15,2026-08-11 10:30:00,35.8,35.8,35.65,35.65,72900,DNSE
PNJ,15,2026-08-11 10:45:00,35.65,35.8,35.65,35.7,41900,DNSE
PNJ,15,2026-08-11 11:00:00,35.7,35.7,35.5,35.55,140800,DNSE
PNJ,15,2026-08-11 11:15:00,35.6,35.65,35.55,35.55,45200,DNSE
PNJ,15,2026-08-11 13:00:00,35.6,35.6,35.25,35.25,261100,DNSE
PNJ,15,2026-08-11 13:15:00,35.25,35.45,35.0,35.4,359500,DNSE
PNJ,15,2026-08-11 13:30:00,35.4,35.4,35.2,35.3,122400,DNSE
PNJ,15,2026-08-11 13:45:00,35.3,35.35,35.05,35.05,163300,DNSE
PNJ,15,2026-08-11 14:00:00,35.1,35.25,35.05,35.2,227700,DNSE
PNJ,15,2026-08-11 14:15:00,35.2,35.2,34.9,35.0,654000,DNSE
PNJ,15,2026-08-11 14:45:00,34.85,34.85,34.85,34.85,177300,DNSE
PNJ,15,2026-08-12 09:15:00,35.1,35.2,34.85,35.0,244900,DNSE
PNJ,15,2026-08-12 09:30:00,34.95,35.15,34.95,35.1,52700,DNSE
PNJ,15,2026-08-12 09:45:00,35.15,35.6,35.15,35.5,208600,DNSE
PNJ,15,2026-08-12 10:00:00,35.5,35.5,35.3,35.35,75100,DNSE
PNJ,15,2026-08-12 10:15:00,35.3,35.35,34.95,35.05,173000,DNSE
PNJ,15,2026-08-12 10:30:00,35.05,35.3,35.05,35.15,84500,DNSE
PNJ,15,2026-08-12 10:45:00,35.2,35.2,35.1,35.2,64500,DNSE
PNJ,15,2026-08-12 11:00:00,35.2,35.2,34.9,35.0,165400,DNSE
PNJ,15,2026-08-12 11:15:00,35.1,35.15,34.95,35.1,46800,DNSE
PNJ,15,2026-08-12 13:00:00,35.1,35.4,35.1,35.3,164000,DNSE
PNJ,15,2026-08-12 13:15:00,35.35,35.5,35.25,35.5,228600,DNSE
PNJ,15,2026-08-12 13:30:00,35.5,35.5,35.05,35.05,204000,DNSE
PNJ,15,2026-08-12 13:45:00,35.1,35.2,34.9,34.95,241500,DNSE
PNJ,15,2026-08-12 14:00:00,34.95,35.2,34.95,35.15,132200,DNSE
PNJ,15,2026-08-12 14:15:00,35.1,35.2,35.0,35.05,224800,DNSE
PNJ,15,2026-08-12 14:45:00,35.05,35.05,35.05,35.05,49400,DNSE
PNJ,15,2026-08-13 09:15:00,35.6,35.75,35.3,35.4,207200,DNSE
PNJ,15,2026-08-13 09:30:00,35.35,35.7,35.35,35.6,161800,DNSE
PNJ,15,2026-08-13 09:45:00,35.6,35.65,35.45,35.5,133300,DNSE
PNJ,15,2026-08-13 10:00:00,35.5,35.55,35.45,35.5,59200,DNSE
PNJ,15,2026-08-13 10:15:00,35.5,35.55,35.45,35.5,49000,DNSE
PNJ,15,2026-08-13 10:30:00,35.5,35.5,35.4,35.5,59800,DNSE
PNJ,15,2026-08-13 10:45:00,35.5,35.55,35.45,35.5,84600,DNSE
PNJ,15,2026-08-13 11:00:00,35.5,35.55,35.45,35.5,33300,DNSE
PNJ,15,2026-08-13 11:15:00,35.5,35.5,35.45,35.5,18600,DNSE
PNJ,15,2026-08-13 13:00:00,35.5,35.5,35.3,35.45,297100,DNSE
PNJ,15,2026-08-13 13:15:00,35.45,35.5,35.4,35.45,107600,DNSE
PNJ,15,2026-08-13 13:30:00,35.45,35.5,35.4,35.45,190800,DNSE
PNJ,15,2026-08-13 13:45:00,35.5,35.5,35.25,35.3,256500,DNSE
PNJ,15,2026-08-13 14:00:00,35.3,35.3,35.15,35.25,307000,DNSE
PNJ,15,2026-08-13 14:15:00,35.2,35.4,35.2,35.3,339700,DNSE
PNJ,15,2026-08-13 14:45:00,35.3,35.3,35.3,35.3,166600,DNSE
PNJ,15,2026-08-14 09:15:00,35.35,35.45,35.25,35.45,123700,DNSE
PNJ,15,2026-08-14 09:30:00,35.45,36.1,35.4,36.1,334500,DNSE
PNJ,15,2026-08-14 09:45:00,36.1,37.5,36.1,37.2,913500,DNSE
PNJ,15,2026-08-14 10:00:00,37.2,37.35,36.45,36.9,314800,DNSE
PNJ,15,2026-08-14 10:15:00,36.9,36.9,36.7,36.75,183100,DNSE
PNJ,15,2026-08-14 10:30:00,36.7,36.75,36.65,36.75,80600,DNSE
PNJ,15,2026-08-14 10:45:00,36.8,36.85,36.7,36.8,61000,DNSE
PNJ,15,2026-08-14 11:00:00,36.75,36.8,36.65,36.65,126000,DNSE
PNJ,15,2026-08-14 11:15:00,36.65,36.75,36.4,36.5,192700,DNSE
PNJ,15,2026-08-14 13:00:00,36.5,36.55,36.15,36.35,342400,DNSE
PNJ,15,2026-08-14 13:15:00,36.3,36.45,36.05,36.05,461000,DNSE
PNJ,15,2026-08-14 13:30:00,36.15,36.15,35.9,35.9,391100,DNSE
PNJ,15,2026-08-14 13:45:00,36.0,36.35,35.85,36.3,387600,DNSE
PNJ,15,2026-08-14 14:00:00,36.15,36.4,36.05,36.35,245200,DNSE
PNJ,15,2026-08-14 14:15:00,36.4,36.7,36.15,36.6,539100,DNSE
PNJ,15,2026-08-14 14:45:00,36.5,36.5,36.5,36.5,75100,DNSE
PNJ,15,2026-08-17 09:15:00,36.6,36.95,36.3,36.9,260000,DNSE
PNJ,15,2026-08-17 09:30:00,36.95,37.0,36.8,36.85,216600,DNSE
PNJ,15,2026-08-17 09:45:00,36.8,36.9,36.6,36.6,227100,DNSE
PNJ,15,2026-08-17 10:00:00,36.6,36.65,36.1,36.1,230400,DNSE
PNJ,15,2026-08-17 10:15:00,36.3,36.3,35.6,35.95,222100,DNSE
PNJ,15,2026-08-17 10:30:00,35.9,36.2,35.75,36.1,135800,DNSE
PNJ,15,2026-08-17 10:45:00,36.1,36.3,36.05,36.15,73700,DNSE
PNJ,15,2026-08-17 11:00:00,36.15,36.2,36.0,36.0,210900,DNSE
PNJ,15,2026-08-17 11:15:00,36.0,36.05,35.9,35.95,99100,DNSE
PNJ,15,2026-08-17 13:00:00,35.95,36.05,35.8,35.85,181700,DNSE
PNJ,15,2026-08-17 13:15:00,35.85,36.0,35.7,35.9,170400,DNSE
PNJ,15,2026-08-17 13:30:00,35.85,36.1,35.85,36.05,176400,DNSE
PNJ,15,2026-08-17 13:45:00,36.0,36.15,35.95,36.15,180600,DNSE
PNJ,15,2026-08-17 14:00:00,36.1,36.25,36.1,36.15,216800,DNSE
PNJ,15,2026-08-17 14:15:00,36.1,36.25,36.0,36.15,337800,DNSE
PNJ,15,2026-08-17 14:45:00,36.2,36.2,36.2,36.2,43900,DNSE
PNJ,15,2026-08-18 09:15:00,36.2,36.25,36.0,36.05,175200,DNSE
PNJ,15,2026-08-18 09:30:00,36.05,36.1,35.85,35.95,241400,DNSE
PNJ,15,2026-08-18 09:45:00,35.95,36.0,35.8,35.85,209500,DNSE
PNJ,15,2026-08-18 10:00:00,35.85,35.85,35.6,35.6,266500,DNSE
PNJ,15,2026-08-18 10:15:00,35.65,35.7,35.45,35.45,444200,DNSE
PNJ,15,2026-08-18 10:30:00,35.45,35.5,35.1,35.35,327900,DNSE
PNJ,15,2026-08-18 10:45:00,35.35,35.4,35.3,35.35,135600,DNSE
PNJ,15,2026-08-18 11:00:00,35.35,35.55,35.35,35.5,173600,DNSE
PNJ,15,2026-08-18 11:15:00,35.5,35.55,35.4,35.5,127300,DNSE
PNJ,15,2026-08-18 13:00:00,35.5,35.5,35.1,35.1,506100,DNSE
PNJ,15,2026-08-18 13:15:00,35.1,35.25,35.1,35.2,293800,DNSE
PNJ,15,2026-08-18 13:30:00,35.2,35.2,35.0,35.0,490900,DNSE
PNJ,15,2026-08-18 13:45:00,35.0,35.05,34.95,35.0,413300,DNSE
PNJ,15,2026-08-18 14:00:00,35.0,35.05,34.85,35.0,475200,DNSE
PNJ,15,2026-08-18 14:15:00,35.0,35.15,34.9,35.0,396600,DNSE
PNJ,15,2026-08-18 14:45:00,35.05,35.05,35.05,35.05,72500,DNSE
PNJ,15,2026-08-19 09:15:00,35.35,35.35,35.1,35.15,89500,DNSE
PNJ,15,2026-08-19 09:30:00,35.1,35.1,34.6,34.8,113800,DNSE
PNJ,15,2026-08-19 09:45:00,34.75,35.15,34.7,35.1,142700,DNSE
PNJ,15,2026-08-19 10:00:00,35.1,35.1,35.0,35.0,42500,DNSE
PNJ,15,2026-08-19 10:15:00,35.05,35.1,35.0,35.0,116300,DNSE
PNJ,15,2026-08-19 10:30:00,35.0,35.0,34.95,34.95,18700,DNSE
PNJ,15,2026-08-19 10:45:00,35.0,35.0,34.8,34.8,125000,DNSE
PNJ,15,2026-08-19 11:00:00,34.85,34.85,34.7,34.75,79000,DNSE
PNJ,15,2026-08-19 11:15:00,34.75,34.95,34.7,34.9,152700,DNSE
PNJ,15,2026-08-19 13:00:00,34.9,36.3,34.9,36.2,486600,DNSE
PNJ,15,2026-08-19 13:15:00,36.2,36.3,36.1,36.3,272700,DNSE
PNJ,15,2026-08-19 13:30:00,36.25,36.6,36.15,36.2,474400,DNSE
PNJ,15,2026-08-19 13:45:00,36.2,36.5,36.0,36.15,345300,DNSE
PNJ,15,2026-08-19 14:00:00,36.1,36.15,35.7,35.7,242200,DNSE
PNJ,15,2026-08-19 14:15:00,35.8,36.15,35.6,35.9,397100,DNSE
PNJ,15,2026-08-19 14:45:00,35.7,35.7,35.7,35.7,254200,DNSE
PNJ,15,2026-08-20 09:15:00,36.5,37.15,36.5,37.15,669100,DNSE
PNJ,15,2026-08-20 09:30:00,37.15,37.8,37.15,37.25,838300,DNSE
PNJ,15,2026-08-20 09:45:00,37.2,37.3,37.05,37.25,157800,DNSE
PNJ,15,2026-08-20 10:00:00,37.25,37.25,36.95,37.05,440200,DNSE
PNJ,15,2026-08-20 10:15:00,37.0,37.1,37.0,37.0,199400,DNSE
PNJ,15,2026-08-20 10:30:00,37.05,37.45,37.0,37.05,274900,DNSE
PNJ,15,2026-08-20 10:45:00,37.15,37.3,37.0,37.2,173000,DNSE
PNJ,15,2026-08-20 11:00:00,37.2,37.65,37.2,37.6,342400,DNSE
PNJ,15,2026-08-20 11:15:00,37.6,37.75,37.1,37.45,319800,DNSE
PNJ,15,2026-08-20 13:00:00,37.45,37.45,37.1,37.35,347000,DNSE
PNJ,15,2026-08-20 13:15:00,37.35,37.45,37.25,37.3,314500,DNSE
PNJ,15,2026-08-20 13:30:00,37.3,37.35,37.1,37.15,204800,DNSE
PNJ,15,2026-08-20 13:45:00,37.2,37.45,37.1,37.35,241300,DNSE
PNJ,15,2026-08-20 14:00:00,37.3,37.7,37.3,37.6,578900,DNSE
PNJ,15,2026-08-20 14:15:00,37.6,37.65,37.2,37.35,475600,DNSE
PNJ,15,2026-08-20 14:45:00,37.3,37.3,37.3,37.3,106400,DNSE
PNJ,15,2026-08-21 09:15:00,39.9,39.9,39.9,39.9,3088000,DNSE
PNJ,15,2026-08-21 09:30:00,39.9,39.9,39.9,39.9,69700,DNSE
PNJ,15,2026-08-21 09:45:00,39.9,39.9,39.9,39.9,47700,DNSE
PNJ,15,2026-08-21 10:00:00,39.9,39.9,39.9,39.9,69800,DNSE
PNJ,15,2026-08-21 10:15:00,39.9,39.9,39.9,39.9,47200,DNSE
PNJ,15,2026-08-21 10:30:00,39.9,39.9,39.9,39.9,116800,DNSE
PNJ,15,2026-08-21 10:45:00,39.9,39.9,39.9,39.9,7500,DNSE
PNJ,15,2026-08-21 11:00:00,39.9,39.9,39.9,39.9,12100,DNSE
PNJ,15,2026-08-21 11:15:00,39.9,39.9,39.9,39.9,24000,DNSE
PNJ,15,2026-08-21 13:00:00,39.9,39.9,39.9,39.9,271900,DNSE
PNJ,15,2026-08-21 13:15:00,39.9,39.9,39.9,39.9,18100,DNSE
PNJ,15,2026-08-21 13:30:00,39.9,39.9,39.9,39.9,28800,DNSE
PNJ,15,2026-08-21 13:45:00,39.9,39.9,39.9,39.9,5400,DNSE
PNJ,15,2026-08-21 14:00:00,39.9,39.9,39.9,39.9,19300,DNSE
PNJ,15,2026-08-21 14:15:00,39.9,39.9,39.9,39.9,215000,DNSE
PNJ,15,2026-08-21 14:45:00,39.9,39.9,39.9,39.9,2600,DNSE
PNJ,15,2026-08-24 09:15:00,42.65,42.65,42.65,42.65,259300,DNSE
PNJ,15,2026-08-24 09:30:00,42.65,42.65,42.65,42.65,138400,DNSE
PNJ,15,2026-08-24 09:45:00,42.65,42.65,42.65,42.65,35800,DNSE
PNJ,15,2026-08-24 10:00:00,42.65,42.65,42.65,42.65,3900,DNSE
PNJ,15,2026-08-24 10:15:00,42.65,42.65,42.65,42.65,12200,DNSE
PNJ,15,2026-08-24 10:30:00,42.65,42.65,42.65,42.65,12500,DNSE
PNJ,15,2026-08-24 10:45:00,42.65,42.65,42.65,42.65,6900,DNSE
PNJ,15,2026-08-24 11:00:00,42.65,42.65,42.65,42.65,21300,DNSE
PNJ,15,2026-08-24 11:15:00,42.65,42.65,42.65,42.65,6500,DNSE
PNJ,15,2026-08-24 13:00:00,42.65,42.65,42.65,42.65,409900,DNSE
PNJ,15,2026-08-24 13:15:00,42.65,42.65,42.65,42.65,10100,DNSE
PNJ,15,2026-08-24 13:30:00,42.65,42.65,42.65,42.65,54900,DNSE
PNJ,15,2026-08-24 13:45:00,42.65,42.65,42.65,42.65,54600,DNSE
PNJ,15,2026-08-24 14:00:00,42.65,42.65,42.65,42.65,10300,DNSE
PNJ,15,2026-08-24 14:15:00,42.65,42.65,42.65,42.65,55200,DNSE
PNJ,15,2026-08-24 14:45:00,42.65,42.65,42.65,42.65,51300,DNSE
PNJ,15,2026-08-25 09:15:00,45.55,45.55,43.2,44.0,9191800,DNSE
PNJ,15,2026-08-25 09:30:00,43.95,44.0,43.0,43.15,1394900,DNSE
PNJ,15,2026-08-25 09:45:00,43.15,43.5,43.0,43.0,1049300,DNSE
PNJ,15,2026-08-25 10:00:00,43.0,43.1,42.75,42.95,1455900,DNSE
PNJ,15,2026-08-25 10:15:00,42.95,43.0,42.45,42.5,898300,DNSE
PNJ,15,2026-08-25 10:30:00,42.5,42.65,41.6,42.3,980500,DNSE
PNJ,15,2026-08-25 10:45:00,42.55,42.55,42.0,42.05,305300,DNSE
PNJ,15,2026-08-25 11:00:00,42.1,42.15,41.65,41.85,505600,DNSE
PNJ,15,2026-08-25 11:15:00,41.9,41.9,41.5,41.55,545300,DNSE
PNJ,15,2026-08-25 13:00:00,41.5,42.35,40.8,41.9,1821500,DNSE
PNJ,15,2026-08-25 13:15:00,41.95,41.95,41.5,41.9,593200,DNSE
PNJ,15,2026-08-25 13:30:00,41.9,42.35,41.85,42.25,947400,DNSE
PNJ,15,2026-08-25 13:45:00,42.2,42.25,41.95,42.2,678700,DNSE
PNJ,15,2026-08-25 14:00:00,42.05,43.0,42.0,43.0,709600,DNSE
PNJ,15,2026-08-25 14:15:00,43.0,43.0,42.5,42.7,1072800,DNSE
PNJ,15,2026-08-25 14:45:00,42.65,42.65,42.65,42.65,231800,DNSE
PNJ,15,2026-08-26 09:15:00,42.75,42.75,42.55,42.65,256100,DNSE
PNJ,15,2026-08-26 09:30:00,42.65,42.85,42.65,42.75,345300,DNSE
PNJ,15,2026-08-26 09:45:00,42.75,42.8,42.7,42.75,267900,DNSE
PNJ,15,2026-08-26 10:00:00,42.75,42.75,42.65,42.65,343700,DNSE
PNJ,15,2026-08-26 10:15:00,42.65,42.7,42.3,42.4,443200,DNSE
PNJ,15,2026-08-26 10:30:00,42.4,42.65,42.35,42.65,379800,DNSE
PNJ,15,2026-08-26 10:45:00,42.6,42.65,42.55,42.6,182500,DNSE
PNJ,15,2026-08-26 11:00:00,42.6,42.65,42.5,42.6,247600,DNSE
PNJ,15,2026-08-26 11:15:00,42.6,42.6,42.45,42.5,127200,DNSE
PNJ,15,2026-08-26 13:00:00,42.5,42.65,42.4,42.65,358200,DNSE
PNJ,15,2026-08-26 13:15:00,42.65,42.7,42.6,42.7,267300,DNSE
PNJ,15,2026-08-26 13:30:00,42.65,42.85,42.65,42.85,801500,DNSE
PNJ,15,2026-08-26 13:45:00,42.85,43.05,42.8,43.05,432100,DNSE
PNJ,15,2026-08-26 14:00:00,43.05,43.45,43.05,43.35,841900,DNSE
PNJ,15,2026-08-26 14:15:00,43.35,43.4,43.05,43.25,488600,DNSE
PNJ,15,2026-08-26 14:45:00,43.1,43.1,43.1,43.1,125800,DNSE
PNJ,15,2026-08-27 09:15:00,43.15,43.25,43.1,43.15,150700,DNSE
PNJ,15,2026-08-27 09:30:00,43.15,43.15,42.7,42.75,133300,DNSE
PNJ,15,2026-08-27 09:45:00,42.75,42.8,42.65,42.7,274700,DNSE
PNJ,15,2026-08-27 10:00:00,42.7,42.7,42.6,42.65,265700,DNSE
PNJ,15,2026-08-27 10:15:00,42.65,42.7,42.65,42.65,119000,DNSE
PNJ,15,2026-08-27 10:30:00,42.65,42.65,42.6,42.65,195000,DNSE
PNJ,15,2026-08-27 10:45:00,42.6,42.65,42.6,42.65,80400,DNSE
PNJ,15,2026-08-27 11:00:00,42.6,42.7,42.6,42.65,238200,DNSE
PNJ,15,2026-08-27 11:15:00,42.65,42.7,42.4,42.45,469600,DNSE
PNJ,15,2026-08-27 13:00:00,42.4,42.5,41.4,41.5,1239200,DNSE
PNJ,15,2026-08-27 13:15:00,41.45,41.8,41.45,41.55,637700,DNSE
PNJ,15,2026-08-27 13:30:00,41.55,41.8,41.5,41.7,824400,DNSE
PNJ,15,2026-08-27 13:45:00,41.7,41.8,41.65,41.75,417500,DNSE
PNJ,15,2026-08-27 14:00:00,41.7,41.8,41.7,41.7,314800,DNSE
PNJ,15,2026-08-27 14:15:00,41.7,41.75,41.5,41.65,754200,DNSE
PNJ,15,2026-08-27 14:45:00,41.9,41.9,41.9,41.9,214300,DNSE
PNJ,15,2026-08-28 09:15:00,42.0,42.05,41.25,41.5,427000,DNSE
PNJ,15,2026-08-28 09:30:00,41.5,41.5,41.4,41.4,91400,DNSE
PNJ,15,2026-08-28 09:45:00,41.4,41.45,41.2,41.3,270500,DNSE
PNJ,15,2026-08-28 10:00:00,41.3,41.35,41.25,41.35,122400,DNSE
PNJ,15,2026-08-28 10:15:00,41.3,41.65,41.3,41.65,186800,DNSE
PNJ,15,2026-08-28 10:30:00,41.65,41.65,41.45,41.5,105800,DNSE
PNJ,15,2026-08-28 10:45:00,41.55,41.6,41.35,41.35,143700,DNSE
PNJ,15,2026-08-28 11:00:00,41.5,41.5,41.3,41.5,132700,DNSE
PNJ,15,2026-08-28 11:15:00,41.5,41.5,41.35,41.4,52800,DNSE
PNJ,15,2026-08-28 13:00:00,41.35,41.45,41.2,41.35,288200,DNSE
PNJ,15,2026-08-28 13:15:00,41.35,41.5,41.3,41.5,153400,DNSE
PNJ,15,2026-08-28 13:30:00,41.45,41.55,41.4,41.55,351600,DNSE
PNJ,15,2026-08-28 13:45:00,41.55,41.75,41.55,41.75,197300,DNSE
PNJ,15,2026-08-28 14:00:00,41.75,42.0,41.7,41.95,256500,DNSE
PNJ,15,2026-08-28 14:15:00,41.95,42.5,41.85,42.3,749600,DNSE
PNJ,15,2026-08-28 14:45:00,42.1,42.1,42.1,42.1,185200,DNSE
PNJ,15,2026-09-03 09:15:00,41.5,41.6,41.1,41.2,738900,DNSE
PNJ,15,2026-09-03 09:30:00,41.2,41.2,40.25,40.3,1149900,DNSE
PNJ,15,2026-09-03 09:45:00,40.3,40.4,40.05,40.35,640200,DNSE
PNJ,15,2026-09-03 10:00:00,40.35,40.4,40.2,40.2,422600,DNSE
PNJ,15,2026-09-03 10:15:00,40.25,40.25,40.05,40.15,365600,DNSE
PNJ,15,2026-09-03 10:30:00,40.15,40.15,40.1,40.15,335300,DNSE
PNJ,15,2026-09-03 10:45:00,40.1,40.25,40.05,40.2,353500,DNSE
PNJ,15,2026-09-03 11:00:00,40.25,40.25,40.05,40.1,360200,DNSE
PNJ,15,2026-09-03 11:15:00,40.1,40.15,40.05,40.15,288300,DNSE
PNJ,15,2026-09-03 13:00:00,40.15,40.3,40.05,40.15,478100,DNSE
PNJ,15,2026-09-03 13:15:00,40.15,40.25,40.1,40.15,255300,DNSE
PNJ,15,2026-09-03 13:30:00,40.15,40.3,40.1,40.15,450100,DNSE
PNJ,15,2026-09-03 13:45:00,40.15,40.2,40.0,40.05,988100,DNSE
PNJ,15,2026-09-03 14:00:00,40.05,40.2,40.0,40.15,285900,DNSE
PNJ,15,2026-09-03 14:15:00,40.1,40.15,40.05,40.1,366400,DNSE
PNJ,15,2026-09-03 14:45:00,39.8,39.8,39.8,39.8,626600,DNSE
PNJ,15,2026-09-04 09:15:00,39.5,40.4,39.15,40.4,1165700,DNSE
PNJ,15,2026-09-04 09:30:00,40.45,40.5,39.3,39.4,663300,DNSE
PNJ,15,2026-09-04 09:45:00,39.4,39.45,38.2,38.5,1297900,DNSE
PNJ,15,2026-09-04 10:00:00,38.5,39.3,38.45,39.3,488900,DNSE
PNJ,15,2026-09-04 10:15:00,39.25,39.3,38.95,39.1,386500,DNSE
PNJ,15,2026-09-04 10:30:00,39.1,39.2,39.1,39.2,174500,DNSE
PNJ,15,2026-09-04 10:45:00,39.2,39.2,39.05,39.1,213600,DNSE
PNJ,15,2026-09-04 11:00:00,39.1,39.1,39.0,39.05,307900,DNSE
PNJ,15,2026-09-04 11:15:00,39.05,39.05,38.9,39.0,349800,DNSE
PNJ,15,2026-09-04 13:00:00,39.0,39.0,38.75,38.9,592300,DNSE
PNJ,15,2026-09-04 13:15:00,38.9,38.95,38.85,38.95,197600,DNSE
PNJ,15,2026-09-04 13:30:00,38.95,40.45,38.9,40.45,647700,DNSE
PNJ,15,2026-09-04 13:45:00,40.45,40.5,39.9,40.0,488300,DNSE
PNJ,15,2026-09-04 14:00:00,40.0,40.3,39.95,40.0,389700,DNSE
PNJ,15,2026-09-04 14:15:00,40.0,40.15,40.0,40.05,484700,DNSE
PNJ,15,2026-09-04 14:45:00,40.05,40.05,40.05,40.05,176700,DNSE
PNJ,15,2026-09-07 09:15:00,39.6,39.95,39.0,39.15,430400,DNSE
PNJ,15,2026-09-07 09:30:00,39.25,39.25,38.55,38.6,559200,DNSE
PNJ,15,2026-09-07 09:45:00,38.6,39.15,38.55,38.95,331200,DNSE
PNJ,15,2026-09-07 10:00:00,38.9,38.95,38.75,38.8,136000,DNSE
PNJ,15,2026-09-07 10:15:00,38.8,38.9,38.75,38.85,169100,DNSE
PNJ,15,2026-09-07 10:30:00,38.85,38.85,38.7,38.7,187400,DNSE
PNJ,15,2026-09-07 10:45:00,38.75,38.75,38.6,38.65,369000,DNSE
PNJ,15,2026-09-07 11:00:00,38.65,38.65,38.5,38.6,209900,DNSE
PNJ,15,2026-09-07 11:15:00,38.6,38.6,38.5,38.55,183500,DNSE
PNJ,15,2026-09-07 13:00:00,38.6,38.6,38.3,38.4,381800,DNSE
PNJ,15,2026-09-07 13:15:00,38.4,38.65,38.3,38.5,304800,DNSE
PNJ,15,2026-09-07 13:30:00,38.5,38.6,38.4,38.4,248600,DNSE
PNJ,15,2026-09-07 13:45:00,38.4,38.5,38.35,38.5,145200,DNSE
PNJ,15,2026-09-07 14:00:00,38.45,38.55,38.4,38.5,219900,DNSE
PNJ,15,2026-09-07 14:15:00,38.55,38.55,38.4,38.5,313500,DNSE
PNJ,15,2026-09-07 14:45:00,38.4,38.4,38.4,38.4,112500,DNSE
PNJ,15,2026-09-08 09:15:00,38.3,38.3,37.3,37.65,540100,DNSE
PNJ,15,2026-09-08 09:30:00,37.65,37.8,37.55,37.8,228000,DNSE
PNJ,15,2026-09-08 09:45:00,37.8,37.8,37.7,37.8,156800,DNSE
PNJ,15,2026-09-08 10:00:00,37.8,38.1,37.75,38.1,198600,DNSE
PNJ,15,2026-09-08 10:15:00,38.1,39.35,38.05,39.3,503200,DNSE
PNJ,15,2026-09-08 10:30:00,39.35,39.75,38.6,39.35,474200,DNSE
PNJ,15,2026-09-08 10:45:00,39.35,39.4,38.75,39.05,101600,DNSE
PNJ,15,2026-09-08 11:00:00,39.05,39.1,39.0,39.1,45400,DNSE
PNJ,15,2026-09-08 11:15:00,39.1,39.1,38.95,39.0,42400,DNSE
PNJ,15,2026-09-08 13:00:00,38.9,38.95,38.7,38.7,141200,DNSE
PNJ,15,2026-09-08 13:15:00,38.7,39.0,38.7,38.9,117700,DNSE
PNJ,15,2026-09-08 13:30:00,38.9,38.95,38.65,38.7,131100,DNSE
PNJ,15,2026-09-08 13:45:00,38.65,38.7,38.35,38.45,207900,DNSE
PNJ,15,2026-09-08 14:00:00,38.45,38.6,38.3,38.6,191300,DNSE
PNJ,15,2026-09-08 14:15:00,38.6,38.6,38.4,38.45,208100,DNSE
PNJ,15,2026-09-08 14:45:00,38.4,38.4,38.4,38.4,55500,DNSE
PNJ,15,2026-09-09 09:15:00,38.6,38.65,38.0,38.1,353100,DNSE
PNJ,15,2026-09-09 09:30:00,38.15,38.15,37.95,38.0,232300,DNSE
PNJ,15,2026-09-09 09:45:00,38.0,38.0,37.85,37.95,195400,DNSE
PNJ,15,2026-09-09 10:00:00,37.95,38.0,37.9,37.95,143700,DNSE
PNJ,15,2026-09-09 10:15:00,37.95,37.95,37.65,37.65,470700,DNSE
PNJ,15,2026-09-09 10:30:00,37.65,37.9,37.6,37.85,270400,DNSE
PNJ,15,2026-09-09 10:45:00,37.85,37.85,37.7,37.75,137100,DNSE
PNJ,15,2026-09-09 11:00:00,37.75,37.75,37.6,37.65,209700,DNSE
PNJ,15,2026-09-09 11:15:00,37.65,37.7,37.6,37.7,202000,DNSE
PNJ,15,2026-09-09 13:00:00,37.7,38.0,37.65,37.8,145300,DNSE
PNJ,15,2026-09-09 13:15:00,37.75,37.9,37.75,37.85,202400,DNSE
PNJ,15,2026-09-09 13:30:00,37.85,37.85,37.8,37.8,238200,DNSE
PNJ,15,2026-09-09 13:45:00,37.85,37.9,37.8,37.85,267400,DNSE
PNJ,15,2026-09-09 14:00:00,37.85,37.9,37.8,37.8,348900,DNSE
PNJ,15,2026-09-09 14:15:00,37.85,37.95,37.75,37.9,501800,DNSE
PNJ,15,2026-09-09 14:45:00,37.95,37.95,37.95,37.95,162100,DNSE
PNJ,15,2026-09-10 09:15:00,37.85,38.45,37.8,38.45,144600,DNSE
PNJ,15,2026-09-10 09:30:00,38.45,38.45,38.0,38.1,82600,DNSE
PNJ,15,2026-09-10 09:45:00,38.1,38.35,38.1,38.35,52800,DNSE
PNJ,15,2026-09-10 10:00:00,38.3,38.35,38.15,38.15,86600,DNSE
PNJ,15,2026-09-10 10:15:00,38.15,38.2,38.05,38.05,53000,DNSE
PNJ,15,2026-09-10 10:30:00,38.1,38.1,38.0,38.1,46700,DNSE
PNJ,15,2026-09-10 10:45:00,38.05,38.1,37.9,38.0,89200,DNSE
PNJ,15,2026-09-10 11:00:00,38.0,38.1,37.9,38.05,48700,DNSE
PNJ,15,2026-09-10 11:15:00,38.1,38.15,38.0,38.05,89400,DNSE
PNJ,15,2026-09-10 13:00:00,38.1,38.25,38.05,38.2,143900,DNSE
PNJ,15,2026-09-10 13:15:00,38.2,38.5,38.2,38.35,187900,DNSE
PNJ,15,2026-09-10 13:30:00,38.3,38.45,38.3,38.4,99400,DNSE
PNJ,15,2026-09-10 13:45:00,38.35,38.4,38.3,38.35,121100,DNSE
PNJ,15,2026-09-10 14:00:00,38.3,38.45,38.3,38.4,110900,DNSE
PNJ,15,2026-09-10 14:15:00,38.4,38.4,38.2,38.25,153100,DNSE
PNJ,15,2026-09-10 14:45:00,38.2,38.2,38.2,38.2,129300,DNSE
PNJ,15,2026-09-11 09:15:00,38.2,38.3,37.9,37.95,181100,DNSE
PNJ,15,2026-09-11 09:30:00,37.95,38.0,37.85,37.95,204200,DNSE
PNJ,15,2026-09-11 09:45:00,37.95,37.95,37.8,37.9,293100,DNSE
PNJ,15,2026-09-11 10:00:00,37.85,37.95,37.8,37.9,371700,DNSE
PNJ,15,2026-09-11 10:15:00,37.85,37.9,37.8,37.9,188800,DNSE
PNJ,15,2026-09-11 10:30:00,37.9,37.95,37.9,37.9,86500,DNSE
PNJ,15,2026-09-11 10:45:00,37.95,37.95,37.85,37.9,186400,DNSE
PNJ,15,2026-09-11 11:00:00,37.9,37.95,37.85,37.95,110000,DNSE
PNJ,15,2026-09-11 11:15:00,37.95,37.95,37.85,37.9,90300,DNSE
PNJ,15,2026-09-11 13:00:00,37.9,37.95,37.8,37.8,611300,DNSE
PNJ,15,2026-09-11 13:15:00,37.8,37.8,37.5,37.55,554200,DNSE
PNJ,15,2026-09-11 13:30:00,37.6,37.65,37.2,37.5,625800,DNSE
PNJ,15,2026-09-11 13:45:00,37.5,37.55,37.4,37.45,179800,DNSE
PNJ,15,2026-09-11 14:00:00,37.45,37.45,37.15,37.2,461600,DNSE
PNJ,15,2026-09-11 14:15:00,37.2,37.6,37.15,37.55,556400,DNSE
PNJ,15,2026-09-11 14:45:00,37.3,37.3,37.3,37.3,236400,DNSE
PNJ,15,2026-09-14 09:15:00,37.45,37.5,37.15,37.2,319900,DNSE
PNJ,15,2026-09-14 09:30:00,37.15,37.3,37.1,37.25,303600,DNSE
PNJ,15,2026-09-14 09:45:00,37.25,37.25,36.95,36.95,306600,DNSE
PNJ,15,2026-09-14 10:00:00,36.95,36.95,36.3,36.6,524800,DNSE
PNJ,15,2026-09-14 10:15:00,36.6,36.85,36.4,36.75,446200,DNSE
PNJ,15,2026-09-14 10:30:00,36.75,37.0,36.55,36.55,213300,DNSE
PNJ,15,2026-09-14 10:45:00,36.55,36.7,36.55,36.7,162300,DNSE
PNJ,15,2026-09-14 11:00:00,36.65,36.75,36.65,36.65,83200,DNSE
PNJ,15,2026-09-14 11:15:00,36.65,36.75,36.5,36.55,205100,DNSE
PNJ,15,2026-09-14 13:00:00,36.55,36.55,36.3,36.35,426100,DNSE
PNJ,15,2026-09-14 13:15:00,36.35,36.45,36.25,36.35,477700,DNSE
PNJ,15,2026-09-14 13:30:00,36.35,36.45,36.15,36.25,485700,DNSE
PNJ,15,2026-09-14 13:45:00,36.25,36.35,35.95,36.15,718900,DNSE
PNJ,15,2026-09-14 14:00:00,36.1,36.2,36.0,36.05,344600,DNSE
PNJ,15,2026-09-14 14:15:00,36.05,36.45,35.0,36.05,1305000,DNSE
PNJ,15,2026-09-14 14:45:00,35.9,35.9,35.9,35.9,92200,DNSE
PNJ,15,2026-09-15 09:15:00,35.55,37.0,35.55,36.7,357000,DNSE
PNJ,15,2026-09-15 09:30:00,36.7,37.3,36.7,37.05,466700,DNSE
PNJ,15,2026-09-15 09:45:00,37.05,37.1,36.75,36.85,287800,DNSE
PNJ,15,2026-09-15 10:00:00,36.8,37.0,36.65,36.9,167900,DNSE
PNJ,15,2026-09-15 10:15:00,36.9,36.95,36.75,36.75,91200,DNSE
PNJ,15,2026-09-15 10:30:00,36.75,36.8,36.65,36.7,95500,DNSE
PNJ,15,2026-09-15 10:45:00,36.7,36.9,36.6,36.9,166000,DNSE
PNJ,15,2026-09-15 11:00:00,36.9,36.9,36.7,36.8,70000,DNSE
PNJ,15,2026-09-15 11:15:00,36.8,36.8,36.7,36.75,80400,DNSE
PNJ,15,2026-09-15 13:00:00,36.7,36.8,36.7,36.75,101000,DNSE
PNJ,15,2026-09-15 13:15:00,36.7,36.9,36.7,36.85,179600,DNSE
PNJ,15,2026-09-15 13:30:00,36.9,36.9,36.8,36.9,63600,DNSE
PNJ,15,2026-09-15 13:45:00,36.85,37.2,36.85,37.1,299400,DNSE
PNJ,15,2026-09-15 14:00:00,37.05,37.2,37.0,37.15,225200,DNSE
PNJ,15,2026-09-15 14:15:00,37.2,37.55,37.15,37.5,546200,DNSE
PNJ,15,2026-09-15 14:45:00,37.2,37.2,37.2,37.2,233200,DNSE
PNJ,15,2026-09-16 09:15:00,37.55,37.55,37.35,37.4,256600,DNSE
PNJ,15,2026-09-16 09:30:00,37.45,37.5,37.4,37.45,248600,DNSE
PNJ,15,2026-09-16 09:45:00,37.45,37.45,36.9,36.95,187300,DNSE
PNJ,15,2026-09-16 10:00:00,37.0,37.0,36.6,36.65,217300,DNSE
PNJ,15,2026-09-16 10:15:00,36.65,36.75,36.55,36.65,250100,DNSE
PNJ,15,2026-09-16 10:30:00,36.65,36.8,36.55,36.8,115100,DNSE
PNJ,15,2026-09-16 10:45:00,36.8,37.0,36.8,36.9,46600,DNSE
PNJ,15,2026-09-16 11:00:00,36.9,36.9,36.75,36.8,22300,DNSE
PNJ,15,2026-09-16 11:15:00,36.85,36.9,36.8,36.9,35700,DNSE
PNJ,15,2026-09-16 13:00:00,36.9,36.9,36.7,36.75,139900,DNSE
PNJ,15,2026-09-16 13:15:00,36.8,36.9,36.7,36.85,92000,DNSE
PNJ,15,2026-09-16 13:30:00,36.9,36.9,36.8,36.85,69700,DNSE
PNJ,15,2026-09-16 13:45:00,36.85,36.85,36.75,36.8,94000,DNSE
PNJ,15,2026-09-16 14:00:00,36.75,36.9,36.5,36.7,412200,DNSE
PNJ,15,2026-09-16 14:15:00,36.7,36.95,36.65,36.8,91600,DNSE
PNJ,15,2026-09-16 14:45:00,36.75,36.75,36.75,36.75,49600,DNSE
PNJ,15,2026-09-17 09:15:00,36.9,36.95,36.55,36.7,153500,DNSE
PNJ,15,2026-09-17 09:30:00,36.75,36.75,36.5,36.5,118300,DNSE
PNJ,15,2026-09-17 09:45:00,36.5,36.65,36.4,36.65,73600,DNSE
PNJ,15,2026-09-17 10:00:00,36.65,36.65,36.55,36.55,73200,DNSE
PNJ,15,2026-09-17 10:15:00,36.55,36.65,36.5,36.6,201800,DNSE
PNJ,15,2026-09-17 10:30:00,36.6,36.65,36.55,36.6,105100,DNSE
PNJ,15,2026-09-17 10:45:00,36.6,36.65,36.55,36.6,87200,DNSE
PNJ,15,2026-09-17 11:00:00,36.6,36.65,36.55,36.65,122200,DNSE
PNJ,15,2026-09-17 11:15:00,36.6,36.6,36.55,36.6,76200,DNSE
PNJ,15,2026-09-17 13:00:00,36.55,36.6,36.4,36.45,368600,DNSE
PNJ,15,2026-09-17 13:15:00,36.4,36.45,36.35,36.45,118100,DNSE
PNJ,15,2026-09-17 13:30:00,36.45,36.5,36.4,36.45,45800,DNSE
PNJ,15,2026-09-17 13:45:00,36.45,36.5,36.25,36.25,325800,DNSE
PNJ,15,2026-09-17 14:00:00,36.2,36.25,36.05,36.25,350300,DNSE
PNJ,15,2026-09-17 14:15:00,36.25,36.45,36.2,36.4,245500,DNSE
PNJ,15,2026-09-17 14:45:00,36.75,36.75,36.75,36.75,445600,DNSE
PNJ,15,2026-09-18 09:15:00,36.6,36.8,36.25,36.25,235700,DNSE
PNJ,15,2026-09-18 09:30:00,36.25,36.4,36.25,36.35,125400,DNSE
PNJ,15,2026-09-18 09:45:00,36.35,36.4,36.3,36.35,83100,DNSE
PNJ,15,2026-09-18 10:00:00,36.35,36.35,36.3,36.35,117100,DNSE
PNJ,15,2026-09-18 10:15:00,36.3,36.45,36.3,36.35,157100,DNSE
PNJ,15,2026-09-18 10:30:00,36.4,38.05,36.35,37.65,862400,DNSE
PNJ,15,2026-09-18 10:45:00,37.65,37.65,36.95,37.05,1283000,DNSE
PNJ,15,2026-09-18 11:00:00,37.05,37.3,37.0,37.3,828600,DNSE
PNJ,15,2026-09-18 11:15:00,37.3,37.3,37.2,37.25,132900,DNSE
PNJ,15,2026-09-18 13:00:00,37.25,37.4,37.2,37.35,457200,DNSE
PNJ,15,2026-09-18 13:15:00,37.35,37.4,37.3,37.35,319800,DNSE
PNJ,15,2026-09-18 13:30:00,37.3,37.4,36.95,36.95,625900,DNSE
PNJ,15,2026-09-18 13:45:00,37.0,37.0,36.95,36.95,202200,DNSE
PNJ,15,2026-09-18 14:00:00,36.95,37.0,36.85,36.85,263000,DNSE
PNJ,15,2026-09-18 14:15:00,36.9,37.0,36.8,36.95,397800,DNSE
PNJ,15,2026-09-18 14:45:00,36.75,36.75,36.75,36.75,265900,DNSE
PNJ,15,2026-09-21 09:15:00,37.0,37.0,36.8,36.9,197800,DNSE
PNJ,15,2026-09-21 09:30:00,36.9,36.95,36.9,36.95,40000,DNSE
PNJ,15,2026-09-21 09:45:00,36.9,36.95,36.8,36.9,79300,DNSE
PNJ,15,2026-09-21 10:00:00,36.9,36.9,36.75,36.8,100000,DNSE
PNJ,15,2026-09-21 10:15:00,36.85,36.85,36.75,36.8,85300,DNSE
PNJ,15,2026-09-21 10:30:00,36.8,36.85,36.75,36.85,110000,DNSE
PNJ,15,2026-09-21 10:45:00,36.85,36.9,36.75,36.85,102700,DNSE
PNJ,15,2026-09-21 11:00:00,36.9,36.9,36.85,36.9,76700,DNSE
PNJ,15,2026-09-21 11:15:00,36.9,36.9,36.8,36.9,61800,DNSE
PNJ,15,2026-09-21 13:00:00,36.9,36.9,36.75,36.8,131400,DNSE
PNJ,15,2026-09-21 13:15:00,36.8,36.8,36.7,36.75,138300,DNSE
PNJ,15,2026-09-21 13:30:00,36.7,36.75,36.65,36.65,127400,DNSE
PNJ,15,2026-09-21 13:45:00,36.7,36.75,36.65,36.65,89500,DNSE
PNJ,15,2026-09-21 14:00:00,36.7,36.75,36.6,36.75,158400,DNSE
PNJ,15,2026-09-21 14:15:00,36.75,36.85,36.7,36.85,191300,DNSE
PNJ,15,2026-09-21 14:45:00,36.9,36.9,36.9,36.9,64400,DNSE
SAB,15,2026-07-23 09:15:00,44.21,44.21,44.02,44.02,12500,DNSE
SAB,15,2026-07-23 09:30:00,44.02,44.02,43.83,43.88,27100,DNSE
SAB,15,2026-07-23 09:45:00,43.88,43.93,43.79,43.88,30500,DNSE
SAB,15,2026-07-23 10:00:00,43.83,43.97,43.79,43.83,23300,DNSE
SAB,15,2026-07-23 10:15:00,43.83,43.93,43.79,43.79,26200,DNSE
SAB,15,2026-07-23 10:30:00,43.79,43.83,43.51,43.51,59000,DNSE
SAB,15,2026-07-23 10:45:00,43.55,43.6,43.13,43.18,49700,DNSE
SAB,15,2026-07-23 11:00:00,43.37,43.37,42.76,43.04,99200,DNSE
SAB,15,2026-07-23 11:15:00,42.95,43.04,42.1,42.95,55400,DNSE
SAB,15,2026-07-23 13:00:00,42.95,43.41,42.9,43.41,67400,DNSE
SAB,15,2026-07-23 13:15:00,43.46,43.55,43.41,43.51,37600,DNSE
SAB,15,2026-07-23 13:30:00,43.46,43.55,43.23,43.46,91400,DNSE
SAB,15,2026-07-23 13:45:00,43.46,43.51,43.32,43.37,79500,DNSE
SAB,15,2026-07-23 14:00:00,43.32,43.37,43.13,43.23,48200,DNSE
SAB,15,2026-07-23 14:15:00,43.23,43.46,43.18,43.23,56200,DNSE
SAB,15,2026-07-23 14:45:00,43.97,43.97,43.97,43.97,112400,DNSE
SAB,15,2026-07-24 09:15:00,43.88,43.88,43.41,43.41,30000,DNSE
SAB,15,2026-07-24 09:30:00,43.41,43.46,43.32,43.37,16300,DNSE
SAB,15,2026-07-24 09:45:00,43.37,43.37,43.27,43.27,19000,DNSE
SAB,15,2026-07-24 10:00:00,43.32,43.37,43.23,43.23,29000,DNSE
SAB,15,2026-07-24 10:15:00,43.27,43.27,43.23,43.27,13400,DNSE
SAB,15,2026-07-24 10:30:00,43.27,43.41,43.23,43.37,13500,DNSE
SAB,15,2026-07-24 10:45:00,43.37,43.41,43.32,43.37,12500,DNSE
SAB,15,2026-07-24 11:00:00,43.37,43.46,43.37,43.46,15500,DNSE
SAB,15,2026-07-24 11:15:00,43.41,43.41,43.18,43.23,72500,DNSE
SAB,15,2026-07-24 13:00:00,43.23,43.41,43.23,43.23,12500,DNSE
SAB,15,2026-07-24 13:15:00,43.23,43.27,43.09,43.13,204200,DNSE
SAB,15,2026-07-24 13:30:00,43.13,43.27,43.13,43.23,22000,DNSE
SAB,15,2026-07-24 13:45:00,43.27,43.41,43.23,43.41,31800,DNSE
SAB,15,2026-07-24 14:00:00,43.41,43.46,43.37,43.46,14800,DNSE
SAB,15,2026-07-24 14:15:00,43.51,43.51,43.23,43.51,71600,DNSE
SAB,15,2026-07-24 14:45:00,43.51,43.51,43.51,43.51,40000,DNSE
SAB,15,2026-07-27 09:15:00,43.69,43.93,43.6,43.93,54500,DNSE
SAB,15,2026-07-27 09:30:00,43.93,43.93,43.69,43.83,27600,DNSE
SAB,15,2026-07-27 09:45:00,43.83,43.83,43.69,43.69,20100,DNSE
SAB,15,2026-07-27 10:00:00,43.69,43.88,43.65,43.88,41100,DNSE
SAB,15,2026-07-27 10:15:00,43.88,44.02,43.79,43.97,57300,DNSE
SAB,15,2026-07-27 10:30:00,43.97,44.11,43.83,43.83,63600,DNSE
SAB,15,2026-07-27 10:45:00,43.88,43.88,43.79,43.79,20500,DNSE
SAB,15,2026-07-27 11:00:00,43.79,43.83,43.74,43.79,12900,DNSE
SAB,15,2026-07-27 11:15:00,43.79,43.79,43.69,43.69,27900,DNSE
SAB,15,2026-07-27 13:00:00,43.69,43.83,43.69,43.79,49500,DNSE
SAB,15,2026-07-27 13:15:00,43.79,43.79,43.6,43.65,29600,DNSE
SAB,15,2026-07-27 13:30:00,43.65,43.69,43.6,43.65,46100,DNSE
SAB,15,2026-07-27 13:45:00,43.6,43.69,43.6,43.69,21000,DNSE
SAB,15,2026-07-27 14:00:00,43.65,43.69,43.6,43.6,64300,DNSE
SAB,15,2026-07-27 14:15:00,43.6,43.69,43.46,43.65,268900,DNSE
SAB,15,2026-07-27 14:45:00,43.6,43.6,43.6,43.6,87600,DNSE
SAB,15,2026-07-28 09:15:00,43.0,43.4,42.7,43.15,60000,DNSE
SAB,15,2026-07-28 09:30:00,43.25,43.3,43.05,43.2,20900,DNSE
SAB,15,2026-07-28 09:45:00,43.2,43.25,43.1,43.15,33600,DNSE
SAB,15,2026-07-28 10:00:00,43.15,43.2,43.0,43.15,62800,DNSE
SAB,15,2026-07-28 10:15:00,43.15,43.3,43.1,43.3,40200,DNSE
SAB,15,2026-07-28 10:30:00,43.1,43.4,43.1,43.4,14200,DNSE
SAB,15,2026-07-28 10:45:00,43.4,43.5,43.15,43.45,25500,DNSE
SAB,15,2026-07-28 11:00:00,43.4,43.5,43.35,43.5,11000,DNSE
SAB,15,2026-07-28 11:15:00,43.5,43.5,43.25,43.4,10300,DNSE
SAB,15,2026-07-28 13:00:00,43.25,43.5,43.25,43.45,32100,DNSE
SAB,15,2026-07-28 13:15:00,43.45,43.5,43.1,43.2,30100,DNSE
SAB,15,2026-07-28 13:30:00,43.4,43.4,43.2,43.3,12000,DNSE
SAB,15,2026-07-28 13:45:00,43.3,43.45,43.2,43.2,32000,DNSE
SAB,15,2026-07-28 14:00:00,43.35,43.4,43.15,43.3,31500,DNSE
SAB,15,2026-07-28 14:15:00,43.2,43.3,43.0,43.05,125000,DNSE
SAB,15,2026-07-28 14:45:00,43.15,43.15,43.15,43.15,25800,DNSE
SAB,15,2026-07-29 09:15:00,43.4,43.4,43.15,43.15,47300,DNSE
SAB,15,2026-07-29 09:30:00,43.15,43.2,43.1,43.15,84900,DNSE
SAB,15,2026-07-29 09:45:00,43.15,43.2,43.15,43.15,41400,DNSE
SAB,15,2026-07-29 10:00:00,43.2,43.2,43.1,43.15,18700,DNSE
SAB,15,2026-07-29 10:15:00,43.15,43.2,43.05,43.05,28900,DNSE
SAB,15,2026-07-29 10:30:00,43.05,43.2,42.95,43.05,52800,DNSE
SAB,15,2026-07-29 10:45:00,43.15,43.15,43.05,43.15,19700,DNSE
SAB,15,2026-07-29 11:00:00,43.05,43.2,42.95,43.05,31300,DNSE
SAB,15,2026-07-29 11:15:00,43.05,43.2,43.0,43.1,16900,DNSE
SAB,15,2026-07-29 13:00:00,43.1,43.15,43.0,43.15,48600,DNSE
SAB,15,2026-07-29 13:15:00,43.05,43.15,43.0,43.1,10200,DNSE
SAB,15,2026-07-29 13:30:00,43.1,43.15,43.05,43.1,29400,DNSE
SAB,15,2026-07-29 13:45:00,43.1,43.1,43.0,43.05,43400,DNSE
SAB,15,2026-07-29 14:00:00,43.05,43.1,43.0,43.1,15900,DNSE
SAB,15,2026-07-29 14:15:00,43.1,43.15,43.05,43.05,28300,DNSE
SAB,15,2026-07-29 14:45:00,43.0,43.0,43.0,43.0,30100,DNSE
SAB,15,2026-07-30 09:15:00,43.5,43.5,43.0,43.0,50900,DNSE
SAB,15,2026-07-30 09:30:00,43.0,43.1,43.0,43.0,40500,DNSE
SAB,15,2026-07-30 09:45:00,43.0,43.2,43.0,43.2,36900,DNSE
SAB,15,2026-07-30 10:00:00,43.2,43.2,43.1,43.1,7400,DNSE
SAB,15,2026-07-30 10:15:00,43.2,43.2,43.1,43.15,12400,DNSE
SAB,15,2026-07-30 10:30:00,43.15,43.2,43.15,43.15,13600,DNSE
SAB,15,2026-07-30 10:45:00,43.2,43.25,43.15,43.2,21700,DNSE
SAB,15,2026-07-30 11:00:00,43.25,43.45,43.25,43.3,34700,DNSE
SAB,15,2026-07-30 11:15:00,43.3,43.35,43.25,43.3,17400,DNSE
SAB,15,2026-07-30 13:00:00,43.3,43.65,43.3,43.65,91000,DNSE
SAB,15,2026-07-30 13:15:00,43.6,43.65,43.4,43.4,42000,DNSE
SAB,15,2026-07-30 13:30:00,43.4,43.45,43.3,43.3,67000,DNSE
SAB,15,2026-07-30 13:45:00,43.3,43.45,43.25,43.35,54800,DNSE
SAB,15,2026-07-30 14:00:00,43.4,43.8,43.35,43.8,73100,DNSE
SAB,15,2026-07-30 14:15:00,43.8,44.0,43.6,43.65,78200,DNSE
SAB,15,2026-07-30 14:45:00,43.4,43.4,43.4,43.4,36100,DNSE
SAB,15,2026-07-31 09:15:00,43.95,43.95,43.6,43.8,43500,DNSE
SAB,15,2026-07-31 09:30:00,43.75,43.75,43.65,43.65,16900,DNSE
SAB,15,2026-07-31 09:45:00,43.7,43.75,43.7,43.75,37600,DNSE
SAB,15,2026-07-31 10:00:00,43.75,44.0,43.75,43.95,137000,DNSE
SAB,15,2026-07-31 10:15:00,44.0,44.0,43.9,43.9,40000,DNSE
SAB,15,2026-07-31 10:30:00,43.9,43.95,43.85,43.9,22100,DNSE
SAB,15,2026-07-31 10:45:00,43.95,43.95,43.85,43.85,8800,DNSE
SAB,15,2026-07-31 11:00:00,43.85,43.9,43.85,43.9,7000,DNSE
SAB,15,2026-07-31 11:15:00,43.9,43.9,43.8,43.8,26600,DNSE
SAB,15,2026-07-31 13:00:00,43.85,43.9,43.7,43.75,38300,DNSE
SAB,15,2026-07-31 13:15:00,43.75,43.75,43.65,43.7,15100,DNSE
SAB,15,2026-07-31 13:30:00,43.7,43.75,43.65,43.7,27300,DNSE
SAB,15,2026-07-31 13:45:00,43.7,43.75,43.65,43.7,10200,DNSE
SAB,15,2026-07-31 14:00:00,43.75,43.8,43.7,43.7,20100,DNSE
SAB,15,2026-07-31 14:15:00,43.7,43.8,43.65,43.7,17100,DNSE
SAB,15,2026-07-31 14:45:00,43.55,43.55,43.55,43.55,50800,DNSE
SAB,15,2026-08-03 09:15:00,43.9,43.9,43.7,43.7,41300,DNSE
SAB,15,2026-08-03 09:30:00,43.7,43.8,43.55,43.8,42800,DNSE
SAB,15,2026-08-03 09:45:00,43.8,43.9,43.75,43.8,80100,DNSE
SAB,15,2026-08-03 10:00:00,43.75,44.2,43.75,44.0,91100,DNSE
SAB,15,2026-08-03 10:15:00,44.05,44.4,44.05,44.3,77200,DNSE
SAB,15,2026-08-03 10:30:00,44.3,44.4,44.2,44.25,19300,DNSE
SAB,15,2026-08-03 10:45:00,44.25,44.3,44.1,44.1,31200,DNSE
SAB,15,2026-08-03 11:00:00,44.1,44.15,44.05,44.15,28300,DNSE
SAB,15,2026-08-03 11:15:00,44.15,44.15,44.0,44.1,39200,DNSE
SAB,15,2026-08-03 13:00:00,44.1,44.35,44.05,44.3,98900,DNSE
SAB,15,2026-08-03 13:15:00,44.3,44.5,44.25,44.4,183800,DNSE
SAB,15,2026-08-03 13:30:00,44.4,44.5,44.4,44.45,89600,DNSE
SAB,15,2026-08-03 13:45:00,44.45,44.45,44.35,44.35,20200,DNSE
SAB,15,2026-08-03 14:00:00,44.4,44.4,44.15,44.25,59900,DNSE
SAB,15,2026-08-03 14:15:00,44.25,44.45,44.25,44.4,135500,DNSE
SAB,15,2026-08-03 14:45:00,44.8,44.8,44.8,44.8,189000,DNSE
SAB,15,2026-08-04 09:15:00,44.65,44.85,44.45,44.45,19600,DNSE
SAB,15,2026-08-04 09:30:00,44.45,44.5,44.3,44.3,25700,DNSE
SAB,15,2026-08-04 09:45:00,44.35,44.5,44.35,44.4,16900,DNSE
SAB,15,2026-08-04 10:00:00,44.4,44.4,44.3,44.3,36400,DNSE
SAB,15,2026-08-04 10:15:00,44.35,44.45,44.35,44.45,5500,DNSE
SAB,15,2026-08-04 10:30:00,44.45,44.45,44.35,44.35,13900,DNSE
SAB,15,2026-08-04 10:45:00,44.35,44.4,44.25,44.25,22400,DNSE
SAB,15,2026-08-04 11:00:00,44.3,44.35,44.25,44.25,20500,DNSE
SAB,15,2026-08-04 11:15:00,44.25,44.5,44.25,44.45,43000,DNSE
SAB,15,2026-08-04 13:00:00,44.45,44.5,44.25,44.35,26500,DNSE
SAB,15,2026-08-04 13:15:00,44.4,44.5,44.4,44.45,37300,DNSE
SAB,15,2026-08-04 13:30:00,44.45,44.5,44.4,44.45,35700,DNSE
SAB,15,2026-08-04 13:45:00,44.45,45.15,44.4,45.1,145900,DNSE
SAB,15,2026-08-04 14:00:00,45.1,45.1,44.95,45.0,61500,DNSE
SAB,15,2026-08-04 14:15:00,45.0,45.05,44.9,44.95,74200,DNSE
SAB,15,2026-08-04 14:45:00,45.1,45.1,45.1,45.1,58600,DNSE
SAB,15,2026-08-05 09:15:00,45.0,45.1,44.9,45.0,39500,DNSE
SAB,15,2026-08-05 09:30:00,44.9,45.0,44.5,44.8,39200,DNSE
SAB,15,2026-08-05 09:45:00,44.8,44.8,44.65,44.65,14400,DNSE
SAB,15,2026-08-05 10:00:00,44.7,44.8,44.6,44.6,12700,DNSE
SAB,15,2026-08-05 10:15:00,44.6,44.7,44.55,44.6,14600,DNSE
SAB,15,2026-08-05 10:30:00,44.6,44.75,44.6,44.65,16600,DNSE
SAB,15,2026-08-05 10:45:00,44.65,44.65,44.6,44.65,36800,DNSE
SAB,15,2026-08-05 11:00:00,44.65,44.75,44.65,44.7,6400,DNSE
SAB,15,2026-08-05 11:15:00,44.7,44.7,44.55,44.6,27900,DNSE
SAB,15,2026-08-05 13:00:00,44.55,44.65,44.55,44.6,36800,DNSE
SAB,15,2026-08-05 13:15:00,44.6,44.65,44.55,44.65,35200,DNSE
SAB,15,2026-08-05 13:30:00,44.55,44.65,44.5,44.65,40100,DNSE
SAB,15,2026-08-05 13:45:00,44.65,44.65,44.4,44.55,59900,DNSE
SAB,15,2026-08-05 14:00:00,44.6,44.65,44.45,44.5,42600,DNSE
SAB,15,2026-08-05 14:15:00,44.55,44.65,44.5,44.6,37200,DNSE
SAB,15,2026-08-05 14:45:00,44.4,44.4,44.4,44.4,28200,DNSE
SAB,15,2026-08-06 09:15:00,44.35,44.4,44.15,44.25,48300,DNSE
SAB,15,2026-08-06 09:30:00,44.25,44.25,44.05,44.05,67000,DNSE
SAB,15,2026-08-06 09:45:00,44.1,44.15,44.05,44.1,13000,DNSE
SAB,15,2026-08-06 10:00:00,44.1,44.2,44.1,44.2,8500,DNSE
SAB,15,2026-08-06 10:15:00,44.2,44.25,43.9,43.95,74600,DNSE
SAB,15,2026-08-06 10:30:00,43.95,44.0,43.9,43.9,58400,DNSE
SAB,15,2026-08-06 10:45:00,43.9,44.0,43.9,44.0,14200,DNSE
SAB,15,2026-08-06 11:00:00,44.0,44.0,44.0,44.0,17700,DNSE
SAB,15,2026-08-06 11:15:00,44.0,44.0,43.95,44.0,21700,DNSE
SAB,15,2026-08-06 13:00:00,43.95,44.0,43.85,43.9,53000,DNSE
SAB,15,2026-08-06 13:15:00,43.9,43.9,43.8,43.85,61600,DNSE
SAB,15,2026-08-06 13:30:00,43.85,43.85,43.8,43.85,20300,DNSE
SAB,15,2026-08-06 13:45:00,43.85,43.9,43.85,43.85,26800,DNSE
SAB,15,2026-08-06 14:00:00,43.85,43.9,43.7,43.7,40800,DNSE
SAB,15,2026-08-06 14:15:00,43.7,43.9,43.7,43.9,16100,DNSE
SAB,15,2026-08-06 14:45:00,43.7,43.7,43.7,43.7,38800,DNSE
SAB,15,2026-08-07 09:15:00,43.7,44.0,43.7,44.0,26900,DNSE
SAB,15,2026-08-07 09:30:00,44.0,44.5,43.85,44.5,30700,DNSE
SAB,15,2026-08-07 09:45:00,44.35,44.55,44.25,44.3,46600,DNSE
SAB,15,2026-08-07 10:00:00,44.3,45.1,44.2,45.1,151900,DNSE
SAB,15,2026-08-07 10:15:00,45.1,45.3,44.6,44.8,118400,DNSE
SAB,15,2026-08-07 10:30:00,44.8,45.1,44.8,44.85,49400,DNSE
SAB,15,2026-08-07 10:45:00,44.8,44.95,44.75,44.75,42400,DNSE
SAB,15,2026-08-07 11:00:00,44.75,44.9,44.75,44.9,20800,DNSE
SAB,15,2026-08-07 11:15:00,44.95,44.95,44.9,44.9,4400,DNSE
SAB,15,2026-08-07 13:00:00,44.9,44.9,44.7,44.75,57900,DNSE
SAB,15,2026-08-07 13:15:00,44.75,44.8,44.75,44.75,20600,DNSE
SAB,15,2026-08-07 13:30:00,44.75,44.8,44.6,44.6,53800,DNSE
SAB,15,2026-08-07 13:45:00,44.6,44.7,44.5,44.7,58300,DNSE
SAB,15,2026-08-07 14:00:00,44.75,44.8,44.65,44.65,22400,DNSE
SAB,15,2026-08-07 14:15:00,44.6,44.8,44.6,44.75,46000,DNSE
SAB,15,2026-08-07 14:45:00,44.75,44.75,44.75,44.75,32000,DNSE
SAB,15,2026-08-10 09:15:00,45.1,46.3,44.85,46.25,461800,DNSE
SAB,15,2026-08-10 09:30:00,46.25,46.55,46.0,46.05,351500,DNSE
SAB,15,2026-08-10 09:45:00,46.05,46.05,45.8,45.85,83100,DNSE
SAB,15,2026-08-10 10:00:00,45.85,45.95,45.7,45.95,67300,DNSE
SAB,15,2026-08-10 10:15:00,45.9,46.0,45.8,46.0,60600,DNSE
SAB,15,2026-08-10 10:30:00,45.95,46.0,45.85,46.0,39100,DNSE
SAB,15,2026-08-10 10:45:00,46.0,46.4,45.9,46.15,279500,DNSE
SAB,15,2026-08-10 11:00:00,46.1,46.2,46.0,46.05,52700,DNSE
SAB,15,2026-08-10 11:15:00,46.0,46.1,46.0,46.0,58500,DNSE
SAB,15,2026-08-10 13:00:00,46.0,46.2,45.9,46.15,116100,DNSE
SAB,15,2026-08-10 13:15:00,46.15,46.25,46.05,46.1,130200,DNSE
SAB,15,2026-08-10 13:30:00,46.1,46.15,46.05,46.15,72900,DNSE
SAB,15,2026-08-10 13:45:00,46.2,46.2,46.1,46.2,89300,DNSE
SAB,15,2026-08-10 14:00:00,46.1,46.15,46.05,46.1,35400,DNSE
SAB,15,2026-08-10 14:15:00,46.05,46.1,45.95,46.05,246800,DNSE
SAB,15,2026-08-10 14:45:00,46.5,46.5,46.5,46.5,284900,DNSE
SAB,15,2026-08-11 09:15:00,46.05,46.35,46.0,46.1,94200,DNSE
SAB,15,2026-08-11 09:30:00,46.1,46.15,46.0,46.1,54400,DNSE
SAB,15,2026-08-11 09:45:00,46.15,46.2,46.0,46.0,35600,DNSE
SAB,15,2026-08-11 10:00:00,46.05,46.15,46.0,46.05,18900,DNSE
SAB,15,2026-08-11 10:15:00,46.05,46.1,46.0,46.1,12700,DNSE
SAB,15,2026-08-11 10:30:00,46.05,46.05,46.0,46.0,7900,DNSE
SAB,15,2026-08-11 10:45:00,46.0,46.05,46.0,46.05,12200,DNSE
SAB,15,2026-08-11 11:00:00,46.05,46.1,46.05,46.1,3200,DNSE
SAB,15,2026-08-11 11:15:00,46.1,46.1,46.05,46.05,4800,DNSE
SAB,15,2026-08-11 13:00:00,46.05,46.1,45.9,45.95,68300,DNSE
SAB,15,2026-08-11 13:15:00,46.0,46.05,45.95,45.95,36100,DNSE
SAB,15,2026-08-11 13:30:00,45.9,45.95,45.9,45.9,15000,DNSE
SAB,15,2026-08-11 13:45:00,45.9,45.9,45.65,45.8,62100,DNSE
SAB,15,2026-08-11 14:00:00,45.8,45.8,45.7,45.8,36700,DNSE
SAB,15,2026-08-11 14:15:00,45.8,45.8,45.65,45.7,54500,DNSE
SAB,15,2026-08-11 14:45:00,45.65,45.65,45.65,45.65,32800,DNSE
SAB,15,2026-08-12 09:15:00,45.9,45.9,45.65,45.8,25400,DNSE
SAB,15,2026-08-12 09:30:00,45.8,45.85,45.5,45.6,43100,DNSE
SAB,15,2026-08-12 09:45:00,45.6,45.9,45.6,45.9,63300,DNSE
SAB,15,2026-08-12 10:00:00,45.9,46.0,45.65,45.65,26900,DNSE
SAB,15,2026-08-12 10:15:00,45.65,45.8,45.65,45.8,6400,DNSE
SAB,15,2026-08-12 10:30:00,45.75,45.8,45.65,45.65,16200,DNSE
SAB,15,2026-08-12 10:45:00,45.6,45.7,45.55,45.7,22200,DNSE
SAB,15,2026-08-12 11:00:00,45.75,45.8,45.7,45.7,11000,DNSE
SAB,15,2026-08-12 11:15:00,45.7,45.75,45.65,45.7,6100,DNSE
SAB,15,2026-08-12 13:00:00,45.65,45.7,45.6,45.6,64000,DNSE
SAB,15,2026-08-12 13:15:00,45.6,45.65,45.5,45.55,46400,DNSE
SAB,15,2026-08-12 13:30:00,45.55,45.55,45.35,45.4,115700,DNSE
SAB,15,2026-08-12 13:45:00,45.45,45.5,45.4,45.5,48200,DNSE
SAB,15,2026-08-12 14:00:00,45.5,46.05,45.45,46.05,206800,DNSE
SAB,15,2026-08-12 14:15:00,46.1,46.35,46.05,46.1,169900,DNSE
SAB,15,2026-08-12 14:45:00,46.3,46.3,46.3,46.3,94100,DNSE
SAB,15,2026-08-13 09:15:00,46.25,46.3,46.15,46.2,48900,DNSE
SAB,15,2026-08-13 09:30:00,46.2,46.25,46.1,46.15,25400,DNSE
SAB,15,2026-08-13 09:45:00,46.1,46.15,46.05,46.15,29100,DNSE
SAB,15,2026-08-13 10:00:00,46.15,46.15,46.05,46.05,10400,DNSE
SAB,15,2026-08-13 10:15:00,46.05,46.1,46.05,46.1,14900,DNSE
SAB,15,2026-08-13 10:30:00,46.1,46.15,46.1,46.15,18700,DNSE
SAB,15,2026-08-13 10:45:00,46.1,46.15,46.05,46.1,25100,DNSE
SAB,15,2026-08-13 11:00:00,46.1,46.15,46.05,46.05,14100,DNSE
SAB,15,2026-08-13 11:15:00,46.05,46.05,46.0,46.05,53800,DNSE
SAB,15,2026-08-13 13:00:00,46.05,46.1,45.9,45.95,54100,DNSE
SAB,15,2026-08-13 13:15:00,45.9,45.95,45.8,45.85,48400,DNSE
SAB,15,2026-08-13 13:30:00,45.85,45.95,45.8,45.9,44700,DNSE
SAB,15,2026-08-13 13:45:00,45.9,46.1,45.85,46.05,44900,DNSE
SAB,15,2026-08-13 14:00:00,46.05,46.05,45.8,45.95,86000,DNSE
SAB,15,2026-08-13 14:15:00,45.95,45.95,45.55,45.75,89800,DNSE
SAB,15,2026-08-13 14:45:00,45.85,45.85,45.85,45.85,79000,DNSE
SAB,15,2026-08-14 09:15:00,45.85,45.85,45.5,45.8,23100,DNSE
SAB,15,2026-08-14 09:30:00,45.85,45.85,45.75,45.75,10500,DNSE
SAB,15,2026-08-14 09:45:00,45.75,46.1,45.6,46.1,71400,DNSE
SAB,15,2026-08-14 10:00:00,46.1,46.5,46.05,46.1,99300,DNSE
SAB,15,2026-08-14 10:15:00,46.1,46.25,46.0,46.2,37500,DNSE
SAB,15,2026-08-14 10:30:00,46.2,46.2,46.15,46.2,22700,DNSE
SAB,15,2026-08-14 10:45:00,46.2,46.2,46.1,46.2,19500,DNSE
SAB,15,2026-08-14 11:00:00,46.2,46.2,46.0,46.2,25400,DNSE
SAB,15,2026-08-14 11:15:00,46.2,46.2,45.85,46.2,33400,DNSE
SAB,15,2026-08-14 13:00:00,46.15,46.15,45.85,45.85,37000,DNSE
SAB,15,2026-08-14 13:15:00,45.85,46.0,45.75,45.8,35700,DNSE
SAB,15,2026-08-14 13:30:00,45.8,46.0,45.8,45.9,50500,DNSE
SAB,15,2026-08-14 13:45:00,45.9,46.0,45.65,45.9,74200,DNSE
SAB,15,2026-08-14 14:00:00,45.7,45.85,45.65,45.7,58400,DNSE
SAB,15,2026-08-14 14:15:00,45.7,45.85,45.4,45.4,156100,DNSE
SAB,15,2026-08-14 14:45:00,45.3,45.3,45.3,45.3,57700,DNSE
SAB,15,2026-08-17 09:15:00,45.3,45.4,45.2,45.2,77600,DNSE
SAB,15,2026-08-17 09:30:00,45.2,45.5,45.05,45.5,110500,DNSE
SAB,15,2026-08-17 09:45:00,45.45,45.6,45.4,45.6,31600,DNSE
SAB,15,2026-08-17 10:00:00,45.6,45.7,45.35,45.5,63300,DNSE
SAB,15,2026-08-17 10:15:00,45.35,45.35,45.25,45.35,54100,DNSE
SAB,15,2026-08-17 10:30:00,45.35,45.35,45.1,45.1,49000,DNSE
SAB,15,2026-08-17 10:45:00,45.1,45.9,45.1,45.8,88200,DNSE
SAB,15,2026-08-17 11:00:00,45.8,45.8,45.55,45.65,22300,DNSE
SAB,15,2026-08-17 11:15:00,45.65,45.7,45.6,45.6,12100,DNSE
SAB,15,2026-08-17 13:00:00,45.6,45.8,45.45,45.5,46500,DNSE
SAB,15,2026-08-17 13:15:00,45.45,45.8,45.45,45.8,14200,DNSE
SAB,15,2026-08-17 13:30:00,45.8,45.8,45.6,45.6,14300,DNSE
SAB,15,2026-08-17 13:45:00,45.6,45.7,45.55,45.55,8700,DNSE
SAB,15,2026-08-17 14:00:00,45.6,45.75,45.55,45.6,18900,DNSE
SAB,15,2026-08-17 14:15:00,45.6,45.75,45.55,45.6,13300,DNSE
SAB,15,2026-08-17 14:45:00,45.75,45.75,45.75,45.75,20200,DNSE
SAB,15,2026-08-18 09:15:00,45.85,45.85,45.6,45.7,11200,DNSE
SAB,15,2026-08-18 09:30:00,45.7,45.7,45.6,45.6,7400,DNSE
SAB,15,2026-08-18 09:45:00,45.7,45.75,45.65,45.7,15100,DNSE
SAB,15,2026-08-18 10:00:00,45.65,45.9,45.6,45.8,47900,DNSE
SAB,15,2026-08-18 10:15:00,45.8,45.8,45.7,45.7,29200,DNSE
SAB,15,2026-08-18 10:30:00,45.7,45.8,45.7,45.7,20200,DNSE
SAB,15,2026-08-18 10:45:00,45.65,45.7,45.65,45.7,14800,DNSE
SAB,15,2026-08-18 11:00:00,45.7,45.75,45.6,45.65,9100,DNSE
SAB,15,2026-08-18 11:15:00,45.65,45.7,45.6,45.6,12100,DNSE
SAB,15,2026-08-18 13:00:00,45.6,45.65,45.5,45.55,45100,DNSE
SAB,15,2026-08-18 13:15:00,45.55,46.1,45.55,46.0,118200,DNSE
SAB,15,2026-08-18 13:30:00,46.0,46.3,45.9,46.2,149300,DNSE
SAB,15,2026-08-18 13:45:00,46.1,46.25,46.0,46.1,113000,DNSE
SAB,15,2026-08-18 14:00:00,46.05,46.2,46.0,46.2,83000,DNSE
SAB,15,2026-08-18 14:15:00,46.2,46.3,46.15,46.3,148000,DNSE
SAB,15,2026-08-18 14:45:00,46.3,46.3,46.3,46.3,84000,DNSE
SAB,15,2026-08-19 09:15:00,46.2,46.55,46.0,46.25,76900,DNSE
SAB,15,2026-08-19 09:30:00,46.25,46.3,46.2,46.2,7700,DNSE
SAB,15,2026-08-19 09:45:00,46.2,46.4,46.2,46.2,19000,DNSE
SAB,15,2026-08-19 10:00:00,46.2,46.2,46.15,46.2,22000,DNSE
SAB,15,2026-08-19 10:15:00,46.2,46.2,46.05,46.05,18000,DNSE
SAB,15,2026-08-19 10:30:00,46.05,46.15,45.95,45.95,21400,DNSE
SAB,15,2026-08-19 10:45:00,45.95,46.0,45.9,45.95,18000,DNSE
SAB,15,2026-08-19 11:00:00,45.9,45.9,45.8,45.8,23700,DNSE
SAB,15,2026-08-19 11:15:00,45.8,45.95,45.75,45.95,15300,DNSE
SAB,15,2026-08-19 13:00:00,45.95,45.95,45.8,45.85,23600,DNSE
SAB,15,2026-08-19 13:15:00,45.85,45.95,45.8,45.95,16700,DNSE
SAB,15,2026-08-19 13:30:00,45.95,45.95,45.9,45.95,19900,DNSE
SAB,15,2026-08-19 13:45:00,45.95,45.95,45.85,45.85,35600,DNSE
SAB,15,2026-08-19 14:00:00,45.85,45.95,45.85,45.9,17500,DNSE
SAB,15,2026-08-19 14:15:00,45.9,45.95,45.65,45.9,76900,DNSE
SAB,15,2026-08-19 14:45:00,45.9,45.9,45.9,45.9,33300,DNSE
SAB,15,2026-08-20 09:15:00,45.95,46.2,45.9,46.15,31400,DNSE
SAB,15,2026-08-20 09:30:00,46.2,46.25,46.05,46.05,31300,DNSE
SAB,15,2026-08-20 09:45:00,46.05,46.2,46.0,46.15,41600,DNSE
SAB,15,2026-08-20 10:00:00,46.2,46.2,46.0,46.0,69000,DNSE
SAB,15,2026-08-20 10:15:00,46.15,46.2,46.0,46.15,37300,DNSE
SAB,15,2026-08-20 10:30:00,46.15,46.45,46.1,46.45,127800,DNSE
SAB,15,2026-08-20 10:45:00,46.45,47.15,46.45,46.9,346300,DNSE
SAB,15,2026-08-20 11:00:00,46.85,47.2,46.85,47.1,220700,DNSE
SAB,15,2026-08-20 11:15:00,47.1,47.2,46.95,47.0,182400,DNSE
SAB,15,2026-08-20 13:00:00,46.95,47.0,46.8,46.85,161600,DNSE
SAB,15,2026-08-20 13:15:00,46.8,46.85,46.75,46.8,61800,DNSE
SAB,15,2026-08-20 13:30:00,46.8,46.9,46.65,46.9,35200,DNSE
SAB,15,2026-08-20 13:45:00,46.9,46.95,46.75,46.95,84400,DNSE
SAB,15,2026-08-20 14:00:00,46.95,46.95,46.8,46.85,43500,DNSE
SAB,15,2026-08-20 14:15:00,46.8,46.9,46.7,46.85,133000,DNSE
SAB,15,2026-08-20 14:45:00,46.8,46.8,46.8,46.8,39100,DNSE
SAB,15,2026-08-21 09:15:00,47.0,47.0,46.6,46.95,74900,DNSE
SAB,15,2026-08-21 09:30:00,46.9,46.95,46.65,46.7,20000,DNSE
SAB,15,2026-08-21 09:45:00,46.65,46.7,46.4,46.5,57600,DNSE
SAB,15,2026-08-21 10:00:00,46.5,46.6,46.45,46.5,19000,DNSE
SAB,15,2026-08-21 10:15:00,46.45,46.65,46.45,46.55,31800,DNSE
SAB,15,2026-08-21 10:30:00,46.55,46.65,46.45,46.65,39000,DNSE
SAB,15,2026-08-21 10:45:00,46.55,46.65,46.5,46.6,18700,DNSE
SAB,15,2026-08-21 11:00:00,46.55,46.65,46.5,46.6,18600,DNSE
SAB,15,2026-08-21 11:15:00,46.65,46.75,46.6,46.7,39700,DNSE
SAB,15,2026-08-21 13:00:00,46.7,46.75,46.6,46.7,42400,DNSE
SAB,15,2026-08-21 13:15:00,46.7,46.9,46.65,46.9,76400,DNSE
SAB,15,2026-08-21 13:30:00,46.9,47.0,46.75,46.9,64200,DNSE
SAB,15,2026-08-21 13:45:00,46.9,46.95,46.8,46.9,36700,DNSE
SAB,15,2026-08-21 14:00:00,46.9,46.9,46.65,46.75,47600,DNSE
SAB,15,2026-08-21 14:15:00,46.75,46.85,46.6,46.7,43100,DNSE
SAB,15,2026-08-21 14:45:00,46.8,46.8,46.8,46.8,16500,DNSE
SAB,15,2026-08-24 09:15:00,46.9,46.9,46.35,46.4,50800,DNSE
SAB,15,2026-08-24 09:30:00,46.4,46.5,46.4,46.4,42600,DNSE
SAB,15,2026-08-24 09:45:00,46.35,46.45,46.1,46.4,72000,DNSE
SAB,15,2026-08-24 10:00:00,46.25,46.5,46.2,46.5,31100,DNSE
SAB,15,2026-08-24 10:15:00,46.4,46.5,46.35,46.35,25300,DNSE
SAB,15,2026-08-24 10:30:00,46.35,46.4,46.35,46.35,8000,DNSE
SAB,15,2026-08-24 10:45:00,46.35,46.4,46.3,46.3,15000,DNSE
SAB,15,2026-08-24 11:00:00,46.3,46.3,46.2,46.2,21000,DNSE
SAB,15,2026-08-24 11:15:00,46.25,46.3,46.2,46.25,7600,DNSE
SAB,15,2026-08-24 13:00:00,46.25,46.25,45.8,45.95,280200,DNSE
SAB,15,2026-08-24 13:15:00,45.95,45.95,45.7,45.8,210300,DNSE
SAB,15,2026-08-24 13:30:00,45.8,45.9,45.75,45.8,53500,DNSE
SAB,15,2026-08-24 13:45:00,45.8,45.8,45.65,45.7,123100,DNSE
SAB,15,2026-08-24 14:00:00,45.7,45.8,45.65,45.7,69800,DNSE
SAB,15,2026-08-24 14:15:00,45.75,46.4,45.7,46.05,129500,DNSE
SAB,15,2026-08-24 14:45:00,46.1,46.1,46.1,46.1,45000,DNSE
SAB,15,2026-08-25 09:15:00,45.85,46.1,45.75,45.95,24100,DNSE
SAB,15,2026-08-25 09:30:00,45.95,46.1,45.7,46.1,30500,DNSE
SAB,15,2026-08-25 09:45:00,46.1,46.1,45.8,46.05,18800,DNSE
SAB,15,2026-08-25 10:00:00,45.85,46.05,45.85,46.0,15100,DNSE
SAB,15,2026-08-25 10:15:00,46.0,46.05,45.85,45.9,36600,DNSE
SAB,15,2026-08-25 10:30:00,45.95,45.95,45.75,45.75,52100,DNSE
SAB,15,2026-08-25 10:45:00,45.8,45.85,45.6,45.7,55500,DNSE
SAB,15,2026-08-25 11:00:00,45.7,45.8,45.6,45.7,30500,DNSE
SAB,15,2026-08-25 11:15:00,45.7,45.85,45.7,45.7,8100,DNSE
SAB,15,2026-08-25 13:00:00,45.7,45.9,45.65,45.9,47600,DNSE
SAB,15,2026-08-25 13:15:00,45.8,46.0,45.75,45.8,55900,DNSE
SAB,15,2026-08-25 13:30:00,46.0,46.2,45.8,46.15,56500,DNSE
SAB,15,2026-08-25 13:45:00,46.0,46.35,46.0,46.25,69500,DNSE
SAB,15,2026-08-25 14:00:00,46.25,46.3,46.0,46.1,52300,DNSE
SAB,15,2026-08-25 14:15:00,46.1,46.15,46.0,46.15,64400,DNSE
SAB,15,2026-08-25 14:45:00,46.1,46.1,46.1,46.1,12900,DNSE
SAB,15,2026-08-26 09:15:00,46.1,46.3,46.1,46.15,24100,DNSE
SAB,15,2026-08-26 09:30:00,46.15,46.65,46.1,46.55,33100,DNSE
SAB,15,2026-08-26 09:45:00,46.5,46.55,46.4,46.4,40400,DNSE
SAB,15,2026-08-26 10:00:00,46.4,46.4,46.15,46.25,14500,DNSE
SAB,15,2026-08-26 10:15:00,46.25,46.3,46.1,46.1,21000,DNSE
SAB,15,2026-08-26 10:30:00,46.1,46.2,46.1,46.2,14600,DNSE
SAB,15,2026-08-26 10:45:00,46.1,46.2,46.05,46.05,14900,DNSE
SAB,15,2026-08-26 11:00:00,46.05,46.2,46.0,46.2,13500,DNSE
SAB,15,2026-08-26 11:15:00,46.2,46.2,46.1,46.1,8900,DNSE
SAB,15,2026-08-26 13:00:00,46.1,46.15,46.0,46.0,29600,DNSE
SAB,15,2026-08-26 13:15:00,46.05,46.05,45.95,46.05,21700,DNSE
SAB,15,2026-08-26 13:30:00,46.05,46.25,46.0,46.2,30300,DNSE
SAB,15,2026-08-26 13:45:00,46.2,46.3,46.0,46.0,26000,DNSE
SAB,15,2026-08-26 14:00:00,46.05,46.15,46.0,46.0,11600,DNSE
SAB,15,2026-08-26 14:15:00,46.0,46.25,45.75,46.1,146300,DNSE
SAB,15,2026-08-26 14:45:00,46.15,46.15,46.15,46.15,39800,DNSE
SAB,15,2026-08-27 09:15:00,46.1,46.25,45.85,45.85,25500,DNSE
SAB,15,2026-08-27 09:30:00,45.85,46.05,45.85,45.85,7500,DNSE
SAB,15,2026-08-27 09:45:00,45.9,45.95,45.85,45.95,4700,DNSE
SAB,15,2026-08-27 10:00:00,46.0,46.0,45.85,45.95,10600,DNSE
SAB,15,2026-08-27 10:15:00,45.95,45.95,45.85,45.9,10800,DNSE
SAB,15,2026-08-27 10:30:00,45.85,45.9,45.8,45.85,23700,DNSE
SAB,15,2026-08-27 10:45:00,45.9,45.9,45.8,45.8,8300,DNSE
SAB,15,2026-08-27 11:00:00,45.8,45.85,45.8,45.8,6100,DNSE
SAB,15,2026-08-27 11:15:00,45.8,45.8,45.7,45.75,24100,DNSE
SAB,15,2026-08-27 13:00:00,45.75,45.75,45.7,45.75,38900,DNSE
SAB,15,2026-08-27 13:15:00,45.75,45.8,45.7,45.75,32500,DNSE
SAB,15,2026-08-27 13:30:00,45.75,45.8,45.7,45.75,19700,DNSE
SAB,15,2026-08-27 13:45:00,45.75,45.75,45.7,45.75,34200,DNSE
SAB,15,2026-08-27 14:00:00,45.75,45.75,45.65,45.7,61900,DNSE
SAB,15,2026-08-27 14:15:00,45.7,45.8,45.65,45.75,54200,DNSE
SAB,15,2026-08-27 14:45:00,45.75,45.75,45.75,45.75,19800,DNSE
SAB,15,2026-08-28 09:15:00,45.95,45.95,45.8,45.8,11600,DNSE
SAB,15,2026-08-28 09:30:00,45.8,45.85,45.8,45.8,19400,DNSE
SAB,15,2026-08-28 09:45:00,45.8,46.1,45.8,46.1,36700,DNSE
SAB,15,2026-08-28 10:00:00,45.9,46.1,45.9,46.0,23400,DNSE
SAB,15,2026-08-28 10:15:00,46.0,46.0,45.8,45.9,47800,DNSE
SAB,15,2026-08-28 10:30:00,45.9,45.95,45.85,45.85,31600,DNSE
SAB,15,2026-08-28 10:45:00,45.9,45.95,45.85,45.85,31200,DNSE
SAB,15,2026-08-28 11:00:00,45.85,45.9,45.7,45.7,23500,DNSE
SAB,15,2026-08-28 11:15:00,45.75,45.85,45.75,45.85,16300,DNSE
SAB,15,2026-08-28 13:00:00,45.85,45.9,45.8,45.85,24900,DNSE
SAB,15,2026-08-28 13:15:00,45.85,45.9,45.8,45.85,21900,DNSE
SAB,15,2026-08-28 13:30:00,45.85,45.9,45.7,45.75,88600,DNSE
SAB,15,2026-08-28 13:45:00,45.75,45.8,45.7,45.75,37300,DNSE
SAB,15,2026-08-28 14:00:00,45.75,45.8,45.7,45.8,20600,DNSE
SAB,15,2026-08-28 14:15:00,45.8,45.8,45.65,45.75,84100,DNSE
SAB,15,2026-08-28 14:45:00,45.6,45.6,45.6,45.6,45200,DNSE
SAB,15,2026-09-03 09:15:00,45.6,45.8,45.45,45.45,68500,DNSE
SAB,15,2026-09-03 09:30:00,45.45,45.45,45.2,45.25,39800,DNSE
SAB,15,2026-09-03 09:45:00,45.25,45.3,45.15,45.3,53700,DNSE
SAB,15,2026-09-03 10:00:00,45.3,45.3,45.1,45.1,32000,DNSE
SAB,15,2026-09-03 10:15:00,45.05,45.1,44.9,45.05,173900,DNSE
SAB,15,2026-09-03 10:30:00,45.05,45.2,45.05,45.2,20600,DNSE
SAB,15,2026-09-03 10:45:00,45.2,45.3,45.2,45.2,30800,DNSE
SAB,15,2026-09-03 11:00:00,45.1,45.15,45.0,45.0,35200,DNSE
SAB,15,2026-09-03 11:15:00,45.1,45.1,45.05,45.1,11100,DNSE
SAB,15,2026-09-03 13:00:00,45.1,45.15,45.0,45.05,32700,DNSE
SAB,15,2026-09-03 13:15:00,45.05,45.1,45.0,45.05,32300,DNSE
SAB,15,2026-09-03 13:30:00,45.0,45.1,45.0,45.0,25700,DNSE
SAB,15,2026-09-03 13:45:00,45.0,45.0,44.95,45.0,36700,DNSE
SAB,15,2026-09-03 14:00:00,45.0,45.05,44.95,44.95,35800,DNSE
SAB,15,2026-09-03 14:15:00,44.95,45.1,44.9,45.05,74700,DNSE
SAB,15,2026-09-03 14:45:00,45.0,45.0,45.0,45.0,57800,DNSE
SAB,15,2026-09-04 09:15:00,45.2,45.2,45.0,45.0,33700,DNSE
SAB,15,2026-09-04 09:30:00,45.0,45.0,44.9,45.0,11100,DNSE
SAB,15,2026-09-04 09:45:00,45.0,45.1,44.9,45.1,27000,DNSE
SAB,15,2026-09-04 10:00:00,45.1,45.1,45.0,45.05,15500,DNSE
SAB,15,2026-09-04 10:15:00,45.05,45.1,45.0,45.05,26900,DNSE
SAB,15,2026-09-04 10:30:00,45.05,45.15,45.05,45.15,15500,DNSE
SAB,15,2026-09-04 10:45:00,45.15,45.15,45.1,45.15,4300,DNSE
SAB,15,2026-09-04 11:00:00,45.15,45.2,45.15,45.2,7000,DNSE
SAB,15,2026-09-04 11:15:00,45.2,45.2,45.1,45.15,19500,DNSE
SAB,15,2026-09-04 13:00:00,45.15,45.45,45.15,45.45,62100,DNSE
SAB,15,2026-09-04 13:15:00,45.5,45.5,45.15,45.35,55700,DNSE
SAB,15,2026-09-04 13:30:00,45.35,45.4,45.3,45.35,12100,DNSE
SAB,15,2026-09-04 13:45:00,45.35,45.45,45.3,45.35,13500,DNSE
SAB,15,2026-09-04 14:00:00,45.35,45.35,45.25,45.25,14500,DNSE
SAB,15,2026-09-04 14:15:00,45.25,45.4,45.2,45.3,25000,DNSE
SAB,15,2026-09-04 14:45:00,45.35,45.35,45.35,45.35,9500,DNSE
SAB,15,2026-09-07 09:15:00,45.35,45.35,45.2,45.2,20800,DNSE
SAB,15,2026-09-07 09:30:00,45.2,45.3,45.15,45.15,9300,DNSE
SAB,15,2026-09-07 09:45:00,45.15,45.2,45.15,45.15,20800,DNSE
SAB,15,2026-09-07 10:00:00,45.15,45.15,45.1,45.1,11300,DNSE
SAB,15,2026-09-07 10:15:00,45.1,45.15,45.1,45.1,8300,DNSE
SAB,15,2026-09-07 10:30:00,45.1,45.1,45.05,45.05,4600,DNSE
SAB,15,2026-09-07 10:45:00,45.05,45.05,45.0,45.05,31800,DNSE
SAB,15,2026-09-07 11:00:00,45.05,45.1,45.05,45.05,17600,DNSE
SAB,15,2026-09-07 11:15:00,45.05,45.05,44.95,45.0,24200,DNSE
SAB,15,2026-09-07 13:00:00,45.0,45.05,44.95,44.95,22100,DNSE
SAB,15,2026-09-07 13:15:00,44.95,45.1,44.9,45.1,31000,DNSE
SAB,15,2026-09-07 13:30:00,45.05,45.1,45.0,45.05,15200,DNSE
SAB,15,2026-09-07 13:45:00,45.05,45.05,44.9,44.9,40800,DNSE
SAB,15,2026-09-07 14:00:00,44.9,44.95,44.85,44.85,50500,DNSE
SAB,15,2026-09-07 14:15:00,44.85,44.95,44.85,44.9,37300,DNSE
SAB,15,2026-09-07 14:45:00,44.85,44.85,44.85,44.85,33100,DNSE
SAB,15,2026-09-08 09:15:00,44.85,45.0,44.85,44.9,7200,DNSE
SAB,15,2026-09-08 09:30:00,44.9,44.95,44.85,44.95,17100,DNSE
SAB,15,2026-09-08 09:45:00,44.95,45.05,44.95,44.95,10000,DNSE
SAB,15,2026-09-08 10:00:00,44.95,44.95,44.9,44.95,7300,DNSE
SAB,15,2026-09-08 10:15:00,44.95,45.0,44.9,44.95,11300,DNSE
SAB,15,2026-09-08 10:30:00,45.0,45.0,44.95,44.95,6200,DNSE
SAB,15,2026-09-08 10:45:00,44.95,44.95,44.95,44.95,1900,DNSE
SAB,15,2026-09-08 11:00:00,44.95,44.95,44.85,44.85,26000,DNSE
SAB,15,2026-09-08 11:15:00,44.85,44.85,44.75,44.75,21400,DNSE
SAB,15,2026-09-08 13:00:00,44.8,44.8,44.6,44.8,71100,DNSE
SAB,15,2026-09-08 13:15:00,44.8,44.85,44.8,44.8,15800,DNSE
SAB,15,2026-09-08 13:30:00,44.8,44.9,44.8,44.85,10700,DNSE
SAB,15,2026-09-08 13:45:00,44.9,44.9,44.85,44.9,9800,DNSE
SAB,15,2026-09-08 14:00:00,44.9,44.9,44.8,44.85,11500,DNSE
SAB,15,2026-09-08 14:15:00,44.85,44.85,44.75,44.85,78800,DNSE
SAB,15,2026-09-08 14:45:00,44.95,44.95,44.95,44.95,10100,DNSE
SAB,15,2026-09-09 09:15:00,44.95,44.95,44.6,44.9,8900,DNSE
SAB,15,2026-09-09 09:30:00,44.9,45.1,44.9,45.05,11200,DNSE
SAB,15,2026-09-09 09:45:00,45.05,45.05,44.9,44.9,7800,DNSE
SAB,15,2026-09-09 10:00:00,44.9,44.95,44.9,44.9,15200,DNSE
SAB,15,2026-09-09 10:15:00,44.95,45.0,44.85,44.9,18500,DNSE
SAB,15,2026-09-09 10:30:00,44.9,44.9,44.85,44.85,31900,DNSE
SAB,15,2026-09-09 10:45:00,44.85,44.9,44.8,44.85,31000,DNSE
SAB,15,2026-09-09 11:00:00,44.85,44.9,44.8,44.85,7500,DNSE
SAB,15,2026-09-09 11:15:00,44.8,44.8,44.7,44.7,50900,DNSE
SAB,15,2026-09-09 13:00:00,44.85,44.85,44.75,44.8,31300,DNSE
SAB,15,2026-09-09 13:15:00,44.8,44.85,44.75,44.8,22500,DNSE
SAB,15,2026-09-09 13:30:00,44.8,44.8,44.75,44.8,11200,DNSE
SAB,15,2026-09-09 13:45:00,44.8,44.85,44.7,44.8,60900,DNSE
SAB,15,2026-09-09 14:00:00,44.8,44.8,44.65,44.65,47000,DNSE
SAB,15,2026-09-09 14:15:00,44.65,44.8,44.6,44.75,55600,DNSE
SAB,15,2026-09-09 14:45:00,44.65,44.65,44.65,44.65,32500,DNSE
SAB,15,2026-09-10 09:15:00,44.7,44.75,44.65,44.65,8100,DNSE
SAB,15,2026-09-10 09:30:00,44.65,44.75,44.65,44.75,12800,DNSE
SAB,15,2026-09-10 09:45:00,44.8,44.8,44.65,44.8,20100,DNSE
SAB,15,2026-09-10 10:00:00,44.8,44.8,44.7,44.8,2900,DNSE
SAB,15,2026-09-10 10:15:00,44.75,44.75,44.7,44.7,9300,DNSE
SAB,15,2026-09-10 10:30:00,44.75,44.75,44.7,44.7,24400,DNSE
SAB,15,2026-09-10 10:45:00,44.7,44.8,44.7,44.8,8600,DNSE
SAB,15,2026-09-10 11:00:00,44.75,44.8,44.7,44.7,5000,DNSE
SAB,15,2026-09-10 11:15:00,44.7,44.8,44.65,44.8,27500,DNSE
SAB,15,2026-09-10 13:00:00,44.8,45.0,44.8,44.95,40600,DNSE
SAB,15,2026-09-10 13:15:00,44.95,44.95,44.85,44.85,20800,DNSE
SAB,15,2026-09-10 13:30:00,44.85,44.95,44.8,44.9,8000,DNSE
SAB,15,2026-09-10 13:45:00,44.8,44.95,44.8,44.95,17700,DNSE
SAB,15,2026-09-10 14:00:00,44.95,45.05,44.9,45.0,55600,DNSE
SAB,15,2026-09-10 14:15:00,45.05,45.05,44.7,44.8,38400,DNSE
SAB,15,2026-09-10 14:45:00,44.85,44.85,44.85,44.85,6600,DNSE
SAB,15,2026-09-11 09:15:00,44.6,44.8,44.55,44.6,25800,DNSE
SAB,15,2026-09-11 09:30:00,44.6,44.65,44.6,44.6,18000,DNSE
SAB,15,2026-09-11 09:45:00,44.6,44.6,44.5,44.5,37500,DNSE
SAB,15,2026-09-11 10:00:00,44.5,44.5,43.1,44.0,133500,DNSE
SAB,15,2026-09-11 10:15:00,44.1,44.15,44.0,44.0,84100,DNSE
SAB,15,2026-09-11 10:30:00,44.0,44.2,44.0,44.05,45300,DNSE
SAB,15,2026-09-11 10:45:00,44.1,44.1,44.0,44.1,21500,DNSE
SAB,15,2026-09-11 11:00:00,44.1,44.1,43.95,44.0,35500,DNSE
SAB,15,2026-09-11 11:15:00,43.95,44.0,43.95,44.0,26300,DNSE
SAB,15,2026-09-11 13:00:00,44.05,44.1,43.8,43.9,104500,DNSE
SAB,15,2026-09-11 13:15:00,43.9,44.0,43.8,43.9,27500,DNSE
SAB,15,2026-09-11 13:30:00,43.9,43.95,43.9,43.95,10700,DNSE
SAB,15,2026-09-11 13:45:00,43.95,44.3,43.9,44.25,54800,DNSE
SAB,15,2026-09-11 14:00:00,44.25,44.25,43.9,44.0,58300,DNSE
SAB,15,2026-09-11 14:15:00,44.25,44.25,43.95,44.15,50100,DNSE
SAB,15,2026-09-11 14:45:00,43.85,43.85,43.85,43.85,34500,DNSE
SAB,15,2026-09-14 09:15:00,43.85,44.2,43.85,44.2,19500,DNSE
SAB,15,2026-09-14 09:30:00,44.15,44.2,44.0,44.15,16500,DNSE
SAB,15,2026-09-14 09:45:00,44.1,44.2,44.0,44.2,21800,DNSE
SAB,15,2026-09-14 10:00:00,44.15,44.15,44.1,44.15,19100,DNSE
SAB,15,2026-09-14 10:15:00,44.15,44.3,44.15,44.25,18000,DNSE
SAB,15,2026-09-14 10:30:00,44.25,44.3,44.2,44.3,6600,DNSE
SAB,15,2026-09-14 10:45:00,44.3,44.4,44.3,44.35,15800,DNSE
SAB,15,2026-09-14 11:00:00,44.4,44.45,44.35,44.35,13500,DNSE
SAB,15,2026-09-14 11:15:00,44.4,44.4,44.3,44.35,16400,DNSE
SAB,15,2026-09-14 13:00:00,44.4,44.4,44.2,44.2,23800,DNSE
SAB,15,2026-09-14 13:15:00,44.2,44.2,44.1,44.2,27700,DNSE
SAB,15,2026-09-14 13:30:00,44.15,44.2,43.95,44.1,37100,DNSE
SAB,15,2026-09-14 13:45:00,44.05,44.05,43.85,43.95,140800,DNSE
SAB,15,2026-09-14 14:00:00,44.0,44.0,43.85,43.9,65500,DNSE
SAB,15,2026-09-14 14:15:00,43.9,44.6,43.85,44.6,155600,DNSE
SAB,15,2026-09-14 14:45:00,44.75,44.75,44.75,44.75,80100,DNSE
SAB,15,2026-09-15 09:15:00,44.75,45.0,44.7,44.9,69200,DNSE
SAB,15,2026-09-15 09:30:00,44.9,44.9,44.85,44.9,11000,DNSE
SAB,15,2026-09-15 09:45:00,44.9,45.0,44.85,45.0,55200,DNSE
SAB,15,2026-09-15 10:00:00,45.0,45.45,44.95,45.3,166200,DNSE
SAB,15,2026-09-15 10:15:00,45.3,45.3,45.15,45.2,21300,DNSE
SAB,15,2026-09-15 10:30:00,45.2,45.25,45.1,45.1,27100,DNSE
SAB,15,2026-09-15 10:45:00,45.1,45.15,45.0,45.0,21500,DNSE
SAB,15,2026-09-15 11:00:00,45.05,45.05,44.95,45.0,35000,DNSE
SAB,15,2026-09-15 11:15:00,45.05,45.05,45.0,45.05,5600,DNSE
SAB,15,2026-09-15 13:00:00,45.05,45.05,44.9,44.95,55400,DNSE
SAB,15,2026-09-15 13:15:00,44.9,44.95,44.9,44.95,3900,DNSE
SAB,15,2026-09-15 13:30:00,44.95,45.0,44.9,45.0,14700,DNSE
SAB,15,2026-09-15 13:45:00,45.0,45.05,44.95,45.05,30600,DNSE
SAB,15,2026-09-15 14:00:00,45.05,45.1,44.9,45.0,61900,DNSE
SAB,15,2026-09-15 14:15:00,45.0,45.0,44.9,44.9,58200,DNSE
SAB,15,2026-09-15 14:45:00,44.55,44.55,44.55,44.55,73900,DNSE
SAB,15,2026-09-16 09:15:00,44.65,44.65,44.65,44.65,4400,DNSE
SAB,15,2026-09-16 09:30:00,44.75,44.85,44.75,44.8,8500,DNSE
SAB,15,2026-09-16 09:45:00,44.85,44.85,44.8,44.8,4000,DNSE
SAB,15,2026-09-16 10:00:00,44.75,44.75,44.7,44.7,2300,DNSE
SAB,15,2026-09-16 10:15:00,44.7,44.75,44.65,44.75,12700,DNSE
SAB,15,2026-09-16 10:30:00,44.7,44.7,44.7,44.7,3600,DNSE
SAB,15,2026-09-16 10:45:00,44.7,44.75,44.6,44.6,14500,DNSE
SAB,15,2026-09-16 11:00:00,44.65,44.65,44.6,44.6,7400,DNSE
SAB,15,2026-09-16 11:15:00,44.55,44.55,44.5,44.55,10200,DNSE
SAB,15,2026-09-16 13:00:00,44.55,44.55,44.45,44.5,46700,DNSE
SAB,15,2026-09-16 13:15:00,44.5,44.55,44.45,44.55,21400,DNSE
SAB,15,2026-09-16 13:30:00,44.55,44.55,44.4,44.45,11700,DNSE
SAB,15,2026-09-16 13:45:00,44.45,44.5,44.45,44.5,13600,DNSE
SAB,15,2026-09-16 14:00:00,44.5,44.55,44.45,44.55,16500,DNSE
SAB,15,2026-09-16 14:15:00,44.55,44.7,44.55,44.65,50400,DNSE
SAB,15,2026-09-16 14:45:00,44.1,44.1,44.1,44.1,67200,DNSE
SAB,15,2026-09-17 09:15:00,44.1,44.35,44.1,44.35,15100,DNSE
SAB,15,2026-09-17 09:30:00,44.3,44.35,44.3,44.35,9700,DNSE
SAB,15,2026-09-17 09:45:00,44.35,44.5,44.35,44.5,8000,DNSE
SAB,15,2026-09-17 10:00:00,44.45,44.5,44.4,44.4,5900,DNSE
SAB,15,2026-09-17 10:15:00,44.4,44.5,44.35,44.45,22100,DNSE
SAB,15,2026-09-17 10:30:00,44.5,44.5,44.45,44.5,9800,DNSE
SAB,15,2026-09-17 10:45:00,44.45,44.5,44.35,44.5,13800,DNSE
SAB,15,2026-09-17 11:00:00,44.5,44.6,44.45,44.55,9200,DNSE
SAB,15,2026-09-17 11:15:00,44.5,44.5,44.45,44.5,7900,DNSE
SAB,15,2026-09-17 13:00:00,44.5,44.5,44.35,44.5,19000,DNSE
SAB,15,2026-09-17 13:15:00,44.55,44.55,44.35,44.35,21700,DNSE
SAB,15,2026-09-17 13:30:00,44.4,44.45,44.35,44.45,58900,DNSE
SAB,15,2026-09-17 13:45:00,44.4,44.4,44.3,44.35,27300,DNSE
SAB,15,2026-09-17 14:00:00,44.35,44.5,44.35,44.4,16100,DNSE
SAB,15,2026-09-17 14:15:00,44.4,44.6,44.3,44.6,79100,DNSE
SAB,15,2026-09-17 14:45:00,44.3,44.3,44.3,44.3,51300,DNSE
SAB,15,2026-09-18 09:15:00,44.3,44.5,44.3,44.5,9700,DNSE
SAB,15,2026-09-18 09:30:00,44.5,44.5,44.5,44.5,700,DNSE
SAB,15,2026-09-18 09:45:00,44.4,44.5,44.4,44.4,6400,DNSE
SAB,15,2026-09-18 10:00:00,44.4,44.45,44.4,44.4,5700,DNSE
SAB,15,2026-09-18 10:15:00,44.4,45.5,44.4,44.75,72600,DNSE
SAB,15,2026-09-18 10:30:00,44.75,44.75,44.6,44.7,10300,DNSE
SAB,15,2026-09-18 10:45:00,44.7,44.8,44.7,44.7,5500,DNSE
SAB,15,2026-09-18 11:00:00,44.65,44.65,44.6,44.6,12200,DNSE
SAB,15,2026-09-18 11:15:00,44.7,44.8,44.7,44.7,3800,DNSE
SAB,15,2026-09-18 13:00:00,44.7,44.7,44.5,44.6,20400,DNSE
SAB,15,2026-09-18 13:15:00,44.6,44.6,44.4,44.45,12500,DNSE
SAB,15,2026-09-18 13:30:00,44.4,44.5,44.4,44.45,15000,DNSE
SAB,15,2026-09-18 13:45:00,44.5,44.5,44.45,44.45,8500,DNSE
SAB,15,2026-09-18 14:00:00,44.45,44.5,44.45,44.45,21200,DNSE
SAB,15,2026-09-18 14:15:00,44.5,44.5,44.4,44.45,20200,DNSE
SAB,15,2026-09-18 14:45:00,44.3,44.3,44.3,44.3,73100,DNSE
SAB,15,2026-09-21 09:15:00,44.3,44.4,44.3,44.3,24300,DNSE
SAB,15,2026-09-21 09:30:00,44.3,44.35,44.15,44.15,9300,DNSE
SAB,15,2026-09-21 09:45:00,44.15,44.3,44.1,44.15,69900,DNSE
SAB,15,2026-09-21 10:00:00,44.15,44.25,44.15,44.2,9800,DNSE
SAB,15,2026-09-21 10:15:00,44.2,44.25,44.15,44.15,3900,DNSE
SAB,15,2026-09-21 10:30:00,44.2,44.2,44.1,44.1,7300,DNSE
SAB,15,2026-09-21 10:45:00,44.1,44.15,44.1,44.15,26500,DNSE
SAB,15,2026-09-21 11:00:00,44.15,44.2,44.1,44.1,29900,DNSE
SAB,15,2026-09-21 11:15:00,44.15,44.15,44.1,44.15,12500,DNSE
SAB,15,2026-09-21 13:00:00,44.15,44.15,44.05,44.05,33600,DNSE
SAB,15,2026-09-21 13:15:00,44.05,44.1,44.0,44.05,11700,DNSE
SAB,15,2026-09-21 13:30:00,44.05,44.1,43.9,43.95,75900,DNSE
SAB,15,2026-09-21 13:45:00,43.95,44.05,43.95,43.95,55700,DNSE
SAB,15,2026-09-21 14:00:00,43.95,44.0,43.8,43.85,123500,DNSE
SAB,15,2026-09-21 14:15:00,43.85,43.9,43.85,43.85,64300,DNSE
SAB,15,2026-09-21 14:45:00,43.85,43.85,43.85,43.85,42700,DNSE
VHM,15,2026-07-23 09:15:00,63.35,64.5,63.3,64.35,561500,DNSE
VHM,15,2026-07-23 09:30:00,64.35,64.4,63.8,63.9,230200,DNSE
VHM,15,2026-07-23 09:45:00,63.85,64.0,63.5,64.0,200800,DNSE
VHM,15,2026-07-23 10:00:00,64.0,64.95,64.0,64.35,325500,DNSE
VHM,15,2026-07-23 10:15:00,64.4,65.4,64.4,64.9,387600,DNSE
VHM,15,2026-07-23 10:30:00,64.85,65.0,64.35,64.7,107000,DNSE
VHM,15,2026-07-23 10:45:00,64.7,64.85,64.35,64.65,143800,DNSE
VHM,15,2026-07-23 11:00:00,64.65,64.65,64.3,64.4,95000,DNSE
VHM,15,2026-07-23 11:15:00,64.35,65.0,64.25,64.9,354100,DNSE
VHM,15,2026-07-23 13:00:00,64.9,65.25,64.85,65.25,370500,DNSE
VHM,15,2026-07-23 13:15:00,65.25,65.4,64.9,65.35,231500,DNSE
VHM,15,2026-07-23 13:30:00,65.35,66.75,65.25,65.9,430700,DNSE
VHM,15,2026-07-23 13:45:00,65.9,66.35,65.8,66.2,214000,DNSE
VHM,15,2026-07-23 14:00:00,66.2,66.55,66.0,66.15,181200,DNSE
VHM,15,2026-07-23 14:15:00,66.15,66.3,65.8,65.95,368000,DNSE
VHM,15,2026-07-23 14:45:00,66.0,66.0,66.0,66.0,371600,DNSE
VHM,15,2026-07-24 09:15:00,64.75,65.75,64.7,65.25,217900,DNSE
VHM,15,2026-07-24 09:30:00,65.3,65.7,65.3,65.6,82000,DNSE
VHM,15,2026-07-24 09:45:00,65.6,65.65,64.85,65.0,142700,DNSE
VHM,15,2026-07-24 10:00:00,65.0,65.1,64.55,64.65,160400,DNSE
VHM,15,2026-07-24 10:15:00,64.75,64.75,64.25,64.4,156900,DNSE
VHM,15,2026-07-24 10:30:00,64.4,65.1,64.3,64.95,71600,DNSE
VHM,15,2026-07-24 10:45:00,64.95,65.85,64.95,65.4,170700,DNSE
VHM,15,2026-07-24 11:00:00,65.4,65.95,65.4,65.6,112800,DNSE
VHM,15,2026-07-24 11:15:00,65.6,65.95,65.45,65.6,128000,DNSE
VHM,15,2026-07-24 13:00:00,65.6,65.65,64.8,65.05,228400,DNSE
VHM,15,2026-07-24 13:15:00,65.05,65.65,65.05,65.3,193600,DNSE
VHM,15,2026-07-24 13:30:00,65.3,65.6,65.1,65.4,238000,DNSE
VHM,15,2026-07-24 13:45:00,65.4,65.5,65.15,65.15,148500,DNSE
VHM,15,2026-07-24 14:00:00,65.15,65.45,65.1,65.25,190700,DNSE
VHM,15,2026-07-24 14:15:00,65.25,65.3,64.85,64.85,300200,DNSE
VHM,15,2026-07-24 14:45:00,65.0,65.0,65.0,65.0,340800,DNSE
VHM,15,2026-07-27 09:15:00,65.3,66.65,65.3,66.3,306000,DNSE
VHM,15,2026-07-27 09:30:00,66.3,66.9,65.9,66.75,200900,DNSE
VHM,15,2026-07-27 09:45:00,66.75,66.95,66.1,66.25,191300,DNSE
VHM,15,2026-07-27 10:00:00,66.15,66.25,65.85,65.95,122400,DNSE
VHM,15,2026-07-27 10:15:00,65.95,65.95,65.65,65.7,154000,DNSE
VHM,15,2026-07-27 10:30:00,65.7,65.7,65.3,65.3,158500,DNSE
VHM,15,2026-07-27 10:45:00,65.3,65.45,64.65,64.65,244000,DNSE
VHM,15,2026-07-27 11:00:00,64.65,64.9,64.6,64.75,127400,DNSE
VHM,15,2026-07-27 11:15:00,64.75,64.8,64.5,64.55,158200,DNSE
VHM,15,2026-07-27 13:00:00,64.6,65.5,64.5,65.0,177500,DNSE
VHM,15,2026-07-27 13:15:00,65.25,65.25,64.6,64.9,193900,DNSE
VHM,15,2026-07-27 13:30:00,64.9,65.5,64.85,65.25,287500,DNSE
VHM,15,2026-07-27 13:45:00,65.1,66.05,65.05,65.85,435200,DNSE
VHM,15,2026-07-27 14:00:00,65.9,66.7,65.8,66.35,482500,DNSE
VHM,15,2026-07-27 14:15:00,66.35,66.35,65.25,65.5,289600,DNSE
VHM,15,2026-07-27 14:45:00,65.5,65.5,65.5,65.5,178600,DNSE
VHM,15,2026-07-28 09:15:00,65.0,65.2,64.75,64.8,224700,DNSE
VHM,15,2026-07-28 09:30:00,64.8,65.0,64.75,64.8,147800,DNSE
VHM,15,2026-07-28 09:45:00,64.8,64.95,64.7,64.85,75700,DNSE
VHM,15,2026-07-28 10:00:00,64.85,64.85,64.45,64.75,159400,DNSE
VHM,15,2026-07-28 10:15:00,64.75,65.25,64.75,65.05,112600,DNSE
VHM,15,2026-07-28 10:30:00,65.0,65.9,65.0,65.5,101200,DNSE
VHM,15,2026-07-28 10:45:00,65.5,66.05,65.5,65.75,153900,DNSE
VHM,15,2026-07-28 11:00:00,65.75,65.8,65.45,65.6,211500,DNSE
VHM,15,2026-07-28 11:15:00,65.6,65.65,65.45,65.6,353600,DNSE
VHM,15,2026-07-28 13:00:00,65.6,66.15,65.5,65.8,215000,DNSE
VHM,15,2026-07-28 13:15:00,65.85,66.0,65.45,65.45,194100,DNSE
VHM,15,2026-07-28 13:30:00,65.5,65.6,65.3,65.55,163700,DNSE
VHM,15,2026-07-28 13:45:00,65.55,65.95,65.45,65.55,110400,DNSE
VHM,15,2026-07-28 14:00:00,65.6,65.85,65.55,65.6,77000,DNSE
VHM,15,2026-07-28 14:15:00,65.6,65.8,65.55,65.55,181200,DNSE
VHM,15,2026-07-28 14:45:00,65.95,65.95,65.95,65.95,192600,DNSE
VHM,15,2026-07-29 09:15:00,66.25,68.0,65.95,68.0,671200,DNSE
VHM,15,2026-07-29 09:30:00,68.0,68.3,66.95,67.2,442800,DNSE
VHM,15,2026-07-29 09:45:00,67.2,67.55,67.05,67.45,155400,DNSE
VHM,15,2026-07-29 10:00:00,67.35,67.45,66.95,67.15,93600,DNSE
VHM,15,2026-07-29 10:15:00,67.3,68.1,67.15,68.1,233000,DNSE
VHM,15,2026-07-29 10:30:00,68.1,68.2,67.65,67.95,201100,DNSE
VHM,15,2026-07-29 10:45:00,67.95,68.2,67.85,68.2,150700,DNSE
VHM,15,2026-07-29 11:00:00,68.2,68.75,68.05,68.65,399400,DNSE
VHM,15,2026-07-29 11:15:00,68.65,69.65,68.5,69.5,454000,DNSE
VHM,15,2026-07-29 13:00:00,69.5,70.55,69.5,70.1,1151100,DNSE
VHM,15,2026-07-29 13:15:00,70.1,70.15,69.6,69.75,349500,DNSE
VHM,15,2026-07-29 13:30:00,69.85,69.85,68.9,69.0,692000,DNSE
VHM,15,2026-07-29 13:45:00,69.0,69.6,68.5,69.4,332100,DNSE
VHM,15,2026-07-29 14:00:00,69.35,69.55,69.25,69.3,155300,DNSE
VHM,15,2026-07-29 14:15:00,69.3,69.45,68.4,69.0,543700,DNSE
VHM,15,2026-07-29 14:45:00,70.0,70.0,70.0,70.0,545700,DNSE
VHM,15,2026-07-30 09:15:00,71.2,71.95,70.05,71.35,546600,DNSE
VHM,15,2026-07-30 09:30:00,71.35,72.3,71.35,71.75,479400,DNSE
VHM,15,2026-07-30 09:45:00,71.8,72.8,71.75,72.8,407800,DNSE
VHM,15,2026-07-30 10:00:00,72.8,73.0,72.6,72.9,485000,DNSE
VHM,15,2026-07-30 10:15:00,72.9,73.0,72.8,72.85,193100,DNSE
VHM,15,2026-07-30 10:30:00,72.85,73.9,72.8,73.75,510800,DNSE
VHM,15,2026-07-30 10:45:00,73.75,73.8,73.4,73.55,145700,DNSE
VHM,15,2026-07-30 11:00:00,73.55,73.75,73.5,73.7,144900,DNSE
VHM,15,2026-07-30 11:15:00,73.65,73.75,73.35,73.5,199000,DNSE
VHM,15,2026-07-30 13:00:00,73.5,73.8,73.45,73.8,257800,DNSE
VHM,15,2026-07-30 13:15:00,73.8,73.85,73.45,73.75,247000,DNSE
VHM,15,2026-07-30 13:30:00,73.75,73.8,72.55,72.7,728600,DNSE
VHM,15,2026-07-30 13:45:00,72.6,73.7,72.0,73.7,761400,DNSE
VHM,15,2026-07-30 14:00:00,73.65,73.75,73.45,73.55,185100,DNSE
VHM,15,2026-07-30 14:15:00,73.55,73.95,73.55,73.9,401600,DNSE
VHM,15,2026-07-30 14:45:00,73.95,73.95,73.95,73.95,189800,DNSE
VHM,15,2026-07-31 09:15:00,77.0,77.0,75.0,75.65,913200,DNSE
VHM,15,2026-07-31 09:30:00,75.65,75.65,74.05,74.2,555000,DNSE
VHM,15,2026-07-31 09:45:00,74.15,74.2,73.35,73.55,460000,DNSE
VHM,15,2026-07-31 10:00:00,73.6,74.05,73.55,73.6,339800,DNSE
VHM,15,2026-07-31 10:15:00,73.55,73.8,73.0,73.25,386700,DNSE
VHM,15,2026-07-31 10:30:00,73.2,73.75,73.05,73.55,91900,DNSE
VHM,15,2026-07-31 10:45:00,73.55,73.55,73.4,73.4,82900,DNSE
VHM,15,2026-07-31 11:00:00,73.35,73.5,73.2,73.45,65200,DNSE
VHM,15,2026-07-31 11:15:00,73.45,73.55,73.4,73.45,86900,DNSE
VHM,15,2026-07-31 13:00:00,73.4,73.65,72.9,73.65,374300,DNSE
VHM,15,2026-07-31 13:15:00,73.6,73.6,73.2,73.25,219100,DNSE
VHM,15,2026-07-31 13:30:00,73.25,73.55,73.1,73.55,206200,DNSE
VHM,15,2026-07-31 13:45:00,73.55,73.55,72.8,72.85,369400,DNSE
VHM,15,2026-07-31 14:00:00,72.85,73.45,72.3,73.15,614600,DNSE
VHM,15,2026-07-31 14:15:00,73.1,73.15,72.55,72.6,365400,DNSE
VHM,15,2026-07-31 14:45:00,74.05,74.05,74.05,74.05,679800,DNSE
VHM,15,2026-08-03 09:15:00,74.35,74.45,72.6,72.65,470900,DNSE
VHM,15,2026-08-03 09:30:00,72.65,73.15,72.55,73.1,311600,DNSE
VHM,15,2026-08-03 09:45:00,73.15,73.9,73.1,73.3,307200,DNSE
VHM,15,2026-08-03 10:00:00,73.25,73.35,73.0,73.15,163000,DNSE
VHM,15,2026-08-03 10:15:00,73.15,73.35,73.1,73.25,117000,DNSE
VHM,15,2026-08-03 10:30:00,73.25,73.5,73.2,73.4,226600,DNSE
VHM,15,2026-08-03 10:45:00,73.4,73.65,73.35,73.5,140200,DNSE
VHM,15,2026-08-03 11:00:00,73.55,74.15,73.5,74.1,179700,DNSE
VHM,15,2026-08-03 11:15:00,74.1,74.35,73.95,74.05,206800,DNSE
VHM,15,2026-08-03 13:00:00,74.05,74.6,74.0,74.1,297300,DNSE
VHM,15,2026-08-03 13:15:00,74.25,74.4,74.05,74.3,239400,DNSE
VHM,15,2026-08-03 13:30:00,74.3,74.35,74.1,74.3,275200,DNSE
VHM,15,2026-08-03 13:45:00,74.3,74.6,74.25,74.6,579500,DNSE
VHM,15,2026-08-03 14:00:00,74.6,74.85,73.35,73.8,968000,DNSE
VHM,15,2026-08-03 14:15:00,73.5,74.5,73.4,74.0,484500,DNSE
VHM,15,2026-08-03 14:45:00,74.0,74.0,74.0,74.0,345900,DNSE
VHM,15,2026-08-04 09:15:00,74.1,75.1,73.4,75.05,534500,DNSE
VHM,15,2026-08-04 09:30:00,75.1,75.15,74.4,74.5,322600,DNSE
VHM,15,2026-08-04 09:45:00,74.5,75.15,74.4,75.15,338300,DNSE
VHM,15,2026-08-04 10:00:00,75.15,76.15,75.1,76.15,530300,DNSE
VHM,15,2026-08-04 10:15:00,76.15,76.55,75.85,76.0,357000,DNSE
VHM,15,2026-08-04 10:30:00,76.1,76.15,75.9,76.05,207700,DNSE
VHM,15,2026-08-04 10:45:00,76.05,76.2,75.9,75.95,205000,DNSE
VHM,15,2026-08-04 11:00:00,75.95,76.2,75.85,76.2,204100,DNSE
VHM,15,2026-08-04 11:15:00,76.15,76.45,76.15,76.2,212700,DNSE
VHM,15,2026-08-04 13:00:00,76.2,76.3,76.0,76.1,297500,DNSE
VHM,15,2026-08-04 13:15:00,76.1,76.65,76.1,76.6,771300,DNSE
VHM,15,2026-08-04 13:30:00,76.6,76.65,75.65,76.0,494000,DNSE
VHM,15,2026-08-04 13:45:00,75.9,76.25,75.85,76.2,382800,DNSE
VHM,15,2026-08-04 14:00:00,76.25,76.25,75.9,75.95,319200,DNSE
VHM,15,2026-08-04 14:15:00,75.95,76.2,75.8,76.0,456900,DNSE
VHM,15,2026-08-04 14:45:00,76.45,76.45,76.45,76.45,704700,DNSE
VHM,15,2026-08-05 09:15:00,77.1,77.15,76.55,77.0,562400,DNSE
VHM,15,2026-08-05 09:30:00,77.05,77.55,77.05,77.55,615200,DNSE
VHM,15,2026-08-05 09:45:00,77.5,78.1,77.4,78.0,688800,DNSE
VHM,15,2026-08-05 10:00:00,78.0,79.0,77.9,79.0,804800,DNSE
VHM,15,2026-08-05 10:15:00,78.95,79.4,78.9,79.1,634000,DNSE
VHM,15,2026-08-05 10:30:00,79.1,79.25,78.85,79.0,437200,DNSE
VHM,15,2026-08-05 10:45:00,78.95,79.0,78.7,78.75,286800,DNSE
VHM,15,2026-08-05 11:00:00,78.7,78.8,78.6,78.6,291200,DNSE
VHM,15,2026-08-05 11:15:00,78.7,78.7,78.15,78.55,349500,DNSE
VHM,15,2026-08-05 13:00:00,78.55,79.0,78.5,78.7,671100,DNSE
VHM,15,2026-08-05 13:15:00,78.7,78.75,78.2,78.45,531000,DNSE
VHM,15,2026-08-05 13:30:00,78.45,78.5,78.25,78.3,347800,DNSE
VHM,15,2026-08-05 13:45:00,78.3,78.3,77.65,78.0,704500,DNSE
VHM,15,2026-08-05 14:00:00,78.0,78.0,77.55,77.65,760900,DNSE
VHM,15,2026-08-05 14:15:00,77.7,77.7,76.8,76.8,1686000,DNSE
VHM,15,2026-08-05 14:45:00,76.5,76.5,76.5,76.5,1309900,DNSE
VHM,15,2026-08-06 09:15:00,81.7,81.7,79.0,79.9,6889900,DNSE
VHM,15,2026-08-06 09:30:00,80.0,80.0,79.0,79.9,1245500,DNSE
VHM,15,2026-08-06 09:45:00,79.8,79.9,79.3,79.3,533600,DNSE
VHM,15,2026-08-06 10:00:00,79.3,80.0,79.3,80.0,514400,DNSE
VHM,15,2026-08-06 10:15:00,79.9,80.1,79.5,79.6,516000,DNSE
VHM,15,2026-08-06 10:30:00,79.6,79.7,79.1,79.2,423700,DNSE
VHM,15,2026-08-06 10:45:00,79.2,79.3,78.6,78.6,758800,DNSE
VHM,15,2026-08-06 11:00:00,78.6,78.7,78.2,78.5,435100,DNSE
VHM,15,2026-08-06 11:15:00,78.4,78.5,77.9,78.0,625500,DNSE
VHM,15,2026-08-06 13:00:00,78.0,79.0,77.2,78.5,1049500,DNSE
VHM,15,2026-08-06 13:15:00,78.5,78.8,77.9,78.0,370500,DNSE
VHM,15,2026-08-06 13:30:00,78.0,78.2,77.7,78.0,382800,DNSE
VHM,15,2026-08-06 13:45:00,77.9,78.0,77.3,77.7,645600,DNSE
VHM,15,2026-08-06 14:00:00,77.7,78.0,77.3,77.3,522400,DNSE
VHM,15,2026-08-06 14:15:00,77.3,78.1,76.8,78.0,1399400,DNSE
VHM,15,2026-08-06 14:45:00,77.1,77.1,77.1,77.1,495400,DNSE
VHM,15,2026-08-07 09:15:00,75.3,76.8,74.3,74.8,1083200,DNSE
VHM,15,2026-08-07 09:30:00,74.7,74.9,74.3,74.8,531100,DNSE
VHM,15,2026-08-07 09:45:00,74.9,74.9,74.3,74.6,512300,DNSE
VHM,15,2026-08-07 10:00:00,74.6,74.9,74.5,74.9,355800,DNSE
VHM,15,2026-08-07 10:15:00,74.8,75.5,74.8,75.0,341100,DNSE
VHM,15,2026-08-07 10:30:00,75.0,75.2,74.8,74.8,328300,DNSE
VHM,15,2026-08-07 10:45:00,74.9,74.9,74.5,74.5,313000,DNSE
VHM,15,2026-08-07 11:00:00,74.5,74.6,74.4,74.5,316900,DNSE
VHM,15,2026-08-07 11:15:00,74.4,74.5,74.1,74.2,507900,DNSE
VHM,15,2026-08-07 13:00:00,74.1,74.4,74.0,74.1,625800,DNSE
VHM,15,2026-08-07 13:15:00,74.1,74.4,74.1,74.4,346700,DNSE
VHM,15,2026-08-07 13:30:00,74.3,74.4,74.1,74.2,419300,DNSE
VHM,15,2026-08-07 13:45:00,74.2,74.2,73.7,73.9,899200,DNSE
VHM,15,2026-08-07 14:00:00,73.9,74.1,73.7,73.8,659800,DNSE
VHM,15,2026-08-07 14:15:00,73.8,73.9,73.5,73.8,742100,DNSE
VHM,15,2026-08-07 14:45:00,73.0,73.0,73.0,73.0,1134700,DNSE
VHM,15,2026-08-10 09:15:00,72.8,72.8,70.8,71.3,1003600,DNSE
VHM,15,2026-08-10 09:30:00,71.3,71.7,71.0,71.4,518400,DNSE
VHM,15,2026-08-10 09:45:00,71.4,72.8,71.4,72.2,544500,DNSE
VHM,15,2026-08-10 10:00:00,72.2,72.4,71.8,71.8,329800,DNSE
VHM,15,2026-08-10 10:15:00,71.9,72.0,71.7,71.7,199900,DNSE
VHM,15,2026-08-10 10:30:00,71.7,71.8,71.5,71.7,185600,DNSE
VHM,15,2026-08-10 10:45:00,71.7,71.8,71.6,71.6,162400,DNSE
VHM,15,2026-08-10 11:00:00,71.6,72.2,71.6,72.0,356100,DNSE
VHM,15,2026-08-10 11:15:00,72.0,72.6,71.9,72.3,268700,DNSE
VHM,15,2026-08-10 13:00:00,72.3,72.5,71.7,72.0,639100,DNSE
VHM,15,2026-08-10 13:15:00,72.0,72.2,71.7,71.9,367400,DNSE
VHM,15,2026-08-10 13:30:00,71.8,72.1,71.6,71.7,537400,DNSE
VHM,15,2026-08-10 13:45:00,71.8,71.8,71.4,71.7,694400,DNSE
VHM,15,2026-08-10 14:00:00,71.6,71.8,71.6,71.7,466500,DNSE
VHM,15,2026-08-10 14:15:00,71.7,71.7,71.1,71.5,1492900,DNSE
VHM,15,2026-08-10 14:45:00,71.6,71.6,71.6,71.6,500700,DNSE
VHM,15,2026-08-11 09:15:00,71.6,73.5,71.2,72.6,1394800,DNSE
VHM,15,2026-08-11 09:30:00,72.6,72.6,71.8,72.4,434100,DNSE
VHM,15,2026-08-11 09:45:00,72.4,72.7,72.0,72.1,341500,DNSE
VHM,15,2026-08-11 10:00:00,72.1,72.2,71.8,71.8,386100,DNSE
VHM,15,2026-08-11 10:15:00,71.8,71.9,71.5,71.6,578800,DNSE
VHM,15,2026-08-11 10:30:00,71.6,71.9,71.5,71.7,395800,DNSE
VHM,15,2026-08-11 10:45:00,71.8,72.1,71.6,71.9,320100,DNSE
VHM,15,2026-08-11 11:00:00,71.9,72.1,71.8,71.9,236300,DNSE
VHM,15,2026-08-11 11:15:00,71.9,72.1,71.9,72.1,218600,DNSE
VHM,15,2026-08-11 13:00:00,72.1,72.3,71.9,72.3,277600,DNSE
VHM,15,2026-08-11 13:15:00,72.2,74.0,72.1,73.8,766500,DNSE
VHM,15,2026-08-11 13:30:00,73.8,73.9,72.2,72.3,689700,DNSE
VHM,15,2026-08-11 13:45:00,72.3,72.4,71.7,71.8,783200,DNSE
VHM,15,2026-08-11 14:00:00,71.8,72.3,71.8,72.2,352400,DNSE
VHM,15,2026-08-11 14:15:00,72.1,72.3,71.9,72.1,564000,DNSE
VHM,15,2026-08-11 14:45:00,72.1,72.1,72.1,72.1,546800,DNSE
VHM,15,2026-08-12 09:15:00,72.9,73.0,72.0,73.0,220200,DNSE
VHM,15,2026-08-12 09:30:00,73.0,73.3,72.5,73.3,213300,DNSE
VHM,15,2026-08-12 09:45:00,73.3,74.5,73.2,74.4,920300,DNSE
VHM,15,2026-08-12 10:00:00,74.4,75.5,73.8,74.3,1116800,DNSE
VHM,15,2026-08-12 10:15:00,74.3,74.5,73.7,74.0,338500,DNSE
VHM,15,2026-08-12 10:30:00,74.1,74.3,73.7,73.7,301900,DNSE
VHM,15,2026-08-12 10:45:00,73.9,74.0,73.6,73.9,267000,DNSE
VHM,15,2026-08-12 11:00:00,74.0,74.0,73.5,73.9,227400,DNSE
VHM,15,2026-08-12 11:15:00,73.9,74.1,73.6,74.0,181200,DNSE
VHM,15,2026-08-12 13:00:00,74.0,74.0,73.5,73.6,468200,DNSE
VHM,15,2026-08-12 13:15:00,73.5,73.8,73.3,73.7,695200,DNSE
VHM,15,2026-08-12 13:30:00,73.7,74.1,73.6,73.7,446700,DNSE
VHM,15,2026-08-12 13:45:00,73.7,74.0,73.7,73.9,311100,DNSE
VHM,15,2026-08-12 14:00:00,73.8,73.9,73.7,73.7,222800,DNSE
VHM,15,2026-08-12 14:15:00,73.8,73.9,73.6,73.9,380700,DNSE
VHM,15,2026-08-12 14:45:00,73.8,73.8,73.8,73.8,214400,DNSE
VHM,15,2026-08-13 09:15:00,74.0,74.0,73.6,73.8,233300,DNSE
VHM,15,2026-08-13 09:30:00,73.8,73.8,73.5,73.6,204900,DNSE
VHM,15,2026-08-13 09:45:00,73.8,73.8,72.8,73.0,370200,DNSE
VHM,15,2026-08-13 10:00:00,73.1,73.3,72.9,73.0,302700,DNSE
VHM,15,2026-08-13 10:15:00,73.1,73.1,72.8,72.9,241800,DNSE
VHM,15,2026-08-13 10:30:00,72.9,73.0,72.8,73.0,249900,DNSE
VHM,15,2026-08-13 10:45:00,72.9,73.0,72.7,72.7,273100,DNSE
VHM,15,2026-08-13 11:00:00,72.7,72.9,72.6,72.8,364200,DNSE
VHM,15,2026-08-13 11:15:00,72.9,73.1,72.8,72.9,187400,DNSE
VHM,15,2026-08-13 13:00:00,73.0,73.0,72.6,72.8,489200,DNSE
VHM,15,2026-08-13 13:15:00,72.8,72.8,72.0,72.3,1082400,DNSE
VHM,15,2026-08-13 13:30:00,72.3,72.4,72.0,72.1,995000,DNSE
VHM,15,2026-08-13 13:45:00,72.0,72.4,71.8,72.2,820300,DNSE
VHM,15,2026-08-13 14:00:00,72.2,72.3,71.8,71.9,474700,DNSE
VHM,15,2026-08-13 14:15:00,72.0,72.2,71.8,71.9,696300,DNSE
VHM,15,2026-08-13 14:45:00,71.8,71.8,71.8,71.8,799800,DNSE
VHM,15,2026-08-14 09:15:00,71.8,71.8,70.6,71.0,627700,DNSE
VHM,15,2026-08-14 09:30:00,71.0,71.1,70.2,70.3,674800,DNSE
VHM,15,2026-08-14 09:45:00,70.3,70.6,69.4,70.6,1239200,DNSE
VHM,15,2026-08-14 10:00:00,70.6,70.7,69.9,70.0,412800,DNSE
VHM,15,2026-08-14 10:15:00,70.0,70.5,70.0,70.3,278500,DNSE
VHM,15,2026-08-14 10:30:00,70.3,70.3,70.1,70.2,259400,DNSE
VHM,15,2026-08-14 10:45:00,70.2,70.3,70.0,70.1,235600,DNSE
VHM,15,2026-08-14 11:00:00,70.1,70.2,69.9,69.9,431500,DNSE
VHM,15,2026-08-14 11:15:00,69.9,70.0,69.5,69.7,635700,DNSE
VHM,15,2026-08-14 13:00:00,69.6,69.7,69.2,69.4,1119300,DNSE
VHM,15,2026-08-14 13:15:00,69.4,69.6,69.3,69.5,551400,DNSE
VHM,15,2026-08-14 13:30:00,69.5,69.6,69.4,69.4,418600,DNSE
VHM,15,2026-08-14 13:45:00,69.4,69.5,68.6,69.3,1492600,DNSE
VHM,15,2026-08-14 14:00:00,69.2,69.4,68.5,68.8,1113300,DNSE
VHM,15,2026-08-14 14:15:00,68.8,69.0,68.0,68.7,1719600,DNSE
VHM,15,2026-08-14 14:45:00,68.2,68.2,68.2,68.2,921200,DNSE
VHM,15,2026-08-17 09:15:00,68.0,69.8,67.9,68.7,628800,DNSE
VHM,15,2026-08-17 09:30:00,68.7,68.8,68.0,68.7,359200,DNSE
VHM,15,2026-08-17 09:45:00,68.7,69.0,68.3,68.5,240500,DNSE
VHM,15,2026-08-17 10:00:00,68.4,68.9,68.2,68.7,162800,DNSE
VHM,15,2026-08-17 10:15:00,68.7,68.8,68.4,68.5,141400,DNSE
VHM,15,2026-08-17 10:30:00,68.5,68.6,68.4,68.4,146000,DNSE
VHM,15,2026-08-17 10:45:00,68.4,68.5,68.1,68.1,354100,DNSE
VHM,15,2026-08-17 11:00:00,68.1,68.3,67.9,67.9,396600,DNSE
VHM,15,2026-08-17 11:15:00,67.9,68.0,66.6,66.9,642600,DNSE
VHM,15,2026-08-17 13:00:00,66.9,67.9,66.7,67.1,340100,DNSE
VHM,15,2026-08-17 13:15:00,67.1,68.7,67.1,68.5,282600,DNSE
VHM,15,2026-08-17 13:30:00,68.6,68.6,68.1,68.2,188200,DNSE
VHM,15,2026-08-17 13:45:00,68.3,68.5,67.8,67.8,304100,DNSE
VHM,15,2026-08-17 14:00:00,67.8,68.3,67.6,68.2,262300,DNSE
VHM,15,2026-08-17 14:15:00,68.2,68.2,67.6,68.0,311400,DNSE
VHM,15,2026-08-17 14:45:00,68.2,68.2,68.2,68.2,203600,DNSE
VHM,15,2026-08-18 09:15:00,68.5,69.0,68.3,68.9,431700,DNSE
VHM,15,2026-08-18 09:30:00,68.8,68.9,68.6,68.8,154800,DNSE
VHM,15,2026-08-18 09:45:00,68.9,69.6,68.8,69.2,410800,DNSE
VHM,15,2026-08-18 10:00:00,69.2,69.5,69.2,69.4,228100,DNSE
VHM,15,2026-08-18 10:15:00,69.4,70.6,69.4,69.8,695500,DNSE
VHM,15,2026-08-18 10:30:00,69.8,70.0,69.3,69.4,190000,DNSE
VHM,15,2026-08-18 10:45:00,69.4,69.9,69.3,69.8,94200,DNSE
VHM,15,2026-08-18 11:00:00,69.7,69.9,69.5,69.6,76400,DNSE
VHM,15,2026-08-18 11:15:00,69.7,69.7,69.1,69.1,167200,DNSE
VHM,15,2026-08-18 13:00:00,69.2,69.3,68.9,69.0,345800,DNSE
VHM,15,2026-08-18 13:15:00,69.0,69.3,68.9,69.3,278600,DNSE
VHM,15,2026-08-18 13:30:00,69.3,69.5,69.0,69.1,304700,DNSE
VHM,15,2026-08-18 13:45:00,69.1,69.2,68.7,68.8,441800,DNSE
VHM,15,2026-08-18 14:00:00,68.8,69.1,68.7,68.8,280200,DNSE
VHM,15,2026-08-18 14:15:00,68.8,69.2,68.7,69.2,460100,DNSE
VHM,15,2026-08-18 14:45:00,69.2,69.2,69.2,69.2,256400,DNSE
VHM,15,2026-08-19 09:15:00,69.4,69.8,68.8,69.3,288900,DNSE
VHM,15,2026-08-19 09:30:00,69.3,69.4,69.1,69.2,79000,DNSE
VHM,15,2026-08-19 09:45:00,69.3,69.5,69.2,69.3,128000,DNSE
VHM,15,2026-08-19 10:00:00,69.3,69.4,69.3,69.3,111800,DNSE
VHM,15,2026-08-19 10:15:00,69.4,69.5,69.3,69.4,134700,DNSE
VHM,15,2026-08-19 10:30:00,69.3,69.4,69.2,69.2,110500,DNSE
VHM,15,2026-08-19 10:45:00,69.2,69.2,68.9,68.9,115100,DNSE
VHM,15,2026-08-19 11:00:00,68.9,69.0,68.9,68.9,97500,DNSE
VHM,15,2026-08-19 11:15:00,68.9,69.1,68.8,68.9,241100,DNSE
VHM,15,2026-08-19 13:00:00,68.9,69.2,68.8,69.2,174300,DNSE
VHM,15,2026-08-19 13:15:00,69.2,69.3,68.9,69.0,231700,DNSE
VHM,15,2026-08-19 13:30:00,69.0,69.0,68.8,68.9,129100,DNSE
VHM,15,2026-08-19 13:45:00,68.9,68.9,68.7,68.8,193900,DNSE
VHM,15,2026-08-19 14:00:00,68.7,69.0,68.6,69.0,166500,DNSE
VHM,15,2026-08-19 14:15:00,69.0,69.3,68.8,69.2,263600,DNSE
VHM,15,2026-08-19 14:45:00,69.1,69.1,69.1,69.1,147900,DNSE
VHM,15,2026-08-20 09:15:00,69.6,70.1,69.4,69.9,199000,DNSE
VHM,15,2026-08-20 09:30:00,69.9,70.5,69.8,70.4,597800,DNSE
VHM,15,2026-08-20 09:45:00,70.4,70.4,69.6,69.6,358800,DNSE
VHM,15,2026-08-20 10:00:00,69.8,69.9,69.2,69.9,269800,DNSE
VHM,15,2026-08-20 10:15:00,69.8,69.9,69.5,69.9,161500,DNSE
VHM,15,2026-08-20 10:30:00,69.8,70.0,69.8,69.9,324600,DNSE
VHM,15,2026-08-20 10:45:00,70.0,70.0,69.7,69.9,98800,DNSE
VHM,15,2026-08-20 11:00:00,69.9,69.9,69.5,69.6,122100,DNSE
VHM,15,2026-08-20 11:15:00,69.6,69.9,69.3,69.7,123300,DNSE
VHM,15,2026-08-20 13:00:00,69.7,69.8,69.4,69.5,114700,DNSE
VHM,15,2026-08-20 13:15:00,69.5,69.6,69.3,69.6,144400,DNSE
VHM,15,2026-08-20 13:30:00,69.5,70.1,69.5,69.8,478600,DNSE
VHM,15,2026-08-20 13:45:00,69.8,69.9,69.6,69.9,252300,DNSE
VHM,15,2026-08-20 14:00:00,69.9,70.1,69.5,69.8,575400,DNSE
VHM,15,2026-08-20 14:15:00,69.5,69.8,69.1,69.7,713000,DNSE
VHM,15,2026-08-20 14:45:00,69.5,69.5,69.5,69.5,92000,DNSE
VHM,15,2026-08-21 09:15:00,69.5,69.7,68.9,69.0,251500,DNSE
VHM,15,2026-08-21 09:30:00,69.0,69.4,69.0,69.2,95400,DNSE
VHM,15,2026-08-21 09:45:00,69.3,69.4,69.1,69.3,80400,DNSE
VHM,15,2026-08-21 10:00:00,69.3,69.8,69.3,69.5,117200,DNSE
VHM,15,2026-08-21 10:15:00,69.5,69.7,69.5,69.6,56300,DNSE
VHM,15,2026-08-21 10:30:00,69.6,69.7,69.5,69.7,50000,DNSE
VHM,15,2026-08-21 10:45:00,69.7,70.0,69.6,69.9,148200,DNSE
VHM,15,2026-08-21 11:00:00,70.0,70.0,69.7,70.0,182600,DNSE
VHM,15,2026-08-21 11:15:00,70.0,70.1,69.9,70.0,256900,DNSE
VHM,15,2026-08-21 13:00:00,70.0,71.0,69.9,70.8,700500,DNSE
VHM,15,2026-08-21 13:15:00,70.7,71.0,70.4,70.9,404100,DNSE
VHM,15,2026-08-21 13:30:00,70.9,71.5,70.8,71.2,656600,DNSE
VHM,15,2026-08-21 13:45:00,71.2,71.5,71.2,71.4,472300,DNSE
VHM,15,2026-08-21 14:00:00,71.5,71.5,71.0,71.2,398600,DNSE
VHM,15,2026-08-21 14:15:00,71.2,71.9,71.1,71.7,838200,DNSE
VHM,15,2026-08-21 14:45:00,71.7,71.7,71.7,71.7,392000,DNSE
VHM,15,2026-08-24 09:15:00,72.9,73.5,72.5,72.7,831900,DNSE
VHM,15,2026-08-24 09:30:00,72.8,72.8,72.4,72.7,340600,DNSE
VHM,15,2026-08-24 09:45:00,72.7,72.8,72.5,72.5,221100,DNSE
VHM,15,2026-08-24 10:00:00,72.5,73.0,72.5,72.8,396800,DNSE
VHM,15,2026-08-24 10:15:00,72.9,73.0,72.8,72.9,278000,DNSE
VHM,15,2026-08-24 10:30:00,72.9,73.0,72.6,72.7,249200,DNSE
VHM,15,2026-08-24 10:45:00,72.7,72.8,72.6,72.6,103900,DNSE
VHM,15,2026-08-24 11:00:00,72.7,72.7,72.5,72.6,227900,DNSE
VHM,15,2026-08-24 11:15:00,72.7,72.8,72.6,72.7,119100,DNSE
VHM,15,2026-08-24 13:00:00,72.8,72.9,72.6,72.7,419100,DNSE
VHM,15,2026-08-24 13:15:00,72.8,72.8,72.7,72.8,315900,DNSE
VHM,15,2026-08-24 13:30:00,72.7,72.8,72.6,72.7,360300,DNSE
VHM,15,2026-08-24 13:45:00,72.8,72.8,72.6,72.8,258800,DNSE
VHM,15,2026-08-24 14:00:00,72.7,73.2,72.6,73.2,713000,DNSE
VHM,15,2026-08-24 14:15:00,73.2,73.3,72.9,72.9,703100,DNSE
VHM,15,2026-08-24 14:45:00,73.4,73.4,73.4,73.4,585800,DNSE
VHM,15,2026-08-25 09:15:00,73.5,74.4,72.8,74.4,758100,DNSE
VHM,15,2026-08-25 09:30:00,74.4,74.5,73.8,74.0,489000,DNSE
VHM,15,2026-08-25 09:45:00,74.0,74.0,73.4,73.6,551000,DNSE
VHM,15,2026-08-25 10:00:00,73.7,73.8,73.4,73.8,315700,DNSE
VHM,15,2026-08-25 10:15:00,73.8,74.4,73.7,74.1,852100,DNSE
VHM,15,2026-08-25 10:30:00,74.2,74.5,74.0,74.3,637100,DNSE
VHM,15,2026-08-25 10:45:00,74.3,75.2,74.2,75.1,1521800,DNSE
VHM,15,2026-08-25 11:00:00,75.2,75.2,74.4,74.8,368600,DNSE
VHM,15,2026-08-25 11:15:00,74.7,75.0,74.7,74.9,443100,DNSE
VHM,15,2026-08-25 13:00:00,74.9,75.1,74.4,74.4,822200,DNSE
VHM,15,2026-08-25 13:15:00,74.5,74.6,74.0,74.4,535700,DNSE
VHM,15,2026-08-25 13:30:00,74.4,74.6,74.3,74.3,371000,DNSE
VHM,15,2026-08-25 13:45:00,74.3,74.4,73.8,73.8,464700,DNSE
VHM,15,2026-08-25 14:00:00,73.9,74.1,73.6,73.8,419600,DNSE
VHM,15,2026-08-25 14:15:00,73.8,74.0,73.7,73.8,387000,DNSE
VHM,15,2026-08-25 14:45:00,73.6,73.6,73.6,73.6,315900,DNSE
VHM,15,2026-08-26 09:15:00,73.3,73.8,72.9,72.9,350600,DNSE
VHM,15,2026-08-26 09:30:00,72.9,73.6,72.8,73.1,364500,DNSE
VHM,15,2026-08-26 09:45:00,73.1,73.4,73.1,73.4,123300,DNSE
VHM,15,2026-08-26 10:00:00,73.4,73.4,72.7,72.7,380800,DNSE
VHM,15,2026-08-26 10:15:00,72.8,72.8,72.2,72.2,614200,DNSE
VHM,15,2026-08-26 10:30:00,72.2,72.5,72.1,72.4,359300,DNSE
VHM,15,2026-08-26 10:45:00,72.4,72.5,72.3,72.4,153800,DNSE
VHM,15,2026-08-26 11:00:00,72.4,72.7,72.3,72.7,170300,DNSE
VHM,15,2026-08-26 11:15:00,72.7,72.7,72.5,72.6,124000,DNSE
VHM,15,2026-08-26 13:00:00,72.7,73.1,72.6,73.0,352000,DNSE
VHM,15,2026-08-26 13:15:00,73.1,73.1,72.9,73.0,212500,DNSE
VHM,15,2026-08-26 13:30:00,73.0,73.1,72.9,73.0,286000,DNSE
VHM,15,2026-08-26 13:45:00,73.0,73.1,72.9,73.0,406200,DNSE
VHM,15,2026-08-26 14:00:00,73.0,73.0,72.7,72.8,347300,DNSE
VHM,15,2026-08-26 14:15:00,72.8,73.1,72.7,73.0,617200,DNSE
VHM,15,2026-08-26 14:45:00,73.6,73.6,73.6,73.6,481200,DNSE
VHM,15,2026-08-27 09:15:00,74.2,74.4,73.9,74.1,510000,DNSE
VHM,15,2026-08-27 09:30:00,74.1,75.2,74.1,74.8,1033700,DNSE
VHM,15,2026-08-27 09:45:00,74.8,74.9,74.0,74.2,365500,DNSE
VHM,15,2026-08-27 10:00:00,74.2,74.3,74.1,74.2,147600,DNSE
VHM,15,2026-08-27 10:15:00,74.1,74.3,74.0,74.0,141800,DNSE
VHM,15,2026-08-27 10:30:00,74.0,74.1,73.6,74.1,218800,DNSE
VHM,15,2026-08-27 10:45:00,74.1,74.2,74.0,74.1,90900,DNSE
VHM,15,2026-08-27 11:00:00,74.1,74.2,73.9,73.9,104200,DNSE
VHM,15,2026-08-27 11:15:00,74.0,74.2,73.9,74.1,101800,DNSE
VHM,15,2026-08-27 13:00:00,74.1,74.2,73.7,74.0,186100,DNSE
VHM,15,2026-08-27 13:15:00,74.0,74.0,73.6,73.7,408100,DNSE
VHM,15,2026-08-27 13:30:00,73.7,74.0,73.7,73.8,127600,DNSE
VHM,15,2026-08-27 13:45:00,73.8,74.0,73.7,73.8,191600,DNSE
VHM,15,2026-08-27 14:00:00,73.9,73.9,73.6,73.7,218800,DNSE
VHM,15,2026-08-27 14:15:00,73.8,74.2,73.6,74.1,489300,DNSE
VHM,15,2026-08-27 14:45:00,73.8,73.8,73.8,73.8,259700,DNSE
VHM,15,2026-08-28 09:15:00,74.0,74.0,73.0,73.6,282900,DNSE
VHM,15,2026-08-28 09:30:00,73.6,73.6,73.2,73.2,141300,DNSE
VHM,15,2026-08-28 09:45:00,73.2,73.3,72.9,73.0,393800,DNSE
VHM,15,2026-08-28 10:00:00,73.0,73.7,73.0,73.1,208200,DNSE
VHM,15,2026-08-28 10:15:00,73.1,73.4,73.1,73.3,59400,DNSE
VHM,15,2026-08-28 10:30:00,73.2,73.4,73.2,73.2,63700,DNSE
VHM,15,2026-08-28 10:45:00,73.2,73.4,73.2,73.3,122300,DNSE
VHM,15,2026-08-28 11:00:00,73.4,73.4,73.1,73.1,123800,DNSE
VHM,15,2026-08-28 11:15:00,73.2,73.3,73.0,73.1,349600,DNSE
VHM,15,2026-08-28 13:00:00,73.1,73.4,73.0,73.3,176100,DNSE
VHM,15,2026-08-28 13:15:00,73.4,73.8,73.2,73.7,264500,DNSE
VHM,15,2026-08-28 13:30:00,73.6,73.9,73.6,73.8,321900,DNSE
VHM,15,2026-08-28 13:45:00,73.7,73.8,73.5,73.7,272300,DNSE
VHM,15,2026-08-28 14:00:00,73.6,73.8,73.6,73.6,253900,DNSE
VHM,15,2026-08-28 14:15:00,73.7,73.7,73.1,73.3,577100,DNSE
VHM,15,2026-08-28 14:45:00,73.0,73.0,73.0,73.0,954800,DNSE
VHM,15,2026-09-03 09:15:00,72.5,73.5,71.6,72.9,780200,DNSE
VHM,15,2026-09-03 09:30:00,72.9,72.9,72.4,72.5,210200,DNSE
VHM,15,2026-09-03 09:45:00,72.4,72.6,72.3,72.5,153400,DNSE
VHM,15,2026-09-03 10:00:00,72.5,72.8,72.4,72.4,215800,DNSE
VHM,15,2026-09-03 10:15:00,72.5,72.5,72.2,72.5,219000,DNSE
VHM,15,2026-09-03 10:30:00,72.5,72.7,72.3,72.7,165500,DNSE
VHM,15,2026-09-03 10:45:00,72.7,73.0,72.6,72.7,163300,DNSE
VHM,15,2026-09-03 11:00:00,72.8,73.0,72.6,72.8,166800,DNSE
VHM,15,2026-09-03 11:15:00,72.7,73.0,72.7,72.8,158100,DNSE
VHM,15,2026-09-03 13:00:00,72.9,73.5,72.7,73.2,295700,DNSE
VHM,15,2026-09-03 13:15:00,73.1,73.2,72.6,72.8,225000,DNSE
VHM,15,2026-09-03 13:30:00,72.8,73.0,72.7,72.8,210500,DNSE
VHM,15,2026-09-03 13:45:00,72.8,73.4,72.7,73.1,575700,DNSE
VHM,15,2026-09-03 14:00:00,73.1,73.2,72.7,72.8,273600,DNSE
VHM,15,2026-09-03 14:15:00,72.7,73.4,72.7,73.2,1004000,DNSE
VHM,15,2026-09-03 14:45:00,73.4,73.4,73.4,73.4,490900,DNSE
VHM,15,2026-09-04 09:15:00,73.1,75.4,73.1,75.3,1517500,DNSE
VHM,15,2026-09-04 09:30:00,75.3,75.8,74.8,75.3,1962200,DNSE
VHM,15,2026-09-04 09:45:00,75.3,77.0,75.3,76.0,2638000,DNSE
VHM,15,2026-09-04 10:00:00,76.0,76.0,75.5,75.7,531400,DNSE
VHM,15,2026-09-04 10:15:00,75.6,75.7,75.5,75.6,395600,DNSE
VHM,15,2026-09-04 10:30:00,75.6,75.7,75.1,75.2,476500,DNSE
VHM,15,2026-09-04 10:45:00,75.2,75.6,75.1,75.6,384300,DNSE
VHM,15,2026-09-04 11:00:00,75.5,75.6,75.0,75.1,307400,DNSE
VHM,15,2026-09-04 11:15:00,75.0,75.6,75.0,75.5,273200,DNSE
VHM,15,2026-09-04 13:00:00,75.5,75.7,75.3,75.3,973900,DNSE
VHM,15,2026-09-04 13:15:00,75.4,75.4,75.1,75.1,603400,DNSE
VHM,15,2026-09-04 13:30:00,75.1,75.2,74.9,74.9,658300,DNSE
VHM,15,2026-09-04 13:45:00,74.9,75.1,74.6,74.7,852200,DNSE
VHM,15,2026-09-04 14:00:00,74.7,75.2,74.6,75.1,573800,DNSE
VHM,15,2026-09-04 14:15:00,75.1,75.3,75.0,75.1,1058900,DNSE
VHM,15,2026-09-04 14:45:00,75.2,75.2,75.2,75.2,873000,DNSE
VHM,15,2026-09-07 09:15:00,76.4,77.4,76.2,77.2,1906100,DNSE
VHM,15,2026-09-07 09:30:00,77.2,79.5,77.0,78.4,2594200,DNSE
VHM,15,2026-09-07 09:45:00,78.5,78.5,77.5,78.1,624600,DNSE
VHM,15,2026-09-07 10:00:00,78.1,78.2,77.7,77.8,357600,DNSE
VHM,15,2026-09-07 10:15:00,77.7,77.8,77.6,77.7,244200,DNSE
VHM,15,2026-09-07 10:30:00,77.7,77.8,77.4,77.4,601600,DNSE
VHM,15,2026-09-07 10:45:00,77.4,77.6,76.6,76.8,606800,DNSE
VHM,15,2026-09-07 11:00:00,76.8,77.0,76.6,76.8,189900,DNSE
VHM,15,2026-09-07 11:15:00,76.7,76.8,75.8,75.8,447900,DNSE
VHM,15,2026-09-07 13:00:00,75.8,77.2,75.7,77.1,809900,DNSE
VHM,15,2026-09-07 13:15:00,77.1,77.1,76.5,76.6,402300,DNSE
VHM,15,2026-09-07 13:30:00,76.6,76.7,76.4,76.5,322700,DNSE
VHM,15,2026-09-07 13:45:00,76.5,76.7,76.4,76.4,434100,DNSE
VHM,15,2026-09-07 14:00:00,76.4,76.5,75.8,75.8,586600,DNSE
VHM,15,2026-09-07 14:15:00,75.8,76.1,75.6,75.7,716500,DNSE
VHM,15,2026-09-07 14:45:00,74.5,74.5,74.5,74.5,896100,DNSE
VHM,15,2026-09-08 09:15:00,74.5,75.5,73.7,73.8,558300,DNSE
VHM,15,2026-09-08 09:30:00,73.8,74.8,73.6,74.3,513400,DNSE
VHM,15,2026-09-08 09:45:00,74.3,74.3,73.8,74.0,339400,DNSE
VHM,15,2026-09-08 10:00:00,73.9,74.1,73.7,73.8,290200,DNSE
VHM,15,2026-09-08 10:15:00,73.7,73.9,73.7,73.7,200500,DNSE
VHM,15,2026-09-08 10:30:00,73.8,74.0,73.7,73.8,175400,DNSE
VHM,15,2026-09-08 10:45:00,74.0,74.0,73.8,73.9,224000,DNSE
VHM,15,2026-09-08 11:00:00,73.9,73.9,73.7,73.8,205900,DNSE
VHM,15,2026-09-08 11:15:00,73.8,73.8,72.9,73.6,783800,DNSE
VHM,15,2026-09-08 13:00:00,73.6,74.0,73.0,73.8,568800,DNSE
VHM,15,2026-09-08 13:15:00,73.8,73.9,73.4,73.7,428400,DNSE
VHM,15,2026-09-08 13:30:00,73.7,74.1,73.7,73.9,459200,DNSE
VHM,15,2026-09-08 13:45:00,73.9,74.0,73.7,73.8,397000,DNSE
VHM,15,2026-09-08 14:00:00,73.7,74.0,73.7,73.8,381300,DNSE
VHM,15,2026-09-08 14:15:00,73.8,73.8,73.5,73.7,849500,DNSE
VHM,15,2026-09-08 14:45:00,73.6,73.6,73.6,73.6,452600,DNSE
VHM,15,2026-09-09 09:15:00,73.2,73.3,72.1,72.7,2550800,DNSE
VHM,15,2026-09-09 09:30:00,72.7,74.3,72.6,73.8,918300,DNSE
VHM,15,2026-09-09 09:45:00,73.8,74.5,73.6,73.8,1030000,DNSE
VHM,15,2026-09-09 10:00:00,73.8,74.4,73.7,73.9,528300,DNSE
VHM,15,2026-09-09 10:15:00,73.9,74.0,73.6,73.7,440400,DNSE
VHM,15,2026-09-09 10:30:00,73.7,73.7,73.2,73.3,509500,DNSE
VHM,15,2026-09-09 10:45:00,73.3,73.4,73.3,73.3,293800,DNSE
VHM,15,2026-09-09 11:00:00,73.3,73.6,73.2,73.4,270800,DNSE
VHM,15,2026-09-09 11:15:00,73.3,73.4,72.8,73.1,607700,DNSE
VHM,15,2026-09-09 13:00:00,73.1,73.2,72.9,73.1,674900,DNSE
VHM,15,2026-09-09 13:15:00,73.1,73.4,73.0,73.3,580300,DNSE
VHM,15,2026-09-09 13:30:00,73.3,73.4,73.0,73.0,441300,DNSE
VHM,15,2026-09-09 13:45:00,73.1,73.1,72.6,72.9,1173700,DNSE
VHM,15,2026-09-09 14:00:00,72.9,72.9,72.4,72.4,1353100,DNSE
VHM,15,2026-09-09 14:15:00,72.4,72.7,72.2,72.3,1472500,DNSE
VHM,15,2026-09-09 14:45:00,72.1,72.1,72.1,72.1,1106900,DNSE
VHM,15,2026-09-10 09:15:00,71.8,71.8,70.9,71.6,1258500,DNSE
VHM,15,2026-09-10 09:30:00,71.6,71.6,71.1,71.3,676400,DNSE
VHM,15,2026-09-10 09:45:00,71.4,71.4,70.2,71.0,1656200,DNSE
VHM,15,2026-09-10 10:00:00,71.1,71.2,70.7,70.8,438900,DNSE
VHM,15,2026-09-10 10:15:00,70.8,70.9,70.5,70.7,603800,DNSE
VHM,15,2026-09-10 10:30:00,70.7,70.7,70.0,70.1,1154200,DNSE
VHM,15,2026-09-10 10:45:00,70.1,70.3,69.8,70.2,1897600,DNSE
VHM,15,2026-09-10 11:00:00,70.1,70.2,70.0,70.2,414500,DNSE
VHM,15,2026-09-10 11:15:00,70.2,71.1,69.5,71.1,1555900,DNSE
VHM,15,2026-09-10 13:00:00,71.1,71.6,70.9,71.2,685300,DNSE
VHM,15,2026-09-10 13:15:00,71.2,71.4,70.8,71.3,482100,DNSE
VHM,15,2026-09-10 13:30:00,71.3,72.4,71.3,72.2,816100,DNSE
VHM,15,2026-09-10 13:45:00,72.2,72.8,72.1,72.7,1049400,DNSE
VHM,15,2026-09-10 14:00:00,72.7,73.9,72.6,73.8,1455000,DNSE
VHM,15,2026-09-10 14:15:00,73.7,74.2,73.4,73.7,1462300,DNSE
VHM,15,2026-09-10 14:45:00,73.1,73.1,73.1,73.1,468000,DNSE
VHM,15,2026-09-11 09:15:00,72.6,73.0,72.5,72.8,422700,DNSE
VHM,15,2026-09-11 09:30:00,72.8,73.2,72.8,72.8,450300,DNSE
VHM,15,2026-09-11 09:45:00,72.9,72.9,72.0,72.1,444300,DNSE
VHM,15,2026-09-11 10:00:00,72.0,72.1,71.7,72.0,432800,DNSE
VHM,15,2026-09-11 10:15:00,72.0,72.4,71.9,72.4,228600,DNSE
VHM,15,2026-09-11 10:30:00,72.4,72.7,72.3,72.4,201600,DNSE
VHM,15,2026-09-11 10:45:00,72.4,72.6,72.4,72.5,129600,DNSE
VHM,15,2026-09-11 11:00:00,72.5,72.6,72.3,72.5,143900,DNSE
VHM,15,2026-09-11 11:15:00,72.6,72.7,72.4,72.4,184800,DNSE
VHM,15,2026-09-11 13:00:00,72.4,72.5,72.2,72.3,326700,DNSE
VHM,15,2026-09-11 13:15:00,72.3,72.9,72.3,72.7,361400,DNSE
VHM,15,2026-09-11 13:30:00,72.7,72.8,72.3,72.5,550600,DNSE
VHM,15,2026-09-11 13:45:00,72.5,72.8,72.5,72.7,353500,DNSE
VHM,15,2026-09-11 14:00:00,72.6,72.7,72.2,72.3,795500,DNSE
VHM,15,2026-09-11 14:15:00,72.3,72.3,72.0,72.1,918400,DNSE
VHM,15,2026-09-11 14:45:00,72.0,72.0,72.0,72.0,756100,DNSE
VHM,15,2026-09-14 09:15:00,71.0,72.1,71.0,72.1,460500,DNSE
VHM,15,2026-09-14 09:30:00,72.0,72.3,71.8,71.9,302200,DNSE
VHM,15,2026-09-14 09:45:00,71.8,72.0,71.6,71.6,502400,DNSE
VHM,15,2026-09-14 10:00:00,71.6,71.8,71.3,71.4,476400,DNSE
VHM,15,2026-09-14 10:15:00,71.4,73.2,71.2,72.3,977900,DNSE
VHM,15,2026-09-14 10:30:00,72.3,73.2,72.3,73.2,562100,DNSE
VHM,15,2026-09-14 10:45:00,73.2,73.9,73.0,73.1,670500,DNSE
VHM,15,2026-09-14 11:00:00,73.0,73.2,72.8,72.9,216000,DNSE
VHM,15,2026-09-14 11:15:00,73.0,73.2,72.8,72.8,134700,DNSE
VHM,15,2026-09-14 13:00:00,72.8,72.9,72.2,72.4,539200,DNSE
VHM,15,2026-09-14 13:15:00,72.3,72.4,71.8,72.1,818000,DNSE
VHM,15,2026-09-14 13:30:00,72.1,72.2,71.5,71.6,781800,DNSE
VHM,15,2026-09-14 13:45:00,71.6,72.0,71.0,71.9,1277500,DNSE
VHM,15,2026-09-14 14:00:00,71.9,72.3,71.6,71.9,548400,DNSE
VHM,15,2026-09-14 14:15:00,72.0,72.6,71.9,72.2,1148000,DNSE
VHM,15,2026-09-14 14:45:00,71.7,71.7,71.7,71.7,700600,DNSE
VHM,15,2026-09-15 09:15:00,72.1,72.8,72.1,72.3,573400,DNSE
VHM,15,2026-09-15 09:30:00,72.3,72.3,71.1,71.6,546300,DNSE
VHM,15,2026-09-15 09:45:00,71.6,72.1,71.6,71.8,193900,DNSE
VHM,15,2026-09-15 10:00:00,71.7,72.0,71.7,71.9,151800,DNSE
VHM,15,2026-09-15 10:15:00,71.8,71.9,71.7,71.9,190300,DNSE
VHM,15,2026-09-15 10:30:00,71.9,71.9,71.6,71.7,443500,DNSE
VHM,15,2026-09-15 10:45:00,71.7,71.7,71.4,71.5,292400,DNSE
VHM,15,2026-09-15 11:00:00,71.5,71.8,71.4,71.8,180300,DNSE
VHM,15,2026-09-15 11:15:00,71.8,71.8,71.5,71.6,203300,DNSE
VHM,15,2026-09-15 13:00:00,71.6,71.7,71.4,71.5,530100,DNSE
VHM,15,2026-09-15 13:15:00,71.5,71.6,71.3,71.6,496400,DNSE
VHM,15,2026-09-15 13:30:00,71.6,71.6,71.4,71.5,372500,DNSE
VHM,15,2026-09-15 13:45:00,71.5,71.6,71.3,71.6,844900,DNSE
VHM,15,2026-09-15 14:00:00,71.6,71.7,71.4,71.7,529900,DNSE
VHM,15,2026-09-15 14:15:00,71.7,71.9,71.5,71.8,837900,DNSE
VHM,15,2026-09-15 14:45:00,71.4,71.4,71.4,71.4,1530500,DNSE
VHM,15,2026-09-16 09:15:00,71.2,71.7,71.1,71.5,569500,DNSE
VHM,15,2026-09-16 09:30:00,71.5,72.0,71.4,71.7,502800,DNSE
VHM,15,2026-09-16 09:45:00,71.6,71.7,71.3,71.3,265700,DNSE
VHM,15,2026-09-16 10:00:00,71.3,71.5,71.2,71.3,356700,DNSE
VHM,15,2026-09-16 10:15:00,71.3,71.5,71.2,71.4,263200,DNSE
VHM,15,2026-09-16 10:30:00,71.4,71.5,71.3,71.5,216900,DNSE
VHM,15,2026-09-16 10:45:00,71.4,71.9,71.4,71.7,300600,DNSE
VHM,15,2026-09-16 11:00:00,71.7,71.8,71.5,71.6,188500,DNSE
VHM,15,2026-09-16 11:15:00,71.6,71.6,71.4,71.5,106200,DNSE
VHM,15,2026-09-16 13:00:00,71.5,71.6,71.3,71.4,260200,DNSE
VHM,15,2026-09-16 13:15:00,71.4,71.5,71.2,71.4,327900,DNSE
VHM,15,2026-09-16 13:30:00,71.4,71.5,71.2,71.3,238200,DNSE
VHM,15,2026-09-16 13:45:00,71.3,71.4,71.1,71.3,416000,DNSE
VHM,15,2026-09-16 14:00:00,71.2,71.4,71.2,71.3,394200,DNSE
VHM,15,2026-09-16 14:15:00,71.2,71.7,71.2,71.4,645600,DNSE
VHM,15,2026-09-16 14:45:00,71.0,71.0,71.0,71.0,1969700,DNSE
VHM,15,2026-09-17 09:15:00,70.5,71.4,70.5,71.3,542000,DNSE
VHM,15,2026-09-17 09:30:00,71.3,71.3,70.7,70.8,300300,DNSE
VHM,15,2026-09-17 09:45:00,70.8,71.3,70.7,71.1,339700,DNSE
VHM,15,2026-09-17 10:00:00,71.0,71.2,70.8,71.2,325800,DNSE
VHM,15,2026-09-17 10:15:00,71.1,71.7,71.0,71.6,433400,DNSE
VHM,15,2026-09-17 10:30:00,71.5,71.7,71.2,71.3,283700,DNSE
VHM,15,2026-09-17 10:45:00,71.4,71.5,71.3,71.5,167300,DNSE
VHM,15,2026-09-17 11:00:00,71.5,71.7,71.4,71.6,212400,DNSE
VHM,15,2026-09-17 11:15:00,71.6,71.6,71.4,71.5,167500,DNSE
VHM,15,2026-09-17 13:00:00,71.5,71.7,71.4,71.4,373600,DNSE
VHM,15,2026-09-17 13:15:00,71.5,71.5,71.1,71.2,404700,DNSE
VHM,15,2026-09-17 13:30:00,71.1,73.0,71.0,72.6,1369400,DNSE
VHM,15,2026-09-17 13:45:00,72.6,72.7,71.7,71.8,523000,DNSE
VHM,15,2026-09-17 14:00:00,71.8,72.0,71.4,71.7,446200,DNSE
VHM,15,2026-09-17 14:15:00,71.7,71.9,71.5,71.7,820900,DNSE
VHM,15,2026-09-17 14:45:00,71.3,71.3,71.3,71.3,1477500,DNSE
VHM,15,2026-09-18 09:15:00,72.2,72.9,72.1,72.6,601000,DNSE
VHM,15,2026-09-18 09:30:00,72.7,72.9,72.6,72.6,349800,DNSE
VHM,15,2026-09-18 09:45:00,72.6,72.8,72.5,72.7,343300,DNSE
VHM,15,2026-09-18 10:00:00,72.7,72.7,72.5,72.6,285400,DNSE
VHM,15,2026-09-18 10:15:00,72.6,72.7,72.5,72.6,328400,DNSE
VHM,15,2026-09-18 10:30:00,72.6,72.6,72.2,72.3,318300,DNSE
VHM,15,2026-09-18 10:45:00,72.3,72.6,72.3,72.3,209400,DNSE
VHM,15,2026-09-18 11:00:00,72.3,72.4,72.1,72.3,363600,DNSE
VHM,15,2026-09-18 11:15:00,72.3,72.8,72.3,72.6,250500,DNSE
VHM,15,2026-09-18 13:00:00,72.6,72.7,72.4,72.5,406600,DNSE
VHM,15,2026-09-18 13:15:00,72.4,72.5,72.3,72.4,311300,DNSE
VHM,15,2026-09-18 13:30:00,72.4,72.4,72.2,72.3,396700,DNSE
VHM,15,2026-09-18 13:45:00,72.3,72.3,71.8,71.9,1114300,DNSE
VHM,15,2026-09-18 14:00:00,72.0,72.0,71.5,71.7,977900,DNSE
VHM,15,2026-09-18 14:15:00,71.7,71.9,71.5,71.9,1252100,DNSE
VHM,15,2026-09-18 14:45:00,71.0,71.0,71.0,71.0,11266000,DNSE
VHM,15,2026-09-21 09:15:00,71.7,72.0,71.0,71.1,701400,DNSE
VHM,15,2026-09-21 09:30:00,71.1,71.3,71.0,71.2,409400,DNSE
VHM,15,2026-09-21 09:45:00,71.2,71.2,70.4,70.6,970500,DNSE
VHM,15,2026-09-21 10:00:00,70.5,70.6,70.2,70.4,678100,DNSE
VHM,15,2026-09-21 10:15:00,70.5,70.7,70.3,70.4,428400,DNSE
VHM,15,2026-09-21 10:30:00,70.3,70.5,70.3,70.4,284100,DNSE
VHM,15,2026-09-21 10:45:00,70.3,70.5,70.2,70.2,378700,DNSE
VHM,15,2026-09-21 11:00:00,70.2,70.3,69.5,69.7,1486700,DNSE
VHM,15,2026-09-21 11:15:00,69.8,70.0,69.6,69.9,390000,DNSE
VHM,15,2026-09-21 13:00:00,70.0,70.0,69.7,69.7,759100,DNSE
VHM,15,2026-09-21 13:15:00,69.8,69.8,69.0,69.5,1368200,DNSE
VHM,15,2026-09-21 13:30:00,69.4,69.5,69.1,69.4,768800,DNSE
VHM,15,2026-09-21 13:45:00,69.4,69.4,68.3,68.7,2250900,DNSE
VHM,15,2026-09-21 14:00:00,68.7,68.9,68.3,68.6,1558900,DNSE
VHM,15,2026-09-21 14:15:00,68.6,69.1,67.6,68.9,3075700,DNSE
VHM,15,2026-09-21 14:45:00,68.1,68.1,68.1,68.1,1700900,DNSE
VNM,15,2026-07-23 09:15:00,59.1,59.1,58.4,58.4,148200,DNSE
VNM,15,2026-07-23 09:30:00,58.4,58.6,58.0,58.2,238700,DNSE
VNM,15,2026-07-23 09:45:00,58.2,58.4,57.8,58.0,284100,DNSE
VNM,15,2026-07-23 10:00:00,58.0,58.3,57.9,57.9,217600,DNSE
VNM,15,2026-07-23 10:15:00,57.9,58.1,57.8,57.9,171900,DNSE
VNM,15,2026-07-23 10:30:00,57.9,57.9,57.2,57.5,350000,DNSE
VNM,15,2026-07-23 10:45:00,57.5,57.7,57.2,57.4,325600,DNSE
VNM,15,2026-07-23 11:00:00,57.5,57.6,57.1,57.2,339400,DNSE
VNM,15,2026-07-23 11:15:00,57.3,57.4,56.9,57.1,432400,DNSE
VNM,15,2026-07-23 13:00:00,57.1,57.8,57.0,57.6,261400,DNSE
VNM,15,2026-07-23 13:15:00,57.6,58.0,57.6,57.9,192500,DNSE
VNM,15,2026-07-23 13:30:00,57.9,58.0,57.5,57.5,293700,DNSE
VNM,15,2026-07-23 13:45:00,57.6,58.0,57.3,57.9,314000,DNSE
VNM,15,2026-07-23 14:00:00,57.7,58.5,57.6,58.3,454200,DNSE
VNM,15,2026-07-23 14:15:00,58.3,58.4,57.8,58.0,476200,DNSE
VNM,15,2026-07-23 14:45:00,57.8,57.8,57.8,57.8,327600,DNSE
VNM,15,2026-07-24 09:15:00,58.5,59.0,58.3,58.6,637000,DNSE
VNM,15,2026-07-24 09:30:00,58.6,58.9,58.4,58.7,283700,DNSE
VNM,15,2026-07-24 09:45:00,58.7,58.8,58.5,58.6,124700,DNSE
VNM,15,2026-07-24 10:00:00,58.6,59.4,58.6,59.2,718900,DNSE
VNM,15,2026-07-24 10:15:00,59.2,59.5,58.8,59.1,506100,DNSE
VNM,15,2026-07-24 10:30:00,59.0,59.1,58.8,59.1,143400,DNSE
VNM,15,2026-07-24 10:45:00,59.1,59.1,58.8,58.9,144000,DNSE
VNM,15,2026-07-24 11:00:00,58.8,59.0,58.8,58.8,111700,DNSE
VNM,15,2026-07-24 11:15:00,58.8,59.0,58.6,58.8,141600,DNSE
VNM,15,2026-07-24 13:00:00,58.8,59.0,58.6,58.8,249200,DNSE
VNM,15,2026-07-24 13:15:00,58.8,59.0,58.8,58.9,127500,DNSE
VNM,15,2026-07-24 13:30:00,58.9,58.9,58.7,58.8,129000,DNSE
VNM,15,2026-07-24 13:45:00,58.8,58.9,58.6,58.6,115900,DNSE
VNM,15,2026-07-24 14:00:00,58.7,58.9,58.6,58.8,157000,DNSE
VNM,15,2026-07-24 14:15:00,58.7,58.9,58.7,58.8,165500,DNSE
VNM,15,2026-07-24 14:45:00,58.9,58.9,58.9,58.9,421600,DNSE
VNM,15,2026-07-27 09:15:00,59.2,59.8,59.2,59.4,474800,DNSE
VNM,15,2026-07-27 09:30:00,59.4,59.5,59.3,59.4,164300,DNSE
VNM,15,2026-07-27 09:45:00,59.4,59.5,59.3,59.3,92400,DNSE
VNM,15,2026-07-27 10:00:00,59.3,59.4,59.2,59.4,160200,DNSE
VNM,15,2026-07-27 10:15:00,59.3,59.5,59.3,59.4,165700,DNSE
VNM,15,2026-07-27 10:30:00,59.4,59.4,59.1,59.2,116100,DNSE
VNM,15,2026-07-27 10:45:00,59.1,59.2,58.7,58.8,150700,DNSE
VNM,15,2026-07-27 11:00:00,58.8,58.9,58.7,58.8,92500,DNSE
VNM,15,2026-07-27 11:15:00,58.9,58.9,58.7,58.7,82500,DNSE
VNM,15,2026-07-27 13:00:00,58.8,58.9,58.7,58.7,218500,DNSE
VNM,15,2026-07-27 13:15:00,58.7,58.7,58.4,58.7,251600,DNSE
VNM,15,2026-07-27 13:30:00,58.6,58.7,58.5,58.6,197700,DNSE
VNM,15,2026-07-27 13:45:00,58.6,58.8,58.6,58.7,280600,DNSE
VNM,15,2026-07-27 14:00:00,58.7,58.8,58.5,58.5,348100,DNSE
VNM,15,2026-07-27 14:15:00,58.5,58.7,58.4,58.4,551700,DNSE
VNM,15,2026-07-27 14:45:00,57.9,57.9,57.9,57.9,324000,DNSE
VNM,15,2026-07-28 09:15:00,57.7,58.4,57.7,58.4,428700,DNSE
VNM,15,2026-07-28 09:30:00,58.3,58.5,58.3,58.3,230100,DNSE
VNM,15,2026-07-28 09:45:00,58.3,59.2,58.2,58.9,596100,DNSE
VNM,15,2026-07-28 10:00:00,58.9,59.0,58.8,58.9,213300,DNSE
VNM,15,2026-07-28 10:15:00,58.9,59.1,58.7,58.9,224300,DNSE
VNM,15,2026-07-28 10:30:00,58.9,58.9,58.7,58.8,59000,DNSE
VNM,15,2026-07-28 10:45:00,58.8,59.0,58.8,59.0,94000,DNSE
VNM,15,2026-07-28 11:00:00,58.9,58.9,58.8,58.8,217400,DNSE
VNM,15,2026-07-28 11:15:00,58.8,58.9,58.8,58.9,111500,DNSE
VNM,15,2026-07-28 13:00:00,58.8,59.1,58.8,59.0,362600,DNSE
VNM,15,2026-07-28 13:15:00,59.0,59.1,58.8,58.8,239500,DNSE
VNM,15,2026-07-28 13:30:00,58.8,59.0,58.8,58.9,138100,DNSE
VNM,15,2026-07-28 13:45:00,58.9,59.6,58.9,59.4,967300,DNSE
VNM,15,2026-07-28 14:00:00,59.4,59.4,59.1,59.4,387200,DNSE
VNM,15,2026-07-28 14:15:00,59.4,59.6,59.3,59.3,620100,DNSE
VNM,15,2026-07-28 14:45:00,59.6,59.6,59.6,59.6,367400,DNSE
VNM,15,2026-07-29 09:15:00,59.9,59.9,59.4,59.5,424700,DNSE
VNM,15,2026-07-29 09:30:00,59.5,60.2,59.4,60.2,734000,DNSE
VNM,15,2026-07-29 09:45:00,60.3,61.0,60.2,60.5,1420600,DNSE
VNM,15,2026-07-29 10:00:00,60.5,60.5,60.2,60.4,282200,DNSE
VNM,15,2026-07-29 10:15:00,60.5,60.5,60.3,60.4,318800,DNSE
VNM,15,2026-07-29 10:30:00,60.4,60.5,60.2,60.3,241400,DNSE
VNM,15,2026-07-29 10:45:00,60.3,60.3,60.1,60.2,166500,DNSE
VNM,15,2026-07-29 11:00:00,60.2,60.3,60.0,60.1,238900,DNSE
VNM,15,2026-07-29 11:15:00,60.1,60.3,60.0,60.3,182800,DNSE
VNM,15,2026-07-29 13:00:00,60.1,60.5,60.1,60.3,304800,DNSE
VNM,15,2026-07-29 13:15:00,60.3,60.4,60.1,60.1,297100,DNSE
VNM,15,2026-07-29 13:30:00,60.1,60.2,59.8,60.0,468200,DNSE
VNM,15,2026-07-29 13:45:00,59.9,60.1,59.8,59.8,256400,DNSE
VNM,15,2026-07-29 14:00:00,60.0,60.0,59.8,60.0,155800,DNSE
VNM,15,2026-07-29 14:15:00,60.0,60.1,59.9,60.0,246000,DNSE
VNM,15,2026-07-29 14:45:00,60.0,60.0,60.0,60.0,461600,DNSE
VNM,15,2026-07-30 09:15:00,60.3,60.4,59.8,60.3,205400,DNSE
VNM,15,2026-07-30 09:30:00,60.3,60.3,60.1,60.2,167600,DNSE
VNM,15,2026-07-30 09:45:00,60.2,61.0,60.1,60.8,851400,DNSE
VNM,15,2026-07-30 10:00:00,60.8,60.8,60.5,60.5,247400,DNSE
VNM,15,2026-07-30 10:15:00,60.5,60.7,60.4,60.6,202000,DNSE
VNM,15,2026-07-30 10:30:00,60.6,60.9,60.6,60.9,259800,DNSE
VNM,15,2026-07-30 10:45:00,60.8,60.9,60.7,60.7,311800,DNSE
VNM,15,2026-07-30 11:00:00,60.7,61.2,60.7,61.0,1112800,DNSE
VNM,15,2026-07-30 11:15:00,61.0,61.3,60.9,61.1,705800,DNSE
VNM,15,2026-07-30 13:00:00,61.1,61.2,60.9,61.1,391900,DNSE
VNM,15,2026-07-30 13:15:00,61.1,61.4,61.0,61.3,555900,DNSE
VNM,15,2026-07-30 13:30:00,61.3,61.4,60.8,60.8,594000,DNSE
VNM,15,2026-07-30 13:45:00,60.8,61.2,60.7,61.1,293600,DNSE
VNM,15,2026-07-30 14:00:00,61.2,61.3,61.1,61.1,347200,DNSE
VNM,15,2026-07-30 14:15:00,61.1,61.1,60.7,60.8,366000,DNSE
VNM,15,2026-07-30 14:45:00,61.2,61.2,61.2,61.2,331700,DNSE
VNM,15,2026-07-31 09:15:00,61.2,61.3,60.6,60.9,280300,DNSE
VNM,15,2026-07-31 09:30:00,60.8,60.9,60.4,60.8,231600,DNSE
VNM,15,2026-07-31 09:45:00,60.7,60.7,60.4,60.4,116400,DNSE
VNM,15,2026-07-31 10:00:00,60.4,60.9,60.2,60.8,358000,DNSE
VNM,15,2026-07-31 10:15:00,60.8,60.8,60.2,60.3,267700,DNSE
VNM,15,2026-07-31 10:30:00,60.2,60.5,60.2,60.4,69100,DNSE
VNM,15,2026-07-31 10:45:00,60.4,61.0,60.1,60.5,309200,DNSE
VNM,15,2026-07-31 11:00:00,60.5,60.6,60.3,60.4,136000,DNSE
VNM,15,2026-07-31 11:15:00,60.4,60.6,60.2,60.5,59400,DNSE
VNM,15,2026-07-31 13:00:00,60.4,60.5,60.2,60.3,429600,DNSE
VNM,15,2026-07-31 13:15:00,60.3,60.5,60.2,60.3,193800,DNSE
VNM,15,2026-07-31 13:30:00,60.4,60.5,60.1,60.4,251500,DNSE
VNM,15,2026-07-31 13:45:00,60.3,60.5,60.2,60.2,298000,DNSE
VNM,15,2026-07-31 14:00:00,60.2,60.7,60.2,60.5,485000,DNSE
VNM,15,2026-07-31 14:15:00,60.5,60.6,60.2,60.2,523800,DNSE
VNM,15,2026-07-31 14:45:00,60.9,60.9,60.9,60.9,470400,DNSE
VNM,15,2026-08-03 09:15:00,60.9,61.0,60.4,60.4,205400,DNSE
VNM,15,2026-08-03 09:30:00,60.4,60.6,60.3,60.6,187800,DNSE
VNM,15,2026-08-03 09:45:00,60.6,60.8,60.4,60.6,268500,DNSE
VNM,15,2026-08-03 10:00:00,60.8,60.8,60.4,60.4,159600,DNSE
VNM,15,2026-08-03 10:15:00,60.4,60.5,60.0,60.2,347400,DNSE
VNM,15,2026-08-03 10:30:00,60.2,60.5,60.1,60.4,237800,DNSE
VNM,15,2026-08-03 10:45:00,60.4,60.6,60.3,60.4,350300,DNSE
VNM,15,2026-08-03 11:00:00,60.4,60.5,60.3,60.3,271600,DNSE
VNM,15,2026-08-03 11:15:00,60.3,60.5,60.2,60.3,311800,DNSE
VNM,15,2026-08-03 13:00:00,60.3,60.4,60.2,60.3,368400,DNSE
VNM,15,2026-08-03 13:15:00,60.3,60.5,60.2,60.3,584500,DNSE
VNM,15,2026-08-03 13:30:00,60.5,60.5,60.2,60.4,446000,DNSE
VNM,15,2026-08-03 13:45:00,60.4,60.4,60.2,60.4,519300,DNSE
VNM,15,2026-08-03 14:00:00,60.3,60.4,60.0,60.1,972600,DNSE
VNM,15,2026-08-03 14:15:00,60.0,60.4,60.0,60.4,889900,DNSE
VNM,15,2026-08-03 14:45:00,60.3,60.3,60.3,60.3,256700,DNSE
VNM,15,2026-08-04 09:15:00,60.4,60.4,59.9,59.9,365700,DNSE
VNM,15,2026-08-04 09:30:00,59.9,60.0,59.6,59.6,497500,DNSE
VNM,15,2026-08-04 09:45:00,59.6,59.9,59.6,59.7,385100,DNSE
VNM,15,2026-08-04 10:00:00,59.7,59.7,59.4,59.5,539800,DNSE
VNM,15,2026-08-04 10:15:00,59.5,59.6,59.4,59.6,188600,DNSE
VNM,15,2026-08-04 10:30:00,59.6,59.6,59.3,59.4,348500,DNSE
VNM,15,2026-08-04 10:45:00,59.4,59.5,59.1,59.2,363700,DNSE
VNM,15,2026-08-04 11:00:00,59.2,59.3,59.1,59.2,239100,DNSE
VNM,15,2026-08-04 11:15:00,59.2,59.3,59.1,59.1,319600,DNSE
VNM,15,2026-08-04 13:00:00,59.1,59.3,59.0,59.2,315800,DNSE
VNM,15,2026-08-04 13:15:00,59.2,59.4,59.2,59.4,257300,DNSE
VNM,15,2026-08-04 13:30:00,59.5,59.5,59.0,59.1,455900,DNSE
VNM,15,2026-08-04 13:45:00,59.1,59.4,59.1,59.4,311600,DNSE
VNM,15,2026-08-04 14:00:00,59.4,59.6,59.3,59.3,431700,DNSE
VNM,15,2026-08-04 14:15:00,59.3,59.6,59.3,59.6,264500,DNSE
VNM,15,2026-08-04 14:45:00,59.5,59.5,59.5,59.5,247500,DNSE
VNM,15,2026-08-05 09:15:00,59.4,60.1,59.4,59.6,487500,DNSE
VNM,15,2026-08-05 09:30:00,59.6,59.6,59.2,59.2,253800,DNSE
VNM,15,2026-08-05 09:45:00,59.2,59.3,58.8,59.1,456300,DNSE
VNM,15,2026-08-05 10:00:00,59.2,59.2,59.0,59.0,219700,DNSE
VNM,15,2026-08-05 10:15:00,59.1,59.1,58.8,58.9,321100,DNSE
VNM,15,2026-08-05 10:30:00,58.9,59.0,58.7,58.8,287600,DNSE
VNM,15,2026-08-05 10:45:00,58.8,59.0,58.8,58.9,190600,DNSE
VNM,15,2026-08-05 11:00:00,58.9,59.1,58.8,58.9,255600,DNSE
VNM,15,2026-08-05 11:15:00,59.0,59.0,58.8,59.0,180600,DNSE
VNM,15,2026-08-05 13:00:00,58.9,59.0,58.8,58.9,245900,DNSE
VNM,15,2026-08-05 13:15:00,58.9,59.0,58.8,58.9,304800,DNSE
VNM,15,2026-08-05 13:30:00,58.8,59.0,58.7,58.9,435700,DNSE
VNM,15,2026-08-05 13:45:00,58.9,59.0,58.7,58.9,219400,DNSE
VNM,15,2026-08-05 14:00:00,58.9,58.9,58.6,58.6,604100,DNSE
VNM,15,2026-08-05 14:15:00,58.6,58.8,58.6,58.7,506000,DNSE
VNM,15,2026-08-05 14:45:00,58.6,58.6,58.6,58.6,320000,DNSE
VNM,15,2026-08-06 09:15:00,58.7,59.2,58.6,59.2,344900,DNSE
VNM,15,2026-08-06 09:30:00,59.1,59.3,58.9,59.1,353800,DNSE
VNM,15,2026-08-06 09:45:00,59.1,59.2,58.9,59.0,177000,DNSE
VNM,15,2026-08-06 10:00:00,59.0,59.1,58.9,59.1,238900,DNSE
VNM,15,2026-08-06 10:15:00,59.1,59.1,59.1,59.1,70500,DNSE
VNM,15,2026-08-06 10:30:00,59.1,59.1,58.9,59.0,144600,DNSE
VNM,15,2026-08-06 10:45:00,59.0,59.0,58.9,58.9,67600,DNSE
VNM,15,2026-08-06 11:00:00,59.0,59.0,58.9,58.9,105700,DNSE
VNM,15,2026-08-06 11:15:00,59.0,59.0,58.9,59.0,95700,DNSE
VNM,15,2026-08-06 13:00:00,59.0,59.2,58.8,59.2,358500,DNSE
VNM,15,2026-08-06 13:15:00,59.2,59.6,59.1,59.2,372000,DNSE
VNM,15,2026-08-06 13:30:00,59.2,59.5,59.2,59.4,217500,DNSE
VNM,15,2026-08-06 13:45:00,59.4,59.4,59.2,59.3,150700,DNSE
VNM,15,2026-08-06 14:00:00,59.4,59.4,59.1,59.2,119200,DNSE
VNM,15,2026-08-06 14:15:00,59.2,59.5,59.1,59.4,267900,DNSE
VNM,15,2026-08-06 14:45:00,59.0,59.0,59.0,59.0,146800,DNSE
VNM,15,2026-08-07 09:15:00,59.0,59.6,59.0,59.6,161100,DNSE
VNM,15,2026-08-07 09:30:00,59.5,60.6,59.5,60.3,1026400,DNSE
VNM,15,2026-08-07 09:45:00,60.2,60.8,59.9,60.7,810200,DNSE
VNM,15,2026-08-07 10:00:00,60.7,63.1,60.7,63.1,4775700,DNSE
VNM,15,2026-08-07 10:15:00,63.1,63.1,62.9,62.9,2558900,DNSE
VNM,15,2026-08-07 10:30:00,62.9,63.0,62.2,62.3,639800,DNSE
VNM,15,2026-08-07 10:45:00,62.3,62.6,62.3,62.4,219900,DNSE
VNM,15,2026-08-07 11:00:00,62.4,62.8,62.4,62.7,271400,DNSE
VNM,15,2026-08-07 11:15:00,62.7,62.7,62.3,62.5,219700,DNSE
VNM,15,2026-08-07 13:00:00,62.4,62.4,62.0,62.1,551600,DNSE
VNM,15,2026-08-07 13:15:00,62.2,62.2,61.9,62.0,221200,DNSE
VNM,15,2026-08-07 13:30:00,62.0,62.1,61.8,61.9,282700,DNSE
VNM,15,2026-08-07 13:45:00,61.9,62.0,61.7,61.9,199600,DNSE
VNM,15,2026-08-07 14:00:00,61.9,62.0,61.7,61.8,324400,DNSE
VNM,15,2026-08-07 14:15:00,61.8,62.1,61.6,61.9,629300,DNSE
VNM,15,2026-08-07 14:45:00,62.0,62.0,62.0,62.0,347600,DNSE
VNM,15,2026-08-10 09:15:00,61.6,62.0,61.6,61.8,164400,DNSE
VNM,15,2026-08-10 09:30:00,61.8,62.4,61.7,62.3,301700,DNSE
VNM,15,2026-08-10 09:45:00,62.3,62.7,62.2,62.3,370600,DNSE
VNM,15,2026-08-10 10:00:00,62.3,62.5,62.3,62.4,152600,DNSE
VNM,15,2026-08-10 10:15:00,62.4,62.5,62.2,62.4,149200,DNSE
VNM,15,2026-08-10 10:30:00,62.4,62.5,62.2,62.3,100100,DNSE
VNM,15,2026-08-10 10:45:00,62.4,62.5,62.3,62.4,205800,DNSE
VNM,15,2026-08-10 11:00:00,62.4,62.5,62.3,62.5,199300,DNSE
VNM,15,2026-08-10 11:15:00,62.5,62.5,62.3,62.4,119500,DNSE
VNM,15,2026-08-10 13:00:00,62.3,62.5,62.2,62.3,303700,DNSE
VNM,15,2026-08-10 13:15:00,62.3,62.4,62.0,62.2,363500,DNSE
VNM,15,2026-08-10 13:30:00,62.2,62.3,62.0,62.1,214000,DNSE
VNM,15,2026-08-10 13:45:00,62.1,62.3,62.0,62.3,144500,DNSE
VNM,15,2026-08-10 14:00:00,62.3,62.4,61.9,62.1,324100,DNSE
VNM,15,2026-08-10 14:15:00,62.1,62.1,61.9,62.0,228500,DNSE
VNM,15,2026-08-10 14:45:00,62.1,62.1,62.1,62.1,138700,DNSE
VNM,15,2026-08-11 09:15:00,62.5,63.1,62.5,62.6,488700,DNSE
VNM,15,2026-08-11 09:30:00,62.5,62.6,61.8,62.4,218200,DNSE
VNM,15,2026-08-11 09:45:00,62.4,63.0,62.3,62.8,366600,DNSE
VNM,15,2026-08-11 10:00:00,62.8,63.3,62.6,62.8,711500,DNSE
VNM,15,2026-08-11 10:15:00,62.8,62.9,62.4,62.5,193600,DNSE
VNM,15,2026-08-11 10:30:00,62.6,62.8,62.5,62.8,94300,DNSE
VNM,15,2026-08-11 10:45:00,62.7,62.9,62.5,62.9,107000,DNSE
VNM,15,2026-08-11 11:00:00,62.9,62.9,62.7,62.8,86200,DNSE
VNM,15,2026-08-11 11:15:00,62.8,62.9,62.6,62.6,140600,DNSE
VNM,15,2026-08-11 13:00:00,62.5,62.5,62.1,62.2,320400,DNSE
VNM,15,2026-08-11 13:15:00,62.2,62.5,62.0,62.3,245000,DNSE
VNM,15,2026-08-11 13:30:00,62.4,62.4,61.9,62.2,416800,DNSE
VNM,15,2026-08-11 13:45:00,62.1,62.3,62.0,62.2,222600,DNSE
VNM,15,2026-08-11 14:00:00,62.1,62.5,62.1,62.5,279900,DNSE
VNM,15,2026-08-11 14:15:00,62.5,62.6,62.1,62.2,369300,DNSE
VNM,15,2026-08-11 14:45:00,62.0,62.0,62.0,62.0,214400,DNSE
VNM,15,2026-08-12 09:15:00,61.9,62.1,61.7,61.8,159700,DNSE
VNM,15,2026-08-12 09:30:00,61.8,62.0,61.4,61.7,445800,DNSE
VNM,15,2026-08-12 09:45:00,61.7,62.5,61.7,62.3,304700,DNSE
VNM,15,2026-08-12 10:00:00,62.3,62.5,61.9,62.3,259700,DNSE
VNM,15,2026-08-12 10:15:00,62.3,62.4,62.1,62.3,110800,DNSE
VNM,15,2026-08-12 10:30:00,62.3,62.4,62.0,62.2,140300,DNSE
VNM,15,2026-08-12 10:45:00,62.2,62.3,61.9,62.1,131100,DNSE
VNM,15,2026-08-12 11:00:00,62.0,62.2,62.0,62.2,102900,DNSE
VNM,15,2026-08-12 11:15:00,62.1,62.3,62.1,62.2,85200,DNSE
VNM,15,2026-08-12 13:00:00,62.2,62.3,62.1,62.2,120400,DNSE
VNM,15,2026-08-12 13:15:00,62.2,62.2,62.0,62.0,183800,DNSE
VNM,15,2026-08-12 13:30:00,62.0,62.1,61.9,62.0,135200,DNSE
VNM,15,2026-08-12 13:45:00,62.0,62.1,61.9,62.1,100800,DNSE
VNM,15,2026-08-12 14:00:00,62.1,62.2,62.0,62.1,137600,DNSE
VNM,15,2026-08-12 14:15:00,62.1,62.1,61.9,62.0,227000,DNSE
VNM,15,2026-08-12 14:45:00,61.8,61.8,61.8,61.8,110600,DNSE
VNM,15,2026-08-13 09:15:00,61.8,62.1,61.7,61.8,144500,DNSE
VNM,15,2026-08-13 09:30:00,61.7,61.9,61.5,61.9,270100,DNSE
VNM,15,2026-08-13 09:45:00,61.8,62.0,61.8,61.9,128200,DNSE
VNM,15,2026-08-13 10:00:00,61.8,62.3,61.8,62.3,126100,DNSE
VNM,15,2026-08-13 10:15:00,62.3,62.8,62.3,62.5,458700,DNSE
VNM,15,2026-08-13 10:30:00,62.5,62.7,62.5,62.6,175800,DNSE
VNM,15,2026-08-13 10:45:00,62.6,62.7,62.5,62.7,106300,DNSE
VNM,15,2026-08-13 11:00:00,62.7,62.8,62.5,62.7,278900,DNSE
VNM,15,2026-08-13 11:15:00,62.7,63.0,62.7,62.8,357100,DNSE
VNM,15,2026-08-13 13:00:00,62.8,62.8,62.5,62.6,314700,DNSE
VNM,15,2026-08-13 13:15:00,62.6,62.8,62.5,62.6,243600,DNSE
VNM,15,2026-08-13 13:30:00,62.6,62.7,62.0,62.1,523300,DNSE
VNM,15,2026-08-13 13:45:00,62.0,62.4,62.0,62.3,235100,DNSE
VNM,15,2026-08-13 14:00:00,62.2,62.4,61.9,62.1,342300,DNSE
VNM,15,2026-08-13 14:15:00,62.1,62.2,61.9,62.0,348500,DNSE
VNM,15,2026-08-13 14:45:00,61.6,61.6,61.6,61.6,203800,DNSE
VNM,15,2026-08-14 09:15:00,61.6,61.8,61.5,61.8,151000,DNSE
VNM,15,2026-08-14 09:30:00,61.8,62.2,61.8,62.0,178000,DNSE
VNM,15,2026-08-14 09:45:00,62.0,62.5,61.7,62.4,287300,DNSE
VNM,15,2026-08-14 10:00:00,62.4,62.6,62.2,62.2,212400,DNSE
VNM,15,2026-08-14 10:15:00,62.2,62.3,62.1,62.3,110900,DNSE
VNM,15,2026-08-14 10:30:00,62.3,62.3,62.1,62.2,89000,DNSE
VNM,15,2026-08-14 10:45:00,62.2,62.3,62.1,62.2,89900,DNSE
VNM,15,2026-08-14 11:00:00,62.2,62.2,61.8,61.9,90800,DNSE
VNM,15,2026-08-14 11:15:00,61.9,62.0,61.8,61.9,158000,DNSE
VNM,15,2026-08-14 13:00:00,61.8,61.9,61.7,61.9,176700,DNSE
VNM,15,2026-08-14 13:15:00,61.9,61.9,61.7,61.7,119100,DNSE
VNM,15,2026-08-14 13:30:00,61.7,62.0,61.6,61.9,260400,DNSE
VNM,15,2026-08-14 13:45:00,61.9,62.0,61.5,62.0,386300,DNSE
VNM,15,2026-08-14 14:00:00,61.8,62.0,61.2,61.4,514600,DNSE
VNM,15,2026-08-14 14:15:00,61.4,61.6,61.0,61.3,643700,DNSE
VNM,15,2026-08-14 14:45:00,61.6,61.6,61.6,61.6,195200,DNSE
VNM,15,2026-08-17 09:15:00,61.7,62.3,61.7,61.8,253000,DNSE
VNM,15,2026-08-17 09:30:00,61.8,62.2,61.7,62.2,119400,DNSE
VNM,15,2026-08-17 09:45:00,62.2,63.0,62.1,62.8,586800,DNSE
VNM,15,2026-08-17 10:00:00,62.8,62.9,62.7,62.7,227200,DNSE
VNM,15,2026-08-17 10:15:00,62.8,62.8,62.5,62.6,171500,DNSE
VNM,15,2026-08-17 10:30:00,62.6,62.6,62.4,62.5,108800,DNSE
VNM,15,2026-08-17 10:45:00,62.6,62.7,62.5,62.6,139000,DNSE
VNM,15,2026-08-17 11:00:00,62.6,62.6,62.3,62.5,131300,DNSE
VNM,15,2026-08-17 11:15:00,62.5,62.5,62.3,62.4,66700,DNSE
VNM,15,2026-08-17 13:00:00,62.4,62.5,62.2,62.4,191200,DNSE
VNM,15,2026-08-17 13:15:00,62.4,62.5,62.1,62.2,194400,DNSE
VNM,15,2026-08-17 13:30:00,62.2,62.4,62.1,62.2,108600,DNSE
VNM,15,2026-08-17 13:45:00,62.2,62.3,62.1,62.2,102000,DNSE
VNM,15,2026-08-17 14:00:00,62.2,62.3,62.1,62.1,138900,DNSE
VNM,15,2026-08-17 14:15:00,62.1,62.5,61.9,62.1,262600,DNSE
VNM,15,2026-08-17 14:45:00,62.2,62.2,62.2,62.2,164400,DNSE
VNM,15,2026-08-18 09:15:00,62.2,62.5,62.1,62.1,107000,DNSE
VNM,15,2026-08-18 09:30:00,62.2,62.5,62.1,62.4,56200,DNSE
VNM,15,2026-08-18 09:45:00,62.5,62.6,62.4,62.5,103500,DNSE
VNM,15,2026-08-18 10:00:00,62.5,62.5,62.2,62.4,125100,DNSE
VNM,15,2026-08-18 10:15:00,62.3,62.5,62.3,62.3,95800,DNSE
VNM,15,2026-08-18 10:30:00,62.3,62.4,62.2,62.3,70800,DNSE
VNM,15,2026-08-18 10:45:00,62.2,62.4,62.2,62.2,41200,DNSE
VNM,15,2026-08-18 11:00:00,62.3,62.3,62.2,62.2,64200,DNSE
VNM,15,2026-08-18 11:15:00,62.2,62.3,62.0,62.1,48800,DNSE
VNM,15,2026-08-18 13:00:00,62.1,62.1,61.8,62.0,171000,DNSE
VNM,15,2026-08-18 13:15:00,62.1,62.2,62.0,62.2,119900,DNSE
VNM,15,2026-08-18 13:30:00,62.1,62.3,62.1,62.1,171900,DNSE
VNM,15,2026-08-18 13:45:00,62.1,62.2,61.9,61.9,180700,DNSE
VNM,15,2026-08-18 14:00:00,61.9,62.1,61.9,62.1,162000,DNSE
VNM,15,2026-08-18 14:15:00,62.0,62.1,61.9,62.0,232100,DNSE
VNM,15,2026-08-18 14:45:00,62.1,62.1,62.1,62.1,93900,DNSE
VNM,15,2026-08-19 09:15:00,61.9,62.3,61.9,62.1,64800,DNSE
VNM,15,2026-08-19 09:30:00,62.1,62.2,62.0,62.2,63100,DNSE
VNM,15,2026-08-19 09:45:00,62.2,62.3,62.2,62.2,74800,DNSE
VNM,15,2026-08-19 10:00:00,62.2,62.3,62.1,62.3,66900,DNSE
VNM,15,2026-08-19 10:15:00,62.2,62.3,62.1,62.2,104800,DNSE
VNM,15,2026-08-19 10:30:00,62.2,62.2,62.0,62.0,67700,DNSE
VNM,15,2026-08-19 10:45:00,62.2,62.2,61.9,61.9,74200,DNSE
VNM,15,2026-08-19 11:00:00,62.0,62.0,61.9,62.0,70400,DNSE
VNM,15,2026-08-19 11:15:00,62.0,62.0,61.6,61.9,225500,DNSE
VNM,15,2026-08-19 13:00:00,61.9,62.2,61.7,62.1,294700,DNSE
VNM,15,2026-08-19 13:15:00,62.1,63.2,62.1,62.6,1656400,DNSE
VNM,15,2026-08-19 13:30:00,62.6,62.7,62.4,62.6,123100,DNSE
VNM,15,2026-08-19 13:45:00,62.6,62.7,62.6,62.7,175600,DNSE
VNM,15,2026-08-19 14:00:00,62.7,63.0,62.4,62.9,469200,DNSE
VNM,15,2026-08-19 14:15:00,62.8,63.2,62.8,63.1,965600,DNSE
VNM,15,2026-08-19 14:45:00,63.1,63.1,63.1,63.1,168100,DNSE
VNM,15,2026-08-20 09:15:00,63.1,63.3,62.8,63.1,228700,DNSE
VNM,15,2026-08-20 09:30:00,63.1,63.3,63.0,63.1,157700,DNSE
VNM,15,2026-08-20 09:45:00,63.1,63.1,62.9,63.0,82000,DNSE
VNM,15,2026-08-20 10:00:00,63.1,63.1,62.7,62.9,147100,DNSE
VNM,15,2026-08-20 10:15:00,63.0,63.0,62.8,62.9,62900,DNSE
VNM,15,2026-08-20 10:30:00,62.9,63.7,62.9,63.7,578700,DNSE
VNM,15,2026-08-20 10:45:00,63.6,64.3,63.6,63.9,1080100,DNSE
VNM,15,2026-08-20 11:00:00,63.9,64.1,63.7,64.1,357000,DNSE
VNM,15,2026-08-20 11:15:00,64.1,64.3,64.0,64.0,447000,DNSE
VNM,15,2026-08-20 13:00:00,64.1,64.2,63.9,64.1,321000,DNSE
VNM,15,2026-08-20 13:15:00,64.1,64.1,63.9,64.0,260100,DNSE
VNM,15,2026-08-20 13:30:00,64.0,64.1,63.8,63.9,454500,DNSE
VNM,15,2026-08-20 13:45:00,63.9,64.1,63.8,64.1,476500,DNSE
VNM,15,2026-08-20 14:00:00,64.1,64.3,64.0,64.2,528700,DNSE
VNM,15,2026-08-20 14:15:00,64.2,64.2,63.9,64.0,926000,DNSE
VNM,15,2026-08-20 14:45:00,64.0,64.0,64.0,64.0,201900,DNSE
VNM,15,2026-08-21 09:15:00,64.1,64.1,63.6,63.7,133200,DNSE
VNM,15,2026-08-21 09:30:00,63.7,63.8,63.6,63.7,98500,DNSE
VNM,15,2026-08-21 09:45:00,63.8,63.8,63.6,63.8,90900,DNSE
VNM,15,2026-08-21 10:00:00,63.7,63.9,63.6,63.8,99200,DNSE
VNM,15,2026-08-21 10:15:00,63.8,63.8,63.5,63.6,99000,DNSE
VNM,15,2026-08-21 10:30:00,63.6,63.6,63.5,63.6,151500,DNSE
VNM,15,2026-08-21 10:45:00,63.5,63.7,63.5,63.6,104700,DNSE
VNM,15,2026-08-21 11:00:00,63.6,63.9,63.5,63.6,213700,DNSE
VNM,15,2026-08-21 11:15:00,63.6,63.8,63.5,63.6,175100,DNSE
VNM,15,2026-08-21 13:00:00,63.5,63.8,63.4,63.6,460100,DNSE
VNM,15,2026-08-21 13:15:00,63.6,63.8,63.5,63.6,251600,DNSE
VNM,15,2026-08-21 13:30:00,63.6,64.1,63.5,64.1,531100,DNSE
VNM,15,2026-08-21 13:45:00,64.1,64.1,63.7,63.8,267800,DNSE
VNM,15,2026-08-21 14:00:00,63.7,64.0,63.7,64.0,341600,DNSE
VNM,15,2026-08-21 14:15:00,64.0,64.1,63.9,64.0,408100,DNSE
VNM,15,2026-08-21 14:45:00,63.8,63.8,63.8,63.8,155700,DNSE
VNM,15,2026-08-24 09:15:00,64.0,64.2,63.6,63.7,281000,DNSE
VNM,15,2026-08-24 09:30:00,63.7,63.8,63.6,63.7,147500,DNSE
VNM,15,2026-08-24 09:45:00,63.6,64.0,63.5,63.9,352200,DNSE
VNM,15,2026-08-24 10:00:00,63.9,64.3,63.9,64.1,215500,DNSE
VNM,15,2026-08-24 10:15:00,64.1,64.4,64.1,64.2,93300,DNSE
VNM,15,2026-08-24 10:30:00,64.2,64.3,63.9,63.9,93700,DNSE
VNM,15,2026-08-24 10:45:00,63.9,64.0,63.8,63.9,48900,DNSE
VNM,15,2026-08-24 11:00:00,63.8,63.9,63.8,63.8,109200,DNSE
VNM,15,2026-08-24 11:15:00,63.8,63.9,63.6,63.7,87600,DNSE
VNM,15,2026-08-24 13:00:00,63.7,64.0,63.6,63.6,199400,DNSE
VNM,15,2026-08-24 13:15:00,63.7,63.8,63.4,63.4,314300,DNSE
VNM,15,2026-08-24 13:30:00,63.4,63.5,63.2,63.4,328000,DNSE
VNM,15,2026-08-24 13:45:00,63.4,63.7,63.4,63.4,167900,DNSE
VNM,15,2026-08-24 14:00:00,63.4,63.7,63.4,63.5,159000,DNSE
VNM,15,2026-08-24 14:15:00,63.5,63.6,63.2,63.6,429600,DNSE
VNM,15,2026-08-24 14:45:00,63.2,63.2,63.2,63.2,305400,DNSE
VNM,15,2026-08-25 09:15:00,63.1,63.5,63.0,63.3,224600,DNSE
VNM,15,2026-08-25 09:30:00,63.2,63.7,63.1,63.4,169600,DNSE
VNM,15,2026-08-25 09:45:00,63.4,63.5,63.3,63.5,92600,DNSE
VNM,15,2026-08-25 10:00:00,63.4,63.8,63.4,63.6,155000,DNSE
VNM,15,2026-08-25 10:15:00,63.6,63.8,63.4,63.4,173100,DNSE
VNM,15,2026-08-25 10:30:00,63.4,63.7,63.2,63.2,172800,DNSE
VNM,15,2026-08-25 10:45:00,63.2,63.3,62.8,62.9,295300,DNSE
VNM,15,2026-08-25 11:00:00,62.9,63.2,62.8,62.9,122700,DNSE
VNM,15,2026-08-25 11:15:00,62.9,63.3,62.9,63.1,116100,DNSE
VNM,15,2026-08-25 13:00:00,63.1,63.3,62.9,63.0,193800,DNSE
VNM,15,2026-08-25 13:15:00,62.9,63.1,62.9,62.9,209000,DNSE
VNM,15,2026-08-25 13:30:00,62.9,63.0,62.7,62.8,196600,DNSE
VNM,15,2026-08-25 13:45:00,62.8,62.9,62.7,62.7,218100,DNSE
VNM,15,2026-08-25 14:00:00,62.7,63.0,62.6,62.9,259700,DNSE
VNM,15,2026-08-25 14:15:00,62.9,63.0,62.5,62.8,438500,DNSE
VNM,15,2026-08-25 14:45:00,62.6,62.6,62.6,62.6,306400,DNSE
VNM,15,2026-08-26 09:15:00,62.7,62.9,62.6,62.8,124300,DNSE
VNM,15,2026-08-26 09:30:00,62.9,62.9,62.6,62.9,129400,DNSE
VNM,15,2026-08-26 09:45:00,62.9,63.0,62.7,62.8,96800,DNSE
VNM,15,2026-08-26 10:00:00,62.8,62.9,62.7,62.8,73500,DNSE
VNM,15,2026-08-26 10:15:00,62.9,62.9,62.7,62.8,99200,DNSE
VNM,15,2026-08-26 10:30:00,62.8,62.8,62.4,62.5,135300,DNSE
VNM,15,2026-08-26 10:45:00,62.4,62.7,62.4,62.6,64400,DNSE
VNM,15,2026-08-26 11:00:00,62.6,62.9,62.5,62.9,105500,DNSE
VNM,15,2026-08-26 11:15:00,62.8,63.1,62.8,62.9,147400,DNSE
VNM,15,2026-08-26 13:00:00,62.9,63.0,62.8,63.0,94600,DNSE
VNM,15,2026-08-26 13:15:00,63.0,63.0,62.8,63.0,130900,DNSE
VNM,15,2026-08-26 13:30:00,62.9,63.0,62.7,63.0,188900,DNSE
VNM,15,2026-08-26 13:45:00,63.0,63.3,62.9,63.2,205800,DNSE
VNM,15,2026-08-26 14:00:00,63.2,63.2,62.8,63.0,89300,DNSE
VNM,15,2026-08-26 14:15:00,62.9,63.5,62.9,63.4,339800,DNSE
VNM,15,2026-08-26 14:45:00,62.8,62.8,62.8,62.8,377600,DNSE
VNM,15,2026-08-27 09:15:00,62.7,63.2,62.7,62.7,132200,DNSE
VNM,15,2026-08-27 09:30:00,62.8,62.9,62.3,62.4,225500,DNSE
VNM,15,2026-08-27 09:45:00,62.4,62.5,62.3,62.4,137800,DNSE
VNM,15,2026-08-27 10:00:00,62.4,62.7,62.3,62.7,167400,DNSE
VNM,15,2026-08-27 10:15:00,62.7,62.8,62.6,62.8,81700,DNSE
VNM,15,2026-08-27 10:30:00,62.7,62.8,62.5,62.7,81300,DNSE
VNM,15,2026-08-27 10:45:00,62.6,62.8,62.6,62.7,25900,DNSE
VNM,15,2026-08-27 11:00:00,62.7,62.7,62.4,62.4,83700,DNSE
VNM,15,2026-08-27 11:15:00,62.4,62.5,62.4,62.5,56800,DNSE
VNM,15,2026-08-27 13:00:00,62.5,62.8,62.4,62.6,144800,DNSE
VNM,15,2026-08-27 13:15:00,62.5,62.6,62.4,62.4,200400,DNSE
VNM,15,2026-08-27 13:30:00,62.5,62.6,62.4,62.6,247900,DNSE
VNM,15,2026-08-27 13:45:00,62.5,62.6,62.5,62.6,198500,DNSE
VNM,15,2026-08-27 14:00:00,62.6,63.0,62.5,63.0,199900,DNSE
VNM,15,2026-08-27 14:15:00,62.9,63.2,62.9,63.2,399700,DNSE
VNM,15,2026-08-27 14:45:00,62.5,62.5,62.5,62.5,267800,DNSE
VNM,15,2026-08-28 09:15:00,62.9,62.9,62.5,62.7,68800,DNSE
VNM,15,2026-08-28 09:30:00,62.7,62.8,62.5,62.7,165900,DNSE
VNM,15,2026-08-28 09:45:00,62.7,63.0,62.7,63.0,83000,DNSE
VNM,15,2026-08-28 10:00:00,62.9,63.0,62.7,62.7,70700,DNSE
VNM,15,2026-08-28 10:15:00,62.7,62.9,62.6,62.8,46800,DNSE
VNM,15,2026-08-28 10:30:00,62.7,62.8,62.7,62.7,37700,DNSE
VNM,15,2026-08-28 10:45:00,62.6,62.7,62.5,62.6,114300,DNSE
VNM,15,2026-08-28 11:00:00,62.5,62.7,62.5,62.5,72600,DNSE
VNM,15,2026-08-28 11:15:00,62.5,62.6,62.4,62.6,122200,DNSE
VNM,15,2026-08-28 13:00:00,62.6,62.7,62.4,62.6,105700,DNSE
VNM,15,2026-08-28 13:15:00,62.5,62.9,62.5,62.7,179400,DNSE
VNM,15,2026-08-28 13:30:00,62.8,62.9,62.7,62.7,177100,DNSE
VNM,15,2026-08-28 13:45:00,62.8,62.9,62.7,62.8,194400,DNSE
VNM,15,2026-08-28 14:00:00,62.8,63.0,62.6,62.7,136900,DNSE
VNM,15,2026-08-28 14:15:00,62.7,62.7,62.4,62.6,319900,DNSE
VNM,15,2026-08-28 14:45:00,62.3,62.3,62.3,62.3,490500,DNSE
VNM,15,2026-09-03 09:15:00,62.2,62.3,61.6,62.1,429500,DNSE
VNM,15,2026-09-03 09:30:00,62.1,62.2,61.7,61.8,187700,DNSE
VNM,15,2026-09-03 09:45:00,61.8,61.8,61.6,61.7,134400,DNSE
VNM,15,2026-09-03 10:00:00,61.7,61.7,61.4,61.5,354500,DNSE
VNM,15,2026-09-03 10:15:00,61.5,61.6,61.4,61.6,211900,DNSE
VNM,15,2026-09-03 10:30:00,61.5,61.6,61.4,61.6,174300,DNSE
VNM,15,2026-09-03 10:45:00,61.5,61.8,61.5,61.6,117500,DNSE
VNM,15,2026-09-03 11:00:00,61.8,61.8,61.6,61.6,110700,DNSE
VNM,15,2026-09-03 11:15:00,61.8,61.9,61.6,61.8,63000,DNSE
VNM,15,2026-09-03 13:00:00,61.8,61.9,61.5,61.7,252100,DNSE
VNM,15,2026-09-03 13:15:00,61.6,62.0,61.6,61.8,356400,DNSE
VNM,15,2026-09-03 13:30:00,61.8,61.9,61.5,61.5,370600,DNSE
VNM,15,2026-09-03 13:45:00,61.5,61.7,61.4,61.7,324700,DNSE
VNM,15,2026-09-03 14:00:00,61.6,62.0,61.5,61.6,119200,DNSE
VNM,15,2026-09-03 14:15:00,61.6,61.7,61.4,61.6,264200,DNSE
VNM,15,2026-09-03 14:45:00,61.2,61.2,61.2,61.2,476700,DNSE
VNM,15,2026-09-04 09:15:00,61.4,61.8,61.2,61.6,215900,DNSE
VNM,15,2026-09-04 09:30:00,61.6,61.6,61.3,61.4,86500,DNSE
VNM,15,2026-09-04 09:45:00,61.5,61.5,61.2,61.3,76500,DNSE
VNM,15,2026-09-04 10:00:00,61.3,61.6,61.2,61.5,86800,DNSE
VNM,15,2026-09-04 10:15:00,61.5,61.7,61.4,61.6,49600,DNSE
VNM,15,2026-09-04 10:30:00,61.6,61.8,61.6,61.7,57900,DNSE
VNM,15,2026-09-04 10:45:00,61.7,62.0,61.7,62.0,124200,DNSE
VNM,15,2026-09-04 11:00:00,62.0,62.1,61.8,62.0,154700,DNSE
VNM,15,2026-09-04 11:15:00,62.0,62.0,61.8,61.9,102000,DNSE
VNM,15,2026-09-04 13:00:00,61.9,62.0,61.7,61.8,152200,DNSE
VNM,15,2026-09-04 13:15:00,61.8,61.9,61.7,61.8,94200,DNSE
VNM,15,2026-09-04 13:30:00,61.7,62.0,61.7,62.0,97200,DNSE
VNM,15,2026-09-04 13:45:00,62.0,62.0,61.7,61.9,161300,DNSE
VNM,15,2026-09-04 14:00:00,61.9,61.9,61.6,61.7,148200,DNSE
VNM,15,2026-09-04 14:15:00,61.7,61.8,61.6,61.7,168100,DNSE
VNM,15,2026-09-04 14:45:00,61.9,61.9,61.9,61.9,131300,DNSE
VNM,15,2026-09-07 09:15:00,61.9,62.2,61.6,61.6,137700,DNSE
VNM,15,2026-09-07 09:30:00,61.6,61.8,61.5,61.8,69500,DNSE
VNM,15,2026-09-07 09:45:00,61.7,61.8,61.4,61.5,93400,DNSE
VNM,15,2026-09-07 10:00:00,61.5,61.6,61.4,61.5,83500,DNSE
VNM,15,2026-09-07 10:15:00,61.5,61.6,61.3,61.3,111500,DNSE
VNM,15,2026-09-07 10:30:00,61.3,61.4,61.2,61.2,128000,DNSE
VNM,15,2026-09-07 10:45:00,61.2,61.4,61.2,61.2,137800,DNSE
VNM,15,2026-09-07 11:00:00,61.2,61.3,60.9,60.9,359300,DNSE
VNM,15,2026-09-07 11:15:00,61.0,61.0,60.8,60.9,242300,DNSE
VNM,15,2026-09-07 13:00:00,60.9,61.1,60.7,61.0,248600,DNSE
VNM,15,2026-09-07 13:15:00,61.0,61.2,60.9,61.0,158000,DNSE
VNM,15,2026-09-07 13:30:00,61.0,61.2,60.9,60.9,148200,DNSE
VNM,15,2026-09-07 13:45:00,61.0,61.1,60.7,60.7,286200,DNSE
VNM,15,2026-09-07 14:00:00,60.7,60.9,60.6,60.6,349300,DNSE
VNM,15,2026-09-07 14:15:00,60.7,60.8,60.6,60.8,262100,DNSE
VNM,15,2026-09-07 14:45:00,60.7,60.7,60.7,60.7,189300,DNSE
VNM,15,2026-09-08 09:15:00,60.7,60.8,60.7,60.7,102100,DNSE
VNM,15,2026-09-08 09:30:00,60.6,60.9,60.5,60.9,135200,DNSE
VNM,15,2026-09-08 09:45:00,60.8,60.9,60.6,60.6,64900,DNSE
VNM,15,2026-09-08 10:00:00,60.7,61.1,60.6,61.0,178800,DNSE
VNM,15,2026-09-08 10:15:00,60.9,61.0,60.7,60.7,92200,DNSE
VNM,15,2026-09-08 10:30:00,60.7,60.9,60.7,60.8,110400,DNSE
VNM,15,2026-09-08 10:45:00,60.8,60.9,60.7,60.7,59100,DNSE
VNM,15,2026-09-08 11:00:00,60.7,60.9,60.7,60.7,61000,DNSE
VNM,15,2026-09-08 11:15:00,60.8,60.9,60.7,60.8,65400,DNSE
VNM,15,2026-09-08 13:00:00,60.8,60.9,60.7,60.7,73400,DNSE
VNM,15,2026-09-08 13:15:00,60.7,60.8,60.6,60.7,113800,DNSE
VNM,15,2026-09-08 13:30:00,60.7,60.7,60.6,60.7,58400,DNSE
VNM,15,2026-09-08 13:45:00,60.7,60.8,60.6,60.7,143200,DNSE
VNM,15,2026-09-08 14:00:00,60.7,60.7,60.5,60.5,281500,DNSE
VNM,15,2026-09-08 14:15:00,60.5,60.9,60.4,60.8,211100,DNSE
VNM,15,2026-09-08 14:45:00,61.0,61.0,61.0,61.0,123900,DNSE
VNM,15,2026-09-09 09:15:00,61.0,61.4,61.0,61.4,114800,DNSE
VNM,15,2026-09-09 09:30:00,61.4,61.8,61.3,61.6,150700,DNSE
VNM,15,2026-09-09 09:45:00,61.6,61.7,61.4,61.6,68600,DNSE
VNM,15,2026-09-09 10:00:00,61.6,61.7,61.4,61.6,108400,DNSE
VNM,15,2026-09-09 10:15:00,61.6,61.7,61.5,61.6,56300,DNSE
VNM,15,2026-09-09 10:30:00,61.5,61.6,61.3,61.4,153900,DNSE
VNM,15,2026-09-09 10:45:00,61.5,61.6,61.4,61.6,50500,DNSE
VNM,15,2026-09-09 11:00:00,61.6,61.7,61.5,61.7,64900,DNSE
VNM,15,2026-09-09 11:15:00,61.6,61.7,61.6,61.6,48400,DNSE
VNM,15,2026-09-09 13:00:00,61.5,61.6,61.4,61.4,177100,DNSE
VNM,15,2026-09-09 13:15:00,61.5,61.5,61.4,61.5,69700,DNSE
VNM,15,2026-09-09 13:30:00,61.5,61.5,61.4,61.4,41400,DNSE
VNM,15,2026-09-09 13:45:00,61.5,61.5,61.4,61.5,117400,DNSE
VNM,15,2026-09-09 14:00:00,61.5,61.5,61.3,61.3,146900,DNSE
VNM,15,2026-09-09 14:15:00,61.3,61.5,61.2,61.4,139100,DNSE
VNM,15,2026-09-09 14:45:00,61.3,61.3,61.3,61.3,111900,DNSE
VNM,15,2026-09-10 09:15:00,61.3,61.8,61.1,61.7,145600,DNSE
VNM,15,2026-09-10 09:30:00,61.7,61.9,61.6,61.8,144100,DNSE
VNM,15,2026-09-10 09:45:00,61.8,61.9,61.6,61.7,146900,DNSE
VNM,15,2026-09-10 10:00:00,61.8,61.9,61.7,61.7,96100,DNSE
VNM,15,2026-09-10 10:15:00,61.7,61.7,61.6,61.7,49600,DNSE
VNM,15,2026-09-10 10:30:00,61.7,61.7,61.3,61.3,111700,DNSE
VNM,15,2026-09-10 10:45:00,61.3,61.4,61.2,61.4,88100,DNSE
VNM,15,2026-09-10 11:00:00,61.4,61.5,61.3,61.4,69100,DNSE
VNM,15,2026-09-10 11:15:00,61.4,61.6,61.3,61.6,57500,DNSE
VNM,15,2026-09-10 13:00:00,61.4,61.7,61.3,61.6,133100,DNSE
VNM,15,2026-09-10 13:15:00,61.6,61.7,61.3,61.3,128100,DNSE
VNM,15,2026-09-10 13:30:00,61.4,61.6,61.4,61.5,51200,DNSE
VNM,15,2026-09-10 13:45:00,61.4,61.6,61.4,61.6,115200,DNSE
VNM,15,2026-09-10 14:00:00,61.6,61.8,61.4,61.4,228800,DNSE
VNM,15,2026-09-10 14:15:00,61.6,61.6,61.4,61.5,203200,DNSE
VNM,15,2026-09-10 14:45:00,61.6,61.6,61.6,61.6,122100,DNSE
VNM,15,2026-09-11 09:15:00,61.2,61.3,60.6,60.9,243000,DNSE
VNM,15,2026-09-11 09:30:00,60.9,61.0,60.7,60.8,143200,DNSE
VNM,15,2026-09-11 09:45:00,60.7,60.8,60.3,60.4,314200,DNSE
VNM,15,2026-09-11 10:00:00,60.3,60.5,60.2,60.2,252300,DNSE
VNM,15,2026-09-11 10:15:00,60.3,60.5,60.2,60.5,119000,DNSE
VNM,15,2026-09-11 10:30:00,60.5,60.5,60.3,60.4,86900,DNSE
VNM,15,2026-09-11 10:45:00,60.4,60.5,60.3,60.4,111300,DNSE
VNM,15,2026-09-11 11:00:00,60.3,60.4,60.2,60.2,160200,DNSE
VNM,15,2026-09-11 11:15:00,60.2,60.3,60.0,60.1,341600,DNSE
VNM,15,2026-09-11 13:00:00,60.1,60.4,60.0,60.1,332200,DNSE
VNM,15,2026-09-11 13:15:00,60.1,60.2,59.8,60.0,586400,DNSE
VNM,15,2026-09-11 13:30:00,59.9,60.4,59.8,60.3,465600,DNSE
VNM,15,2026-09-11 13:45:00,60.3,60.6,60.2,60.3,83600,DNSE
VNM,15,2026-09-11 14:00:00,60.3,60.4,60.0,60.0,218900,DNSE
VNM,15,2026-09-11 14:15:00,60.1,60.2,59.9,59.9,315900,DNSE
VNM,15,2026-09-11 14:45:00,59.9,59.9,59.9,59.9,273000,DNSE
VNM,15,2026-09-14 09:15:00,59.7,60.0,59.7,60.0,157400,DNSE
VNM,15,2026-09-14 09:30:00,60.0,60.1,59.8,60.0,93400,DNSE
VNM,15,2026-09-14 09:45:00,60.0,60.0,59.7,59.7,181300,DNSE
VNM,15,2026-09-14 10:00:00,59.7,59.8,59.6,59.8,47800,DNSE
VNM,15,2026-09-14 10:15:00,59.8,59.8,59.6,59.6,67300,DNSE
VNM,15,2026-09-14 10:30:00,59.6,59.7,59.6,59.7,74700,DNSE
VNM,15,2026-09-14 10:45:00,59.7,59.7,59.6,59.6,102100,DNSE
VNM,15,2026-09-14 11:00:00,59.6,59.7,59.5,59.6,203500,DNSE
VNM,15,2026-09-14 11:15:00,59.6,59.6,59.5,59.6,58100,DNSE
VNM,15,2026-09-14 13:00:00,59.6,59.7,59.3,59.3,263000,DNSE
VNM,15,2026-09-14 13:15:00,59.3,59.3,59.0,59.2,486900,DNSE
VNM,15,2026-09-14 13:30:00,59.2,59.2,58.6,58.7,695100,DNSE
VNM,15,2026-09-14 13:45:00,58.8,59.0,58.6,58.9,401200,DNSE
VNM,15,2026-09-14 14:00:00,58.9,58.9,58.6,58.8,366600,DNSE
VNM,15,2026-09-14 14:15:00,58.7,59.2,58.6,59.1,538300,DNSE
VNM,15,2026-09-14 14:45:00,59.3,59.3,59.3,59.3,116300,DNSE
VNM,15,2026-09-15 09:15:00,59.5,60.2,59.5,59.9,236100,DNSE
VNM,15,2026-09-15 09:30:00,59.9,59.9,59.7,59.8,82300,DNSE
VNM,15,2026-09-15 09:45:00,59.8,59.8,59.5,59.5,79300,DNSE
VNM,15,2026-09-15 10:00:00,59.6,59.9,59.5,59.8,46100,DNSE
VNM,15,2026-09-15 10:15:00,59.7,60.0,59.7,59.8,107200,DNSE
VNM,15,2026-09-15 10:30:00,59.9,60.0,59.6,59.8,56500,DNSE
VNM,15,2026-09-15 10:45:00,59.8,59.8,59.5,59.6,108700,DNSE
VNM,15,2026-09-15 11:00:00,59.7,59.7,59.5,59.5,48300,DNSE
VNM,15,2026-09-15 11:15:00,59.5,59.7,59.4,59.5,47200,DNSE
VNM,15,2026-09-15 13:00:00,59.5,59.9,59.5,59.8,158900,DNSE
VNM,15,2026-09-15 13:15:00,59.9,59.9,59.7,59.8,52300,DNSE
VNM,15,2026-09-15 13:30:00,59.8,59.9,59.7,59.8,102000,DNSE
VNM,15,2026-09-15 13:45:00,59.8,59.9,59.7,59.8,49100,DNSE
VNM,15,2026-09-15 14:00:00,59.7,59.9,59.7,59.8,100100,DNSE
VNM,15,2026-09-15 14:15:00,59.8,59.9,59.5,59.8,297700,DNSE
VNM,15,2026-09-15 14:45:00,59.7,59.7,59.7,59.7,263500,DNSE
VNM,15,2026-09-16 09:15:00,59.8,60.3,59.8,60.2,126400,DNSE
VNM,15,2026-09-16 09:30:00,60.3,60.3,60.0,60.1,42800,DNSE
VNM,15,2026-09-16 09:45:00,60.1,60.1,59.8,60.0,49700,DNSE
VNM,15,2026-09-16 10:00:00,60.0,60.0,59.9,59.9,36700,DNSE
VNM,15,2026-09-16 10:15:00,60.0,60.1,59.8,60.1,142100,DNSE
VNM,15,2026-09-16 10:30:00,60.1,60.1,59.9,60.1,35900,DNSE
VNM,15,2026-09-16 10:45:00,60.1,60.1,60.0,60.1,49000,DNSE
VNM,15,2026-09-16 11:00:00,60.1,60.1,60.0,60.1,27200,DNSE
VNM,15,2026-09-16 11:15:00,60.1,60.1,60.0,60.0,46600,DNSE
VNM,15,2026-09-16 13:00:00,60.0,60.0,59.8,60.0,120000,DNSE
VNM,15,2026-09-16 13:15:00,60.0,60.1,59.8,60.1,132000,DNSE
VNM,15,2026-09-16 13:30:00,60.1,60.1,59.9,60.0,94900,DNSE
VNM,15,2026-09-16 13:45:00,60.0,60.1,59.9,60.0,116500,DNSE
VNM,15,2026-09-16 14:00:00,60.0,60.2,60.0,60.2,127300,DNSE
VNM,15,2026-09-16 14:15:00,60.2,60.3,60.0,60.1,266500,DNSE
VNM,15,2026-09-16 14:45:00,59.6,59.6,59.6,59.6,323800,DNSE
VNM,15,2026-09-17 09:15:00,59.4,60.2,59.4,60.2,104000,DNSE
VNM,15,2026-09-17 09:30:00,60.2,60.2,59.9,60.0,49700,DNSE
VNM,15,2026-09-17 09:45:00,60.0,60.2,60.0,60.2,58600,DNSE
VNM,15,2026-09-17 10:00:00,60.2,60.3,60.0,60.2,75200,DNSE
VNM,15,2026-09-17 10:15:00,60.2,60.5,60.2,60.5,155000,DNSE
VNM,15,2026-09-17 10:30:00,60.5,60.5,60.3,60.3,92600,DNSE
VNM,15,2026-09-17 10:45:00,60.3,60.5,60.2,60.4,87000,DNSE
VNM,15,2026-09-17 11:00:00,60.4,60.5,60.3,60.5,127000,DNSE
VNM,15,2026-09-17 11:15:00,60.5,60.5,60.2,60.3,82700,DNSE
VNM,15,2026-09-17 13:00:00,60.3,60.4,60.2,60.3,113700,DNSE
VNM,15,2026-09-17 13:15:00,60.3,60.3,60.1,60.2,83000,DNSE
VNM,15,2026-09-17 13:30:00,60.2,60.5,60.1,60.4,261800,DNSE
VNM,15,2026-09-17 13:45:00,60.5,60.5,60.0,60.0,123500,DNSE
VNM,15,2026-09-17 14:00:00,60.1,60.4,60.0,60.4,133600,DNSE
VNM,15,2026-09-17 14:15:00,60.4,60.7,60.1,60.5,700500,DNSE
VNM,15,2026-09-17 14:45:00,60.2,60.2,60.2,60.2,189200,DNSE
VNM,15,2026-09-18 09:15:00,60.4,60.6,60.4,60.4,44600,DNSE
VNM,15,2026-09-18 09:30:00,60.4,60.5,60.3,60.5,29800,DNSE
VNM,15,2026-09-18 09:45:00,60.5,60.8,60.4,60.7,70100,DNSE
VNM,15,2026-09-18 10:00:00,60.8,60.8,60.7,60.7,40800,DNSE
VNM,15,2026-09-18 10:15:00,60.7,60.9,60.7,60.8,148700,DNSE
VNM,15,2026-09-18 10:30:00,60.8,60.8,60.6,60.6,31700,DNSE
VNM,15,2026-09-18 10:45:00,60.6,60.7,60.6,60.6,75400,DNSE
VNM,15,2026-09-18 11:00:00,60.6,60.8,60.6,60.7,75300,DNSE
VNM,15,2026-09-18 11:15:00,60.7,61.0,60.7,61.0,90500,DNSE
VNM,15,2026-09-18 13:00:00,61.0,61.0,60.7,60.8,100700,DNSE
VNM,15,2026-09-18 13:15:00,60.8,60.8,60.7,60.7,68400,DNSE
VNM,15,2026-09-18 13:30:00,60.7,60.7,60.6,60.6,61900,DNSE
VNM,15,2026-09-18 13:45:00,60.6,60.7,60.5,60.5,84200,DNSE
VNM,15,2026-09-18 14:00:00,60.6,60.7,60.5,60.6,75000,DNSE
VNM,15,2026-09-18 14:15:00,60.7,60.7,60.4,60.5,134300,DNSE
VNM,15,2026-09-18 14:45:00,61.2,61.2,61.2,61.2,3385900,DNSE
VNM,15,2026-09-21 09:15:00,61.2,61.3,60.7,60.7,237100,DNSE
VNM,15,2026-09-21 09:30:00,60.8,60.9,60.7,60.9,63200,DNSE
VNM,15,2026-09-21 09:45:00,60.8,61.0,60.6,60.7,137800,DNSE
VNM,15,2026-09-21 10:00:00,60.7,60.9,60.6,60.6,79700,DNSE
VNM,15,2026-09-21 10:15:00,60.6,60.8,60.5,60.7,78700,DNSE
VNM,15,2026-09-21 10:30:00,60.7,60.9,60.6,60.7,114400,DNSE
VNM,15,2026-09-21 10:45:00,60.7,60.8,60.6,60.7,156300,DNSE
VNM,15,2026-09-21 11:00:00,60.8,60.8,60.5,60.6,156600,DNSE
VNM,15,2026-09-21 11:15:00,60.6,60.7,60.6,60.7,53200,DNSE
VNM,15,2026-09-21 13:00:00,60.7,60.7,60.5,60.5,211500,DNSE
VNM,15,2026-09-21 13:15:00,60.5,60.8,60.5,60.6,141100,DNSE
VNM,15,2026-09-21 13:30:00,60.6,60.9,60.6,60.9,150800,DNSE
VNM,15,2026-09-21 13:45:00,60.9,61.0,60.8,60.9,223000,DNSE
VNM,15,2026-09-21 14:00:00,60.9,61.0,60.5,60.6,268900,DNSE
VNM,15,2026-09-21 14:15:00,60.6,60.9,60.5,60.6,250900,DNSE
VNM,15,2026-09-21 14:45:00,60.3,60.3,60.3,60.3,199100,DNSE
