symbol,resolution,time,open,high,low,close,volume,source
ACB,1D,2025-10-01 09:00:00,22.14,22.36,22.01,22.23,10480500,DNSE
ACB,1D,2025-10-02 09:00:00,22.31,22.57,22.14,22.19,10937500,DNSE
ACB,1D,2025-10-03 09:00:00,22.19,22.27,21.97,22.1,9813400,DNSE
ACB,1D,2025-10-06 09:00:00,22.53,23.09,22.31,23.09,20288600,DNSE
ACB,1D,2025-10-07 09:00:00,23.18,23.18,22.79,22.79,12389800,DNSE
ACB,1D,2025-10-08 09:00:00,22.96,23.13,22.92,23.05,18228000,DNSE
ACB,1D,2025-10-09 09:00:00,23.09,23.22,22.92,23.22,16388600,DNSE
ACB,1D,2025-10-10 09:00:00,23.31,23.43,23.09,23.22,16337400,DNSE
ACB,1D,2025-10-13 09:00:00,22.87,23.09,22.75,23.05,18373300,DNSE
ACB,1D,2025-10-14 09:00:00,23.05,23.22,22.62,22.66,18531600,DNSE
ACB,1D,2025-10-15 09:00:00,22.75,22.96,22.53,22.66,14416100,DNSE
ACB,1D,2025-10-16 09:00:00,22.75,22.87,22.53,22.66,13461000,DNSE
ACB,1D,2025-10-17 09:00:00,22.66,22.75,22.19,22.19,16289600,DNSE
ACB,1D,2025-10-20 09:00:00,22.06,22.1,21.19,21.37,32231800,DNSE
ACB,1D,2025-10-21 09:00:00,21.41,21.8,21.41,21.54,19371400,DNSE
ACB,1D,2025-10-22 09:00:00,21.71,21.8,21.24,21.63,15620500,DNSE
ACB,1D,2025-10-23 09:00:00,21.63,21.71,21.5,21.5,8751200,DNSE
ACB,1D,2025-10-24 09:00:00,21.5,21.8,21.37,21.54,11724500,DNSE
ACB,1D,2025-10-27 09:00:00,21.8,22.01,21.5,21.54,10208700,DNSE
ACB,1D,2025-10-28 09:00:00,21.63,21.88,21.58,21.88,10305300,DNSE
ACB,1D,2025-10-29 09:00:00,21.88,22.01,21.8,21.88,6350700,DNSE
ACB,1D,2025-10-30 09:00:00,21.97,22.14,21.54,21.63,9309300,DNSE
ACB,1D,2025-10-31 09:00:00,21.8,21.97,21.58,21.97,12748200,DNSE
ACB,1D,2025-11-03 09:00:00,21.88,22.31,21.8,21.93,13864900,DNSE
ACB,1D,2025-11-04 09:00:00,21.93,22.49,21.88,22.4,17972000,DNSE
ACB,1D,2025-11-05 09:00:00,22.23,22.31,22.01,22.06,6212200,DNSE
ACB,1D,2025-11-06 09:00:00,22.01,22.14,21.8,21.8,6525200,DNSE
ACB,1D,2025-11-07 09:00:00,21.75,21.8,21.41,21.45,12107200,DNSE
ACB,1D,2025-11-10 09:00:00,21.45,21.71,21.28,21.37,7222900,DNSE
ACB,1D,2025-11-11 09:00:00,21.41,21.58,21.37,21.41,6962300,DNSE
ACB,1D,2025-11-12 09:00:00,21.54,21.71,21.37,21.71,6319100,DNSE
ACB,1D,2025-11-13 09:00:00,21.71,21.71,21.54,21.63,5637200,DNSE
ACB,1D,2025-11-14 09:00:00,21.63,21.63,21.45,21.5,6763400,DNSE
ACB,1D,2025-11-17 09:00:00,21.54,21.67,21.5,21.67,3945100,DNSE
ACB,1D,2025-11-18 09:00:00,21.71,21.88,21.58,21.63,6387000,DNSE
ACB,1D,2025-11-19 09:00:00,21.67,21.67,21.41,21.45,5994400,DNSE
ACB,1D,2025-11-20 09:00:00,21.54,21.54,21.37,21.37,6153200,DNSE
ACB,1D,2025-11-21 09:00:00,21.32,21.41,21.19,21.28,7299200,DNSE
ACB,1D,2025-11-24 09:00:00,21.28,21.41,21.19,21.19,7081700,DNSE
ACB,1D,2025-11-25 09:00:00,21.24,21.28,20.76,20.85,15856700,DNSE
ACB,1D,2025-11-26 09:00:00,20.85,21.02,20.81,20.85,9003200,DNSE
ACB,1D,2025-11-27 09:00:00,21.07,21.11,20.94,20.98,7791600,DNSE
ACB,1D,2025-11-28 09:00:00,20.98,21.07,20.89,20.89,5358800,DNSE
ACB,1D,2025-12-01 09:00:00,20.94,20.98,20.68,20.68,9243000,DNSE
ACB,1D,2025-12-02 09:00:00,20.72,20.81,20.55,20.63,15503200,DNSE
ACB,1D,2025-12-03 09:00:00,20.68,21.15,20.68,21.07,16051700,DNSE
ACB,1D,2025-12-04 09:00:00,21.15,21.54,21.11,21.45,12219800,DNSE
ACB,1D,2025-12-05 09:00:00,21.45,21.54,20.98,20.98,8994300,DNSE
ACB,1D,2025-12-08 09:00:00,20.89,21.07,20.85,20.85,4935600,DNSE
ACB,1D,2025-12-09 09:00:00,20.85,20.89,20.68,20.76,11326500,DNSE
ACB,1D,2025-12-10 09:00:00,20.81,20.94,20.72,20.76,5460100,DNSE
ACB,1D,2025-12-11 09:00:00,20.89,20.89,20.63,20.63,7525800,DNSE
ACB,1D,2025-12-12 09:00:00,20.72,20.76,20.25,20.25,13924900,DNSE
ACB,1D,2025-12-15 09:00:00,20.25,20.33,20.2,20.29,9317100,DNSE
ACB,1D,2025-12-16 09:00:00,20.29,21.37,20.2,20.68,9830200,DNSE
ACB,1D,2025-12-17 09:00:00,20.72,20.81,20.59,20.68,6430600,DNSE
ACB,1D,2025-12-18 09:00:00,20.68,20.68,20.51,20.55,3558000,DNSE
ACB,1D,2025-12-19 09:00:00,20.59,20.72,20.55,20.59,3538700,DNSE
ACB,1D,2025-12-22 09:00:00,20.68,21.07,20.59,20.94,10013100,DNSE
ACB,1D,2025-12-23 09:00:00,21.07,21.19,20.63,20.85,8578300,DNSE
ACB,1D,2025-12-24 09:00:00,20.81,21.07,20.63,20.94,8709200,DNSE
ACB,1D,2025-12-25 09:00:00,20.94,21.19,20.68,20.68,7250600,DNSE
ACB,1D,2025-12-26 09:00:00,20.59,20.72,20.38,20.59,7831900,DNSE
ACB,1D,2025-12-29 09:00:00,20.55,20.76,20.51,20.68,3770400,DNSE
ACB,1D,2025-12-30 09:00:00,20.68,20.85,20.59,20.76,5337300,DNSE
ACB,1D,2025-12-31 09:00:00,20.81,20.89,20.59,20.68,5932900,DNSE
ACB,1D,2026-01-05 09:00:00,20.68,20.76,20.55,20.68,8986200,DNSE
ACB,1D,2026-01-06 09:00:00,20.72,20.76,20.46,20.68,12736300,DNSE
ACB,1D,2026-01-07 09:00:00,20.85,21.32,20.76,21.24,22731900,DNSE
ACB,1D,2026-01-08 09:00:00,21.32,21.58,21.11,21.15,24925700,DNSE
ACB,1D,2026-01-09 09:00:00,21.28,21.5,21.11,21.15,16460000,DNSE
ACB,1D,2026-01-12 09:00:00,21.24,21.97,21.24,21.97,22302500,DNSE
ACB,1D,2026-01-13 09:00:00,22.14,22.23,21.45,21.45,24138300,DNSE
ACB,1D,2026-01-14 09:00:00,21.54,21.67,21.11,21.24,19456100,DNSE
ACB,1D,2026-01-15 09:00:00,21.41,21.45,21.15,21.45,14169900,DNSE
ACB,1D,2026-01-16 09:00:00,21.54,21.63,21.24,21.41,10941400,DNSE
ACB,1D,2026-01-19 09:00:00,21.45,21.67,21.32,21.63,10927600,DNSE
ACB,1D,2026-01-20 09:00:00,21.63,21.8,21.54,21.58,18384900,DNSE
ACB,1D,2026-01-21 09:00:00,21.54,21.67,21.32,21.41,12924400,DNSE
ACB,1D,2026-01-22 09:00:00,21.45,21.58,21.37,21.41,10084800,DNSE
ACB,1D,2026-01-23 09:00:00,21.54,21.63,21.45,21.58,11781000,DNSE
ACB,1D,2026-01-26 09:00:00,21.58,21.63,21.24,21.37,13742900,DNSE
ACB,1D,2026-01-27 09:00:00,21.19,21.37,21.07,21.28,12471600,DNSE
ACB,1D,2026-01-28 09:00:00,21.07,21.11,20.55,20.59,32294900,DNSE
ACB,1D,2026-01-29 09:00:00,20.68,20.81,20.46,20.51,20344800,DNSE
ACB,1D,2026-01-30 09:00:00,20.55,20.76,20.51,20.76,15667300,DNSE
ACB,1D,2026-02-02 09:00:00,20.72,20.72,20.42,20.46,14303300,DNSE
ACB,1D,2026-02-03 09:00:00,20.51,20.59,20.42,20.42,17659700,DNSE
ACB,1D,2026-02-04 09:00:00,20.42,20.51,20.29,20.33,17881700,DNSE
ACB,1D,2026-02-05 09:00:00,20.38,20.42,20.2,20.2,14043600,DNSE
ACB,1D,2026-02-06 09:00:00,20.16,20.2,19.82,19.82,18597300,DNSE
ACB,1D,2026-02-09 09:00:00,19.99,20.12,19.73,19.77,11128300,DNSE
ACB,1D,2026-02-10 09:00:00,19.9,19.95,19.69,19.82,14120400,DNSE
ACB,1D,2026-02-11 09:00:00,19.86,20.38,19.86,20.38,17796900,DNSE
ACB,1D,2026-02-12 09:00:00,20.38,20.55,20.29,20.55,17469600,DNSE
ACB,1D,2026-02-13 09:00:00,20.55,20.59,20.42,20.55,13629700,DNSE
ACB,1D,2026-02-23 09:00:00,20.68,20.76,20.55,20.72,11535400,DNSE
ACB,1D,2026-02-24 09:00:00,20.76,20.76,20.68,20.68,13798400,DNSE
ACB,1D,2026-02-25 09:00:00,20.76,21.07,20.72,21.07,16965000,DNSE
ACB,1D,2026-02-26 09:00:00,21.11,21.15,20.89,21.07,13367200,DNSE
ACB,1D,2026-02-27 09:00:00,21.07,21.19,20.85,21.15,11051000,DNSE
ACB,1D,2026-03-02 09:00:00,20.68,20.85,20.59,20.63,19337800,DNSE
ACB,1D,2026-03-03 09:00:00,20.63,20.89,20.25,20.25,14088200,DNSE
ACB,1D,2026-03-04 09:00:00,20.25,20.33,19.9,19.99,21996800,DNSE
ACB,1D,2026-03-05 09:00:00,20.25,20.29,19.99,20.29,9923300,DNSE
ACB,1D,2026-03-06 09:00:00,20.25,20.33,19.99,20.07,11699100,DNSE
ACB,1D,2026-03-09 09:00:00,19.04,19.51,18.7,18.7,35451400,DNSE
ACB,1D,2026-03-10 09:00:00,19.43,19.99,18.95,19.95,23159600,DNSE
ACB,1D,2026-03-11 09:00:00,19.86,20.33,19.82,19.99,18301200,DNSE
ACB,1D,2026-03-12 09:00:00,19.82,20.03,19.47,19.95,15668600,DNSE
ACB,1D,2026-03-13 09:00:00,19.77,20.2,19.64,20.2,15525700,DNSE
ACB,1D,2026-03-16 09:00:00,20.16,20.2,20.03,20.2,9534100,DNSE
ACB,1D,2026-03-17 09:00:00,20.25,20.55,20.25,20.46,9847800,DNSE
ACB,1D,2026-03-18 09:00:00,20.46,20.59,20.29,20.46,10506600,DNSE
ACB,1D,2026-03-19 09:00:00,20.25,20.51,20.03,20.33,16614600,DNSE
ACB,1D,2026-03-20 09:00:00,20.16,20.25,19.82,19.82,13775200,DNSE
ACB,1D,2026-03-23 09:00:00,19.77,19.77,19.34,19.39,15858400,DNSE
ACB,1D,2026-03-24 09:00:00,19.6,19.9,19.6,19.9,14004000,DNSE
ACB,1D,2026-03-25 09:00:00,19.99,20.51,19.95,20.51,12449400,DNSE
ACB,1D,2026-03-26 09:00:00,20.42,20.42,20.07,20.33,8294500,DNSE
ACB,1D,2026-03-27 09:00:00,20.16,20.51,20.07,20.51,7638400,DNSE
ACB,1D,2026-03-30 09:00:00,20.07,20.51,20.07,20.46,7414700,DNSE
ACB,1D,2026-03-31 09:00:00,20.38,20.55,20.2,20.29,13096000,DNSE
ACB,1D,2026-04-01 09:00:00,20.55,20.59,20.42,20.51,9883500,DNSE
ACB,1D,2026-04-02 09:00:00,20.42,20.42,20.07,20.33,9767900,DNSE
ACB,1D,2026-04-03 09:00:00,20.33,20.42,20.03,20.25,11386300,DNSE
ACB,1D,2026-04-06 09:00:00,20.25,20.25,19.99,20.03,5554000,DNSE
ACB,1D,2026-04-07 09:00:00,20.03,20.16,19.95,19.99,10472700,DNSE
ACB,1D,2026-04-08 09:00:00,20.42,20.81,20.29,20.76,19727300,DNSE
ACB,1D,2026-04-09 09:00:00,20.72,20.72,20.46,20.55,5141500,DNSE
ACB,1D,2026-04-10 09:00:00,20.76,20.85,20.55,20.55,8136300,DNSE
ACB,1D,2026-04-13 09:00:00,20.51,20.68,20.29,20.46,8083900,DNSE
ACB,1D,2026-04-14 09:00:00,20.63,20.81,20.51,20.68,15449600,DNSE
ACB,1D,2026-04-15 09:00:00,20.81,20.85,20.51,20.51,7254600,DNSE
ACB,1D,2026-04-16 09:00:00,20.59,20.59,20.33,20.38,8623100,DNSE
ACB,1D,2026-04-17 09:00:00,20.42,20.55,20.38,20.46,6073500,DNSE
ACB,1D,2026-04-20 09:00:00,20.55,20.68,20.46,20.63,8670200,DNSE
ACB,1D,2026-04-21 09:00:00,20.68,20.72,20.46,20.46,6823700,DNSE
ACB,1D,2026-04-22 09:00:00,20.46,20.51,20.29,20.33,8805900,DNSE
ACB,1D,2026-04-23 09:00:00,20.29,20.59,20.25,20.25,14035700,DNSE
ACB,1D,2026-04-24 09:00:00,20.29,20.33,20.07,20.16,17478700,DNSE
ACB,1D,2026-04-28 09:00:00,20.16,20.25,20.12,20.25,7240400,DNSE
ACB,1D,2026-04-29 09:00:00,20.25,20.29,20.07,20.25,8936800,DNSE
ACB,1D,2026-05-04 09:00:00,20.29,20.29,19.9,19.9,12018500,DNSE
ACB,1D,2026-05-05 09:00:00,19.9,19.95,19.39,19.47,28808700,DNSE
ACB,1D,2026-05-06 09:00:00,19.51,20.03,19.51,19.9,19398600,DNSE
ACB,1D,2026-05-07 09:00:00,19.9,19.99,19.69,19.73,20236200,DNSE
ACB,1D,2026-05-08 09:00:00,19.73,19.86,19.69,19.69,15734200,DNSE
ACB,1D,2026-05-11 09:00:00,19.82,19.82,19.6,19.6,12866600,DNSE
ACB,1D,2026-05-12 09:00:00,19.64,19.69,19.51,19.56,10943200,DNSE
ACB,1D,2026-05-13 09:00:00,19.56,19.6,19.3,19.39,21238100,DNSE
ACB,1D,2026-05-14 09:00:00,19.39,19.73,19.39,19.64,16144400,DNSE
ACB,1D,2026-05-15 09:00:00,19.64,20.12,19.64,20.07,21591900,DNSE
ACB,1D,2026-05-18 09:00:00,19.9,20.03,19.73,19.82,11124600,DNSE
ACB,1D,2026-05-19 09:00:00,19.82,19.9,19.64,19.64,15520700,DNSE
ACB,1D,2026-05-20 09:00:00,19.64,19.64,19.34,19.51,22390400,DNSE
ACB,1D,2026-05-21 09:00:00,19.56,19.73,19.51,19.64,13391700,DNSE
ACB,1D,2026-05-22 09:00:00,19.64,19.77,19.56,19.69,10675400,DNSE
ACB,1D,2026-05-25 09:00:00,19.77,20.33,19.77,20.29,30477300,DNSE
ACB,1D,2026-05-26 09:00:00,20.33,21.45,20.29,21.37,58824300,DNSE
ACB,1D,2026-05-27 09:00:00,21.41,21.93,21.15,21.71,40506300,DNSE
ACB,1D,2026-05-28 09:00:00,21.63,21.8,21.24,21.24,21718800,DNSE
ACB,1D,2026-05-29 09:00:00,21.11,21.71,21.11,21.45,16936300,DNSE
ACB,1D,2026-06-01 09:00:00,21.45,21.58,21.15,21.45,15967100,DNSE
ACB,1D,2026-06-02 09:00:00,21.45,21.88,21.32,21.63,33097100,DNSE
ACB,1D,2026-06-03 09:00:00,21.45,22.57,21.45,22.4,60761100,DNSE
ACB,1D,2026-06-04 09:00:00,22.4,22.83,22.31,22.62,46895000,DNSE
ACB,1D,2026-06-05 09:00:00,22.57,22.66,22.27,22.53,27586000,DNSE
ACB,1D,2026-06-08 09:00:00,22.14,22.4,21.67,21.75,27681100,DNSE
ACB,1D,2026-06-09 09:00:00,21.84,22.83,21.84,22.83,48784500,DNSE
ACB,1D,2026-06-10 09:00:00,22.83,23.31,22.53,22.83,38019700,DNSE
ACB,1D,2026-06-11 09:00:00,22.57,22.87,22.57,22.83,23602400,DNSE
ACB,1D,2026-06-12 09:00:00,23.0,23.35,22.83,22.83,61171200,DNSE
ACB,1D,2026-06-15 09:00:00,23.1,23.1,22.5,22.75,15977500,DNSE
ACB,1D,2026-06-16 09:00:00,22.8,22.85,22.3,22.3,13315500,DNSE
ACB,1D,2026-06-17 09:00:00,22.3,22.3,21.9,22.0,20836600,DNSE
ACB,1D,2026-06-18 09:00:00,22.0,22.55,22.0,22.4,12557300,DNSE
ACB,1D,2026-06-19 09:00:00,22.4,22.45,22.05,22.2,7430200,DNSE
ACB,1D,2026-06-22 09:00:00,22.2,22.3,21.95,22.0,9935100,DNSE
ACB,1D,2026-06-23 09:00:00,22.0,22.85,21.9,22.35,22597900,DNSE
ACB,1D,2026-06-24 09:00:00,22.35,22.7,22.3,22.5,10833000,DNSE
ACB,1D,2026-06-25 09:00:00,22.55,22.7,22.35,22.4,10304900,DNSE
ACB,1D,2026-06-26 09:00:00,22.35,22.65,22.35,22.6,10774200,DNSE
ACB,1D,2026-06-29 09:00:00,22.6,23.0,22.6,22.9,13106300,DNSE
ACB,1D,2026-06-30 09:00:00,22.95,22.95,22.6,22.65,6785500,DNSE
ACB,1D,2026-07-01 09:00:00,22.65,22.8,22.45,22.65,10671800,DNSE
ACB,1D,2026-07-02 09:00:00,22.65,23.0,22.55,22.65,10197900,DNSE
ACB,1D,2026-07-03 09:00:00,22.55,22.65,22.45,22.65,10682700,DNSE
ACB,1D,2026-07-06 09:00:00,22.65,22.7,22.05,22.2,12785000,DNSE
ACB,1D,2026-07-07 09:00:00,22.2,22.6,22.15,22.6,11125100,DNSE
ACB,1D,2026-07-08 09:00:00,22.6,22.85,22.55,22.7,9270600,DNSE
ACB,1D,2026-07-09 09:00:00,22.6,23.2,22.45,22.8,18929000,DNSE
ACB,1D,2026-07-10 09:00:00,22.8,22.85,22.55,22.55,7372900,DNSE
ACB,1D,2026-07-13 09:00:00,22.5,22.65,22.3,22.45,15406600,DNSE
ACB,1D,2026-07-14 09:00:00,22.35,23.1,22.3,22.85,18290500,DNSE
ACB,1D,2026-07-15 09:00:00,22.85,23.3,22.75,23.1,23294700,DNSE
ACB,1D,2026-07-16 09:00:00,22.95,23.75,22.95,23.75,45574000,DNSE
ACB,1D,2026-07-17 09:00:00,23.8,23.85,23.35,23.55,10238300,DNSE
ACB,1D,2026-07-20 09:00:00,23.5,23.5,22.65,22.85,22380200,DNSE
ACB,1D,2026-07-21 09:00:00,22.6,23.15,22.6,22.85,16446800,DNSE
ACB,1D,2026-07-22 09:00:00,22.95,23.1,22.4,22.4,30708700,DNSE
ACB,1D,2026-07-23 09:00:00,22.4,22.75,21.65,22.5,27165000,DNSE
ACB,1D,2026-07-24 09:00:00,22.1,22.65,22.1,22.5,13447000,DNSE
ACB,1D,2026-07-27 09:00:00,22.5,22.6,22.3,22.3,18914800,DNSE
ACB,1D,2026-07-28 09:00:00,22.15,22.65,22.1,22.5,15653800,DNSE
ACB,1D,2026-07-29 09:00:00,22.35,22.55,22.1,22.3,11700900,DNSE
ACB,1D,2026-07-30 09:00:00,22.2,22.55,22.15,22.35,12071600,DNSE
ACB,1D,2026-07-31 09:00:00,22.6,22.6,21.8,21.9,15165000,DNSE
ACB,1D,2026-08-03 09:00:00,22.0,22.55,21.95,22.55,9511900,DNSE
ACB,1D,2026-08-04 09:00:00,22.6,22.65,22.25,22.45,10497900,DNSE
ACB,1D,2026-08-05 09:00:00,22.45,22.55,22.25,22.45,11224100,DNSE
ACB,1D,2026-08-06 09:00:00,22.4,22.5,22.15,22.15,8170300,DNSE
ACB,1D,2026-08-07 09:00:00,22.05,22.5,22.05,22.4,9526200,DNSE
ACB,1D,2026-08-10 09:00:00,22.4,22.8,22.35,22.65,12233400,DNSE
ACB,1D,2026-08-11 09:00:00,22.65,22.75,22.5,22.65,9756800,DNSE
ACB,1D,2026-08-12 09:00:00,22.65,22.8,22.6,22.75,10994300,DNSE
ACB,1D,2026-08-13 09:00:00,22.75,22.8,22.2,22.2,11815100,DNSE
ACB,1D,2026-08-14 09:00:00,22.2,22.3,22.1,22.15,7123300,DNSE
ACB,1D,2026-08-17 09:00:00,22.15,22.3,21.85,21.85,8429500,DNSE
ACB,1D,2026-08-18 09:00:00,21.85,22.1,21.55,21.65,7316500,DNSE
ACB,1D,2026-08-19 09:00:00,21.65,21.9,21.6,21.8,6245800,DNSE
ACB,1D,2026-08-20 09:00:00,21.85,22.1,21.85,21.95,7594400,DNSE
ACB,1D,2026-08-21 09:00:00,21.95,22.75,21.9,22.75,12170700,DNSE
ACB,1D,2026-08-24 09:00:00,22.75,22.75,22.45,22.5,6381200,DNSE
ACB,1D,2026-08-25 09:00:00,22.5,22.7,22.2,22.2,7780000,DNSE
ACB,1D,2026-08-26 09:00:00,22.25,22.45,22.15,22.25,7440600,DNSE
ACB,1D,2026-08-27 09:00:00,22.25,22.65,22.25,22.6,7430300,DNSE
ACB,1D,2026-08-28 09:00:00,22.6,22.7,22.45,22.65,5560400,DNSE
ACB,1D,2026-09-03 09:00:00,22.55,22.55,22.2,22.2,10284000,DNSE
ACB,1D,2026-09-04 09:00:00,22.2,22.4,22.15,22.2,7950500,DNSE
ACB,1D,2026-09-07 09:00:00,22.2,22.35,22.15,22.25,3963500,DNSE
ACB,1D,2026-09-08 09:00:00,22.3,22.35,22.2,22.3,2754600,DNSE
ACB,1D,2026-09-09 09:00:00,22.3,22.6,22.2,22.45,7439600,DNSE
ACB,1D,2026-09-10 09:00:00,22.45,22.5,22.35,22.4,3925600,DNSE
ACB,1D,2026-09-11 09:00:00,22.3,22.35,22.0,22.05,8653100,DNSE
ACB,1D,2026-09-14 09:00:00,22.05,22.15,21.95,22.05,5907500,DNSE
ACB,1D,2026-09-15 09:00:00,22.2,22.3,22.0,22.1,6877300,DNSE
ACB,1D,2026-09-16 09:00:00,22.1,22.6,22.05,22.6,8017800,DNSE
ACB,1D,2026-09-17 09:00:00,22.45,22.8,22.35,22.8,9239200,DNSE
ACB,1D,2026-09-18 09:00:00,22.8,22.85,21.9,21.9,10475900,DNSE
BID,1D,2025-10-01 09:00:00,36.61,37.19,36.42,36.65,1783000,DNSE
BID,1D,2025-10-02 09:00:00,36.75,37.24,36.61,36.7,2735400,DNSE
BID,1D,2025-10-03 09:00:00,36.61,36.75,36.42,36.42,2515700,DNSE
BID,1D,2025-10-06 09:00:00,36.88,37.43,36.65,37.29,3058100,DNSE
BID,1D,2025-10-07 09:00:00,37.52,37.52,37.01,37.05,2418400,DNSE
BID,1D,2025-10-08 09:00:00,37.43,37.43,36.83,37.01,4602600,DNSE
BID,1D,2025-10-09 09:00:00,37.1,37.48,36.97,37.34,4346900,DNSE
BID,1D,2025-10-10 09:00:00,37.43,37.97,37.43,37.7,6794000,DNSE
BID,1D,2025-10-13 09:00:00,37.52,37.65,37.29,37.43,4326200,DNSE
BID,1D,2025-10-14 09:00:00,37.57,37.7,36.64,36.64,7724500,DNSE
BID,1D,2025-10-15 09:00:00,36.74,37.15,36.41,36.41,4329400,DNSE
BID,1D,2025-10-16 09:00:00,36.41,36.77,36.27,36.77,3801100,DNSE
BID,1D,2025-10-17 09:00:00,36.77,36.82,36.13,36.13,4176200,DNSE
BID,1D,2025-10-20 09:00:00,36.03,36.13,33.77,33.77,7393700,DNSE
BID,1D,2025-10-21 09:00:00,33.82,34.7,33.82,34.28,4500300,DNSE
BID,1D,2025-10-22 09:00:00,34.7,34.7,33.77,34.41,3971100,DNSE
BID,1D,2025-10-23 09:00:00,34.24,34.65,34.1,34.14,2708600,DNSE
BID,1D,2025-10-24 09:00:00,34.24,34.33,33.5,34.14,3489900,DNSE
BID,1D,2025-10-27 09:00:00,34.19,34.41,33.77,33.77,2062600,DNSE
BID,1D,2025-10-28 09:00:00,33.86,34.37,33.86,34.33,2793500,DNSE
BID,1D,2025-10-29 09:00:00,34.7,35.07,34.51,34.98,3204200,DNSE
BID,1D,2025-10-30 09:00:00,35.12,35.39,34.79,35.07,2599600,DNSE
BID,1D,2025-10-31 09:00:00,35.15,35.15,34.6,34.6,2380000,DNSE
BID,1D,2025-11-03 09:00:00,34.79,34.98,34.33,34.33,2453800,DNSE
BID,1D,2025-11-04 09:00:00,34.33,35.15,34.14,35.07,3482600,DNSE
BID,1D,2025-11-05 09:00:00,34.79,35.9,34.79,35.76,3945700,DNSE
BID,1D,2025-11-06 09:00:00,35.81,35.99,35.48,35.62,2392700,DNSE
BID,1D,2025-11-07 09:00:00,35.48,35.76,34.65,34.7,3220900,DNSE
BID,1D,2025-11-10 09:00:00,34.7,35.15,34.51,34.6,2337400,DNSE
BID,1D,2025-11-11 09:00:00,34.79,35.29,34.79,35.15,2393800,DNSE
BID,1D,2025-11-12 09:00:00,35.34,35.53,34.98,35.39,2029800,DNSE
BID,1D,2025-11-13 09:00:00,35.39,35.58,35.15,35.44,1942700,DNSE
BID,1D,2025-11-14 09:00:00,35.34,35.62,35.34,35.48,2234600,DNSE
BID,1D,2025-11-17 09:00:00,35.48,35.67,35.44,35.53,1422700,DNSE
BID,1D,2025-11-18 09:00:00,35.62,35.62,35.39,35.53,1451400,DNSE
BID,1D,2025-11-19 09:00:00,35.44,35.58,35.25,35.25,1302400,DNSE
BID,1D,2025-11-20 09:00:00,35.34,35.34,35.07,35.12,1467900,DNSE
BID,1D,2025-11-21 09:00:00,35.07,35.07,34.6,34.79,1247000,DNSE
BID,1D,2025-11-24 09:00:00,34.79,35.12,34.79,34.84,1091700,DNSE
BID,1D,2025-11-25 09:00:00,34.98,34.98,34.24,34.24,1798100,DNSE
BID,1D,2025-11-26 09:00:00,34.28,34.74,34.28,34.56,1237300,DNSE
BID,1D,2025-11-27 09:00:00,34.65,34.88,34.51,34.74,1071300,DNSE
BID,1D,2025-11-28 09:00:00,34.74,34.79,34.33,34.33,878600,DNSE
BID,1D,2025-12-01 09:00:00,34.41,34.51,34.19,34.19,1458900,DNSE
BID,1D,2025-12-02 09:00:00,34.19,34.28,33.91,34.1,1590300,DNSE
BID,1D,2025-12-03 09:00:00,34.24,35.58,34.24,35.53,4011700,DNSE
BID,1D,2025-12-04 09:00:00,35.62,35.67,35.2,35.34,2052100,DNSE
BID,1D,2025-12-05 09:00:00,35.44,35.58,34.98,34.98,1626100,DNSE
BID,1D,2025-12-08 09:00:00,34.98,35.12,34.65,34.7,1702000,DNSE
BID,1D,2025-12-09 09:00:00,34.7,35.12,34.33,34.65,3264300,DNSE
BID,1D,2025-12-10 09:00:00,34.7,35.07,34.65,34.88,1904100,DNSE
BID,1D,2025-12-11 09:00:00,34.88,35.25,34.79,34.79,1133200,DNSE
BID,1D,2025-12-12 09:00:00,34.88,34.88,34.24,34.24,1877500,DNSE
BID,1D,2025-12-15 09:00:00,34.28,34.37,34.14,34.24,1243400,DNSE
BID,1D,2025-12-16 09:00:00,34.33,34.93,34.1,34.6,2060100,DNSE
BID,1D,2025-12-17 09:00:00,34.65,35.62,34.65,35.15,4085100,DNSE
BID,1D,2025-12-18 09:00:00,35.25,35.44,35.07,35.15,1238300,DNSE
BID,1D,2025-12-19 09:00:00,35.15,35.29,34.79,34.88,2050700,DNSE
BID,1D,2025-12-22 09:00:00,34.88,35.58,34.84,35.53,2714700,DNSE
BID,1D,2025-12-23 09:00:00,35.62,35.9,35.07,35.15,1919100,DNSE
BID,1D,2025-12-24 09:00:00,35.15,35.58,34.98,35.53,1986000,DNSE
BID,1D,2025-12-25 09:00:00,35.53,36.03,35.48,35.9,3728800,DNSE
BID,1D,2025-12-26 09:00:00,35.58,35.9,35.15,35.9,2657200,DNSE
BID,1D,2025-12-29 09:00:00,35.9,35.99,35.72,35.9,1644300,DNSE
BID,1D,2025-12-30 09:00:00,35.9,36.87,35.76,36.46,5379000,DNSE
BID,1D,2025-12-31 09:00:00,36.55,36.6,35.99,35.99,1630700,DNSE
BID,1D,2026-01-05 09:00:00,35.95,35.99,35.07,35.58,3885400,DNSE
BID,1D,2026-01-06 09:00:00,35.44,35.99,34.98,35.99,4854900,DNSE
BID,1D,2026-01-07 09:00:00,36.55,38.31,36.55,37.89,13409700,DNSE
BID,1D,2026-01-08 09:00:00,38.21,40.53,37.84,39.83,27506700,DNSE
BID,1D,2026-01-09 09:00:00,40.53,42.6,40.43,42.6,22918600,DNSE
BID,1D,2026-01-12 09:00:00,44.32,45.57,43.48,45.57,7783600,DNSE
BID,1D,2026-01-13 09:00:00,45.66,47.74,44.96,47.19,21869900,DNSE
BID,1D,2026-01-14 09:00:00,47.0,50.43,46.45,50.43,17646800,DNSE
BID,1D,2026-01-15 09:00:00,48.67,49.96,46.91,46.91,26455700,DNSE
BID,1D,2026-01-16 09:00:00,47.19,50.15,46.63,47.27,13973800,DNSE
BID,1D,2026-01-19 09:00:00,47.27,48.67,46.72,48.11,9409600,DNSE
BID,1D,2026-01-20 09:00:00,48.94,51.17,48.3,49.22,15547500,DNSE
BID,1D,2026-01-21 09:00:00,48.67,49.87,47.27,49.03,11935000,DNSE
BID,1D,2026-01-22 09:00:00,49.5,52.37,47.74,48.11,18089900,DNSE
BID,1D,2026-01-23 09:00:00,47.93,48.86,46.91,47.0,10080300,DNSE
BID,1D,2026-01-26 09:00:00,47.19,48.67,47.0,48.58,11947600,DNSE
BID,1D,2026-01-27 09:00:00,48.58,48.86,45.8,48.67,12478800,DNSE
BID,1D,2026-01-28 09:00:00,49.41,51.72,47.56,48.02,17897800,DNSE
BID,1D,2026-01-29 09:00:00,47.93,48.86,47.19,48.02,7082200,DNSE
BID,1D,2026-01-30 09:00:00,48.39,50.43,48.02,49.87,13696100,DNSE
BID,1D,2026-02-02 09:00:00,49.77,51.07,48.2,50.89,11934200,DNSE
BID,1D,2026-02-03 09:00:00,51.53,52.27,49.96,50.05,11573700,DNSE
BID,1D,2026-02-04 09:00:00,49.96,50.34,48.67,49.03,9645300,DNSE
BID,1D,2026-02-05 09:00:00,49.03,49.32,47.65,47.65,9817200,DNSE
BID,1D,2026-02-06 09:00:00,46.91,48.39,46.91,47.56,9885700,DNSE
BID,1D,2026-02-09 09:00:00,47.93,47.93,46.82,46.82,3595300,DNSE
BID,1D,2026-02-10 09:00:00,46.45,46.72,43.58,43.58,22973600,DNSE
BID,1D,2026-02-11 09:00:00,43.07,45.1,42.65,44.87,8738800,DNSE
BID,1D,2026-02-12 09:00:00,44.69,44.87,43.81,44.0,4806600,DNSE
BID,1D,2026-02-13 09:00:00,44.0,44.13,43.3,43.39,6762700,DNSE
BID,1D,2026-02-23 09:00:00,44.04,45.98,43.62,45.43,7557400,DNSE
BID,1D,2026-02-24 09:00:00,45.75,45.75,44.83,45.1,5739400,DNSE
BID,1D,2026-02-25 09:00:00,45.29,46.22,44.87,44.87,8375400,DNSE
BID,1D,2026-02-26 09:00:00,44.92,45.24,44.18,44.83,4690300,DNSE
BID,1D,2026-02-27 09:00:00,44.83,45.43,43.95,44.32,6519700,DNSE
BID,1D,2026-03-02 09:00:00,42.6,43.86,41.82,41.82,11738000,DNSE
BID,1D,2026-03-03 09:00:00,41.72,42.46,40.25,40.29,15198300,DNSE
BID,1D,2026-03-04 09:00:00,40.15,42.19,40.15,42.19,10734400,DNSE
BID,1D,2026-03-05 09:00:00,42.65,42.65,41.08,41.08,6063200,DNSE
BID,1D,2026-03-06 09:00:00,40.71,41.63,39.79,40.29,5423100,DNSE
BID,1D,2026-03-09 09:00:00,37.52,37.93,37.52,37.52,6134800,DNSE
BID,1D,2026-03-10 09:00:00,38.39,39.6,36.55,38.67,14055500,DNSE
BID,1D,2026-03-11 09:00:00,38.21,39.19,38.21,38.58,6154500,DNSE
BID,1D,2026-03-12 09:00:00,38.67,38.77,37.61,37.7,6452900,DNSE
BID,1D,2026-03-13 09:00:00,37.57,38.17,36.96,37.61,7923500,DNSE
BID,1D,2026-03-16 09:00:00,37.48,38.12,37.01,37.29,5174500,DNSE
BID,1D,2026-03-17 09:00:00,37.75,38.21,37.34,37.43,6922000,DNSE
BID,1D,2026-03-18 09:00:00,38.03,39.79,37.93,38.21,14609300,DNSE
BID,1D,2026-03-19 09:00:00,37.84,38.03,37.1,37.61,6392700,DNSE
BID,1D,2026-03-20 09:00:00,37.61,38.03,36.64,36.77,10147300,DNSE
BID,1D,2026-03-23 09:00:00,36.46,36.5,35.25,35.58,10634100,DNSE
BID,1D,2026-03-24 09:00:00,36.36,36.64,35.62,36.17,6990400,DNSE
BID,1D,2026-03-25 09:00:00,36.55,36.69,35.99,36.55,8722100,DNSE
BID,1D,2026-03-26 09:00:00,36.55,36.74,35.99,35.99,6156000,DNSE
BID,1D,2026-03-27 09:00:00,35.99,36.91,35.99,36.87,8196600,DNSE
BID,1D,2026-03-30 09:00:00,36.17,36.6,36.03,36.5,6075800,DNSE
BID,1D,2026-03-31 09:00:00,36.64,36.82,36.17,36.46,7278600,DNSE
BID,1D,2026-04-01 09:00:00,37.01,37.57,36.74,37.24,10071800,DNSE
BID,1D,2026-04-02 09:00:00,37.01,37.01,36.46,36.74,7101700,DNSE
BID,1D,2026-04-03 09:00:00,36.74,36.77,36.13,36.13,7279600,DNSE
BID,1D,2026-04-06 09:00:00,36.13,36.46,35.76,36.41,5679400,DNSE
BID,1D,2026-04-07 09:00:00,36.46,36.55,36.08,36.46,4798100,DNSE
BID,1D,2026-04-08 09:00:00,37.48,38.36,37.05,38.36,15053900,DNSE
BID,1D,2026-04-09 09:00:00,37.93,38.07,37.48,37.57,8138800,DNSE
BID,1D,2026-04-10 09:00:00,38.03,38.81,37.61,37.75,8968200,DNSE
BID,1D,2026-04-13 09:00:00,37.48,37.7,37.24,37.34,5770800,DNSE
BID,1D,2026-04-14 09:00:00,37.7,37.79,37.24,37.38,5565300,DNSE
BID,1D,2026-04-15 09:00:00,37.7,37.93,37.29,37.29,6296700,DNSE
BID,1D,2026-04-16 09:00:00,37.38,37.57,37.15,37.19,4295800,DNSE
BID,1D,2026-04-17 09:00:00,37.29,37.65,37.1,37.29,5789600,DNSE
BID,1D,2026-04-20 09:00:00,37.43,37.7,37.24,37.52,5993200,DNSE
BID,1D,2026-04-21 09:00:00,37.7,38.21,37.38,37.38,7980700,DNSE
BID,1D,2026-04-22 09:00:00,37.57,37.57,37.19,37.24,3619600,DNSE
BID,1D,2026-04-23 09:00:00,37.24,39.83,37.24,38.49,23927000,DNSE
BID,1D,2026-04-24 09:00:00,38.49,38.53,37.7,37.7,4703800,DNSE
BID,1D,2026-04-28 09:00:00,37.84,38.03,37.05,37.15,6600700,DNSE
BID,1D,2026-04-29 09:00:00,37.19,37.34,36.74,37.1,6693000,DNSE
BID,1D,2026-05-04 09:00:00,37.38,38.21,37.1,37.79,6495500,DNSE
BID,1D,2026-05-05 09:00:00,37.57,37.75,37.19,37.52,3474000,DNSE
BID,1D,2026-05-06 09:00:00,37.65,37.93,37.52,37.84,4399100,DNSE
BID,1D,2026-05-07 09:00:00,38.12,38.21,37.75,37.79,7167000,DNSE
BID,1D,2026-05-08 09:00:00,37.79,39.6,37.79,39.23,23775900,DNSE
BID,1D,2026-05-11 09:00:00,39.51,39.51,38.39,38.39,6557100,DNSE
BID,1D,2026-05-12 09:00:00,38.44,38.63,37.98,38.63,6207800,DNSE
BID,1D,2026-05-13 09:00:00,38.67,39.79,38.07,39.6,15229800,DNSE
BID,1D,2026-05-14 09:00:00,39.69,40.94,39.65,40.29,11071100,DNSE
BID,1D,2026-05-15 09:00:00,40.71,40.71,39.65,39.74,10515600,DNSE
BID,1D,2026-05-18 09:00:00,39.6,42.1,39.05,41.91,17432500,DNSE
BID,1D,2026-05-19 09:00:00,42.01,42.93,39.97,40.94,19441800,DNSE
BID,1D,2026-05-20 09:00:00,40.48,40.89,38.77,40.62,10319200,DNSE
BID,1D,2026-05-21 09:00:00,41.08,41.36,40.25,40.53,7402400,DNSE
BID,1D,2026-05-22 09:00:00,40.57,40.57,39.46,39.79,6357600,DNSE
BID,1D,2026-05-25 09:00:00,39.83,39.88,39.23,39.79,5080600,DNSE
BID,1D,2026-05-26 09:00:00,39.74,40.53,39.55,40.34,4349700,DNSE
BID,1D,2026-05-27 09:00:00,40.57,40.57,39.97,40.06,3843400,DNSE
BID,1D,2026-05-28 09:00:00,40.06,40.25,39.32,39.32,4024000,DNSE
BID,1D,2026-05-29 09:00:00,39.27,39.37,38.67,38.86,5960400,DNSE
BID,1D,2026-06-01 09:00:00,38.91,39.27,38.49,38.77,4502300,DNSE
BID,1D,2026-06-02 09:00:00,38.67,39.09,38.03,38.58,4522400,DNSE
BID,1D,2026-06-03 09:00:00,38.49,39.05,38.39,38.77,2717200,DNSE
BID,1D,2026-06-04 09:00:00,38.77,39.6,38.72,39.46,3897900,DNSE
BID,1D,2026-06-05 09:00:00,39.6,39.6,38.86,38.86,2265100,DNSE
BID,1D,2026-06-08 09:00:00,38.49,38.77,37.89,37.93,5125200,DNSE
BID,1D,2026-06-09 09:00:00,38.26,38.31,37.75,38.07,2030800,DNSE
BID,1D,2026-06-10 09:00:00,38.21,39.14,38.17,38.53,3656500,DNSE
BID,1D,2026-06-11 09:00:00,38.21,38.49,38.03,38.31,1568100,DNSE
BID,1D,2026-06-12 09:00:00,38.67,38.77,37.98,37.98,3430300,DNSE
BID,1D,2026-06-15 09:00:00,38.53,38.72,38.31,38.49,2874100,DNSE
BID,1D,2026-06-16 09:00:00,38.72,39.05,38.63,38.77,3050500,DNSE
BID,1D,2026-06-17 09:00:00,38.86,39.97,38.81,39.74,8595300,DNSE
BID,1D,2026-06-18 09:00:00,39.79,39.83,39.23,39.55,4128800,DNSE
BID,1D,2026-06-19 09:00:00,39.51,39.51,38.67,38.67,4372000,DNSE
BID,1D,2026-06-22 09:00:00,38.67,39.6,38.58,39.27,4870900,DNSE
BID,1D,2026-06-23 09:00:00,39.69,40.25,39.32,39.46,8373100,DNSE
BID,1D,2026-06-24 09:00:00,39.41,39.65,38.77,38.95,2965500,DNSE
BID,1D,2026-06-25 09:00:00,38.95,39.09,38.77,38.77,2667100,DNSE
BID,1D,2026-06-26 09:00:00,38.81,38.95,38.58,38.58,3299800,DNSE
BID,1D,2026-06-29 09:00:00,38.91,39.27,38.86,39.23,2854400,DNSE
BID,1D,2026-06-30 09:00:00,39.37,39.6,39.23,39.23,2936900,DNSE
BID,1D,2026-07-01 09:00:00,39.23,40.01,39.19,39.83,5674800,DNSE
BID,1D,2026-07-02 09:00:00,39.83,39.97,39.37,39.37,2980300,DNSE
BID,1D,2026-07-03 09:00:00,39.41,39.55,38.91,39.09,3902300,DNSE
BID,1D,2026-07-06 09:00:00,39.14,39.46,38.12,38.26,5593100,DNSE
BID,1D,2026-07-07 09:00:00,38.31,38.58,38.21,38.53,2163600,DNSE
BID,1D,2026-07-08 09:00:00,38.53,38.86,38.12,38.67,2763300,DNSE
BID,1D,2026-07-09 09:00:00,38.49,38.63,38.12,38.17,2899000,DNSE
BID,1D,2026-07-10 09:00:00,38.21,38.39,37.93,37.93,2282200,DNSE
BID,1D,2026-07-13 09:00:00,37.93,37.93,36.77,36.96,6051000,DNSE
BID,1D,2026-07-14 09:00:00,36.96,37.48,36.46,37.24,2737300,DNSE
BID,1D,2026-07-15 09:00:00,37.34,37.38,36.55,36.55,2688800,DNSE
BID,1D,2026-07-16 09:00:00,36.55,36.77,35.67,36.36,4480000,DNSE
BID,1D,2026-07-17 09:00:00,36.5,36.55,36.22,36.31,1911700,DNSE
BID,1D,2026-07-20 09:00:00,36.31,36.41,34.63,34.63,5507500,DNSE
BID,1D,2026-07-21 09:00:00,34.72,35.29,34.44,34.44,3459200,DNSE
BID,1D,2026-07-22 09:00:00,34.63,34.77,33.55,33.55,6012800,DNSE
BID,1D,2026-07-23 09:00:00,33.32,34.35,32.48,33.69,5714100,DNSE
BID,1D,2026-07-24 09:00:00,33.69,34.4,33.27,33.69,2968900,DNSE
BID,1D,2026-07-27 09:00:00,33.97,34.07,32.48,32.48,3561000,DNSE
BID,1D,2026-07-28 09:00:00,32.29,33.37,32.15,32.85,2774700,DNSE
BID,1D,2026-07-29 09:00:00,33.09,33.46,32.9,33.18,2228900,DNSE
BID,1D,2026-07-30 09:00:00,33.32,34.91,33.23,34.86,6603800,DNSE
BID,1D,2026-07-31 09:00:00,34.96,36.88,34.72,35.57,9566200,DNSE
BID,1D,2026-08-03 09:00:00,35.85,36.5,35.75,35.8,4506700,DNSE
BID,1D,2026-08-04 09:00:00,35.94,36.03,35.43,35.57,3977900,DNSE
BID,1D,2026-08-05 09:00:00,35.94,36.22,35.47,35.57,3378700,DNSE
BID,1D,2026-08-06 09:00:00,35.66,35.85,35.47,35.47,2715100,DNSE
BID,1D,2026-08-07 09:00:00,35.47,36.88,35.47,36.55,8649000,DNSE
BID,1D,2026-08-10 09:00:00,37.02,37.2,36.74,36.97,3020100,DNSE
BID,1D,2026-08-11 09:00:00,36.97,37.34,36.6,36.6,4831900,DNSE
BID,1D,2026-08-12 09:00:00,36.6,36.97,36.46,36.74,2699800,DNSE
BID,1D,2026-08-13 09:00:00,36.6,37.06,36.36,36.36,5660200,DNSE
BID,1D,2026-08-14 09:00:00,36.22,36.41,35.52,35.8,4735300,DNSE
BID,1D,2026-08-17 09:00:00,36.0,36.2,35.6,35.9,2586600,DNSE
BID,1D,2026-08-18 09:00:00,36.0,36.4,35.9,36.0,2494000,DNSE
BID,1D,2026-08-19 09:00:00,36.0,36.0,35.5,35.7,2167600,DNSE
BID,1D,2026-08-20 09:00:00,35.9,36.1,35.55,35.85,2149900,DNSE
BID,1D,2026-08-21 09:00:00,36.05,36.95,35.8,36.9,4542300,DNSE
BID,1D,2026-08-24 09:00:00,37.6,37.75,36.85,36.9,3922800,DNSE
BID,1D,2026-08-25 09:00:00,36.95,37.35,36.65,36.7,4031600,DNSE
BID,1D,2026-08-26 09:00:00,36.5,36.95,36.5,36.9,3772300,DNSE
BID,1D,2026-08-27 09:00:00,36.9,37.4,36.8,36.95,3096800,DNSE
BID,1D,2026-08-28 09:00:00,36.95,37.2,36.7,36.85,3116700,DNSE
BID,1D,2026-09-03 09:00:00,36.75,36.75,36.4,36.45,3257400,DNSE
BID,1D,2026-09-04 09:00:00,36.45,36.7,36.35,36.5,2364100,DNSE
BID,1D,2026-09-07 09:00:00,36.6,36.8,36.0,36.0,2686000,DNSE
BID,1D,2026-09-08 09:00:00,36.0,36.35,35.85,36.2,1676800,DNSE
BID,1D,2026-09-09 09:00:00,36.2,36.7,36.15,36.4,2459100,DNSE
BID,1D,2026-09-10 09:00:00,36.4,36.55,36.05,36.35,2388800,DNSE
BID,1D,2026-09-11 09:00:00,36.2,36.25,35.6,35.6,4969500,DNSE
BID,1D,2026-09-14 09:00:00,35.25,35.85,35.2,35.75,3603300,DNSE
BID,1D,2026-09-15 09:00:00,35.8,37.0,35.8,36.8,5810000,DNSE
BID,1D,2026-09-16 09:00:00,36.95,36.95,36.3,36.35,2256300,DNSE
BID,1D,2026-09-17 09:00:00,36.2,36.95,36.15,36.7,3397000,DNSE
BID,1D,2026-09-18 09:00:00,36.85,37.85,35.75,35.75,12526600,DNSE
CMG,1D,2025-10-01 09:00:00,35.64,35.77,35.32,35.59,213900,DNSE
CMG,1D,2025-10-02 09:00:00,35.77,36.18,35.45,36.0,310200,DNSE
CMG,1D,2025-10-03 09:00:00,35.45,35.86,35.41,35.59,245500,DNSE
CMG,1D,2025-10-06 09:00:00,35.77,36.27,35.77,36.27,363800,DNSE
CMG,1D,2025-10-07 09:00:00,36.55,36.55,36.05,36.05,293300,DNSE
CMG,1D,2025-10-08 09:00:00,36.59,36.59,36.09,36.18,224400,DNSE
CMG,1D,2025-10-09 09:00:00,36.27,36.36,35.86,36.0,421600,DNSE
CMG,1D,2025-10-10 09:00:00,35.95,36.82,35.95,36.36,492300,DNSE
CMG,1D,2025-10-13 09:00:00,35.64,36.09,35.64,35.73,427700,DNSE
CMG,1D,2025-10-14 09:00:00,35.82,35.86,35.23,35.27,639000,DNSE
CMG,1D,2025-10-15 09:00:00,35.77,35.77,34.73,34.73,509900,DNSE
CMG,1D,2025-10-16 09:00:00,34.64,34.82,34.55,34.55,531000,DNSE
CMG,1D,2025-10-17 09:00:00,34.55,34.64,33.91,33.91,822000,DNSE
CMG,1D,2025-10-20 09:00:00,33.64,35.27,33.59,33.64,1111700,DNSE
CMG,1D,2025-10-21 09:00:00,33.73,35.77,33.73,34.91,701000,DNSE
CMG,1D,2025-10-22 09:00:00,35.0,36.0,34.41,35.0,389200,DNSE
CMG,1D,2025-10-23 09:00:00,35.36,35.36,34.18,34.18,381400,DNSE
CMG,1D,2025-10-24 09:00:00,34.45,35.86,34.23,35.23,679900,DNSE
CMG,1D,2025-10-27 09:00:00,35.45,36.45,35.18,35.91,1015700,DNSE
CMG,1D,2025-10-28 09:00:00,36.09,36.77,35.82,36.09,883700,DNSE
CMG,1D,2025-10-29 09:00:00,36.36,36.45,35.91,36.18,535600,DNSE
CMG,1D,2025-10-30 09:00:00,36.23,37.73,36.23,37.55,1539500,DNSE
CMG,1D,2025-10-31 09:00:00,37.73,38.45,37.18,38.09,1357700,DNSE
CMG,1D,2025-11-03 09:00:00,38.36,38.55,36.73,36.73,1194600,DNSE
CMG,1D,2025-11-04 09:00:00,37.27,37.27,35.14,36.0,883700,DNSE
CMG,1D,2025-11-05 09:00:00,36.05,36.64,35.64,35.73,473600,DNSE
CMG,1D,2025-11-06 09:00:00,35.77,36.45,35.55,36.0,575300,DNSE
CMG,1D,2025-11-07 09:00:00,36.18,36.32,35.0,35.32,598300,DNSE
CMG,1D,2025-11-10 09:00:00,35.36,35.36,34.18,34.23,771500,DNSE
CMG,1D,2025-11-11 09:00:00,34.27,34.59,34.09,34.18,399900,DNSE
CMG,1D,2025-11-12 09:00:00,34.41,35.0,34.32,35.0,254000,DNSE
CMG,1D,2025-11-13 09:00:00,35.0,35.27,34.5,35.05,437200,DNSE
CMG,1D,2025-11-14 09:00:00,34.91,35.05,34.55,34.64,466000,DNSE
CMG,1D,2025-11-17 09:00:00,34.73,35.27,34.73,35.09,349900,DNSE
CMG,1D,2025-11-18 09:00:00,35.09,35.32,34.95,35.14,418100,DNSE
CMG,1D,2025-11-19 09:00:00,35.14,35.14,34.64,34.95,435800,DNSE
CMG,1D,2025-11-20 09:00:00,35.05,35.05,34.68,34.77,202100,DNSE
CMG,1D,2025-11-21 09:00:00,34.64,34.68,34.27,34.55,452800,DNSE
CMG,1D,2025-11-24 09:00:00,34.27,34.82,34.27,34.68,122600,DNSE
CMG,1D,2025-11-25 09:00:00,34.64,34.77,33.86,33.86,357900,DNSE
CMG,1D,2025-11-26 09:00:00,33.86,34.45,33.68,34.09,228500,DNSE
CMG,1D,2025-11-27 09:00:00,34.09,34.55,34.09,34.14,188800,DNSE
CMG,1D,2025-11-28 09:00:00,34.18,34.41,33.95,34.0,191000,DNSE
CMG,1D,2025-12-01 09:00:00,34.5,34.5,33.77,33.95,209000,DNSE
CMG,1D,2025-12-02 09:00:00,34.0,34.0,32.86,33.23,606900,DNSE
CMG,1D,2025-12-03 09:00:00,33.41,33.64,33.0,33.5,292700,DNSE
CMG,1D,2025-12-04 09:00:00,33.5,33.95,33.45,33.64,186200,DNSE
CMG,1D,2025-12-05 09:00:00,33.64,33.91,33.36,33.36,345000,DNSE
CMG,1D,2025-12-08 09:00:00,33.36,33.64,33.09,33.14,257000,DNSE
CMG,1D,2025-12-09 09:00:00,33.14,33.18,32.73,33.18,345200,DNSE
CMG,1D,2025-12-10 09:00:00,33.45,33.45,33.18,33.23,129700,DNSE
CMG,1D,2025-12-11 09:00:00,33.27,33.82,33.18,33.32,305400,DNSE
CMG,1D,2025-12-12 09:00:00,33.32,33.32,32.55,32.55,230800,DNSE
CMG,1D,2025-12-15 09:00:00,32.05,32.59,31.82,31.91,284100,DNSE
CMG,1D,2025-12-16 09:00:00,31.91,32.41,31.36,32.32,216500,DNSE
CMG,1D,2025-12-17 09:00:00,32.45,32.82,32.36,32.55,133600,DNSE
CMG,1D,2025-12-18 09:00:00,32.55,32.55,32.0,32.14,66000,DNSE
CMG,1D,2025-12-19 09:00:00,32.23,32.23,31.36,32.0,171300,DNSE
CMG,1D,2025-12-22 09:00:00,32.0,32.36,31.91,32.18,184500,DNSE
CMG,1D,2025-12-23 09:00:00,32.36,32.77,31.82,32.18,232200,DNSE
CMG,1D,2025-12-24 09:00:00,32.64,32.64,31.77,32.0,163900,DNSE
CMG,1D,2025-12-25 09:00:00,31.82,32.23,31.73,31.82,234300,DNSE
CMG,1D,2025-12-26 09:00:00,31.82,31.86,31.0,31.73,312100,DNSE
CMG,1D,2025-12-29 09:00:00,31.82,32.23,31.64,32.18,283900,DNSE
CMG,1D,2025-12-30 09:00:00,32.36,32.64,32.14,32.41,396800,DNSE
CMG,1D,2025-12-31 09:00:00,32.59,32.68,32.32,32.36,266200,DNSE
CMG,1D,2026-01-05 09:00:00,32.36,32.36,31.64,31.68,283300,DNSE
CMG,1D,2026-01-06 09:00:00,31.68,32.14,31.41,31.77,356500,DNSE
CMG,1D,2026-01-07 09:00:00,32.05,32.91,31.91,32.73,368300,DNSE
CMG,1D,2026-01-08 09:00:00,32.73,33.64,32.73,32.95,513000,DNSE
CMG,1D,2026-01-09 09:00:00,32.95,34.5,32.95,33.68,460900,DNSE
CMG,1D,2026-01-12 09:00:00,34.36,34.36,33.59,33.59,442800,DNSE
CMG,1D,2026-01-13 09:00:00,33.68,33.91,33.36,33.45,467600,DNSE
CMG,1D,2026-01-14 09:00:00,34.25,34.4,34.0,34.1,436200,DNSE
CMG,1D,2026-01-15 09:00:00,34.5,36.45,34.1,36.45,1331200,DNSE
CMG,1D,2026-01-16 09:00:00,37.0,39.0,36.5,37.9,1592700,DNSE
CMG,1D,2026-01-19 09:00:00,38.85,38.85,37.0,37.0,685000,DNSE
CMG,1D,2026-01-20 09:00:00,37.6,37.9,36.5,37.15,1012500,DNSE
CMG,1D,2026-01-21 09:00:00,36.9,37.8,36.15,37.65,707000,DNSE
CMG,1D,2026-01-22 09:00:00,37.95,38.5,37.15,37.15,451200,DNSE
CMG,1D,2026-01-23 09:00:00,37.2,37.2,36.0,36.0,440700,DNSE
CMG,1D,2026-01-26 09:00:00,35.6,36.0,34.65,34.95,574000,DNSE
CMG,1D,2026-01-27 09:00:00,34.8,35.8,34.8,35.25,302700,DNSE
CMG,1D,2026-01-28 09:00:00,35.3,36.5,35.3,35.55,399600,DNSE
CMG,1D,2026-01-29 09:00:00,35.75,36.7,35.55,35.55,385200,DNSE
CMG,1D,2026-01-30 09:00:00,35.65,36.45,35.55,35.8,620400,DNSE
CMG,1D,2026-02-02 09:00:00,36.0,37.25,35.25,37.1,1013800,DNSE
CMG,1D,2026-02-03 09:00:00,37.5,37.8,36.8,37.1,707300,DNSE
CMG,1D,2026-02-04 09:00:00,37.05,37.7,36.75,37.0,1064900,DNSE
CMG,1D,2026-02-05 09:00:00,36.95,36.95,35.6,35.6,649900,DNSE
CMG,1D,2026-02-06 09:00:00,35.6,35.6,34.75,34.75,685900,DNSE
CMG,1D,2026-02-09 09:00:00,34.95,35.1,34.45,34.6,250200,DNSE
CMG,1D,2026-02-10 09:00:00,34.7,35.0,33.95,34.15,381200,DNSE
CMG,1D,2026-02-11 09:00:00,34.75,34.75,34.2,34.3,276200,DNSE
CMG,1D,2026-02-12 09:00:00,34.7,34.75,34.1,34.4,131600,DNSE
CMG,1D,2026-02-13 09:00:00,34.2,34.4,34.1,34.1,357800,DNSE
CMG,1D,2026-02-23 09:00:00,34.5,36.0,34.1,35.15,508900,DNSE
CMG,1D,2026-02-24 09:00:00,35.45,35.45,34.8,35.0,262900,DNSE
CMG,1D,2026-02-25 09:00:00,35.5,35.5,34.9,35.15,468100,DNSE
CMG,1D,2026-02-26 09:00:00,35.2,35.6,34.95,34.95,329900,DNSE
CMG,1D,2026-02-27 09:00:00,34.5,35.1,34.5,34.8,273400,DNSE
CMG,1D,2026-03-02 09:00:00,33.1,34.4,33.1,33.15,733400,DNSE
CMG,1D,2026-03-03 09:00:00,33.15,33.5,31.9,32.45,617800,DNSE
CMG,1D,2026-03-04 09:00:00,32.0,32.1,31.0,31.9,766700,DNSE
CMG,1D,2026-03-05 09:00:00,32.3,32.7,31.8,31.85,350900,DNSE
CMG,1D,2026-03-06 09:00:00,31.7,31.7,31.0,31.4,375200,DNSE
CMG,1D,2026-03-09 09:00:00,29.25,30.8,29.25,29.25,465500,DNSE
CMG,1D,2026-03-10 09:00:00,29.4,29.95,28.85,29.3,673500,DNSE
CMG,1D,2026-03-11 09:00:00,29.6,30.4,29.3,30.2,374400,DNSE
CMG,1D,2026-03-12 09:00:00,30.2,30.2,29.6,29.65,235600,DNSE
CMG,1D,2026-03-13 09:00:00,29.65,29.7,29.3,29.4,280900,DNSE
CMG,1D,2026-03-16 09:00:00,29.1,29.9,29.1,29.9,303400,DNSE
CMG,1D,2026-03-17 09:00:00,29.95,30.5,29.9,30.05,381500,DNSE
CMG,1D,2026-03-18 09:00:00,30.05,30.1,29.2,29.8,313300,DNSE
CMG,1D,2026-03-19 09:00:00,29.2,29.7,28.9,29.6,208700,DNSE
CMG,1D,2026-03-20 09:00:00,29.3,29.6,28.8,29.6,254400,DNSE
CMG,1D,2026-03-23 09:00:00,28.8,29.3,28.0,28.15,402900,DNSE
CMG,1D,2026-03-24 09:00:00,27.0,28.4,27.0,28.15,353100,DNSE
CMG,1D,2026-03-25 09:00:00,28.2,29.0,28.2,28.8,236200,DNSE
CMG,1D,2026-03-26 09:00:00,28.85,29.55,28.7,28.9,372800,DNSE
CMG,1D,2026-03-27 09:00:00,29.0,29.2,28.6,29.15,555400,DNSE
CMG,1D,2026-03-30 09:00:00,28.9,29.15,28.6,29.05,226000,DNSE
CMG,1D,2026-03-31 09:00:00,29.1,29.25,28.7,28.8,389200,DNSE
CMG,1D,2026-04-01 09:00:00,29.4,29.4,29.0,29.1,201600,DNSE
CMG,1D,2026-04-02 09:00:00,29.0,29.1,28.55,28.8,237600,DNSE
CMG,1D,2026-04-03 09:00:00,28.8,29.0,28.45,28.45,242800,DNSE
CMG,1D,2026-04-06 09:00:00,28.45,28.9,28.3,28.35,126500,DNSE
CMG,1D,2026-04-07 09:00:00,29.0,29.0,27.7,28.0,341700,DNSE
CMG,1D,2026-04-08 09:00:00,28.6,29.4,28.45,29.3,585000,DNSE
CMG,1D,2026-04-09 09:00:00,28.7,29.25,28.7,28.8,255200,DNSE
CMG,1D,2026-04-10 09:00:00,28.85,29.3,28.85,28.9,209600,DNSE
CMG,1D,2026-04-13 09:00:00,28.9,29.1,28.8,28.9,203600,DNSE
CMG,1D,2026-04-14 09:00:00,28.95,29.5,28.95,29.45,494100,DNSE
CMG,1D,2026-04-15 09:00:00,29.8,29.9,29.05,29.1,299000,DNSE
CMG,1D,2026-04-16 09:00:00,29.1,29.1,28.2,28.5,553600,DNSE
CMG,1D,2026-04-17 09:00:00,28.6,29.3,28.5,28.75,268700,DNSE
CMG,1D,2026-04-20 09:00:00,29.3,29.3,28.55,28.95,246400,DNSE
CMG,1D,2026-04-21 09:00:00,28.95,28.95,28.4,28.4,379400,DNSE
CMG,1D,2026-04-22 09:00:00,28.45,29.0,28.1,28.45,406900,DNSE
CMG,1D,2026-04-23 09:00:00,28.45,28.6,28.0,28.35,185800,DNSE
CMG,1D,2026-04-24 09:00:00,28.2,28.35,27.6,27.8,306900,DNSE
CMG,1D,2026-04-28 09:00:00,27.8,28.0,27.55,27.65,211200,DNSE
CMG,1D,2026-04-29 09:00:00,27.65,27.8,27.5,27.8,116200,DNSE
CMG,1D,2026-05-04 09:00:00,27.8,28.15,27.7,27.85,236600,DNSE
CMG,1D,2026-05-05 09:00:00,27.85,27.85,27.25,27.55,357500,DNSE
CMG,1D,2026-05-06 09:00:00,27.85,27.85,27.5,27.8,182100,DNSE
CMG,1D,2026-05-07 09:00:00,27.85,28.45,27.75,27.9,381700,DNSE
CMG,1D,2026-05-08 09:00:00,28.0,28.0,27.55,27.75,136000,DNSE
CMG,1D,2026-05-11 09:00:00,27.7,27.7,26.9,27.0,377900,DNSE
CMG,1D,2026-05-12 09:00:00,27.0,27.35,26.8,27.05,226400,DNSE
CMG,1D,2026-05-13 09:00:00,27.1,27.35,26.9,27.3,199200,DNSE
CMG,1D,2026-05-14 09:00:00,27.45,28.35,27.45,27.9,389700,DNSE
CMG,1D,2026-05-15 09:00:00,28.0,28.1,27.45,27.7,187300,DNSE
CMG,1D,2026-05-18 09:00:00,27.65,28.2,27.15,28.15,460700,DNSE
CMG,1D,2026-05-19 09:00:00,28.15,28.85,27.8,28.15,385200,DNSE
CMG,1D,2026-05-20 09:00:00,28.2,28.6,27.3,28.5,505300,DNSE
CMG,1D,2026-05-21 09:00:00,28.7,28.75,27.9,27.9,335300,DNSE
CMG,1D,2026-05-22 09:00:00,28.0,28.35,27.7,28.15,400300,DNSE
CMG,1D,2026-05-25 09:00:00,28.15,28.15,27.4,27.7,270500,DNSE
CMG,1D,2026-05-26 09:00:00,27.6,27.95,27.55,27.9,165900,DNSE
CMG,1D,2026-05-27 09:00:00,27.8,28.1,27.75,28.0,145700,DNSE
CMG,1D,2026-05-28 09:00:00,27.8,28.05,27.6,27.6,167100,DNSE
CMG,1D,2026-05-29 09:00:00,27.6,27.75,27.0,27.0,265800,DNSE
CMG,1D,2026-06-01 09:00:00,27.3,27.45,27.0,27.35,113800,DNSE
CMG,1D,2026-06-02 09:00:00,27.0,28.65,27.0,28.4,884100,DNSE
CMG,1D,2026-06-03 09:00:00,28.05,29.0,28.05,28.75,610700,DNSE
CMG,1D,2026-06-04 09:00:00,28.8,28.9,28.0,28.25,306100,DNSE
CMG,1D,2026-06-05 09:00:00,28.15,28.2,27.35,27.65,462900,DNSE
CMG,1D,2026-06-08 09:00:00,27.45,27.45,26.9,27.3,333700,DNSE
CMG,1D,2026-06-09 09:00:00,27.15,27.8,27.05,27.6,210100,DNSE
CMG,1D,2026-06-10 09:00:00,27.55,27.75,27.3,27.4,138300,DNSE
CMG,1D,2026-06-11 09:00:00,27.1,27.35,27.1,27.2,106800,DNSE
CMG,1D,2026-06-12 09:00:00,27.6,27.6,27.1,27.2,144900,DNSE
CMG,1D,2026-06-15 09:00:00,27.4,27.7,27.25,27.5,177700,DNSE
CMG,1D,2026-06-16 09:00:00,27.5,27.65,27.3,27.65,198900,DNSE
CMG,1D,2026-06-17 09:00:00,27.65,28.0,27.5,27.9,244100,DNSE
CMG,1D,2026-06-18 09:00:00,28.0,28.0,27.3,27.65,261500,DNSE
CMG,1D,2026-06-19 09:00:00,27.45,27.8,27.35,27.8,134400,DNSE
CMG,1D,2026-06-22 09:00:00,27.75,27.75,27.35,27.4,130900,DNSE
CMG,1D,2026-06-23 09:00:00,27.4,27.4,27.0,27.25,223900,DNSE
CMG,1D,2026-06-24 09:00:00,27.15,27.2,26.9,27.1,302800,DNSE
CMG,1D,2026-06-25 09:00:00,26.95,27.1,26.95,27.05,98700,DNSE
CMG,1D,2026-06-26 09:00:00,27.1,27.2,26.85,27.15,89700,DNSE
CMG,1D,2026-06-29 09:00:00,27.1,27.5,26.95,27.1,119100,DNSE
CMG,1D,2026-06-30 09:00:00,27.1,27.25,26.95,27.0,134500,DNSE
CMG,1D,2026-07-01 09:00:00,27.0,27.5,27.0,27.4,193800,DNSE
CMG,1D,2026-07-02 09:00:00,27.3,27.4,27.2,27.3,102400,DNSE
CMG,1D,2026-07-03 09:00:00,27.2,27.3,27.1,27.25,125100,DNSE
CMG,1D,2026-07-06 09:00:00,27.15,27.6,26.8,27.15,214600,DNSE
CMG,1D,2026-07-07 09:00:00,27.0,27.15,26.8,27.1,163500,DNSE
CMG,1D,2026-07-08 09:00:00,27.4,27.4,26.9,27.2,231900,DNSE
CMG,1D,2026-07-09 09:00:00,27.2,27.2,26.9,27.05,158000,DNSE
CMG,1D,2026-07-10 09:00:00,26.5,27.0,26.5,27.0,207900,DNSE
CMG,1D,2026-07-13 09:00:00,27.0,27.0,26.25,26.45,255600,DNSE
CMG,1D,2026-07-14 09:00:00,26.3,26.5,26.0,26.25,136100,DNSE
CMG,1D,2026-07-15 09:00:00,26.05,26.55,25.6,25.9,162800,DNSE
CMG,1D,2026-07-16 09:00:00,25.75,25.9,25.1,25.9,171100,DNSE
CMG,1D,2026-07-17 09:00:00,25.9,26.2,25.5,26.1,75200,DNSE
CMG,1D,2026-07-20 09:00:00,25.8,25.8,25.0,25.05,157200,DNSE
CMG,1D,2026-07-21 09:00:00,24.6,25.05,24.5,24.5,142100,DNSE
CMG,1D,2026-07-22 09:00:00,24.5,24.8,23.8,23.8,239000,DNSE
CMG,1D,2026-07-23 09:00:00,23.0,24.7,22.2,24.7,435400,DNSE
CMG,1D,2026-07-24 09:00:00,24.65,24.7,24.0,24.7,125200,DNSE
CMG,1D,2026-07-27 09:00:00,24.7,24.7,23.5,23.6,201200,DNSE
CMG,1D,2026-07-28 09:00:00,22.45,23.9,22.45,23.85,322200,DNSE
CMG,1D,2026-07-29 09:00:00,23.9,23.95,23.5,23.95,183900,DNSE
CMG,1D,2026-07-30 09:00:00,23.5,24.35,23.5,24.1,196400,DNSE
CMG,1D,2026-07-31 09:00:00,24.35,24.7,24.15,24.3,335600,DNSE
CMG,1D,2026-08-03 09:00:00,24.9,25.75,24.45,25.6,222300,DNSE
CMG,1D,2026-08-04 09:00:00,25.6,25.7,25.3,25.4,104100,DNSE
CMG,1D,2026-08-05 09:00:00,25.5,25.6,24.6,25.3,201200,DNSE
CMG,1D,2026-08-06 09:00:00,25.3,25.3,24.7,24.95,77600,DNSE
CMG,1D,2026-08-07 09:00:00,24.35,24.95,24.35,24.6,114700,DNSE
CMG,1D,2026-08-10 09:00:00,24.95,24.95,24.6,24.8,146500,DNSE
CMG,1D,2026-08-11 09:00:00,24.95,25.25,24.85,24.9,168700,DNSE
CMG,1D,2026-08-12 09:00:00,24.9,25.2,24.6,24.7,124400,DNSE
CMG,1D,2026-08-13 09:00:00,24.7,25.2,24.3,24.3,179900,DNSE
CMG,1D,2026-08-14 09:00:00,24.7,24.7,23.6,24.0,169100,DNSE
CMG,1D,2026-08-17 09:00:00,24.45,24.45,23.7,24.05,77400,DNSE
CMG,1D,2026-08-18 09:00:00,24.0,24.05,23.85,24.05,106400,DNSE
CMG,1D,2026-08-19 09:00:00,24.1,24.1,23.5,23.6,73800,DNSE
CMG,1D,2026-08-20 09:00:00,23.6,24.0,23.6,23.65,99800,DNSE
CMG,1D,2026-08-21 09:00:00,23.7,24.5,23.65,24.5,130200,DNSE
CMG,1D,2026-08-24 09:00:00,24.6,24.9,24.4,24.55,139600,DNSE
CMG,1D,2026-08-25 09:00:00,24.7,24.7,24.1,24.1,135600,DNSE
CMG,1D,2026-08-26 09:00:00,24.3,24.45,24.1,24.1,123000,DNSE
CMG,1D,2026-08-27 09:00:00,24.15,24.4,24.1,24.15,72100,DNSE
CMG,1D,2026-08-28 09:00:00,24.15,24.9,24.15,24.4,154200,DNSE
CMG,1D,2026-09-03 09:00:00,24.35,24.35,23.95,24.0,170400,DNSE
CMG,1D,2026-09-04 09:00:00,23.95,24.05,23.75,23.8,168900,DNSE
CMG,1D,2026-09-07 09:00:00,23.8,23.8,23.5,23.5,163900,DNSE
CMG,1D,2026-09-08 09:00:00,23.3,23.95,23.3,23.3,100300,DNSE
CMG,1D,2026-09-09 09:00:00,23.3,23.4,23.1,23.1,134400,DNSE
CMG,1D,2026-09-10 09:00:00,23.1,23.9,23.0,23.75,208200,DNSE
CMG,1D,2026-09-11 09:00:00,23.7,23.7,23.15,23.35,88600,DNSE
CMG,1D,2026-09-14 09:00:00,23.35,23.4,22.5,22.5,152000,DNSE
CMG,1D,2026-09-15 09:00:00,22.55,23.65,22.55,22.8,124400,DNSE
CMG,1D,2026-09-16 09:00:00,22.8,23.1,22.8,22.8,72000,DNSE
CMG,1D,2026-09-17 09:00:00,22.85,23.2,22.85,23.0,75200,DNSE
CMG,1D,2026-09-18 09:00:00,23.15,23.55,23.0,23.1,90500,DNSE
CTG,1D,2025-10-01 09:00:00,34.45,35.05,34.05,34.78,7104100,DNSE
CTG,1D,2025-10-02 09:00:00,34.98,35.4,34.59,34.78,8398200,DNSE
CTG,1D,2025-10-03 09:00:00,34.65,34.72,33.98,34.31,7606900,DNSE
CTG,1D,2025-10-06 09:00:00,34.65,35.6,34.45,35.4,9569400,DNSE
CTG,1D,2025-10-07 09:00:00,35.66,35.66,34.85,34.85,6054100,DNSE
CTG,1D,2025-10-08 09:00:00,35.26,36.07,35.12,35.73,11976900,DNSE
CTG,1D,2025-10-09 09:00:00,35.73,37.15,35.53,37.15,21543800,DNSE
CTG,1D,2025-10-10 09:00:00,37.62,38.16,37.08,37.29,13398000,DNSE
CTG,1D,2025-10-13 09:00:00,36.94,38.03,36.88,37.83,10943600,DNSE
CTG,1D,2025-10-14 09:00:00,38.06,38.06,37.04,37.04,13689600,DNSE
CTG,1D,2025-10-15 09:00:00,37.11,37.58,36.83,37.32,8091900,DNSE
CTG,1D,2025-10-16 09:00:00,37.38,37.45,36.43,36.64,10973700,DNSE
CTG,1D,2025-10-17 09:00:00,36.57,36.9,35.54,35.54,17820200,DNSE
CTG,1D,2025-10-20 09:00:00,35.96,36.36,33.23,33.3,25108500,DNSE
CTG,1D,2025-10-21 09:00:00,33.37,34.32,33.3,34.01,13428900,DNSE
CTG,1D,2025-10-22 09:00:00,34.39,34.39,33.02,34.39,11664700,DNSE
CTG,1D,2025-10-23 09:00:00,34.05,34.32,33.77,33.84,8497000,DNSE
CTG,1D,2025-10-24 09:00:00,33.6,33.98,32.69,33.91,11649500,DNSE
CTG,1D,2025-10-27 09:00:00,33.91,33.95,33.09,33.09,5362100,DNSE
CTG,1D,2025-10-28 09:00:00,33.06,33.37,32.51,33.37,6253500,DNSE
CTG,1D,2025-10-29 09:00:00,33.5,34.25,33.4,33.81,6411600,DNSE
CTG,1D,2025-10-30 09:00:00,33.91,33.95,33.44,33.5,4840500,DNSE
CTG,1D,2025-10-31 09:00:00,33.95,34.39,33.37,33.37,8858400,DNSE
CTG,1D,2025-11-03 09:00:00,33.57,33.77,33.02,33.02,5620800,DNSE
CTG,1D,2025-11-04 09:00:00,32.85,34.05,32.58,34.01,7379300,DNSE
CTG,1D,2025-11-05 09:00:00,33.91,35.14,33.7,34.93,10623400,DNSE
CTG,1D,2025-11-06 09:00:00,34.86,34.86,34.12,34.79,7255500,DNSE
CTG,1D,2025-11-07 09:00:00,34.39,34.86,32.99,33.37,13056800,DNSE
CTG,1D,2025-11-10 09:00:00,33.16,33.37,32.44,32.69,7671700,DNSE
CTG,1D,2025-11-11 09:00:00,32.79,33.02,32.01,33.02,8811100,DNSE
CTG,1D,2025-11-12 09:00:00,33.02,33.7,32.76,33.5,6635000,DNSE
CTG,1D,2025-11-13 09:00:00,33.47,33.47,32.95,33.26,5628500,DNSE
CTG,1D,2025-11-14 09:00:00,33.02,33.09,32.72,33.06,6523600,DNSE
CTG,1D,2025-11-17 09:00:00,33.2,33.33,32.92,33.26,5014800,DNSE
CTG,1D,2025-11-18 09:00:00,33.3,33.74,33.26,33.63,5458400,DNSE
CTG,1D,2025-11-19 09:00:00,33.63,33.63,33.2,33.6,5019700,DNSE
CTG,1D,2025-11-20 09:00:00,33.57,33.57,33.13,33.44,4543200,DNSE
CTG,1D,2025-11-21 09:00:00,33.09,33.5,32.88,33.44,6520900,DNSE
CTG,1D,2025-11-24 09:00:00,33.44,33.5,33.2,33.23,3617800,DNSE
CTG,1D,2025-11-25 09:00:00,33.16,33.33,32.79,32.79,5568500,DNSE
CTG,1D,2025-11-26 09:00:00,32.88,33.3,32.62,33.3,7071200,DNSE
CTG,1D,2025-11-27 09:00:00,33.37,33.77,33.23,33.26,7632300,DNSE
CTG,1D,2025-11-28 09:00:00,33.13,33.37,32.82,33.37,4673400,DNSE
CTG,1D,2025-12-01 09:00:00,33.3,33.33,32.95,32.95,2739600,DNSE
CTG,1D,2025-12-02 09:00:00,33.33,33.5,32.95,33.4,8947700,DNSE
CTG,1D,2025-12-03 09:00:00,33.7,35.68,33.7,35.41,22667700,DNSE
CTG,1D,2025-12-04 09:00:00,35.54,35.82,35.2,35.41,7554000,DNSE
CTG,1D,2025-12-05 09:00:00,35.47,35.54,34.86,35.07,6459700,DNSE
CTG,1D,2025-12-08 09:00:00,35.0,35.0,34.45,34.79,6112900,DNSE
CTG,1D,2025-12-09 09:00:00,34.66,34.66,34.01,34.12,9538100,DNSE
CTG,1D,2025-12-10 09:00:00,34.32,34.59,34.12,34.39,3867500,DNSE
CTG,1D,2025-12-11 09:00:00,34.52,34.52,34.05,34.12,4553200,DNSE
CTG,1D,2025-12-12 09:00:00,34.25,34.45,33.7,33.7,8014400,DNSE
CTG,1D,2025-12-15 09:00:00,33.77,33.88,33.4,33.84,5440100,DNSE
CTG,1D,2025-12-16 09:00:00,34.05,34.73,33.4,34.73,15094400,DNSE
CTG,1D,2025-12-17 09:00:00,34.96,35.01,33.83,34.17,10665100,DNSE
CTG,1D,2025-12-18 09:00:00,34.17,34.22,33.44,33.83,5822900,DNSE
CTG,1D,2025-12-19 09:00:00,33.83,34.08,33.53,33.93,7234100,DNSE
CTG,1D,2025-12-22 09:00:00,33.98,34.72,33.78,34.62,11776100,DNSE
CTG,1D,2025-12-23 09:00:00,34.77,35.01,34.13,34.47,9893700,DNSE
CTG,1D,2025-12-24 09:00:00,34.47,34.77,34.17,34.77,9502300,DNSE
CTG,1D,2025-12-25 09:00:00,34.86,35.9,34.47,34.47,13969300,DNSE
CTG,1D,2025-12-26 09:00:00,34.37,34.72,33.73,34.67,10622300,DNSE
CTG,1D,2025-12-29 09:00:00,34.62,34.81,34.37,34.77,7192400,DNSE
CTG,1D,2025-12-30 09:00:00,34.81,35.41,34.67,35.11,8456300,DNSE
CTG,1D,2025-12-31 09:00:00,35.16,35.26,34.86,35.21,7920700,DNSE
CTG,1D,2026-01-05 09:00:00,35.26,35.55,34.03,34.96,10427300,DNSE
CTG,1D,2026-01-06 09:00:00,34.86,35.65,34.27,35.65,14857900,DNSE
CTG,1D,2026-01-07 09:00:00,35.85,36.93,35.8,36.88,22144400,DNSE
CTG,1D,2026-01-08 09:00:00,36.98,38.9,36.54,37.62,31939500,DNSE
CTG,1D,2026-01-09 09:00:00,38.41,40.23,38.11,40.13,38922900,DNSE
CTG,1D,2026-01-12 09:00:00,41.36,42.84,40.72,40.87,37246900,DNSE
CTG,1D,2026-01-13 09:00:00,40.87,41.71,39.39,40.67,32378300,DNSE
CTG,1D,2026-01-14 09:00:00,40.18,42.59,40.03,40.82,30568900,DNSE
CTG,1D,2026-01-15 09:00:00,39.89,40.38,39.0,39.39,28177000,DNSE
CTG,1D,2026-01-16 09:00:00,40.08,40.92,38.9,39.0,21678400,DNSE
CTG,1D,2026-01-19 09:00:00,39.05,39.74,38.95,39.39,13549500,DNSE
CTG,1D,2026-01-20 09:00:00,39.84,39.98,39.05,39.05,18904200,DNSE
CTG,1D,2026-01-21 09:00:00,38.95,39.94,38.41,39.59,20390200,DNSE
CTG,1D,2026-01-22 09:00:00,39.79,40.67,39.25,39.3,21656100,DNSE
CTG,1D,2026-01-23 09:00:00,39.39,39.44,38.26,38.41,17979800,DNSE
CTG,1D,2026-01-26 09:00:00,38.46,38.56,37.47,37.62,17221600,DNSE
CTG,1D,2026-01-27 09:00:00,37.62,38.06,37.52,37.67,12601700,DNSE
CTG,1D,2026-01-28 09:00:00,37.77,39.05,37.72,37.82,15308300,DNSE
CTG,1D,2026-01-29 09:00:00,37.92,38.31,37.52,37.72,10027200,DNSE
CTG,1D,2026-01-30 09:00:00,37.62,38.41,37.23,38.16,28474900,DNSE
CTG,1D,2026-02-02 09:00:00,38.21,39.2,38.11,38.75,23383000,DNSE
CTG,1D,2026-02-03 09:00:00,39.15,39.69,38.7,39.1,23670600,DNSE
CTG,1D,2026-02-04 09:00:00,39.3,39.3,38.56,39.0,18233300,DNSE
CTG,1D,2026-02-05 09:00:00,39.05,39.1,38.02,38.02,16072100,DNSE
CTG,1D,2026-02-06 09:00:00,37.62,37.77,36.83,36.83,24838700,DNSE
CTG,1D,2026-02-09 09:00:00,37.13,37.28,36.24,36.54,9918300,DNSE
CTG,1D,2026-02-10 09:00:00,36.93,37.03,36.09,36.54,12648100,DNSE
CTG,1D,2026-02-11 09:00:00,36.88,37.67,36.73,37.33,13723100,DNSE
CTG,1D,2026-02-12 09:00:00,37.72,37.72,37.18,37.42,8656700,DNSE
CTG,1D,2026-02-13 09:00:00,37.42,38.02,37.13,38.02,9259700,DNSE
CTG,1D,2026-02-23 09:00:00,38.36,38.41,37.97,38.11,8379600,DNSE
CTG,1D,2026-02-24 09:00:00,37.97,38.11,37.47,37.62,12133300,DNSE
CTG,1D,2026-02-25 09:00:00,37.77,38.51,37.62,37.92,10573600,DNSE
CTG,1D,2026-02-26 09:00:00,37.97,38.16,37.47,37.92,11489400,DNSE
CTG,1D,2026-02-27 09:00:00,37.87,37.87,37.47,37.67,8888400,DNSE
CTG,1D,2026-03-02 09:00:00,36.93,37.28,36.29,36.29,25730000,DNSE
CTG,1D,2026-03-03 09:00:00,36.24,36.73,35.36,35.36,21254700,DNSE
CTG,1D,2026-03-04 09:00:00,35.21,36.14,34.91,35.85,19451000,DNSE
CTG,1D,2026-03-05 09:00:00,36.44,36.54,35.65,35.65,8015700,DNSE
CTG,1D,2026-03-06 09:00:00,35.36,35.75,35.11,35.11,8532000,DNSE
CTG,1D,2026-03-09 09:00:00,32.7,32.99,32.7,32.7,17770800,DNSE
CTG,1D,2026-03-10 09:00:00,33.68,34.62,33.09,34.52,24975700,DNSE
CTG,1D,2026-03-11 09:00:00,34.47,35.06,34.17,34.57,12877000,DNSE
CTG,1D,2026-03-12 09:00:00,34.27,34.37,33.73,33.78,12913700,DNSE
CTG,1D,2026-03-13 09:00:00,33.78,33.98,33.44,33.48,8278900,DNSE
CTG,1D,2026-03-16 09:00:00,33.53,33.98,33.48,33.63,5159300,DNSE
CTG,1D,2026-03-17 09:00:00,33.93,34.27,33.88,33.88,7184200,DNSE
CTG,1D,2026-03-18 09:00:00,34.08,35.21,34.08,34.47,12546300,DNSE
CTG,1D,2026-03-19 09:00:00,33.98,34.27,33.78,34.13,7530900,DNSE
CTG,1D,2026-03-20 09:00:00,34.03,34.08,33.09,33.09,10708700,DNSE
CTG,1D,2026-03-23 09:00:00,32.7,32.7,31.52,32.01,13238000,DNSE
CTG,1D,2026-03-24 09:00:00,32.8,33.44,32.6,33.04,6410500,DNSE
CTG,1D,2026-03-25 09:00:00,33.24,33.58,33.19,33.53,6241100,DNSE
CTG,1D,2026-03-26 09:00:00,33.53,33.58,32.94,33.29,5738200,DNSE
CTG,1D,2026-03-27 09:00:00,33.19,34.47,33.09,34.27,12073500,DNSE
CTG,1D,2026-03-30 09:00:00,33.58,34.22,33.39,33.53,6061900,DNSE
CTG,1D,2026-03-31 09:00:00,33.88,34.13,33.58,34.08,7394400,DNSE
CTG,1D,2026-04-01 09:00:00,34.67,34.77,34.13,34.22,8257700,DNSE
CTG,1D,2026-04-02 09:00:00,33.93,34.03,33.58,33.78,6251200,DNSE
CTG,1D,2026-04-03 09:00:00,33.88,33.98,33.29,33.29,8626800,DNSE
CTG,1D,2026-04-06 09:00:00,33.24,33.53,33.04,33.19,6070500,DNSE
CTG,1D,2026-04-07 09:00:00,33.24,33.34,32.99,33.19,4955000,DNSE
CTG,1D,2026-04-08 09:00:00,34.27,34.96,33.78,34.96,13337900,DNSE
CTG,1D,2026-04-09 09:00:00,34.52,34.77,34.27,34.47,6309300,DNSE
CTG,1D,2026-04-10 09:00:00,34.72,35.26,34.47,34.47,8029500,DNSE
CTG,1D,2026-04-13 09:00:00,34.27,34.47,34.03,34.27,4304400,DNSE
CTG,1D,2026-04-14 09:00:00,34.57,34.62,34.27,34.37,5465100,DNSE
CTG,1D,2026-04-15 09:00:00,34.67,34.77,34.32,34.52,5586500,DNSE
CTG,1D,2026-04-16 09:00:00,34.62,34.62,33.98,34.08,5773800,DNSE
CTG,1D,2026-04-17 09:00:00,34.17,34.37,34.03,34.32,3775800,DNSE
CTG,1D,2026-04-20 09:00:00,34.42,34.77,34.37,34.57,6020100,DNSE
CTG,1D,2026-04-21 09:00:00,34.77,34.91,34.32,34.32,5807100,DNSE
CTG,1D,2026-04-22 09:00:00,34.37,34.57,34.27,34.37,3997500,DNSE
CTG,1D,2026-04-23 09:00:00,34.27,36.24,34.27,34.96,22296200,DNSE
CTG,1D,2026-04-24 09:00:00,35.06,35.16,34.47,34.47,4783100,DNSE
CTG,1D,2026-04-28 09:00:00,34.77,34.81,34.17,34.27,6945200,DNSE
CTG,1D,2026-04-29 09:00:00,34.47,34.57,34.22,34.42,6648700,DNSE
CTG,1D,2026-05-04 09:00:00,34.86,35.16,34.67,34.81,8318000,DNSE
CTG,1D,2026-05-05 09:00:00,34.77,34.77,34.32,34.77,5731700,DNSE
CTG,1D,2026-05-06 09:00:00,34.77,35.01,34.47,35.01,10173500,DNSE
CTG,1D,2026-05-07 09:00:00,35.11,35.45,34.96,35.26,10661200,DNSE
CTG,1D,2026-05-08 09:00:00,35.41,36.14,35.36,35.65,18248400,DNSE
CTG,1D,2026-05-11 09:00:00,35.75,35.75,35.06,35.06,7072000,DNSE
CTG,1D,2026-05-12 09:00:00,35.11,35.11,34.47,34.72,8809000,DNSE
CTG,1D,2026-05-13 09:00:00,34.72,35.21,34.47,35.01,9697200,DNSE
CTG,1D,2026-05-14 09:00:00,35.11,35.65,35.06,35.41,9116900,DNSE
CTG,1D,2026-05-15 09:00:00,35.7,35.75,34.86,35.26,10368400,DNSE
CTG,1D,2026-05-18 09:00:00,35.06,36.14,34.72,35.75,18917500,DNSE
CTG,1D,2026-05-19 09:00:00,36.0,36.24,34.96,35.26,15681600,DNSE
CTG,1D,2026-05-20 09:00:00,35.21,35.36,33.78,34.67,12361700,DNSE
CTG,1D,2026-05-21 09:00:00,34.86,34.96,34.32,34.42,9575600,DNSE
CTG,1D,2026-05-22 09:00:00,34.37,34.42,34.08,34.27,8751400,DNSE
CTG,1D,2026-05-25 09:00:00,34.62,34.72,34.27,34.27,4091100,DNSE
CTG,1D,2026-05-26 09:00:00,34.37,34.77,34.37,34.72,6372000,DNSE
CTG,1D,2026-05-27 09:00:00,34.77,34.96,34.67,34.81,7372900,DNSE
CTG,1D,2026-05-28 09:00:00,34.81,34.96,34.32,34.32,6013300,DNSE
CTG,1D,2026-05-29 09:00:00,34.37,34.47,34.17,34.27,8348100,DNSE
CTG,1D,2026-06-01 09:00:00,34.52,34.52,34.03,34.03,5790000,DNSE
CTG,1D,2026-06-02 09:00:00,34.03,34.17,33.29,33.34,16869000,DNSE
CTG,1D,2026-06-03 09:00:00,33.29,33.58,33.19,33.44,6502700,DNSE
CTG,1D,2026-06-04 09:00:00,33.48,33.88,33.39,33.58,4285800,DNSE
CTG,1D,2026-06-05 09:00:00,33.58,33.83,33.39,33.39,4082400,DNSE
CTG,1D,2026-06-08 09:00:00,32.84,33.19,32.75,32.75,10716000,DNSE
CTG,1D,2026-06-09 09:00:00,32.8,32.94,32.75,32.89,3609500,DNSE
CTG,1D,2026-06-10 09:00:00,33.09,33.29,32.94,32.99,3636500,DNSE
CTG,1D,2026-06-11 09:00:00,32.84,32.94,32.75,32.84,3911700,DNSE
CTG,1D,2026-06-12 09:00:00,33.04,33.14,32.89,32.89,4908900,DNSE
CTG,1D,2026-06-15 09:00:00,33.24,33.44,33.04,33.19,7018000,DNSE
CTG,1D,2026-06-16 09:00:00,33.34,33.39,33.14,33.19,4929500,DNSE
CTG,1D,2026-06-17 09:00:00,33.19,33.93,33.09,33.78,11477900,DNSE
CTG,1D,2026-06-18 09:00:00,33.83,33.93,33.34,33.44,4520800,DNSE
CTG,1D,2026-06-19 09:00:00,33.48,33.53,33.19,33.24,3725600,DNSE
CTG,1D,2026-06-22 09:00:00,33.39,33.48,33.29,33.34,3163900,DNSE
CTG,1D,2026-06-23 09:00:00,33.48,33.98,33.48,33.48,9422800,DNSE
CTG,1D,2026-06-24 09:00:00,33.39,33.58,33.04,33.39,7488700,DNSE
CTG,1D,2026-06-25 09:00:00,33.24,33.29,32.99,32.99,8587100,DNSE
CTG,1D,2026-06-26 09:00:00,32.99,33.09,32.89,33.09,4005400,DNSE
CTG,1D,2026-06-29 09:00:00,33.14,33.53,33.14,33.39,9088800,DNSE
CTG,1D,2026-06-30 09:00:00,33.39,33.78,33.39,33.44,6865000,DNSE
CTG,1D,2026-07-01 09:00:00,33.53,34.13,33.53,33.88,7093300,DNSE
CTG,1D,2026-07-02 09:00:00,33.93,34.03,33.53,33.73,5071200,DNSE
CTG,1D,2026-07-03 09:00:00,33.83,33.93,33.48,33.63,7209500,DNSE
CTG,1D,2026-07-06 09:00:00,33.88,34.22,33.14,33.63,10591800,DNSE
CTG,1D,2026-07-07 09:00:00,33.63,33.73,33.39,33.73,4770700,DNSE
CTG,1D,2026-07-08 09:00:00,33.73,34.17,33.73,33.98,8712700,DNSE
CTG,1D,2026-07-09 09:00:00,33.88,33.98,33.53,33.53,5374200,DNSE
CTG,1D,2026-07-10 09:00:00,33.68,33.78,33.19,33.19,5505900,DNSE
CTG,1D,2026-07-13 09:00:00,33.19,33.19,32.01,32.11,17292700,DNSE
CTG,1D,2026-07-14 09:00:00,32.06,32.3,31.61,32.11,11189700,DNSE
CTG,1D,2026-07-15 09:00:00,32.2,32.25,31.66,31.66,6516900,DNSE
CTG,1D,2026-07-16 09:00:00,31.61,31.86,30.97,31.81,10470800,DNSE
CTG,1D,2026-07-17 09:00:00,31.76,31.86,31.47,31.52,3654100,DNSE
CTG,1D,2026-07-20 09:00:00,31.42,31.42,30.04,30.33,11369200,DNSE
CTG,1D,2026-07-21 09:00:00,30.14,30.68,30.14,30.43,5591400,DNSE
CTG,1D,2026-07-22 09:00:00,30.68,30.68,29.25,29.25,15790100,DNSE
CTG,1D,2026-07-23 09:00:00,29.15,29.85,28.4,29.05,11433200,DNSE
CTG,1D,2026-07-24 09:00:00,29.05,29.6,28.65,29.0,7636700,DNSE
CTG,1D,2026-07-27 09:00:00,29.3,29.6,28.75,28.75,6451500,DNSE
CTG,1D,2026-07-28 09:00:00,28.4,29.2,28.4,29.0,4953400,DNSE
CTG,1D,2026-07-29 09:00:00,29.25,29.5,29.1,29.35,9178500,DNSE
CTG,1D,2026-07-30 09:00:00,29.45,30.6,29.35,30.45,11105400,DNSE
CTG,1D,2026-07-31 09:00:00,30.8,32.0,30.55,30.8,15291900,DNSE
CTG,1D,2026-08-03 09:00:00,31.2,32.0,31.05,31.8,11302600,DNSE
CTG,1D,2026-08-04 09:00:00,31.9,32.0,31.65,31.85,7570100,DNSE
CTG,1D,2026-08-05 09:00:00,32.1,32.3,31.75,31.85,9430500,DNSE
CTG,1D,2026-08-06 09:00:00,31.8,31.85,31.3,31.35,5720900,DNSE
CTG,1D,2026-08-07 09:00:00,31.45,33.0,31.35,32.5,14932900,DNSE
CTG,1D,2026-08-10 09:00:00,32.8,32.95,32.6,32.8,7077200,DNSE
CTG,1D,2026-08-11 09:00:00,32.5,32.8,32.3,32.3,7727200,DNSE
CTG,1D,2026-08-12 09:00:00,32.35,32.45,32.1,32.2,5077700,DNSE
CTG,1D,2026-08-13 09:00:00,32.35,32.8,32.15,32.15,8770500,DNSE
CTG,1D,2026-08-14 09:00:00,32.15,32.15,31.35,31.45,7919900,DNSE
CTG,1D,2026-08-17 09:00:00,31.45,31.7,31.2,31.5,4270400,DNSE
CTG,1D,2026-08-18 09:00:00,31.5,31.9,31.4,31.55,4286400,DNSE
CTG,1D,2026-08-19 09:00:00,31.55,31.55,30.9,31.0,5840700,DNSE
CTG,1D,2026-08-20 09:00:00,31.2,31.4,31.15,31.4,2809300,DNSE
CTG,1D,2026-08-21 09:00:00,31.4,32.25,31.2,32.15,6428200,DNSE
CTG,1D,2026-08-24 09:00:00,32.25,32.35,31.8,31.8,7217900,DNSE
CTG,1D,2026-08-25 09:00:00,31.8,31.9,31.35,31.5,7928400,DNSE
CTG,1D,2026-08-26 09:00:00,31.4,31.85,31.15,31.85,12131300,DNSE
CTG,1D,2026-08-27 09:00:00,31.85,32.2,31.75,31.9,6367000,DNSE
CTG,1D,2026-08-28 09:00:00,32.05,32.35,31.8,31.95,7718600,DNSE
CTG,1D,2026-09-03 09:00:00,31.75,31.8,31.35,31.5,5223000,DNSE
CTG,1D,2026-09-04 09:00:00,31.5,31.8,31.4,31.4,5289600,DNSE
CTG,1D,2026-09-07 09:00:00,31.5,31.55,30.8,30.8,7153800,DNSE
CTG,1D,2026-09-08 09:00:00,30.8,30.95,30.7,30.75,4343500,DNSE
CTG,1D,2026-09-09 09:00:00,30.95,31.0,30.6,30.7,8789800,DNSE
CTG,1D,2026-09-10 09:00:00,30.65,30.7,30.5,30.55,6515200,DNSE
CTG,1D,2026-09-11 09:00:00,30.45,30.5,29.9,29.95,11049200,DNSE
CTG,1D,2026-09-14 09:00:00,30.0,30.25,29.7,29.85,8579100,DNSE
CTG,1D,2026-09-15 09:00:00,30.0,30.65,30.0,30.55,7704000,DNSE
CTG,1D,2026-09-16 09:00:00,30.65,30.85,30.2,30.85,4346000,DNSE
CTG,1D,2026-09-17 09:00:00,30.4,31.4,30.35,31.4,11251200,DNSE
CTG,1D,2026-09-18 09:00:00,31.4,31.7,30.25,30.25,14170000,DNSE
FPT,1D,2025-10-01 09:00:00,82.72,83.87,81.12,82.89,7405100,DNSE
FPT,1D,2025-10-02 09:00:00,82.45,82.89,81.65,81.74,7933800,DNSE
FPT,1D,2025-10-03 09:00:00,81.83,83.43,81.74,82.89,7681300,DNSE
FPT,1D,2025-10-06 09:00:00,83.69,85.11,82.98,84.76,6580000,DNSE
FPT,1D,2025-10-07 09:00:00,85.2,85.47,84.49,84.76,5997500,DNSE
FPT,1D,2025-10-08 09:00:00,84.76,86.0,83.87,83.87,5132100,DNSE
FPT,1D,2025-10-09 09:00:00,84.31,84.31,82.98,83.6,5716300,DNSE
FPT,1D,2025-10-10 09:00:00,83.6,85.65,83.25,85.29,8587700,DNSE
FPT,1D,2025-10-13 09:00:00,84.22,84.22,83.16,83.43,7915000,DNSE
FPT,1D,2025-10-14 09:00:00,83.51,83.87,82.01,82.01,12659600,DNSE
FPT,1D,2025-10-15 09:00:00,82.18,82.63,79.44,79.53,18738600,DNSE
FPT,1D,2025-10-16 09:00:00,79.7,81.21,79.53,79.7,7928500,DNSE
FPT,1D,2025-10-17 09:00:00,79.96,81.21,78.19,78.19,8374400,DNSE
FPT,1D,2025-10-20 09:00:00,78.36,81.47,77.21,77.21,14580300,DNSE
FPT,1D,2025-10-21 09:00:00,78.98,82.54,78.55,82.54,19520200,DNSE
FPT,1D,2025-10-22 09:00:00,84.49,87.86,84.31,86.09,18311100,DNSE
FPT,1D,2025-10-23 09:00:00,86.26,86.35,83.43,84.31,6647600,DNSE
FPT,1D,2025-10-24 09:00:00,84.31,86.71,84.05,86.71,13759100,DNSE
FPT,1D,2025-10-27 09:00:00,87.86,88.48,85.47,86.97,12897800,DNSE
FPT,1D,2025-10-28 09:00:00,87.5,90.71,87.5,90.71,20912700,DNSE
FPT,1D,2025-10-29 09:00:00,90.88,91.59,89.73,90.25,9302800,DNSE
FPT,1D,2025-10-30 09:00:00,90.62,91.85,90.16,91.15,9730600,DNSE
FPT,1D,2025-10-31 09:00:00,91.05,92.21,89.64,92.21,14827100,DNSE
FPT,1D,2025-11-03 09:00:00,92.12,94.35,91.85,93.19,20963600,DNSE
FPT,1D,2025-11-04 09:00:00,92.39,92.92,90.25,91.68,10620700,DNSE
FPT,1D,2025-11-05 09:00:00,90.35,90.53,88.39,89.55,11741500,DNSE
FPT,1D,2025-11-06 09:00:00,89.55,90.53,88.22,88.93,6751800,DNSE
FPT,1D,2025-11-07 09:00:00,88.31,90.35,88.31,89.64,5863600,DNSE
FPT,1D,2025-11-10 09:00:00,89.82,89.82,85.38,85.38,10072600,DNSE
FPT,1D,2025-11-11 09:00:00,85.91,86.88,85.29,85.29,6624200,DNSE
FPT,1D,2025-11-12 09:00:00,85.65,89.28,85.65,89.28,6635300,DNSE
FPT,1D,2025-11-13 09:00:00,89.28,89.37,87.59,87.77,4757400,DNSE
FPT,1D,2025-11-14 09:00:00,87.77,89.55,87.15,88.75,4699900,DNSE
FPT,1D,2025-11-17 09:00:00,89.28,90.35,89.28,89.64,5585100,DNSE
FPT,1D,2025-11-18 09:00:00,89.64,89.73,87.68,88.75,6500100,DNSE
FPT,1D,2025-11-19 09:00:00,88.31,88.31,86.97,86.97,5169300,DNSE
FPT,1D,2025-11-20 09:00:00,87.5,88.48,87.06,87.86,4593100,DNSE
FPT,1D,2025-11-21 09:00:00,86.97,89.82,86.79,89.45,7936900,DNSE
FPT,1D,2025-11-24 09:00:00,89.37,89.73,88.39,88.93,5061800,DNSE
FPT,1D,2025-11-25 09:00:00,88.48,89.02,87.86,88.48,4494900,DNSE
FPT,1D,2025-11-26 09:00:00,88.57,88.93,87.77,87.86,5830900,DNSE
FPT,1D,2025-11-27 09:00:00,88.05,88.57,87.06,88.31,4780500,DNSE
FPT,1D,2025-11-28 09:00:00,87.95,88.22,86.17,86.17,6210400,DNSE
FPT,1D,2025-12-01 09:00:00,86.89,87.61,86.17,86.63,3125100,DNSE
FPT,1D,2025-12-02 09:00:00,86.8,87.25,85.55,86.63,5560800,DNSE
FPT,1D,2025-12-03 09:00:00,86.98,86.98,86.09,86.63,6475300,DNSE
FPT,1D,2025-12-04 09:00:00,86.63,88.33,86.63,87.44,7387500,DNSE
FPT,1D,2025-12-05 09:00:00,87.44,87.44,86.17,86.26,5062500,DNSE
FPT,1D,2025-12-08 09:00:00,86.63,87.25,85.64,85.64,5278600,DNSE
FPT,1D,2025-12-09 09:00:00,85.64,86.98,84.65,86.89,9961500,DNSE
FPT,1D,2025-12-10 09:00:00,87.07,87.07,85.73,85.73,3894100,DNSE
FPT,1D,2025-12-11 09:00:00,86.0,86.63,85.73,86.09,5201600,DNSE
FPT,1D,2025-12-12 09:00:00,86.09,86.09,83.85,84.03,5519800,DNSE
FPT,1D,2025-12-15 09:00:00,84.2,84.65,83.85,84.12,3524800,DNSE
FPT,1D,2025-12-16 09:00:00,84.2,85.55,82.5,85.1,6295300,DNSE
FPT,1D,2025-12-17 09:00:00,84.65,86.35,84.65,86.0,4967800,DNSE
FPT,1D,2025-12-18 09:00:00,85.64,85.73,84.2,84.65,4115500,DNSE
FPT,1D,2025-12-19 09:00:00,84.29,85.19,83.94,84.2,4492600,DNSE
FPT,1D,2025-12-22 09:00:00,84.38,84.56,83.85,84.03,6142400,DNSE
FPT,1D,2025-12-23 09:00:00,84.29,86.0,83.94,84.29,6006900,DNSE
FPT,1D,2025-12-24 09:00:00,84.38,84.47,83.49,83.94,3901500,DNSE
FPT,1D,2025-12-25 09:00:00,83.94,85.01,83.4,83.4,4565200,DNSE
FPT,1D,2025-12-26 09:00:00,83.13,83.4,81.6,82.95,6612400,DNSE
FPT,1D,2025-12-29 09:00:00,82.95,85.1,82.95,84.56,6300900,DNSE
FPT,1D,2025-12-30 09:00:00,84.75,86.63,84.56,86.54,7271200,DNSE
FPT,1D,2025-12-31 09:00:00,86.8,86.98,85.37,85.91,3082600,DNSE
FPT,1D,2026-01-05 09:00:00,85.82,85.82,83.57,85.19,7029300,DNSE
FPT,1D,2026-01-06 09:00:00,84.92,85.01,83.94,84.29,5397500,DNSE
FPT,1D,2026-01-07 09:00:00,84.38,87.52,84.29,87.44,11427400,DNSE
FPT,1D,2026-01-08 09:00:00,87.97,87.97,86.54,86.54,5576200,DNSE
FPT,1D,2026-01-09 09:00:00,86.17,89.58,86.09,87.35,10048700,DNSE
FPT,1D,2026-01-12 09:00:00,87.88,89.23,87.88,89.23,9076600,DNSE
FPT,1D,2026-01-13 09:00:00,89.41,91.2,87.79,88.69,9411100,DNSE
FPT,1D,2026-01-14 09:00:00,88.77,90.66,87.7,89.49,11900400,DNSE
FPT,1D,2026-01-15 09:00:00,89.49,91.2,88.24,88.33,7401400,DNSE
FPT,1D,2026-01-16 09:00:00,89.23,94.43,89.23,94.43,23871100,DNSE
FPT,1D,2026-01-19 09:00:00,97.47,97.47,94.61,94.87,14710500,DNSE
FPT,1D,2026-01-20 09:00:00,95.15,95.95,93.26,93.35,12213100,DNSE
FPT,1D,2026-01-21 09:00:00,92.55,95.5,90.66,94.15,14517300,DNSE
FPT,1D,2026-01-22 09:00:00,94.61,94.87,92.81,92.81,8095100,DNSE
FPT,1D,2026-01-23 09:00:00,92.9,93.8,90.57,90.57,9418000,DNSE
FPT,1D,2026-01-26 09:00:00,89.85,91.11,87.88,88.33,11183100,DNSE
FPT,1D,2026-01-27 09:00:00,89.32,91.92,88.86,91.55,10585500,DNSE
FPT,1D,2026-01-28 09:00:00,91.83,94.87,91.74,93.71,11949800,DNSE
FPT,1D,2026-01-29 09:00:00,94.15,96.13,92.99,95.15,14247700,DNSE
FPT,1D,2026-01-30 09:00:00,95.41,95.41,93.17,93.71,10833200,DNSE
FPT,1D,2026-02-02 09:00:00,92.64,93.53,91.11,93.53,9331400,DNSE
FPT,1D,2026-02-03 09:00:00,94.06,94.52,92.27,93.17,9097000,DNSE
FPT,1D,2026-02-04 09:00:00,92.45,92.81,91.02,91.38,11639700,DNSE
FPT,1D,2026-02-05 09:00:00,90.75,91.38,88.77,88.77,18088600,DNSE
FPT,1D,2026-02-06 09:00:00,87.88,89.67,86.72,87.52,9766800,DNSE
FPT,1D,2026-02-09 09:00:00,88.6,89.14,87.79,88.77,5108600,DNSE
FPT,1D,2026-02-10 09:00:00,89.58,89.58,87.25,87.7,6113500,DNSE
FPT,1D,2026-02-11 09:00:00,88.06,89.23,87.35,88.42,5507500,DNSE
FPT,1D,2026-02-12 09:00:00,88.77,88.95,88.24,88.6,4125200,DNSE
FPT,1D,2026-02-13 09:00:00,87.97,88.33,86.35,86.35,18508400,DNSE
FPT,1D,2026-02-23 09:00:00,86.8,86.8,83.49,84.75,22660400,DNSE
FPT,1D,2026-02-24 09:00:00,84.29,84.29,82.95,82.95,28539000,DNSE
FPT,1D,2026-02-25 09:00:00,82.68,82.95,79.81,79.9,47733100,DNSE
FPT,1D,2026-02-26 09:00:00,80.71,82.68,80.62,81.15,17525500,DNSE
FPT,1D,2026-02-27 09:00:00,81.6,83.85,80.97,83.31,18705600,DNSE
FPT,1D,2026-03-02 09:00:00,80.8,82.05,80.08,80.35,17245400,DNSE
FPT,1D,2026-03-03 09:00:00,80.8,81.51,78.02,78.02,16504400,DNSE
FPT,1D,2026-03-04 09:00:00,77.93,78.02,75.51,76.31,23755700,DNSE
FPT,1D,2026-03-05 09:00:00,77.56,77.84,75.68,75.68,15906800,DNSE
FPT,1D,2026-03-06 09:00:00,75.68,75.86,73.08,73.17,23713900,DNSE
FPT,1D,2026-03-09 09:00:00,68.15,68.78,68.06,68.06,17633000,DNSE
FPT,1D,2026-03-10 09:00:00,68.51,71.38,68.51,71.29,21099200,DNSE
FPT,1D,2026-03-11 09:00:00,71.74,72.64,70.22,71.92,10652800,DNSE
FPT,1D,2026-03-12 09:00:00,70.66,71.02,69.5,69.67,12722400,DNSE
FPT,1D,2026-03-13 09:00:00,69.14,70.39,68.42,69.05,9026000,DNSE
FPT,1D,2026-03-16 09:00:00,69.14,71.11,69.14,70.13,8662000,DNSE
FPT,1D,2026-03-17 09:00:00,71.2,72.91,70.94,71.2,9218800,DNSE
FPT,1D,2026-03-18 09:00:00,71.74,71.92,70.04,70.48,6352700,DNSE
FPT,1D,2026-03-19 09:00:00,69.67,69.76,68.69,68.87,11602900,DNSE
FPT,1D,2026-03-20 09:00:00,68.6,68.6,66.0,66.9,21423700,DNSE
FPT,1D,2026-03-23 09:00:00,66.09,68.25,64.21,65.55,13156200,DNSE
FPT,1D,2026-03-24 09:00:00,67.7,68.06,66.45,67.62,5189700,DNSE
FPT,1D,2026-03-25 09:00:00,68.33,69.05,67.79,69.05,7429300,DNSE
FPT,1D,2026-03-26 09:00:00,69.05,69.05,66.54,66.54,9743400,DNSE
FPT,1D,2026-03-27 09:00:00,66.81,68.42,66.35,68.25,9080300,DNSE
FPT,1D,2026-03-30 09:00:00,66.72,67.44,65.91,66.35,7814800,DNSE
FPT,1D,2026-03-31 09:00:00,67.16,67.7,66.72,66.99,5639200,DNSE
FPT,1D,2026-04-01 09:00:00,68.06,68.42,67.25,67.53,8534000,DNSE
FPT,1D,2026-04-02 09:00:00,67.44,67.44,66.54,66.99,5224400,DNSE
FPT,1D,2026-04-03 09:00:00,66.99,67.7,66.27,66.35,6333100,DNSE
FPT,1D,2026-04-06 09:00:00,66.35,66.81,65.91,66.27,4593000,DNSE
FPT,1D,2026-04-07 09:00:00,66.81,66.81,66.18,66.35,4713000,DNSE
FPT,1D,2026-04-08 09:00:00,68.15,70.94,67.35,70.94,14610000,DNSE
FPT,1D,2026-04-09 09:00:00,70.94,71.02,70.04,70.22,6272100,DNSE
FPT,1D,2026-04-10 09:00:00,70.48,70.85,69.32,69.67,6099800,DNSE
FPT,1D,2026-04-13 09:00:00,68.96,69.05,68.06,68.15,9559100,DNSE
FPT,1D,2026-04-14 09:00:00,69.05,69.23,68.15,68.33,7092500,DNSE
FPT,1D,2026-04-15 09:00:00,68.96,69.05,67.25,67.35,10047800,DNSE
FPT,1D,2026-04-16 09:00:00,67.79,67.79,66.35,66.45,11316400,DNSE
FPT,1D,2026-04-17 09:00:00,67.25,69.95,67.16,68.15,12349600,DNSE
FPT,1D,2026-04-20 09:00:00,68.42,69.05,68.25,68.96,6876800,DNSE
FPT,1D,2026-04-21 09:00:00,69.05,69.41,67.35,67.35,7119000,DNSE
FPT,1D,2026-04-22 09:00:00,67.7,67.7,66.45,66.9,8145000,DNSE
FPT,1D,2026-04-23 09:00:00,67.25,68.15,66.45,66.63,7968500,DNSE
FPT,1D,2026-04-24 09:00:00,66.35,66.45,65.65,65.82,10459800,DNSE
FPT,1D,2026-04-28 09:00:00,65.82,66.72,65.37,66.72,9503800,DNSE
FPT,1D,2026-04-29 09:00:00,65.82,67.7,65.82,67.7,9163000,DNSE
FPT,1D,2026-05-04 09:00:00,67.16,67.35,66.0,66.09,8285900,DNSE
FPT,1D,2026-05-05 09:00:00,66.09,66.81,65.28,66.63,6841400,DNSE
FPT,1D,2026-05-06 09:00:00,66.54,66.54,65.46,65.73,9455600,DNSE
FPT,1D,2026-05-07 09:00:00,66.27,66.63,65.46,65.46,10186100,DNSE
FPT,1D,2026-05-08 09:00:00,65.65,65.73,64.47,64.47,13444300,DNSE
FPT,1D,2026-05-11 09:00:00,64.3,64.3,62.77,62.77,16909100,DNSE
FPT,1D,2026-05-12 09:00:00,62.86,64.12,62.77,63.31,8533300,DNSE
FPT,1D,2026-05-13 09:00:00,63.31,64.12,62.77,63.4,11517600,DNSE
FPT,1D,2026-05-14 09:00:00,63.75,67.53,63.67,66.27,21565500,DNSE
FPT,1D,2026-05-15 09:00:00,66.54,66.54,65.19,65.37,6386100,DNSE
FPT,1D,2026-05-18 09:00:00,65.37,67.53,64.56,67.16,18323700,DNSE
FPT,1D,2026-05-19 09:00:00,67.25,67.97,66.63,66.81,11279900,DNSE
FPT,1D,2026-05-20 09:00:00,67.07,70.39,65.28,69.67,25976600,DNSE
FPT,1D,2026-05-21 09:00:00,69.67,69.85,67.88,68.6,11809100,DNSE
FPT,1D,2026-05-22 09:00:00,68.87,69.59,67.35,67.35,11668800,DNSE
FPT,1D,2026-05-25 09:00:00,66.9,67.79,65.91,65.91,10441000,DNSE
FPT,1D,2026-05-26 09:00:00,66.0,66.9,66.0,66.81,5104800,DNSE
FPT,1D,2026-05-27 09:00:00,66.81,67.53,65.55,66.0,9176300,DNSE
FPT,1D,2026-05-28 09:00:00,66.18,66.45,64.73,64.73,10646900,DNSE
FPT,1D,2026-05-29 09:00:00,64.73,65.91,64.36,65.09,5446700,DNSE
FPT,1D,2026-06-01 09:00:00,65.64,66.73,65.55,66.27,5972700,DNSE
FPT,1D,2026-06-02 09:00:00,66.36,68.73,66.36,68.0,17368000,DNSE
FPT,1D,2026-06-03 09:00:00,68.27,70.64,68.18,69.55,25278600,DNSE
FPT,1D,2026-06-04 09:00:00,69.73,70.18,68.91,69.18,11304700,DNSE
FPT,1D,2026-06-05 09:00:00,69.09,69.09,67.55,68.18,11218100,DNSE
FPT,1D,2026-06-08 09:00:00,67.0,67.73,66.18,66.27,10914200,DNSE
FPT,1D,2026-06-09 09:00:00,66.73,67.45,66.0,67.0,7772300,DNSE
FPT,1D,2026-06-10 09:00:00,66.82,67.73,66.82,67.45,4736000,DNSE
FPT,1D,2026-06-11 09:00:00,67.18,67.18,66.45,66.45,3507300,DNSE
FPT,1D,2026-06-12 09:00:00,66.91,67.55,66.82,66.82,5688200,DNSE
FPT,1D,2026-06-15 09:00:00,67.64,68.36,66.82,66.91,6422700,DNSE
FPT,1D,2026-06-16 09:00:00,67.0,67.45,66.45,66.55,5819800,DNSE
FPT,1D,2026-06-17 09:00:00,66.64,66.73,65.64,65.73,10652200,DNSE
FPT,1D,2026-06-18 09:00:00,65.73,65.73,65.0,65.09,13665800,DNSE
FPT,1D,2026-06-19 09:00:00,65.09,65.27,64.36,65.0,14295100,DNSE
FPT,1D,2026-06-22 09:00:00,65.0,65.18,63.91,64.18,9260100,DNSE
FPT,1D,2026-06-23 09:00:00,64.45,65.27,64.27,64.36,5737500,DNSE
FPT,1D,2026-06-24 09:00:00,64.55,64.73,63.73,64.36,5968500,DNSE
FPT,1D,2026-06-25 09:00:00,64.55,65.18,64.36,64.55,6592100,DNSE
FPT,1D,2026-06-26 09:00:00,64.82,64.82,63.91,64.36,4333200,DNSE
FPT,1D,2026-06-29 09:00:00,64.27,64.36,63.82,64.0,4618200,DNSE
FPT,1D,2026-06-30 09:00:00,64.09,64.36,63.82,63.82,6075800,DNSE
FPT,1D,2026-07-01 09:00:00,64.0,66.55,63.91,66.27,11630500,DNSE
FPT,1D,2026-07-02 09:00:00,66.27,66.64,65.91,65.91,5690500,DNSE
FPT,1D,2026-07-03 09:00:00,65.91,66.45,65.18,65.73,7490500,DNSE
FPT,1D,2026-07-06 09:00:00,65.82,67.27,65.36,66.36,11200200,DNSE
FPT,1D,2026-07-07 09:00:00,66.36,67.0,65.91,66.55,4557200,DNSE
FPT,1D,2026-07-08 09:00:00,65.82,66.18,65.0,65.55,6741600,DNSE
FPT,1D,2026-07-09 09:00:00,65.27,66.36,65.18,65.55,4441900,DNSE
FPT,1D,2026-07-10 09:00:00,65.45,65.73,64.18,64.18,7937300,DNSE
FPT,1D,2026-07-13 09:00:00,63.91,64.82,63.82,64.09,7738400,DNSE
FPT,1D,2026-07-14 09:00:00,63.91,64.45,63.64,63.91,6626800,DNSE
FPT,1D,2026-07-15 09:00:00,64.0,64.0,60.73,60.73,21271900,DNSE
FPT,1D,2026-07-16 09:00:00,60.64,61.82,58.82,61.82,13030600,DNSE
FPT,1D,2026-07-17 09:00:00,62.09,62.18,60.91,60.91,3987800,DNSE
FPT,1D,2026-07-20 09:00:00,60.82,61.55,60.09,61.0,7346800,DNSE
FPT,1D,2026-07-21 09:00:00,60.45,61.73,58.91,58.91,7540400,DNSE
FPT,1D,2026-07-22 09:00:00,59.09,61.36,58.73,58.73,10060700,DNSE
FPT,1D,2026-07-23 09:00:00,59.09,59.73,58.36,58.82,6287300,DNSE
FPT,1D,2026-07-24 09:00:00,58.45,58.64,57.09,57.18,5804800,DNSE
FPT,1D,2026-07-27 09:00:00,57.36,57.91,56.55,56.55,4449500,DNSE
FPT,1D,2026-07-28 09:00:00,56.27,57.91,55.91,57.27,5399400,DNSE
FPT,1D,2026-07-29 09:00:00,57.27,59.36,56.82,59.18,6114000,DNSE
FPT,1D,2026-07-30 09:00:00,59.27,61.09,58.91,60.91,7571500,DNSE
FPT,1D,2026-07-31 09:00:00,61.09,61.73,60.45,61.0,6253600,DNSE
FPT,1D,2026-08-03 09:00:00,61.27,65.18,61.18,65.18,16279100,DNSE
FPT,1D,2026-08-04 09:00:00,65.82,66.64,64.82,65.0,6584300,DNSE
FPT,1D,2026-08-05 09:00:00,65.64,65.64,63.82,63.91,6877600,DNSE
FPT,1D,2026-08-06 09:00:00,64.0,64.91,64.0,64.27,4629700,DNSE
FPT,1D,2026-08-07 09:00:00,64.64,65.18,63.91,64.36,4301800,DNSE
FPT,1D,2026-08-10 09:00:00,64.45,65.45,64.27,65.27,5252100,DNSE
FPT,1D,2026-08-11 09:00:00,65.09,66.45,64.55,64.73,6936800,DNSE
FPT,1D,2026-08-12 09:00:00,64.73,65.36,64.18,64.36,3685600,DNSE
FPT,1D,2026-08-13 09:00:00,64.55,64.82,62.91,62.91,7458000,DNSE
FPT,1D,2026-08-14 09:00:00,63.0,63.27,61.82,62.09,7123800,DNSE
FPT,1D,2026-08-17 09:00:00,62.18,63.09,62.18,62.55,4104500,DNSE
FPT,1D,2026-08-18 09:00:00,62.55,63.0,62.0,62.73,3383800,DNSE
FPT,1D,2026-08-19 09:00:00,62.73,62.91,62.36,62.64,1821000,DNSE
FPT,1D,2026-08-20 09:00:00,62.82,63.91,62.82,63.45,4468100,DNSE
FPT,1D,2026-08-21 09:00:00,63.55,65.45,63.18,65.45,7035800,DNSE
FPT,1D,2026-08-24 09:00:00,65.91,66.09,64.91,64.91,4611900,DNSE
FPT,1D,2026-08-25 09:00:00,64.91,65.45,64.27,64.27,4690000,DNSE
FPT,1D,2026-08-26 09:00:00,64.27,66.27,64.27,66.0,10161300,DNSE
FPT,1D,2026-08-27 09:00:00,66.0,66.09,65.64,65.64,3542900,DNSE
FPT,1D,2026-08-28 09:00:00,65.64,67.27,65.64,66.55,10196800,DNSE
FPT,1D,2026-09-03 09:00:00,66.36,66.36,65.45,65.64,4098200,DNSE
FPT,1D,2026-09-04 09:00:00,65.91,66.36,65.82,66.18,3549500,DNSE
FPT,1D,2026-09-07 09:00:00,66.36,67.09,65.64,65.82,7020200,DNSE
FPT,1D,2026-09-08 09:00:00,65.82,65.91,65.45,65.64,4273000,DNSE
FPT,1D,2026-09-09 09:00:00,65.73,66.36,65.55,65.82,3680300,DNSE
FPT,1D,2026-09-10 09:00:00,65.73,68.0,65.64,67.73,11936600,DNSE
FPT,1D,2026-09-11 09:00:00,67.64,67.64,66.09,66.09,5655200,DNSE
FPT,1D,2026-09-14 09:00:00,66.18,66.91,65.45,65.82,4860300,DNSE
FPT,1D,2026-09-15 09:00:00,66.09,66.73,65.91,66.09,3977500,DNSE
FPT,1D,2026-09-16 09:00:00,66.18,67.09,65.0,67.09,7748100,DNSE
FPT,1D,2026-09-17 09:00:00,66.64,67.55,66.0,67.55,6626700,DNSE
FPT,1D,2026-09-18 09:00:00,67.73,68.0,65.18,65.18,15500700,DNSE
FRT,1D,2025-10-01 09:00:00,122.19,122.29,120.29,120.29,201400,DNSE
FRT,1D,2025-10-02 09:00:00,119.62,121.33,118.1,118.1,335200,DNSE
FRT,1D,2025-10-03 09:00:00,117.62,119.52,116.29,117.14,194400,DNSE
FRT,1D,2025-10-06 09:00:00,119.05,120.29,117.14,119.24,318600,DNSE
FRT,1D,2025-10-07 09:00:00,121.62,125.71,120.48,124.29,862200,DNSE
FRT,1D,2025-10-08 09:00:00,126.48,127.52,123.71,127.24,567600,DNSE
FRT,1D,2025-10-09 09:00:00,127.62,131.24,127.33,130.76,934400,DNSE
FRT,1D,2025-10-10 09:00:00,132.0,138.29,131.14,136.76,1813000,DNSE
FRT,1D,2025-10-13 09:00:00,135.71,136.19,133.62,135.43,520400,DNSE
FRT,1D,2025-10-14 09:00:00,135.43,135.43,130.67,135.43,1094100,DNSE
FRT,1D,2025-10-15 09:00:00,135.14,136.67,132.67,135.24,585800,DNSE
FRT,1D,2025-10-16 09:00:00,135.52,136.19,132.76,132.86,244100,DNSE
FRT,1D,2025-10-17 09:00:00,132.76,133.33,130.0,132.29,640000,DNSE
FRT,1D,2025-10-20 09:00:00,129.52,132.29,123.05,123.05,450700,DNSE
FRT,1D,2025-10-21 09:00:00,123.14,131.62,123.14,131.62,1254700,DNSE
FRT,1D,2025-10-22 09:00:00,135.33,137.52,133.33,137.52,944400,DNSE
FRT,1D,2025-10-23 09:00:00,138.38,140.67,135.71,135.71,436400,DNSE
FRT,1D,2025-10-24 09:00:00,136.76,140.76,136.76,140.48,883500,DNSE
FRT,1D,2025-10-27 09:00:00,140.48,142.0,137.62,139.33,611600,DNSE
FRT,1D,2025-10-28 09:00:00,140.67,141.43,136.1,140.95,538900,DNSE
FRT,1D,2025-10-29 09:00:00,143.24,143.24,138.1,138.1,575200,DNSE
FRT,1D,2025-10-30 09:00:00,140.48,141.43,137.62,141.05,1027600,DNSE
FRT,1D,2025-10-31 09:00:00,141.05,141.33,138.76,141.33,649900,DNSE
FRT,1D,2025-11-03 09:00:00,140.95,141.33,138.67,140.0,711300,DNSE
FRT,1D,2025-11-04 09:00:00,137.71,139.9,133.24,136.19,836500,DNSE
FRT,1D,2025-11-05 09:00:00,137.05,137.05,134.76,136.19,269700,DNSE
FRT,1D,2025-11-06 09:00:00,136.76,136.76,132.86,136.19,458800,DNSE
FRT,1D,2025-11-07 09:00:00,132.95,135.71,132.86,132.86,351200,DNSE
FRT,1D,2025-11-10 09:00:00,128.57,135.81,128.57,132.48,310900,DNSE
FRT,1D,2025-11-11 09:00:00,131.33,135.14,131.33,135.14,195500,DNSE
FRT,1D,2025-11-12 09:00:00,132.86,137.14,132.86,137.14,290900,DNSE
FRT,1D,2025-11-13 09:00:00,137.24,142.0,132.86,138.19,572300,DNSE
FRT,1D,2025-11-14 09:00:00,138.19,139.05,135.71,139.05,209400,DNSE
FRT,1D,2025-11-17 09:00:00,139.81,141.43,137.52,139.62,579600,DNSE
FRT,1D,2025-11-18 09:00:00,140.0,141.43,138.48,141.43,956700,DNSE
FRT,1D,2025-11-19 09:00:00,141.52,141.52,137.71,140.0,695600,DNSE
FRT,1D,2025-11-20 09:00:00,139.33,140.0,135.05,135.43,552800,DNSE
FRT,1D,2025-11-21 09:00:00,135.24,136.48,133.33,135.52,296500,DNSE
FRT,1D,2025-11-24 09:00:00,135.52,136.67,133.71,133.71,187700,DNSE
FRT,1D,2025-11-25 09:00:00,133.62,135.24,132.67,135.24,302300,DNSE
FRT,1D,2025-11-26 09:00:00,134.76,139.05,134.76,138.19,418800,DNSE
FRT,1D,2025-11-27 09:00:00,138.57,139.71,137.24,139.14,362900,DNSE
FRT,1D,2025-11-28 09:00:00,139.05,140.76,138.1,140.0,481000,DNSE
FRT,1D,2025-12-01 09:00:00,139.24,140.76,138.1,138.1,345900,DNSE
FRT,1D,2025-12-02 09:00:00,137.33,138.1,135.71,138.1,446000,DNSE
FRT,1D,2025-12-03 09:00:00,138.95,147.71,138.1,147.71,2151500,DNSE
FRT,1D,2025-12-04 09:00:00,150.48,151.43,147.81,150.95,813600,DNSE
FRT,1D,2025-12-05 09:00:00,151.33,157.14,148.57,152.38,1133200,DNSE
FRT,1D,2025-12-08 09:00:00,152.38,152.38,146.76,149.81,681300,DNSE
FRT,1D,2025-12-09 09:00:00,148.57,150.48,140.95,147.14,992400,DNSE
FRT,1D,2025-12-10 09:00:00,145.62,146.86,142.48,142.48,441500,DNSE
FRT,1D,2025-12-11 09:00:00,142.57,145.24,142.57,142.86,364500,DNSE
FRT,1D,2025-12-12 09:00:00,143.71,143.71,133.33,133.33,1048100,DNSE
FRT,1D,2025-12-15 09:00:00,133.33,135.14,132.48,133.43,449800,DNSE
FRT,1D,2025-12-16 09:00:00,133.33,137.14,132.95,135.81,449300,DNSE
FRT,1D,2025-12-17 09:00:00,136.19,137.62,135.05,136.19,308500,DNSE
FRT,1D,2025-12-18 09:00:00,134.19,137.43,134.19,136.48,250100,DNSE
FRT,1D,2025-12-19 09:00:00,135.9,137.14,134.67,137.14,451800,DNSE
FRT,1D,2025-12-22 09:00:00,137.14,140.48,136.67,140.0,339800,DNSE
FRT,1D,2025-12-23 09:00:00,140.95,140.95,138.48,140.48,361400,DNSE
FRT,1D,2025-12-24 09:00:00,140.0,140.0,138.1,139.62,255100,DNSE
FRT,1D,2025-12-25 09:00:00,139.05,139.71,136.67,139.05,265600,DNSE
FRT,1D,2025-12-26 09:00:00,138.1,138.1,135.24,137.33,216500,DNSE
FRT,1D,2025-12-29 09:00:00,137.33,139.05,135.9,139.05,200200,DNSE
FRT,1D,2025-12-30 09:00:00,138.76,141.43,138.1,140.67,285100,DNSE
FRT,1D,2025-12-31 09:00:00,141.71,142.38,139.52,142.38,316800,DNSE
FRT,1D,2026-01-05 09:00:00,141.81,149.24,140.48,145.81,615800,DNSE
FRT,1D,2026-01-06 09:00:00,145.71,147.14,144.57,145.14,180000,DNSE
FRT,1D,2026-01-07 09:00:00,145.33,149.43,144.76,145.33,389500,DNSE
FRT,1D,2026-01-08 09:00:00,145.33,145.33,138.1,139.05,883800,DNSE
FRT,1D,2026-01-09 09:00:00,138.67,142.0,136.67,136.67,552500,DNSE
FRT,1D,2026-01-12 09:00:00,136.19,139.43,136.1,138.1,312400,DNSE
FRT,1D,2026-01-13 09:00:00,137.71,139.62,137.14,137.71,461800,DNSE
FRT,1D,2026-01-14 09:00:00,138.86,141.71,137.24,138.1,518200,DNSE
FRT,1D,2026-01-15 09:00:00,138.1,139.05,136.67,139.05,350700,DNSE
FRT,1D,2026-01-16 09:00:00,139.05,148.76,137.62,147.62,1373100,DNSE
FRT,1D,2026-01-19 09:00:00,148.48,148.48,143.43,146.1,295600,DNSE
FRT,1D,2026-01-20 09:00:00,145.71,152.38,145.05,145.52,698300,DNSE
FRT,1D,2026-01-21 09:00:00,144.29,145.52,140.95,145.52,496000,DNSE
FRT,1D,2026-01-22 09:00:00,145.52,146.1,142.48,146.0,442300,DNSE
FRT,1D,2026-01-23 09:00:00,145.62,147.81,143.9,144.57,389500,DNSE
FRT,1D,2026-01-26 09:00:00,143.9,144.48,138.19,138.19,485600,DNSE
FRT,1D,2026-01-27 09:00:00,138.29,147.71,138.29,147.33,791600,DNSE
FRT,1D,2026-01-28 09:00:00,148.19,154.38,147.62,152.67,1500000,DNSE
FRT,1D,2026-01-29 09:00:00,152.38,160.86,151.43,157.14,1082600,DNSE
FRT,1D,2026-01-30 09:00:00,160.86,162.86,157.14,161.81,998500,DNSE
FRT,1D,2026-02-02 09:00:00,163.14,172.38,158.19,167.14,1620300,DNSE
FRT,1D,2026-02-03 09:00:00,169.71,169.71,163.62,165.71,1074200,DNSE
FRT,1D,2026-02-04 09:00:00,163.81,169.71,163.81,166.57,868000,DNSE
FRT,1D,2026-02-05 09:00:00,166.76,166.76,161.43,161.9,867600,DNSE
FRT,1D,2026-02-06 09:00:00,160.1,160.76,152.76,152.76,998500,DNSE
FRT,1D,2026-02-09 09:00:00,155.71,157.81,153.33,156.19,219600,DNSE
FRT,1D,2026-02-10 09:00:00,156.19,157.14,152.0,157.14,440400,DNSE
FRT,1D,2026-02-11 09:00:00,157.14,159.05,154.86,159.05,349600,DNSE
FRT,1D,2026-02-12 09:00:00,159.9,162.19,158.0,159.05,375100,DNSE
FRT,1D,2026-02-13 09:00:00,159.05,161.9,157.05,161.9,575700,DNSE
FRT,1D,2026-02-23 09:00:00,161.9,164.1,160.0,163.71,582500,DNSE
FRT,1D,2026-02-24 09:00:00,162.86,163.71,160.1,162.86,540300,DNSE
FRT,1D,2026-02-25 09:00:00,162.86,162.86,160.67,162.86,360100,DNSE
FRT,1D,2026-02-26 09:00:00,162.76,163.71,160.67,162.76,392200,DNSE
FRT,1D,2026-02-27 09:00:00,162.76,162.76,157.33,160.95,972000,DNSE
FRT,1D,2026-03-02 09:00:00,157.62,160.95,157.14,160.95,535900,DNSE
FRT,1D,2026-03-03 09:00:00,159.43,160.95,154.29,157.14,651700,DNSE
FRT,1D,2026-03-04 09:00:00,154.95,156.0,147.62,156.0,899600,DNSE
FRT,1D,2026-03-05 09:00:00,156.0,156.19,150.38,151.43,500800,DNSE
FRT,1D,2026-03-06 09:00:00,149.81,149.81,143.33,143.43,804500,DNSE
FRT,1D,2026-03-09 09:00:00,134.29,135.24,133.43,133.43,729500,DNSE
FRT,1D,2026-03-10 09:00:00,136.19,140.95,135.71,138.29,675800,DNSE
FRT,1D,2026-03-11 09:00:00,138.1,147.9,138.1,147.9,510800,DNSE
FRT,1D,2026-03-12 09:00:00,146.48,146.48,140.76,146.29,657000,DNSE
FRT,1D,2026-03-13 09:00:00,142.86,142.86,141.52,142.0,307600,DNSE
FRT,1D,2026-03-16 09:00:00,140.48,143.52,140.48,143.33,193300,DNSE
FRT,1D,2026-03-17 09:00:00,143.81,147.52,143.33,144.95,386300,DNSE
FRT,1D,2026-03-18 09:00:00,146.86,146.86,142.57,142.57,186500,DNSE
FRT,1D,2026-03-19 09:00:00,141.9,142.48,140.48,141.9,244500,DNSE
FRT,1D,2026-03-20 09:00:00,141.9,142.86,140.95,141.52,157600,DNSE
FRT,1D,2026-03-23 09:00:00,138.1,142.86,137.14,142.86,439100,DNSE
FRT,1D,2026-03-24 09:00:00,142.86,150.48,142.86,150.48,377600,DNSE
FRT,1D,2026-03-25 09:00:00,150.48,151.05,147.9,151.05,377300,DNSE
FRT,1D,2026-03-26 09:00:00,150.86,150.86,146.86,150.48,353800,DNSE
FRT,1D,2026-03-27 09:00:00,147.52,154.76,147.52,154.76,704800,DNSE
FRT,1D,2026-03-30 09:00:00,151.52,151.52,148.76,150.48,630300,DNSE
FRT,1D,2026-03-31 09:00:00,150.1,150.1,146.57,149.52,477400,DNSE
FRT,1D,2026-04-01 09:00:00,150.48,150.48,147.14,149.52,163300,DNSE
FRT,1D,2026-04-02 09:00:00,146.86,148.29,146.48,146.67,185600,DNSE
FRT,1D,2026-04-03 09:00:00,146.67,147.62,141.62,144.76,454000,DNSE
FRT,1D,2026-04-06 09:00:00,145.71,145.71,140.48,140.95,273900,DNSE
FRT,1D,2026-04-07 09:00:00,140.95,142.67,139.71,142.38,165300,DNSE
FRT,1D,2026-04-08 09:00:00,144.57,147.62,144.1,145.81,691600,DNSE
FRT,1D,2026-04-09 09:00:00,144.76,145.71,142.86,142.86,223900,DNSE
FRT,1D,2026-04-10 09:00:00,143.81,145.14,142.0,144.76,412200,DNSE
FRT,1D,2026-04-13 09:00:00,144.29,144.38,141.9,141.9,183800,DNSE
FRT,1D,2026-04-14 09:00:00,143.62,144.29,142.86,143.33,78500,DNSE
FRT,1D,2026-04-15 09:00:00,144.76,144.76,141.62,143.81,271900,DNSE
FRT,1D,2026-04-16 09:00:00,142.86,144.29,141.9,143.81,330700,DNSE
FRT,1D,2026-04-17 09:00:00,143.62,149.24,143.62,144.86,814200,DNSE
FRT,1D,2026-04-20 09:00:00,145.71,145.71,142.95,143.62,201100,DNSE
FRT,1D,2026-04-21 09:00:00,143.33,143.81,141.9,143.81,420700,DNSE
FRT,1D,2026-04-22 09:00:00,142.0,143.24,141.05,142.76,215500,DNSE
FRT,1D,2026-04-23 09:00:00,142.76,142.76,139.62,139.71,235300,DNSE
FRT,1D,2026-04-24 09:00:00,140.0,140.95,136.48,137.62,369800,DNSE
FRT,1D,2026-04-28 09:00:00,137.62,140.48,136.19,140.48,470000,DNSE
FRT,1D,2026-04-29 09:00:00,139.43,141.9,138.1,141.9,325200,DNSE
FRT,1D,2026-05-04 09:00:00,140.29,141.52,139.71,140.95,155900,DNSE
FRT,1D,2026-05-05 09:00:00,139.71,141.81,139.14,141.81,148500,DNSE
FRT,1D,2026-05-06 09:00:00,140.29,141.62,140.29,140.76,226100,DNSE
FRT,1D,2026-05-07 09:00:00,140.67,142.29,138.67,138.76,316600,DNSE
FRT,1D,2026-05-08 09:00:00,138.76,140.38,136.86,138.1,374300,DNSE
FRT,1D,2026-05-11 09:00:00,137.05,138.1,131.43,131.43,674500,DNSE
FRT,1D,2026-05-12 09:00:00,133.33,135.05,130.38,131.71,393900,DNSE
FRT,1D,2026-05-13 09:00:00,130.48,132.38,130.48,130.95,187500,DNSE
FRT,1D,2026-05-14 09:00:00,130.95,134.19,129.52,129.52,424000,DNSE
FRT,1D,2026-05-15 09:00:00,129.62,131.52,127.62,127.62,368200,DNSE
FRT,1D,2026-05-18 09:00:00,127.62,128.38,126.57,127.62,427500,DNSE
FRT,1D,2026-05-19 09:00:00,127.62,129.05,126.38,126.38,398800,DNSE
FRT,1D,2026-05-20 09:00:00,126.29,126.29,122.38,125.71,618600,DNSE
FRT,1D,2026-05-21 09:00:00,126.67,126.76,124.29,125.14,366800,DNSE
FRT,1D,2026-05-22 09:00:00,124.76,125.24,123.14,123.14,213800,DNSE
FRT,1D,2026-05-25 09:00:00,124.57,124.57,123.33,123.9,267600,DNSE
FRT,1D,2026-05-26 09:00:00,124.1,124.1,123.33,124.0,212000,DNSE
FRT,1D,2026-05-27 09:00:00,124.0,124.76,123.62,124.76,181600,DNSE
FRT,1D,2026-05-28 09:00:00,124.76,125.05,123.81,124.76,324900,DNSE
FRT,1D,2026-05-29 09:00:00,124.67,124.67,123.43,124.0,200700,DNSE
FRT,1D,2026-06-01 09:00:00,123.62,123.81,121.05,121.05,359200,DNSE
FRT,1D,2026-06-02 09:00:00,121.05,124.67,121.05,121.62,331500,DNSE
FRT,1D,2026-06-03 09:00:00,121.43,122.19,120.67,122.0,399600,DNSE
FRT,1D,2026-06-04 09:00:00,121.9,121.9,119.43,120.95,452200,DNSE
FRT,1D,2026-06-05 09:00:00,120.95,121.9,113.33,118.86,528600,DNSE
FRT,1D,2026-06-08 09:00:00,117.14,119.05,116.57,118.57,385300,DNSE
FRT,1D,2026-06-09 09:00:00,118.76,118.86,115.33,116.57,662200,DNSE
FRT,1D,2026-06-10 09:00:00,116.48,116.48,114.29,115.24,678000,DNSE
FRT,1D,2026-06-11 09:00:00,115.14,115.24,113.33,113.33,490100,DNSE
FRT,1D,2026-06-12 09:00:00,113.43,117.05,113.43,115.24,260700,DNSE
FRT,1D,2026-06-15 09:00:00,116.86,118.1,114.76,117.9,215200,DNSE
FRT,1D,2026-06-16 09:00:00,120.0,125.71,118.86,124.67,1049100,DNSE
FRT,1D,2026-06-17 09:00:00,124.67,127.43,123.05,125.71,725900,DNSE
FRT,1D,2026-06-18 09:00:00,125.71,127.43,123.71,123.81,527000,DNSE
FRT,1D,2026-06-19 09:00:00,123.81,125.14,122.95,123.81,301500,DNSE
FRT,1D,2026-06-22 09:00:00,123.14,124.29,121.43,124.29,468400,DNSE
FRT,1D,2026-06-23 09:00:00,124.19,124.67,121.43,122.67,395800,DNSE
FRT,1D,2026-06-24 09:00:00,121.9,123.14,119.05,122.67,310800,DNSE
FRT,1D,2026-06-25 09:00:00,121.24,122.29,120.1,121.71,201000,DNSE
FRT,1D,2026-06-26 09:00:00,120.1,120.57,118.0,118.1,505400,DNSE
FRT,1D,2026-06-29 09:00:00,121.1,121.1,118.8,119.0,113600,DNSE
FRT,1D,2026-06-30 09:00:00,119.0,120.4,118.8,120.0,155200,DNSE
FRT,1D,2026-07-01 09:00:00,120.3,122.2,119.5,122.1,132200,DNSE
FRT,1D,2026-07-02 09:00:00,122.5,123.1,121.6,122.0,134300,DNSE
FRT,1D,2026-07-03 09:00:00,122.0,122.0,117.5,120.4,492800,DNSE
FRT,1D,2026-07-06 09:00:00,120.3,120.3,116.2,116.2,184800,DNSE
FRT,1D,2026-07-07 09:00:00,117.7,117.7,115.0,117.0,346900,DNSE
FRT,1D,2026-07-08 09:00:00,115.6,116.9,115.3,116.4,145500,DNSE
FRT,1D,2026-07-09 09:00:00,116.4,116.4,115.5,115.5,95600,DNSE
FRT,1D,2026-07-10 09:00:00,115.5,115.5,113.9,113.9,166800,DNSE
FRT,1D,2026-07-13 09:00:00,113.3,114.0,112.1,113.3,221000,DNSE
FRT,1D,2026-07-14 09:00:00,110.0,114.9,110.0,113.6,95800,DNSE
FRT,1D,2026-07-15 09:00:00,113.5,114.0,112.0,113.0,135100,DNSE
FRT,1D,2026-07-16 09:00:00,111.4,112.4,108.5,111.4,222700,DNSE
FRT,1D,2026-07-17 09:00:00,111.6,111.8,109.0,111.8,222400,DNSE
FRT,1D,2026-07-20 09:00:00,113.0,113.0,109.0,109.9,99800,DNSE
FRT,1D,2026-07-21 09:00:00,108.7,111.3,108.7,110.9,360400,DNSE
FRT,1D,2026-07-22 09:00:00,110.9,113.0,104.8,105.0,525600,DNSE
FRT,1D,2026-07-23 09:00:00,105.0,109.0,100.2,109.0,788600,DNSE
FRT,1D,2026-07-24 09:00:00,106.0,108.3,103.7,107.8,379500,DNSE
FRT,1D,2026-07-27 09:00:00,108.1,109.5,106.9,107.8,372900,DNSE
FRT,1D,2026-07-28 09:00:00,105.3,108.0,104.0,107.7,364900,DNSE
FRT,1D,2026-07-29 09:00:00,107.0,112.5,105.8,108.7,451300,DNSE
FRT,1D,2026-07-30 09:00:00,109.9,116.3,109.9,116.3,253700,DNSE
FRT,1D,2026-07-31 09:00:00,124.4,124.4,123.3,124.4,1254600,DNSE
FRT,1D,2026-08-03 09:00:00,126.0,133.1,125.9,133.1,1302200,DNSE
FRT,1D,2026-08-04 09:00:00,136.0,137.9,132.1,133.1,957900,DNSE
FRT,1D,2026-08-05 09:00:00,134.9,139.0,133.5,135.0,993100,DNSE
FRT,1D,2026-08-06 09:00:00,135.0,135.4,130.5,132.1,272000,DNSE
FRT,1D,2026-08-07 09:00:00,132.1,133.6,131.1,132.0,451000,DNSE
FRT,1D,2026-08-10 09:00:00,134.0,137.2,132.0,137.0,778600,DNSE
FRT,1D,2026-08-11 09:00:00,138.1,146.5,138.0,146.5,1428500,DNSE
FRT,1D,2026-08-12 09:00:00,148.0,148.5,145.0,148.0,931600,DNSE
FRT,1D,2026-08-13 09:00:00,147.3,147.9,143.1,146.9,408300,DNSE
FRT,1D,2026-08-14 09:00:00,142.1,144.8,141.8,142.9,825400,DNSE
FRT,1D,2026-08-17 09:00:00,143.2,147.0,138.0,147.0,921800,DNSE
FRT,1D,2026-08-18 09:00:00,147.0,151.5,145.1,145.1,325500,DNSE
FRT,1D,2026-08-19 09:00:00,142.0,149.6,142.0,143.0,768600,DNSE
FRT,1D,2026-08-20 09:00:00,142.9,147.0,142.1,145.0,426800,DNSE
FRT,1D,2026-08-21 09:00:00,144.8,147.5,140.6,143.5,469400,DNSE
FRT,1D,2026-08-24 09:00:00,143.0,148.0,142.6,147.5,461600,DNSE
FRT,1D,2026-08-25 09:00:00,146.0,146.5,144.0,145.0,143200,DNSE
FRT,1D,2026-08-26 09:00:00,144.9,144.9,142.9,142.9,275300,DNSE
FRT,1D,2026-08-27 09:00:00,142.9,146.5,142.9,145.9,411200,DNSE
FRT,1D,2026-08-28 09:00:00,145.7,145.9,143.5,145.9,202100,DNSE
FRT,1D,2026-09-03 09:00:00,144.2,144.2,142.9,142.9,182600,DNSE
FRT,1D,2026-09-04 09:00:00,142.0,143.9,139.0,142.7,250600,DNSE
FRT,1D,2026-09-07 09:00:00,143.0,143.0,136.4,136.4,315700,DNSE
FRT,1D,2026-09-08 09:00:00,136.4,140.5,136.4,139.5,231400,DNSE
FRT,1D,2026-09-09 09:00:00,139.5,142.5,137.5,140.5,230500,DNSE
FRT,1D,2026-09-10 09:00:00,140.4,143.0,140.0,140.0,455100,DNSE
FRT,1D,2026-09-11 09:00:00,139.8,139.8,136.0,137.0,274600,DNSE
FRT,1D,2026-09-14 09:00:00,137.0,138.5,127.5,133.0,831700,DNSE
FRT,1D,2026-09-15 09:00:00,131.6,136.0,129.0,129.0,285700,DNSE
FRT,1D,2026-09-16 09:00:00,129.5,133.3,128.0,128.0,401800,DNSE
FRT,1D,2026-09-17 09:00:00,128.1,132.3,128.1,130.0,408100,DNSE
FRT,1D,2026-09-18 09:00:00,131.5,133.7,130.1,130.9,443800,DNSE
GAS,1D,2025-10-01 09:00:00,60.5,60.9,60.5,60.6,211700,DNSE
GAS,1D,2025-10-02 09:00:00,60.7,61.0,60.3,60.3,454300,DNSE
GAS,1D,2025-10-03 09:00:00,60.2,60.5,60.0,60.1,470400,DNSE
GAS,1D,2025-10-06 09:00:00,61.1,61.1,60.2,60.8,420400,DNSE
GAS,1D,2025-10-07 09:00:00,61.1,61.1,60.6,60.9,302600,DNSE
GAS,1D,2025-10-08 09:00:00,61.2,61.6,60.9,60.9,379300,DNSE
GAS,1D,2025-10-09 09:00:00,60.9,61.4,60.6,60.9,363100,DNSE
GAS,1D,2025-10-10 09:00:00,60.9,61.2,60.6,60.9,592500,DNSE
GAS,1D,2025-10-13 09:00:00,60.1,60.9,60.1,60.6,516900,DNSE
GAS,1D,2025-10-14 09:00:00,60.9,60.9,60.0,60.0,568000,DNSE
GAS,1D,2025-10-15 09:00:00,60.0,60.2,58.8,59.0,1271300,DNSE
GAS,1D,2025-10-16 09:00:00,58.8,59.2,58.5,58.7,956300,DNSE
GAS,1D,2025-10-17 09:00:00,58.7,59.2,58.5,58.6,320000,DNSE
GAS,1D,2025-10-20 09:00:00,58.6,59.5,57.0,57.0,604700,DNSE
GAS,1D,2025-10-21 09:00:00,57.3,58.8,56.0,56.0,837900,DNSE
GAS,1D,2025-10-22 09:00:00,57.2,59.0,57.2,59.0,1023700,DNSE
GAS,1D,2025-10-23 09:00:00,60.0,60.7,59.5,59.8,554800,DNSE
GAS,1D,2025-10-24 09:00:00,60.4,60.8,59.6,59.6,643300,DNSE
GAS,1D,2025-10-27 09:00:00,60.2,60.2,59.3,59.3,512900,DNSE
GAS,1D,2025-10-28 09:00:00,59.3,60.2,59.1,60.0,660100,DNSE
GAS,1D,2025-10-29 09:00:00,60.1,61.2,60.0,60.2,639500,DNSE
GAS,1D,2025-10-30 09:00:00,60.2,60.8,59.7,59.7,460400,DNSE
GAS,1D,2025-10-31 09:00:00,59.8,62.3,59.8,61.6,1173700,DNSE
GAS,1D,2025-11-03 09:00:00,62.0,62.9,61.5,61.5,1095100,DNSE
GAS,1D,2025-11-04 09:00:00,62.1,62.2,60.1,60.5,1008600,DNSE
GAS,1D,2025-11-05 09:00:00,60.7,63.6,60.6,63.0,1680600,DNSE
GAS,1D,2025-11-06 09:00:00,63.3,63.3,61.7,62.1,626000,DNSE
GAS,1D,2025-11-07 09:00:00,61.8,62.9,61.0,62.9,1225100,DNSE
GAS,1D,2025-11-10 09:00:00,62.8,62.8,61.0,61.2,738300,DNSE
GAS,1D,2025-11-11 09:00:00,61.3,62.0,60.9,61.1,553500,DNSE
GAS,1D,2025-11-12 09:00:00,61.5,62.0,60.6,61.9,648800,DNSE
GAS,1D,2025-11-13 09:00:00,61.7,63.5,61.4,62.9,1158200,DNSE
GAS,1D,2025-11-14 09:00:00,62.9,63.4,62.5,62.8,496800,DNSE
GAS,1D,2025-11-17 09:00:00,63.2,63.8,62.0,63.0,689000,DNSE
GAS,1D,2025-11-18 09:00:00,63.4,63.4,62.1,62.4,749600,DNSE
GAS,1D,2025-11-19 09:00:00,62.5,62.8,62.0,62.2,380800,DNSE
GAS,1D,2025-11-20 09:00:00,62.2,62.3,61.7,62.1,392000,DNSE
GAS,1D,2025-11-21 09:00:00,61.6,61.9,61.0,61.9,467300,DNSE
GAS,1D,2025-11-24 09:00:00,61.9,62.0,61.0,61.0,390000,DNSE
GAS,1D,2025-11-25 09:00:00,61.0,61.4,60.8,60.8,405700,DNSE
GAS,1D,2025-11-26 09:00:00,60.8,62.0,60.7,62.0,529300,DNSE
GAS,1D,2025-11-27 09:00:00,61.9,63.1,61.5,63.0,1562200,DNSE
GAS,1D,2025-11-28 09:00:00,63.0,63.8,62.5,63.4,1243100,DNSE
GAS,1D,2025-12-01 09:00:00,63.4,65.8,63.4,65.4,2743800,DNSE
GAS,1D,2025-12-02 09:00:00,65.4,66.1,64.8,66.1,1960300,DNSE
GAS,1D,2025-12-03 09:00:00,66.2,66.2,64.3,64.5,1151400,DNSE
GAS,1D,2025-12-04 09:00:00,64.6,65.0,64.1,65.0,1027400,DNSE
GAS,1D,2025-12-05 09:00:00,65.2,65.2,64.0,64.0,735600,DNSE
GAS,1D,2025-12-08 09:00:00,64.1,65.4,63.6,65.4,1050700,DNSE
GAS,1D,2025-12-09 09:00:00,65.3,65.3,63.6,64.0,731000,DNSE
GAS,1D,2025-12-10 09:00:00,63.9,64.1,63.4,63.5,443900,DNSE
GAS,1D,2025-12-11 09:00:00,63.6,63.9,62.5,62.6,470100,DNSE
GAS,1D,2025-12-12 09:00:00,62.6,62.9,61.3,61.3,598400,DNSE
GAS,1D,2025-12-15 09:00:00,61.3,62.4,61.0,62.1,620600,DNSE
GAS,1D,2025-12-16 09:00:00,62.5,64.3,62.1,64.3,870400,DNSE
GAS,1D,2025-12-17 09:00:00,64.2,64.8,62.9,62.9,532900,DNSE
GAS,1D,2025-12-18 09:00:00,63.6,63.8,62.4,63.3,625000,DNSE
GAS,1D,2025-12-19 09:00:00,63.6,64.0,63.0,64.0,658000,DNSE
GAS,1D,2025-12-22 09:00:00,64.3,65.3,64.2,65.3,1262800,DNSE
GAS,1D,2025-12-23 09:00:00,65.3,66.3,64.6,65.3,1512400,DNSE
GAS,1D,2025-12-24 09:00:00,65.4,66.1,64.4,66.1,1526800,DNSE
GAS,1D,2025-12-25 09:00:00,66.1,69.3,65.5,69.2,3702300,DNSE
GAS,1D,2025-12-26 09:00:00,69.0,70.9,68.0,70.5,2428400,DNSE
GAS,1D,2025-12-29 09:00:00,70.6,75.4,70.2,75.1,5613700,DNSE
GAS,1D,2025-12-30 09:00:00,75.1,75.7,73.8,74.9,1764400,DNSE
GAS,1D,2025-12-31 09:00:00,74.5,75.8,72.4,72.4,1872800,DNSE
GAS,1D,2026-01-05 09:00:00,73.1,77.4,72.8,77.4,5364200,DNSE
GAS,1D,2026-01-06 09:00:00,77.8,82.8,77.8,82.8,4730300,DNSE
GAS,1D,2026-01-07 09:00:00,85.2,88.5,85.2,88.5,4173200,DNSE
GAS,1D,2026-01-08 09:00:00,93.5,94.6,90.0,91.6,6171100,DNSE
GAS,1D,2026-01-09 09:00:00,90.6,98.0,89.8,97.1,4592600,DNSE
GAS,1D,2026-01-12 09:00:00,101.0,102.5,94.5,97.0,5514400,DNSE
GAS,1D,2026-01-13 09:00:00,97.0,103.7,96.0,103.7,4960100,DNSE
GAS,1D,2026-01-14 09:00:00,107.0,110.9,100.0,107.0,4910800,DNSE
GAS,1D,2026-01-15 09:00:00,106.9,107.1,102.3,103.0,3558000,DNSE
GAS,1D,2026-01-16 09:00:00,103.2,107.2,99.8,99.8,4537900,DNSE
GAS,1D,2026-01-19 09:00:00,100.0,106.2,98.1,105.8,4498200,DNSE
GAS,1D,2026-01-20 09:00:00,106.0,110.8,104.0,104.5,3888800,DNSE
GAS,1D,2026-01-21 09:00:00,101.2,110.0,101.0,110.0,4569400,DNSE
GAS,1D,2026-01-22 09:00:00,110.5,110.5,104.7,104.8,4035100,DNSE
GAS,1D,2026-01-23 09:00:00,104.8,106.3,99.2,100.8,3428600,DNSE
GAS,1D,2026-01-26 09:00:00,100.5,107.8,100.5,107.8,6102800,DNSE
GAS,1D,2026-01-27 09:00:00,109.8,115.3,109.0,115.3,5889900,DNSE
GAS,1D,2026-01-28 09:00:00,121.0,122.8,115.0,118.0,7140900,DNSE
GAS,1D,2026-01-29 09:00:00,118.5,118.5,111.3,116.8,3705700,DNSE
GAS,1D,2026-01-30 09:00:00,116.8,122.0,115.8,117.0,3644900,DNSE
GAS,1D,2026-02-02 09:00:00,113.9,116.8,110.0,114.5,5534800,DNSE
GAS,1D,2026-02-03 09:00:00,115.8,121.9,113.1,117.0,3319000,DNSE
GAS,1D,2026-02-04 09:00:00,117.0,120.0,114.3,115.8,2275800,DNSE
GAS,1D,2026-02-05 09:00:00,115.8,116.8,112.0,112.0,2555300,DNSE
GAS,1D,2026-02-06 09:00:00,110.0,118.8,109.5,115.0,3964600,DNSE
GAS,1D,2026-02-09 09:00:00,117.0,117.8,114.5,115.7,901300,DNSE
GAS,1D,2026-02-10 09:00:00,115.9,119.6,107.7,107.7,6158900,DNSE
GAS,1D,2026-02-11 09:00:00,105.8,107.4,102.0,102.0,3230600,DNSE
GAS,1D,2026-02-12 09:00:00,106.2,106.2,101.0,101.4,2700300,DNSE
GAS,1D,2026-02-13 09:00:00,101.5,103.7,99.7,101.6,2039200,DNSE
GAS,1D,2026-02-23 09:00:00,104.9,108.7,104.9,108.7,956400,DNSE
GAS,1D,2026-02-24 09:00:00,112.0,112.4,107.1,110.5,4780400,DNSE
GAS,1D,2026-02-25 09:00:00,110.5,117.5,108.0,110.0,3689100,DNSE
GAS,1D,2026-02-26 09:00:00,111.0,111.0,105.5,106.0,3151900,DNSE
GAS,1D,2026-02-27 09:00:00,106.0,111.9,105.5,107.9,2827100,DNSE
GAS,1D,2026-03-02 09:00:00,115.3,115.4,112.5,115.4,3660300,DNSE
GAS,1D,2026-03-03 09:00:00,119.9,123.4,111.0,123.4,7680200,DNSE
GAS,1D,2026-03-04 09:00:00,124.0,131.5,121.8,128.7,4554900,DNSE
GAS,1D,2026-03-05 09:00:00,126.0,126.9,119.7,119.7,5317800,DNSE
GAS,1D,2026-03-06 09:00:00,118.6,118.6,112.0,112.1,4731500,DNSE
GAS,1D,2026-03-09 09:00:00,116.0,116.3,104.3,104.3,5387400,DNSE
GAS,1D,2026-03-10 09:00:00,104.0,107.5,97.0,97.0,3885500,DNSE
GAS,1D,2026-03-11 09:00:00,93.3,103.0,93.2,103.0,4146800,DNSE
GAS,1D,2026-03-12 09:00:00,103.0,103.0,98.7,98.7,1736400,DNSE
GAS,1D,2026-03-13 09:00:00,97.9,101.3,91.8,91.8,4442600,DNSE
GAS,1D,2026-03-16 09:00:00,91.0,91.1,85.4,87.9,5461400,DNSE
GAS,1D,2026-03-17 09:00:00,89.0,90.4,86.0,86.4,1712800,DNSE
GAS,1D,2026-03-18 09:00:00,86.4,92.4,86.4,91.7,2627100,DNSE
GAS,1D,2026-03-19 09:00:00,92.3,92.4,87.4,88.1,2140100,DNSE
GAS,1D,2026-03-20 09:00:00,88.1,88.8,82.0,82.0,3150400,DNSE
GAS,1D,2026-03-23 09:00:00,78.5,83.6,78.5,80.5,2980000,DNSE
GAS,1D,2026-03-24 09:00:00,82.0,82.7,78.8,80.7,1892400,DNSE
GAS,1D,2026-03-25 09:00:00,82.0,84.7,81.2,82.5,2006800,DNSE
GAS,1D,2026-03-26 09:00:00,83.0,83.0,79.8,80.3,1290400,DNSE
GAS,1D,2026-03-27 09:00:00,80.4,82.6,79.9,82.1,2023700,DNSE
GAS,1D,2026-03-30 09:00:00,82.1,83.2,80.4,80.8,2027000,DNSE
GAS,1D,2026-03-31 09:00:00,81.6,81.6,78.1,78.3,2432200,DNSE
GAS,1D,2026-04-01 09:00:00,80.0,81.3,79.6,80.0,1876800,DNSE
GAS,1D,2026-04-02 09:00:00,80.0,81.1,78.7,78.7,1167900,DNSE
GAS,1D,2026-04-03 09:00:00,80.0,80.9,79.6,79.7,1931200,DNSE
GAS,1D,2026-04-06 09:00:00,80.2,80.3,78.1,78.5,1170800,DNSE
GAS,1D,2026-04-07 09:00:00,78.5,79.4,75.8,77.3,1236400,DNSE
GAS,1D,2026-04-08 09:00:00,79.0,80.4,78.3,79.9,1438600,DNSE
GAS,1D,2026-04-09 09:00:00,79.9,79.9,78.1,78.4,1051600,DNSE
GAS,1D,2026-04-10 09:00:00,78.6,82.4,78.2,80.7,2856700,DNSE
GAS,1D,2026-04-13 09:00:00,81.2,82.2,80.6,80.7,948300,DNSE
GAS,1D,2026-04-14 09:00:00,81.0,81.6,79.1,79.3,1205900,DNSE
GAS,1D,2026-04-15 09:00:00,79.8,80.5,79.1,79.2,1038400,DNSE
GAS,1D,2026-04-16 09:00:00,79.2,80.2,78.1,78.4,1169300,DNSE
GAS,1D,2026-04-17 09:00:00,78.6,80.4,78.1,80.1,1249000,DNSE
GAS,1D,2026-04-20 09:00:00,80.0,81.3,79.0,79.2,1205300,DNSE
GAS,1D,2026-04-21 09:00:00,79.3,80.1,78.5,78.7,1356000,DNSE
GAS,1D,2026-04-22 09:00:00,79.0,79.8,78.1,78.1,760600,DNSE
GAS,1D,2026-04-23 09:00:00,78.1,79.5,75.9,77.4,1488800,DNSE
GAS,1D,2026-04-24 09:00:00,77.6,80.0,77.5,78.3,1193000,DNSE
GAS,1D,2026-04-28 09:00:00,78.0,78.2,73.1,73.5,1966400,DNSE
GAS,1D,2026-04-29 09:00:00,73.5,75.4,73.0,75.2,1268600,DNSE
GAS,1D,2026-05-04 09:00:00,77.0,79.9,76.2,76.5,1660000,DNSE
GAS,1D,2026-05-05 09:00:00,76.7,78.3,76.1,77.7,1319800,DNSE
GAS,1D,2026-05-06 09:00:00,78.0,80.5,77.6,79.2,2983000,DNSE
GAS,1D,2026-05-07 09:00:00,78.4,79.0,76.0,76.0,2302900,DNSE
GAS,1D,2026-05-08 09:00:00,76.9,77.3,74.5,74.7,1415100,DNSE
GAS,1D,2026-05-11 09:00:00,75.1,75.5,73.4,73.6,1835100,DNSE
GAS,1D,2026-05-12 09:00:00,73.9,77.1,73.8,76.5,1557500,DNSE
GAS,1D,2026-05-13 09:00:00,76.5,81.8,75.7,81.8,6350300,DNSE
GAS,1D,2026-05-14 09:00:00,84.5,85.8,83.2,83.6,4068100,DNSE
GAS,1D,2026-05-15 09:00:00,82.8,89.4,82.6,89.4,4986200,DNSE
GAS,1D,2026-05-18 09:00:00,91.7,95.5,90.2,93.0,4078700,DNSE
GAS,1D,2026-05-19 09:00:00,94.1,94.2,86.5,86.5,5410100,DNSE
GAS,1D,2026-05-20 09:00:00,85.6,89.7,81.1,89.7,4912400,DNSE
GAS,1D,2026-05-21 09:00:00,89.5,89.5,86.2,87.3,1357100,DNSE
GAS,1D,2026-05-22 09:00:00,87.1,87.8,84.3,84.9,1642900,DNSE
GAS,1D,2026-05-25 09:00:00,82.3,83.5,81.0,82.0,2341800,DNSE
GAS,1D,2026-05-26 09:00:00,83.5,84.3,82.3,82.5,976400,DNSE
GAS,1D,2026-05-27 09:00:00,82.5,83.7,81.5,81.5,902800,DNSE
GAS,1D,2026-05-28 09:00:00,81.5,83.8,79.5,81.7,2476900,DNSE
GAS,1D,2026-05-29 09:00:00,81.1,87.4,80.2,87.4,3155800,DNSE
GAS,1D,2026-06-01 09:00:00,88.0,88.2,84.2,84.2,1357900,DNSE
GAS,1D,2026-06-02 09:00:00,85.1,85.5,81.8,82.2,1514300,DNSE
GAS,1D,2026-06-03 09:00:00,82.2,85.5,82.2,84.5,1015900,DNSE
GAS,1D,2026-06-04 09:00:00,85.8,89.2,85.1,85.2,1871600,DNSE
GAS,1D,2026-06-05 09:00:00,85.2,87.8,83.8,85.0,1317900,DNSE
GAS,1D,2026-06-08 09:00:00,83.6,85.7,83.3,83.9,1058600,DNSE
GAS,1D,2026-06-09 09:00:00,84.5,84.5,81.9,82.4,906800,DNSE
GAS,1D,2026-06-10 09:00:00,82.1,83.9,81.9,82.5,509100,DNSE
GAS,1D,2026-06-11 09:00:00,83.3,84.5,82.5,82.5,530400,DNSE
GAS,1D,2026-06-12 09:00:00,82.5,87.1,82.0,85.1,1976800,DNSE
GAS,1D,2026-06-15 09:00:00,83.3,84.3,81.8,82.6,1531900,DNSE
GAS,1D,2026-06-16 09:00:00,82.6,83.7,79.7,81.8,1617400,DNSE
GAS,1D,2026-06-17 09:00:00,81.6,82.8,80.0,80.9,1031800,DNSE
GAS,1D,2026-06-18 09:00:00,80.0,82.6,80.0,81.8,949100,DNSE
GAS,1D,2026-06-19 09:00:00,81.7,81.8,80.5,81.2,478800,DNSE
GAS,1D,2026-06-22 09:00:00,81.6,82.6,81.1,81.7,702900,DNSE
GAS,1D,2026-06-23 09:00:00,81.4,82.1,78.7,78.9,2252100,DNSE
GAS,1D,2026-06-24 09:00:00,78.2,80.5,76.4,79.3,2046800,DNSE
GAS,1D,2026-06-25 09:00:00,78.5,79.3,77.5,77.5,868700,DNSE
GAS,1D,2026-06-26 09:00:00,77.8,78.5,77.0,77.0,618600,DNSE
GAS,1D,2026-06-29 09:00:00,77.2,78.7,77.0,77.7,606800,DNSE
GAS,1D,2026-06-30 09:00:00,77.7,78.4,77.1,77.4,510400,DNSE
GAS,1D,2026-07-01 09:00:00,77.5,79.9,77.5,78.0,741600,DNSE
GAS,1D,2026-07-02 09:00:00,78.0,78.2,77.3,77.3,453500,DNSE
GAS,1D,2026-07-03 09:00:00,77.4,77.7,75.3,75.3,1649400,DNSE
GAS,1D,2026-07-06 09:00:00,75.5,75.5,73.0,74.0,1615900,DNSE
GAS,1D,2026-07-07 09:00:00,74.1,75.4,73.3,73.8,648400,DNSE
GAS,1D,2026-07-08 09:00:00,74.8,75.9,74.7,74.8,648000,DNSE
GAS,1D,2026-07-09 09:00:00,75.1,78.5,75.1,77.0,1998200,DNSE
GAS,1D,2026-07-10 09:00:00,77.0,77.2,75.2,75.2,512700,DNSE
GAS,1D,2026-07-13 09:00:00,76.5,77.5,74.5,75.4,909400,DNSE
GAS,1D,2026-07-14 09:00:00,76.5,78.8,76.0,78.5,2251800,DNSE
GAS,1D,2026-07-15 09:00:00,78.8,78.8,77.2,77.6,946200,DNSE
GAS,1D,2026-07-16 09:00:00,77.6,78.0,75.7,77.4,988000,DNSE
GAS,1D,2026-07-17 09:00:00,77.4,77.4,76.0,76.2,569800,DNSE
GAS,1D,2026-07-20 09:00:00,76.6,77.6,72.0,73.1,870100,DNSE
GAS,1D,2026-07-21 09:00:00,73.1,74.3,68.0,68.0,4293300,DNSE
GAS,1D,2026-07-22 09:00:00,68.0,69.0,64.4,64.4,2734100,DNSE
GAS,1D,2026-07-23 09:00:00,64.7,66.8,64.7,66.8,1510800,DNSE
GAS,1D,2026-07-24 09:00:00,67.0,68.8,67.0,67.2,1050700,DNSE
GAS,1D,2026-07-27 09:00:00,67.0,68.5,66.2,66.9,850800,DNSE
GAS,1D,2026-07-28 09:00:00,66.7,67.3,66.1,67.0,619600,DNSE
GAS,1D,2026-07-29 09:00:00,66.9,68.5,66.9,67.9,993000,DNSE
GAS,1D,2026-07-30 09:00:00,69.0,69.3,68.0,68.7,945900,DNSE
GAS,1D,2026-07-31 09:00:00,69.8,69.8,68.1,68.6,968600,DNSE
GAS,1D,2026-08-03 09:00:00,68.6,71.2,68.1,71.2,1150500,DNSE
GAS,1D,2026-08-04 09:00:00,71.2,71.2,69.2,69.9,852900,DNSE
GAS,1D,2026-08-05 09:00:00,69.8,70.5,68.9,70.5,1138300,DNSE
GAS,1D,2026-08-06 09:00:00,70.5,71.4,69.8,69.8,674200,DNSE
GAS,1D,2026-08-07 09:00:00,70.5,74.6,70.4,74.6,2114300,DNSE
GAS,1D,2026-08-10 09:00:00,76.9,79.8,76.1,79.8,2997200,DNSE
GAS,1D,2026-08-11 09:00:00,80.5,80.6,77.4,77.5,1554300,DNSE
GAS,1D,2026-08-12 09:00:00,77.5,80.1,77.2,80.0,1433600,DNSE
GAS,1D,2026-08-13 09:00:00,79.2,80.0,77.6,77.9,1360200,DNSE
GAS,1D,2026-08-14 09:00:00,77.8,79.2,74.9,76.0,1668000,DNSE
GAS,1D,2026-08-17 09:00:00,76.2,79.2,76.2,79.1,1109600,DNSE
GAS,1D,2026-08-18 09:00:00,79.5,84.6,79.3,83.5,3635900,DNSE
GAS,1D,2026-08-19 09:00:00,83.4,84.5,82.5,83.7,1942100,DNSE
GAS,1D,2026-08-20 09:00:00,83.9,84.4,82.2,83.5,1112700,DNSE
GAS,1D,2026-08-21 09:00:00,83.8,83.8,82.0,83.5,1360800,DNSE
GAS,1D,2026-08-24 09:00:00,83.8,87.6,82.0,85.0,2691300,DNSE
GAS,1D,2026-08-25 09:00:00,84.2,85.4,82.1,83.5,2125200,DNSE
GAS,1D,2026-08-26 09:00:00,83.0,86.6,83.0,84.1,1587700,DNSE
GAS,1D,2026-08-27 09:00:00,84.1,85.4,82.7,84.3,1563900,DNSE
GAS,1D,2026-08-28 09:00:00,85.2,86.4,84.2,84.2,1561400,DNSE
GAS,1D,2026-09-03 09:00:00,85.3,87.5,82.9,84.0,1869200,DNSE
GAS,1D,2026-09-04 09:00:00,84.0,84.5,82.4,84.0,1169700,DNSE
GAS,1D,2026-09-07 09:00:00,83.7,84.4,82.5,82.8,1227800,DNSE
GAS,1D,2026-09-08 09:00:00,83.6,85.5,82.8,84.4,1047600,DNSE
GAS,1D,2026-09-09 09:00:00,85.3,87.6,85.2,85.7,2290400,DNSE
GAS,1D,2026-09-10 09:00:00,86.4,87.5,84.5,84.6,1143100,DNSE
GAS,1D,2026-09-11 09:00:00,85.8,86.7,82.9,82.9,1451400,DNSE
GAS,1D,2026-09-14 09:00:00,85.1,86.8,84.0,85.7,1634100,DNSE
GAS,1D,2026-09-15 09:00:00,86.5,91.5,85.3,91.4,3733200,DNSE
GAS,1D,2026-09-16 09:00:00,91.6,93.0,89.4,89.4,2653700,DNSE
GAS,1D,2026-09-17 09:00:00,89.3,90.7,87.5,88.6,2621500,DNSE
GAS,1D,2026-09-18 09:00:00,88.5,88.7,87.2,88.0,1412000,DNSE
GMD,1D,2025-10-01 09:00:00,65.3,65.98,64.33,64.62,1995800,DNSE
GMD,1D,2025-10-02 09:00:00,64.91,65.4,64.14,64.14,1604100,DNSE
GMD,1D,2025-10-03 09:00:00,64.14,64.72,63.65,64.04,1648600,DNSE
GMD,1D,2025-10-06 09:00:00,64.52,66.27,64.52,66.08,1520500,DNSE
GMD,1D,2025-10-07 09:00:00,66.37,66.37,64.62,64.62,1263700,DNSE
GMD,1D,2025-10-08 09:00:00,65.11,65.59,64.43,65.59,1405900,DNSE
GMD,1D,2025-10-09 09:00:00,65.59,65.59,64.14,65.4,2633900,DNSE
GMD,1D,2025-10-10 09:00:00,65.4,67.15,65.21,66.57,2195500,DNSE
GMD,1D,2025-10-13 09:00:00,65.3,66.57,65.21,65.3,2089700,DNSE
GMD,1D,2025-10-14 09:00:00,65.4,66.76,65.01,66.18,2318500,DNSE
GMD,1D,2025-10-15 09:00:00,66.37,69.29,61.61,67.05,3943600,DNSE
GMD,1D,2025-10-16 09:00:00,67.54,67.54,65.59,65.59,2467100,DNSE
GMD,1D,2025-10-17 09:00:00,65.59,66.47,65.11,66.08,2521700,DNSE
GMD,1D,2025-10-20 09:00:00,66.08,66.08,61.51,61.51,5551000,DNSE
GMD,1D,2025-10-21 09:00:00,61.9,64.43,61.61,64.14,2308600,DNSE
GMD,1D,2025-10-22 09:00:00,64.14,65.3,63.46,65.11,1993000,DNSE
GMD,1D,2025-10-23 09:00:00,65.11,67.73,64.82,65.4,2381400,DNSE
GMD,1D,2025-10-24 09:00:00,65.59,65.59,64.04,64.91,1221700,DNSE
GMD,1D,2025-10-27 09:00:00,65.4,65.5,63.46,64.62,1406800,DNSE
GMD,1D,2025-10-28 09:00:00,64.52,64.62,62.19,64.62,2080000,DNSE
GMD,1D,2025-10-29 09:00:00,64.52,68.02,63.75,67.25,3992400,DNSE
GMD,1D,2025-10-30 09:00:00,67.83,68.61,66.86,68.51,3451800,DNSE
GMD,1D,2025-10-31 09:00:00,67.93,68.02,66.18,66.18,4256200,DNSE
GMD,1D,2025-11-03 09:00:00,66.27,68.99,65.79,66.57,3824900,DNSE
GMD,1D,2025-11-04 09:00:00,65.69,66.18,62.29,65.4,3771700,DNSE
GMD,1D,2025-11-05 09:00:00,65.4,65.4,63.75,65.11,1440700,DNSE
GMD,1D,2025-11-06 09:00:00,65.11,65.79,64.23,64.23,1890700,DNSE
GMD,1D,2025-11-07 09:00:00,64.23,64.33,61.22,61.61,2325400,DNSE
GMD,1D,2025-11-10 09:00:00,61.61,61.8,59.28,59.28,2649000,DNSE
GMD,1D,2025-11-11 09:00:00,59.28,60.25,57.82,59.28,1523700,DNSE
GMD,1D,2025-11-12 09:00:00,59.76,61.22,59.67,60.25,1117300,DNSE
GMD,1D,2025-11-13 09:00:00,60.35,62.1,60.35,61.22,1573100,DNSE
GMD,1D,2025-11-14 09:00:00,61.22,61.32,60.35,60.73,766900,DNSE
GMD,1D,2025-11-17 09:00:00,60.73,62.19,60.73,61.8,613100,DNSE
GMD,1D,2025-11-18 09:00:00,61.61,62.68,61.32,61.71,1082300,DNSE
GMD,1D,2025-11-19 09:00:00,61.8,62.19,60.93,61.42,906500,DNSE
GMD,1D,2025-11-20 09:00:00,61.42,61.42,60.73,60.83,756600,DNSE
GMD,1D,2025-11-21 09:00:00,60.73,62.1,60.15,61.42,864500,DNSE
GMD,1D,2025-11-24 09:00:00,61.42,61.71,61.12,61.12,437700,DNSE
GMD,1D,2025-11-25 09:00:00,61.22,61.61,60.25,61.12,1312100,DNSE
GMD,1D,2025-11-26 09:00:00,61.22,61.9,60.73,61.61,1233200,DNSE
GMD,1D,2025-11-27 09:00:00,61.71,62.48,61.32,62.1,1196000,DNSE
GMD,1D,2025-11-28 09:00:00,62.29,62.87,61.61,62.19,1068200,DNSE
GMD,1D,2025-12-01 09:00:00,62.1,62.19,60.93,61.71,561500,DNSE
GMD,1D,2025-12-02 09:00:00,61.03,61.03,60.15,60.93,1273000,DNSE
GMD,1D,2025-12-03 09:00:00,60.93,61.03,60.54,60.93,1275500,DNSE
GMD,1D,2025-12-04 09:00:00,61.22,61.8,60.35,60.35,1570000,DNSE
GMD,1D,2025-12-05 09:00:00,60.54,60.73,59.28,59.28,1149500,DNSE
GMD,1D,2025-12-08 09:00:00,59.96,59.96,57.43,57.82,1698000,DNSE
GMD,1D,2025-12-09 09:00:00,57.82,57.82,56.26,56.85,2522000,DNSE
GMD,1D,2025-12-10 09:00:00,57.04,57.24,56.17,56.36,1255400,DNSE
GMD,1D,2025-12-11 09:00:00,56.46,57.14,56.36,56.36,1059300,DNSE
GMD,1D,2025-12-12 09:00:00,56.46,56.75,55.78,55.78,1206100,DNSE
GMD,1D,2025-12-15 09:00:00,55.88,57.14,55.29,56.85,1515600,DNSE
GMD,1D,2025-12-16 09:00:00,57.04,57.53,55.68,57.24,653600,DNSE
GMD,1D,2025-12-17 09:00:00,57.04,57.43,56.56,57.04,392700,DNSE
GMD,1D,2025-12-18 09:00:00,56.85,57.04,56.56,56.75,210000,DNSE
GMD,1D,2025-12-19 09:00:00,56.75,57.82,56.36,57.82,721500,DNSE
GMD,1D,2025-12-22 09:00:00,57.82,58.4,57.53,57.82,599700,DNSE
GMD,1D,2025-12-23 09:00:00,58.79,58.79,57.82,57.82,807300,DNSE
GMD,1D,2025-12-24 09:00:00,57.43,58.4,57.24,58.31,1051600,DNSE
GMD,1D,2025-12-25 09:00:00,58.4,58.89,57.72,58.79,739800,DNSE
GMD,1D,2025-12-26 09:00:00,58.31,58.5,56.85,57.82,819700,DNSE
GMD,1D,2025-12-29 09:00:00,57.72,59.57,57.72,59.57,1398500,DNSE
GMD,1D,2025-12-30 09:00:00,59.28,60.25,59.28,60.05,1094900,DNSE
GMD,1D,2025-12-31 09:00:00,60.25,60.25,59.28,59.28,318600,DNSE
GMD,1D,2026-01-05 09:00:00,59.28,59.47,58.6,58.89,636500,DNSE
GMD,1D,2026-01-06 09:00:00,58.89,59.47,58.6,58.69,711700,DNSE
GMD,1D,2026-01-07 09:00:00,58.6,61.32,58.5,60.93,2595000,DNSE
GMD,1D,2026-01-08 09:00:00,60.93,61.51,60.15,61.22,1995300,DNSE
GMD,1D,2026-01-09 09:00:00,61.22,61.42,60.25,60.25,820800,DNSE
GMD,1D,2026-01-12 09:00:00,60.64,61.8,60.64,61.22,1240600,DNSE
GMD,1D,2026-01-13 09:00:00,61.03,62.19,60.83,61.12,1020900,DNSE
GMD,1D,2026-01-14 09:00:00,61.42,62.0,60.83,61.22,1537600,DNSE
GMD,1D,2026-01-15 09:00:00,61.42,62.1,61.22,61.71,933500,DNSE
GMD,1D,2026-01-16 09:00:00,61.71,64.14,61.32,62.1,1894500,DNSE
GMD,1D,2026-01-19 09:00:00,62.58,62.58,61.8,62.0,966900,DNSE
GMD,1D,2026-01-20 09:00:00,62.19,66.27,61.9,66.27,4470900,DNSE
GMD,1D,2026-01-21 09:00:00,66.57,69.19,66.57,68.51,5343400,DNSE
GMD,1D,2026-01-22 09:00:00,68.61,68.61,66.76,68.02,2686400,DNSE
GMD,1D,2026-01-23 09:00:00,68.12,68.12,64.72,66.57,2548100,DNSE
GMD,1D,2026-01-26 09:00:00,65.89,66.27,62.19,62.19,3116600,DNSE
GMD,1D,2026-01-27 09:00:00,61.51,63.94,61.51,63.94,1214600,DNSE
GMD,1D,2026-01-28 09:00:00,63.75,64.23,63.07,63.94,825100,DNSE
GMD,1D,2026-01-29 09:00:00,63.36,65.98,63.36,65.98,995300,DNSE
GMD,1D,2026-01-30 09:00:00,66.08,68.02,65.11,66.57,1901300,DNSE
GMD,1D,2026-02-02 09:00:00,66.66,67.05,64.72,66.27,1992700,DNSE
GMD,1D,2026-02-03 09:00:00,67.25,70.84,67.25,70.84,7662200,DNSE
GMD,1D,2026-02-04 09:00:00,70.65,72.88,70.65,71.23,2081200,DNSE
GMD,1D,2026-02-05 09:00:00,70.94,72.2,69.09,69.09,1906200,DNSE
GMD,1D,2026-02-06 09:00:00,68.7,70.94,68.22,69.48,2870600,DNSE
GMD,1D,2026-02-09 09:00:00,70.45,70.74,67.44,69.29,1312200,DNSE
GMD,1D,2026-02-10 09:00:00,68.51,69.48,66.76,68.99,2071700,DNSE
GMD,1D,2026-02-11 09:00:00,69.09,69.29,67.93,69.29,1317000,DNSE
GMD,1D,2026-02-12 09:00:00,69.38,72.69,69.38,72.4,4712200,DNSE
GMD,1D,2026-02-13 09:00:00,71.42,72.88,71.42,72.88,1367700,DNSE
GMD,1D,2026-02-23 09:00:00,73.37,73.37,71.91,73.37,1301200,DNSE
GMD,1D,2026-02-24 09:00:00,73.56,78.13,73.17,77.55,5158600,DNSE
GMD,1D,2026-02-25 09:00:00,77.74,78.13,76.87,77.74,2200800,DNSE
GMD,1D,2026-02-26 09:00:00,77.94,81.53,77.25,79.1,3045200,DNSE
GMD,1D,2026-02-27 09:00:00,80.27,82.7,78.52,82.02,4404500,DNSE
GMD,1D,2026-03-02 09:00:00,82.21,86.97,78.71,78.71,4966700,DNSE
GMD,1D,2026-03-03 09:00:00,78.71,80.46,77.74,79.2,4680800,DNSE
GMD,1D,2026-03-04 09:00:00,79.68,79.68,73.95,76.77,3968900,DNSE
GMD,1D,2026-03-05 09:00:00,77.06,78.03,74.92,75.12,2754000,DNSE
GMD,1D,2026-03-06 09:00:00,74.83,76.77,73.76,75.8,2309900,DNSE
GMD,1D,2026-03-09 09:00:00,70.94,71.91,70.55,70.55,1543700,DNSE
GMD,1D,2026-03-10 09:00:00,71.42,71.72,68.22,69.48,3030800,DNSE
GMD,1D,2026-03-11 09:00:00,68.7,74.34,68.7,74.34,4175300,DNSE
GMD,1D,2026-03-12 09:00:00,74.15,75.89,73.17,74.63,1764300,DNSE
GMD,1D,2026-03-13 09:00:00,74.15,75.41,72.98,73.76,1667700,DNSE
GMD,1D,2026-03-16 09:00:00,73.85,74.05,70.65,71.91,1408100,DNSE
GMD,1D,2026-03-17 09:00:00,72.78,74.15,71.52,73.85,1640500,DNSE
GMD,1D,2026-03-18 09:00:00,75.51,77.64,74.15,77.16,2269800,DNSE
GMD,1D,2026-03-19 09:00:00,76.28,76.28,73.95,74.34,1474400,DNSE
GMD,1D,2026-03-20 09:00:00,74.34,75.8,72.98,75.02,1566000,DNSE
GMD,1D,2026-03-23 09:00:00,72.4,73.76,69.87,69.97,2389200,DNSE
GMD,1D,2026-03-24 09:00:00,71.91,72.59,71.13,71.81,614000,DNSE
GMD,1D,2026-03-25 09:00:00,72.3,75.21,72.3,75.02,1417700,DNSE
GMD,1D,2026-03-26 09:00:00,75.12,75.6,71.91,75.6,2235400,DNSE
GMD,1D,2026-03-27 09:00:00,75.6,76.57,74.44,76.28,2122600,DNSE
GMD,1D,2026-03-30 09:00:00,75.12,77.55,74.53,76.28,1378300,DNSE
GMD,1D,2026-03-31 09:00:00,76.57,78.52,75.7,77.25,1966400,DNSE
GMD,1D,2026-04-01 09:00:00,78.62,78.62,74.53,75.21,2333600,DNSE
GMD,1D,2026-04-02 09:00:00,73.95,74.63,69.97,71.91,4951700,DNSE
GMD,1D,2026-04-03 09:00:00,71.91,71.91,67.93,68.7,3641400,DNSE
GMD,1D,2026-04-06 09:00:00,68.9,69.87,68.41,69.19,1230800,DNSE
GMD,1D,2026-04-07 09:00:00,69.48,70.45,68.22,69.87,1308700,DNSE
GMD,1D,2026-04-08 09:00:00,71.23,72.98,70.65,72.4,2957300,DNSE
GMD,1D,2026-04-09 09:00:00,72.2,72.3,71.13,71.52,691100,DNSE
GMD,1D,2026-04-10 09:00:00,71.62,72.2,70.55,70.55,854000,DNSE
GMD,1D,2026-04-13 09:00:00,69.48,71.72,68.99,71.23,1237600,DNSE
GMD,1D,2026-04-14 09:00:00,71.33,73.27,71.33,72.3,1978000,DNSE
GMD,1D,2026-04-15 09:00:00,72.88,73.08,71.72,72.2,1076100,DNSE
GMD,1D,2026-04-16 09:00:00,72.1,72.98,71.42,71.52,1374800,DNSE
GMD,1D,2026-04-17 09:00:00,72.49,73.85,72.1,72.49,1521300,DNSE
GMD,1D,2026-04-20 09:00:00,72.88,73.56,71.91,72.1,692900,DNSE
GMD,1D,2026-04-21 09:00:00,72.69,73.17,71.81,71.91,769900,DNSE
GMD,1D,2026-04-22 09:00:00,72.01,72.2,71.13,71.42,890600,DNSE
GMD,1D,2026-04-23 09:00:00,71.62,73.37,71.42,72.1,1368000,DNSE
GMD,1D,2026-04-24 09:00:00,72.1,73.46,72.1,72.88,2246700,DNSE
GMD,1D,2026-04-28 09:00:00,73.46,73.46,72.3,72.88,794200,DNSE
GMD,1D,2026-04-29 09:00:00,72.78,73.66,72.4,73.17,821700,DNSE
GMD,1D,2026-05-04 09:00:00,73.66,73.66,72.4,72.98,708200,DNSE
GMD,1D,2026-05-05 09:00:00,73.17,75.6,72.98,75.41,2691200,DNSE
GMD,1D,2026-05-06 09:00:00,75.51,76.28,75.21,76.19,1059400,DNSE
GMD,1D,2026-05-07 09:00:00,77.06,78.32,76.28,77.25,2649000,DNSE
GMD,1D,2026-05-08 09:00:00,77.45,78.71,76.38,78.42,1915800,DNSE
GMD,1D,2026-05-11 09:00:00,78.71,78.71,77.35,77.45,1714800,DNSE
GMD,1D,2026-05-12 09:00:00,77.35,79.68,76.96,79.3,1792800,DNSE
GMD,1D,2026-05-13 09:00:00,79.3,80.17,78.71,79.3,1525700,DNSE
GMD,1D,2026-05-14 09:00:00,79.2,79.49,78.62,79.0,1052000,DNSE
GMD,1D,2026-05-15 09:00:00,79.2,79.2,77.25,77.64,1161500,DNSE
GMD,1D,2026-05-18 09:00:00,77.64,78.52,77.35,77.45,892700,DNSE
GMD,1D,2026-05-19 09:00:00,77.35,77.94,76.28,76.67,1394700,DNSE
GMD,1D,2026-05-20 09:00:00,77.35,77.35,72.98,75.7,1354500,DNSE
GMD,1D,2026-05-21 09:00:00,76.1,76.3,73.7,74.5,661100,DNSE
GMD,1D,2026-05-22 09:00:00,74.4,74.6,72.9,73.6,849500,DNSE
GMD,1D,2026-05-25 09:00:00,73.5,75.3,73.0,74.6,537700,DNSE
GMD,1D,2026-05-26 09:00:00,75.1,76.0,74.0,75.5,834900,DNSE
GMD,1D,2026-05-27 09:00:00,76.5,76.5,73.6,74.9,1162200,DNSE
GMD,1D,2026-05-28 09:00:00,74.2,74.8,72.5,72.5,1055100,DNSE
GMD,1D,2026-05-29 09:00:00,72.5,73.0,72.0,72.3,320000,DNSE
GMD,1D,2026-06-01 09:00:00,72.3,73.3,71.9,73.3,360700,DNSE
GMD,1D,2026-06-02 09:00:00,73.3,73.3,72.2,73.3,657500,DNSE
GMD,1D,2026-06-03 09:00:00,73.0,73.8,72.2,73.3,933600,DNSE
GMD,1D,2026-06-04 09:00:00,72.5,77.1,72.5,76.1,1816600,DNSE
GMD,1D,2026-06-05 09:00:00,76.1,77.2,76.0,76.2,509700,DNSE
GMD,1D,2026-06-08 09:00:00,76.3,77.1,75.0,76.0,996500,DNSE
GMD,1D,2026-06-09 09:00:00,76.0,77.0,75.7,76.0,836500,DNSE
GMD,1D,2026-06-10 09:00:00,75.7,76.5,74.6,75.6,919600,DNSE
GMD,1D,2026-06-11 09:00:00,75.1,75.8,75.1,75.6,167200,DNSE
GMD,1D,2026-06-12 09:00:00,76.3,76.4,75.3,76.0,490300,DNSE
GMD,1D,2026-06-15 09:00:00,76.6,79.9,76.2,79.6,4151300,DNSE
GMD,1D,2026-06-16 09:00:00,79.9,80.0,78.8,79.6,611300,DNSE
GMD,1D,2026-06-17 09:00:00,79.9,79.9,78.4,78.8,761200,DNSE
GMD,1D,2026-06-18 09:00:00,78.9,79.0,77.3,77.6,930700,DNSE
GMD,1D,2026-06-19 09:00:00,78.5,78.5,75.8,77.0,1128600,DNSE
GMD,1D,2026-06-22 09:00:00,76.1,77.2,75.2,75.6,1123700,DNSE
GMD,1D,2026-06-23 09:00:00,75.9,76.9,75.2,76.4,826800,DNSE
GMD,1D,2026-06-24 09:00:00,76.0,76.3,74.5,75.0,715200,DNSE
GMD,1D,2026-06-25 09:00:00,74.8,75.2,72.8,73.0,1438200,DNSE
GMD,1D,2026-06-26 09:00:00,73.0,73.3,72.6,73.0,640300,DNSE
GMD,1D,2026-06-29 09:00:00,73.0,73.8,72.4,73.6,759300,DNSE
GMD,1D,2026-06-30 09:00:00,74.0,74.7,73.2,73.6,773500,DNSE
GMD,1D,2026-07-01 09:00:00,73.6,74.3,73.3,74.3,685700,DNSE
GMD,1D,2026-07-02 09:00:00,74.6,76.0,74.2,75.3,1585600,DNSE
GMD,1D,2026-07-03 09:00:00,75.0,76.5,73.9,76.4,1759700,DNSE
GMD,1D,2026-07-06 09:00:00,76.3,78.2,75.3,77.2,2115500,DNSE
GMD,1D,2026-07-07 09:00:00,77.2,77.3,75.8,76.0,1718400,DNSE
GMD,1D,2026-07-08 09:00:00,76.2,77.4,75.8,77.4,1249600,DNSE
GMD,1D,2026-07-09 09:00:00,77.0,77.1,76.1,76.1,810100,DNSE
GMD,1D,2026-07-10 09:00:00,74.4,76.5,73.4,75.3,2176400,DNSE
GMD,1D,2026-07-13 09:00:00,75.4,77.1,74.2,75.3,1519700,DNSE
GMD,1D,2026-07-14 09:00:00,75.3,77.8,75.0,77.5,2417600,DNSE
GMD,1D,2026-07-15 09:00:00,77.1,77.4,76.5,77.0,726100,DNSE
GMD,1D,2026-07-16 09:00:00,77.0,79.3,75.8,79.0,2607300,DNSE
GMD,1D,2026-07-17 09:00:00,79.0,79.0,76.4,77.5,990500,DNSE
GMD,1D,2026-07-20 09:00:00,76.7,77.1,75.3,76.0,923100,DNSE
GMD,1D,2026-07-21 09:00:00,76.0,77.4,75.7,76.0,874700,DNSE
GMD,1D,2026-07-22 09:00:00,75.7,76.3,72.0,72.0,2233100,DNSE
GMD,1D,2026-07-23 09:00:00,71.9,72.2,67.0,72.0,3404000,DNSE
GMD,1D,2026-07-24 09:00:00,72.0,73.2,70.6,73.2,1829400,DNSE
GMD,1D,2026-07-27 09:00:00,73.0,73.8,72.2,72.3,900100,DNSE
GMD,1D,2026-07-28 09:00:00,72.0,73.4,71.5,72.9,829700,DNSE
GMD,1D,2026-07-29 09:00:00,73.0,74.0,72.9,73.8,664000,DNSE
GMD,1D,2026-07-30 09:00:00,73.8,76.5,73.8,76.4,1393600,DNSE
GMD,1D,2026-07-31 09:00:00,77.0,77.0,74.5,77.0,2208100,DNSE
GMD,1D,2026-08-03 09:00:00,76.4,78.3,76.1,77.1,1094000,DNSE
GMD,1D,2026-08-04 09:00:00,77.2,77.4,76.2,76.5,503100,DNSE
GMD,1D,2026-08-05 09:00:00,76.9,77.2,75.8,76.2,1064800,DNSE
GMD,1D,2026-08-06 09:00:00,76.2,78.4,76.2,77.1,1066200,DNSE
GMD,1D,2026-08-07 09:00:00,76.9,77.9,76.9,77.2,579000,DNSE
GMD,1D,2026-08-10 09:00:00,78.3,82.0,77.3,78.2,3401300,DNSE
GMD,1D,2026-08-11 09:00:00,78.2,78.5,77.2,77.4,521800,DNSE
GMD,1D,2026-08-12 09:00:00,77.4,78.2,76.5,77.2,873200,DNSE
GMD,1D,2026-08-13 09:00:00,77.0,79.8,76.4,78.5,2129900,DNSE
GMD,1D,2026-08-14 09:00:00,78.4,79.8,78.3,78.7,1351300,DNSE
GMD,1D,2026-08-17 09:00:00,78.7,79.9,78.3,78.8,1731100,DNSE
GMD,1D,2026-08-18 09:00:00,79.0,79.8,78.7,79.5,2045500,DNSE
GMD,1D,2026-08-19 09:00:00,80.0,80.6,78.6,78.6,2130600,DNSE
GMD,1D,2026-08-20 09:00:00,78.7,78.9,77.0,77.0,1948800,DNSE
GMD,1D,2026-08-21 09:00:00,77.1,77.8,77.1,77.4,1388900,DNSE
GMD,1D,2026-08-24 09:00:00,77.8,78.4,77.4,77.5,646100,DNSE
GMD,1D,2026-08-25 09:00:00,77.5,78.7,77.1,78.7,1274400,DNSE
GMD,1D,2026-08-26 09:00:00,78.7,81.3,78.7,79.3,1937400,DNSE
GMD,1D,2026-08-27 09:00:00,79.7,80.1,79.2,79.8,450900,DNSE
GMD,1D,2026-08-28 09:00:00,79.8,80.1,79.2,79.5,646500,DNSE
GMD,1D,2026-09-03 09:00:00,79.5,79.5,77.6,77.6,917000,DNSE
GMD,1D,2026-09-04 09:00:00,78.0,78.4,77.3,77.4,737000,DNSE
GMD,1D,2026-09-07 09:00:00,77.5,78.0,76.8,76.8,618700,DNSE
GMD,1D,2026-09-08 09:00:00,76.8,77.2,75.0,75.0,934600,DNSE
GMD,1D,2026-09-09 09:00:00,75.0,76.5,75.0,75.6,492700,DNSE
GMD,1D,2026-09-10 09:00:00,75.7,76.0,75.1,75.2,289500,DNSE
GMD,1D,2026-09-11 09:00:00,75.2,76.0,74.2,74.6,1080800,DNSE
GMD,1D,2026-09-14 09:00:00,74.6,75.5,73.5,74.6,518100,DNSE
GMD,1D,2026-09-15 09:00:00,75.0,76.5,74.9,76.5,835700,DNSE
GMD,1D,2026-09-16 09:00:00,76.5,76.7,75.8,76.6,867100,DNSE
GMD,1D,2026-09-17 09:00:00,76.3,77.0,76.1,76.6,620500,DNSE
GMD,1D,2026-09-18 09:00:00,76.8,77.6,76.7,77.3,778100,DNSE
HCM,1D,2025-10-01 09:00:00,22.73,22.94,22.56,22.64,4951500,DNSE
HCM,1D,2025-10-02 09:00:00,22.81,22.89,22.38,22.43,5904200,DNSE
HCM,1D,2025-10-03 09:00:00,22.43,22.47,21.96,22.09,6835100,DNSE
HCM,1D,2025-10-06 09:00:00,22.47,23.62,22.38,23.62,18710100,DNSE
HCM,1D,2025-10-07 09:00:00,23.82,23.82,23.36,23.4,9546600,DNSE
HCM,1D,2025-10-08 09:00:00,24.12,24.12,22.89,23.24,14158200,DNSE
HCM,1D,2025-10-09 09:00:00,23.4,23.44,22.98,23.11,6373100,DNSE
HCM,1D,2025-10-10 09:00:00,23.24,23.53,23.06,23.19,8356700,DNSE
HCM,1D,2025-10-13 09:00:00,22.76,23.4,22.69,23.24,10366200,DNSE
HCM,1D,2025-10-14 09:00:00,23.44,23.78,22.85,22.85,15145400,DNSE
HCM,1D,2025-10-15 09:00:00,22.89,22.98,22.56,22.64,12949000,DNSE
HCM,1D,2025-10-16 09:00:00,22.73,22.89,22.6,22.73,7194000,DNSE
HCM,1D,2025-10-17 09:00:00,22.85,23.06,22.47,22.47,10389500,DNSE
HCM,1D,2025-10-20 09:00:00,22.43,22.69,20.9,20.9,14342000,DNSE
HCM,1D,2025-10-21 09:00:00,20.86,21.16,20.1,20.56,15860300,DNSE
HCM,1D,2025-10-22 09:00:00,20.86,20.99,20.35,20.99,6454700,DNSE
HCM,1D,2025-10-23 09:00:00,21.03,21.12,20.61,20.69,3248300,DNSE
HCM,1D,2025-10-24 09:00:00,20.48,20.86,20.18,20.86,8400800,DNSE
HCM,1D,2025-10-27 09:00:00,20.86,20.86,19.93,20.31,21260600,DNSE
HCM,1D,2025-10-28 09:00:00,20.35,20.39,19.88,20.35,17952400,DNSE
HCM,1D,2025-10-29 09:00:00,20.48,20.61,20.31,20.35,10385800,DNSE
HCM,1D,2025-10-30 09:00:00,20.35,20.43,19.97,19.97,8537300,DNSE
HCM,1D,2025-10-31 09:00:00,19.93,20.14,19.75,19.75,13363500,DNSE
HCM,1D,2025-11-03 09:00:00,19.8,19.88,18.95,18.95,15802000,DNSE
HCM,1D,2025-11-04 09:00:00,18.95,20.06,18.82,20.01,15067700,DNSE
HCM,1D,2025-11-05 09:00:00,19.75,19.88,19.5,19.55,7605200,DNSE
HCM,1D,2025-11-06 09:00:00,19.5,19.59,19.12,19.12,8644800,DNSE
HCM,1D,2025-11-07 09:00:00,19.08,19.29,18.53,18.57,13282700,DNSE
HCM,1D,2025-11-10 09:00:00,18.53,19.37,18.49,18.87,10428200,DNSE
HCM,1D,2025-11-11 09:00:00,19.04,19.29,18.91,19.12,6673900,DNSE
HCM,1D,2025-11-12 09:00:00,19.24,19.46,19.12,19.33,8347100,DNSE
HCM,1D,2025-11-13 09:00:00,19.33,19.42,19.12,19.24,7462900,DNSE
HCM,1D,2025-11-14 09:00:00,19.12,19.42,19.08,19.16,7118900,DNSE
HCM,1D,2025-11-17 09:00:00,19.2,19.55,19.2,19.46,8864600,DNSE
HCM,1D,2025-11-18 09:00:00,19.5,19.8,19.37,19.46,11213500,DNSE
HCM,1D,2025-11-19 09:00:00,19.33,19.46,19.08,19.2,8048400,DNSE
HCM,1D,2025-11-20 09:00:00,19.2,19.37,19.08,19.2,4931200,DNSE
HCM,1D,2025-11-21 09:00:00,19.08,19.2,18.95,19.08,5656500,DNSE
HCM,1D,2025-11-24 09:00:00,19.2,19.33,19.12,19.12,4541500,DNSE
HCM,1D,2025-11-25 09:00:00,19.2,19.29,18.69,18.78,7600900,DNSE
HCM,1D,2025-11-26 09:00:00,18.82,19.5,18.82,19.24,7296200,DNSE
HCM,1D,2025-11-27 09:00:00,19.33,19.37,18.99,19.04,5295400,DNSE
HCM,1D,2025-11-28 09:00:00,19.04,19.16,18.78,18.78,4647700,DNSE
HCM,1D,2025-12-01 09:00:00,18.91,18.99,18.74,18.74,3749500,DNSE
HCM,1D,2025-12-02 09:00:00,18.78,19.08,18.65,18.91,7069200,DNSE
HCM,1D,2025-12-03 09:00:00,18.99,19.24,18.91,19.24,5687700,DNSE
HCM,1D,2025-12-04 09:00:00,19.33,19.59,19.29,19.5,10588600,DNSE
HCM,1D,2025-12-05 09:00:00,19.59,19.59,19.33,19.37,7354200,DNSE
HCM,1D,2025-12-08 09:00:00,19.42,19.5,19.08,19.08,6436800,DNSE
HCM,1D,2025-12-09 09:00:00,19.2,19.63,18.82,19.42,13656800,DNSE
HCM,1D,2025-12-10 09:00:00,19.5,19.71,19.42,19.55,7888000,DNSE
HCM,1D,2025-12-11 09:00:00,19.59,19.8,19.42,19.46,7137400,DNSE
HCM,1D,2025-12-12 09:00:00,19.42,19.67,18.91,18.95,11605100,DNSE
HCM,1D,2025-12-15 09:00:00,18.99,19.33,18.95,19.2,7624600,DNSE
HCM,1D,2025-12-16 09:00:00,19.29,20.18,18.95,19.84,13301700,DNSE
HCM,1D,2025-12-17 09:00:00,19.84,19.88,19.42,19.5,6094600,DNSE
HCM,1D,2025-12-18 09:00:00,19.42,19.63,19.33,19.5,4771600,DNSE
HCM,1D,2025-12-19 09:00:00,19.42,19.75,19.42,19.59,8597600,DNSE
HCM,1D,2025-12-22 09:00:00,19.71,19.97,19.55,19.75,8120400,DNSE
HCM,1D,2025-12-23 09:00:00,19.93,20.06,19.37,19.5,12389800,DNSE
HCM,1D,2025-12-24 09:00:00,19.42,19.84,19.33,19.71,8551700,DNSE
HCM,1D,2025-12-25 09:00:00,19.71,19.93,19.42,19.42,7768400,DNSE
HCM,1D,2025-12-26 09:00:00,19.33,19.59,18.95,19.42,12134900,DNSE
HCM,1D,2025-12-29 09:00:00,19.5,19.5,19.24,19.29,4177500,DNSE
HCM,1D,2025-12-30 09:00:00,19.33,19.42,19.16,19.24,3418600,DNSE
HCM,1D,2025-12-31 09:00:00,19.24,19.33,18.99,18.99,5472800,DNSE
HCM,1D,2026-01-05 09:00:00,19.04,19.12,18.06,18.44,9130100,DNSE
HCM,1D,2026-01-06 09:00:00,18.49,18.65,18.06,18.44,7288600,DNSE
HCM,1D,2026-01-07 09:00:00,18.57,18.95,18.53,18.87,5999100,DNSE
HCM,1D,2026-01-08 09:00:00,18.91,19.5,18.91,19.08,11682400,DNSE
HCM,1D,2026-01-09 09:00:00,19.2,19.37,18.99,19.16,9068900,DNSE
HCM,1D,2026-01-12 09:00:00,19.71,20.48,19.67,20.48,23784800,DNSE
HCM,1D,2026-01-13 09:00:00,21.79,21.87,21.41,21.62,53751500,DNSE
HCM,1D,2026-01-14 09:00:00,21.71,22.47,21.62,22.47,39610400,DNSE
HCM,1D,2026-01-15 09:00:00,22.47,22.94,22.09,22.09,32267000,DNSE
HCM,1D,2026-01-16 09:00:00,22.05,23.31,21.71,22.47,32554100,DNSE
HCM,1D,2026-01-19 09:00:00,22.51,22.56,21.92,21.96,22972800,DNSE
HCM,1D,2026-01-20 09:00:00,22.13,22.43,21.62,21.62,24235100,DNSE
HCM,1D,2026-01-21 09:00:00,20.61,20.69,20.14,20.14,78387800,DNSE
HCM,1D,2026-01-22 09:00:00,20.35,20.48,19.97,20.06,17603600,DNSE
HCM,1D,2026-01-23 09:00:00,20.26,20.65,19.97,20.06,16200900,DNSE
HCM,1D,2026-01-26 09:00:00,19.93,20.31,19.2,19.42,18567000,DNSE
HCM,1D,2026-01-27 09:00:00,19.46,20.14,19.33,19.8,13051800,DNSE
HCM,1D,2026-01-28 09:00:00,19.84,20.01,19.63,19.88,9153000,DNSE
HCM,1D,2026-01-29 09:00:00,19.88,20.26,19.88,20.01,8057900,DNSE
HCM,1D,2026-01-30 09:00:00,20.1,20.18,19.93,19.97,10281500,DNSE
HCM,1D,2026-02-02 09:00:00,20.01,20.31,19.71,20.1,10921000,DNSE
HCM,1D,2026-02-03 09:00:00,20.18,20.56,20.06,20.26,12453000,DNSE
HCM,1D,2026-02-04 09:00:00,20.48,21.03,20.31,20.43,12850600,DNSE
HCM,1D,2026-02-05 09:00:00,20.52,20.52,19.96,19.96,7571500,DNSE
HCM,1D,2026-02-06 09:00:00,19.79,19.87,19.4,19.4,10291300,DNSE
HCM,1D,2026-02-09 09:00:00,19.62,19.96,19.53,19.74,3948100,DNSE
HCM,1D,2026-02-10 09:00:00,19.74,19.87,19.57,19.66,4437500,DNSE
HCM,1D,2026-02-11 09:00:00,19.83,20.31,19.74,20.18,7222900,DNSE
HCM,1D,2026-02-12 09:00:00,20.26,20.31,20.09,20.09,3260400,DNSE
HCM,1D,2026-02-13 09:00:00,20.05,20.61,20.0,20.35,6568400,DNSE
HCM,1D,2026-02-23 09:00:00,20.56,20.61,20.35,20.61,5919100,DNSE
HCM,1D,2026-02-24 09:00:00,20.52,21.0,20.43,20.78,12899200,DNSE
HCM,1D,2026-02-25 09:00:00,20.74,21.3,20.65,20.82,11183800,DNSE
HCM,1D,2026-02-26 09:00:00,20.87,21.08,20.61,20.82,7110200,DNSE
HCM,1D,2026-02-27 09:00:00,20.82,21.17,20.65,20.91,10392300,DNSE
HCM,1D,2026-03-02 09:00:00,19.83,20.78,19.83,20.13,15653500,DNSE
HCM,1D,2026-03-03 09:00:00,20.18,20.95,20.18,20.61,14779800,DNSE
HCM,1D,2026-03-04 09:00:00,20.61,21.38,20.09,21.21,22574400,DNSE
HCM,1D,2026-03-05 09:00:00,21.56,22.2,21.12,21.12,24647000,DNSE
HCM,1D,2026-03-06 09:00:00,21.04,21.04,20.0,20.13,17439700,DNSE
HCM,1D,2026-03-09 09:00:00,18.75,18.97,18.75,18.75,12429000,DNSE
HCM,1D,2026-03-10 09:00:00,19.4,19.4,18.67,18.97,19269400,DNSE
HCM,1D,2026-03-11 09:00:00,19.01,19.79,18.84,19.53,9581100,DNSE
HCM,1D,2026-03-12 09:00:00,19.23,19.44,18.88,18.93,8759200,DNSE
HCM,1D,2026-03-13 09:00:00,18.71,19.06,18.58,18.67,8326600,DNSE
HCM,1D,2026-03-16 09:00:00,18.84,19.23,18.62,18.75,4880600,DNSE
HCM,1D,2026-03-17 09:00:00,19.06,19.31,18.84,18.84,7210600,DNSE
HCM,1D,2026-03-18 09:00:00,18.88,18.97,18.24,18.49,8356300,DNSE
HCM,1D,2026-03-19 09:00:00,18.19,18.24,17.68,17.72,12828900,DNSE
HCM,1D,2026-03-20 09:00:00,17.85,18.06,17.68,17.68,6673900,DNSE
HCM,1D,2026-03-23 09:00:00,17.46,17.55,16.47,16.47,16839400,DNSE
HCM,1D,2026-03-24 09:00:00,16.99,17.42,16.81,17.03,7020100,DNSE
HCM,1D,2026-03-25 09:00:00,17.5,18.19,17.37,18.19,15099500,DNSE
HCM,1D,2026-03-26 09:00:00,18.28,18.97,18.15,18.75,17367100,DNSE
HCM,1D,2026-03-27 09:00:00,18.8,19.49,18.62,19.18,11310100,DNSE
HCM,1D,2026-03-30 09:00:00,18.54,19.36,18.54,19.23,11841700,DNSE
HCM,1D,2026-03-31 09:00:00,19.4,19.87,19.23,19.57,11220200,DNSE
HCM,1D,2026-04-01 09:00:00,19.92,20.52,19.87,20.26,19337400,DNSE
HCM,1D,2026-04-02 09:00:00,20.0,20.61,19.92,20.35,13654800,DNSE
HCM,1D,2026-04-03 09:00:00,20.52,21.21,20.39,20.82,26829100,DNSE
HCM,1D,2026-04-06 09:00:00,20.69,21.04,20.26,20.69,16203000,DNSE
HCM,1D,2026-04-07 09:00:00,20.65,20.95,20.43,20.91,8655500,DNSE
HCM,1D,2026-04-08 09:00:00,21.56,22.33,21.17,21.9,30192700,DNSE
HCM,1D,2026-04-09 09:00:00,21.6,21.99,21.3,21.73,11729800,DNSE
HCM,1D,2026-04-10 09:00:00,21.9,22.2,21.56,21.81,12509900,DNSE
HCM,1D,2026-04-13 09:00:00,21.56,22.63,21.43,22.33,19506800,DNSE
HCM,1D,2026-04-14 09:00:00,22.55,22.68,22.16,22.37,11570600,DNSE
HCM,1D,2026-04-15 09:00:00,22.5,23.37,22.5,23.15,33493000,DNSE
HCM,1D,2026-04-16 09:00:00,22.94,23.54,22.85,23.15,28545700,DNSE
HCM,1D,2026-04-17 09:00:00,23.15,24.19,23.06,23.28,24187900,DNSE
HCM,1D,2026-04-20 09:00:00,23.19,24.4,23.19,24.1,25060100,DNSE
HCM,1D,2026-04-21 09:00:00,24.1,24.49,23.24,23.54,14482000,DNSE
HCM,1D,2026-04-22 09:00:00,23.54,23.84,23.32,23.5,10048900,DNSE
HCM,1D,2026-04-23 09:00:00,23.45,23.71,22.5,23.11,13898300,DNSE
HCM,1D,2026-04-24 09:00:00,23.06,23.06,22.59,22.59,4525100,DNSE
HCM,1D,2026-04-28 09:00:00,22.68,23.37,22.25,23.06,7020800,DNSE
HCM,1D,2026-04-29 09:00:00,23.11,23.32,22.94,23.06,3340300,DNSE
HCM,1D,2026-05-04 09:00:00,23.24,23.32,22.72,22.72,4214100,DNSE
HCM,1D,2026-05-05 09:00:00,22.59,23.06,22.42,22.94,4940800,DNSE
HCM,1D,2026-05-06 09:00:00,22.94,24.53,22.94,24.53,26253700,DNSE
HCM,1D,2026-05-07 09:00:00,24.53,24.7,24.01,24.31,6683400,DNSE
HCM,1D,2026-05-08 09:00:00,24.19,24.53,23.32,24.1,13995800,DNSE
HCM,1D,2026-05-11 09:00:00,24.14,24.4,23.67,23.75,7766300,DNSE
HCM,1D,2026-05-12 09:00:00,23.5,24.36,23.5,23.88,6749300,DNSE
HCM,1D,2026-05-13 09:00:00,24.14,24.88,23.88,24.57,12456800,DNSE
HCM,1D,2026-05-14 09:00:00,24.57,24.88,24.27,24.36,9156300,DNSE
HCM,1D,2026-05-15 09:00:00,24.49,24.92,24.27,24.79,9187900,DNSE
HCM,1D,2026-05-18 09:00:00,24.57,25.78,24.44,25.52,17488100,DNSE
HCM,1D,2026-05-19 09:00:00,25.48,26.25,25.48,25.87,15418000,DNSE
HCM,1D,2026-05-20 09:00:00,25.87,25.95,24.57,25.52,12070900,DNSE
HCM,1D,2026-05-21 09:00:00,25.56,25.56,24.92,24.92,3398000,DNSE
HCM,1D,2026-05-22 09:00:00,24.75,25.26,24.1,24.57,9990400,DNSE
HCM,1D,2026-05-25 09:00:00,24.49,24.75,24.27,24.27,2337100,DNSE
HCM,1D,2026-05-26 09:00:00,24.31,24.53,23.88,23.97,5100700,DNSE
HCM,1D,2026-05-27 09:00:00,23.93,23.97,23.45,23.71,7998200,DNSE
HCM,1D,2026-05-28 09:00:00,23.62,24.1,23.45,23.75,4341800,DNSE
HCM,1D,2026-05-29 09:00:00,23.88,24.27,23.62,23.67,3735800,DNSE
HCM,1D,2026-06-01 09:00:00,23.62,23.8,23.19,23.41,3933400,DNSE
HCM,1D,2026-06-02 09:00:00,23.54,23.54,22.98,22.98,4342700,DNSE
HCM,1D,2026-06-03 09:00:00,22.89,23.71,22.89,23.54,4683400,DNSE
HCM,1D,2026-06-04 09:00:00,23.54,23.58,23.32,23.58,2417300,DNSE
HCM,1D,2026-06-05 09:00:00,23.75,23.75,23.28,23.28,2363100,DNSE
HCM,1D,2026-06-08 09:00:00,23.28,23.84,22.85,23.58,9156700,DNSE
HCM,1D,2026-06-09 09:00:00,23.67,23.71,23.02,23.67,2862300,DNSE
HCM,1D,2026-06-10 09:00:00,23.54,24.19,23.41,23.97,4043400,DNSE
HCM,1D,2026-06-11 09:00:00,23.62,24.06,23.58,23.67,1904200,DNSE
HCM,1D,2026-06-12 09:00:00,24.14,24.14,23.19,23.28,4151200,DNSE
HCM,1D,2026-06-15 09:00:00,23.71,24.1,23.54,23.67,3854200,DNSE
HCM,1D,2026-06-16 09:00:00,23.67,24.1,23.54,24.01,4451500,DNSE
HCM,1D,2026-06-17 09:00:00,24.06,24.27,23.71,23.71,3037100,DNSE
HCM,1D,2026-06-18 09:00:00,23.88,24.83,23.62,24.53,6733800,DNSE
HCM,1D,2026-06-19 09:00:00,24.53,24.66,23.97,24.36,2712900,DNSE
HCM,1D,2026-06-22 09:00:00,24.57,24.62,24.23,24.44,2249700,DNSE
HCM,1D,2026-06-23 09:00:00,24.49,24.57,23.71,23.75,5165900,DNSE
HCM,1D,2026-06-24 09:00:00,23.71,23.75,23.11,23.28,4532600,DNSE
HCM,1D,2026-06-25 09:00:00,23.28,23.67,23.19,23.24,1816500,DNSE
HCM,1D,2026-06-26 09:00:00,23.19,23.41,23.15,23.19,1841600,DNSE
HCM,1D,2026-06-29 09:00:00,23.28,23.37,23.24,23.24,1548200,DNSE
HCM,1D,2026-06-30 09:00:00,23.28,23.75,23.24,23.45,3117800,DNSE
HCM,1D,2026-07-01 09:00:00,23.71,24.4,23.58,24.23,4627400,DNSE
HCM,1D,2026-07-02 09:00:00,24.23,25.05,24.23,25.0,11411100,DNSE
HCM,1D,2026-07-03 09:00:00,25.0,25.13,24.57,24.62,4741300,DNSE
HCM,1D,2026-07-06 09:00:00,24.83,24.88,23.41,23.97,6061700,DNSE
HCM,1D,2026-07-07 09:00:00,23.88,25.0,23.8,24.66,3960500,DNSE
HCM,1D,2026-07-08 09:00:00,24.7,24.79,24.31,24.31,4085900,DNSE
HCM,1D,2026-07-09 09:00:00,24.19,24.7,24.14,24.23,5212300,DNSE
HCM,1D,2026-07-10 09:00:00,24.31,24.57,23.97,23.97,4311500,DNSE
HCM,1D,2026-07-13 09:00:00,23.93,23.93,22.94,23.8,8621200,DNSE
HCM,1D,2026-07-14 09:00:00,23.5,23.84,23.28,23.37,3559300,DNSE
HCM,1D,2026-07-15 09:00:00,23.11,23.37,23.06,23.28,9926900,DNSE
HCM,1D,2026-07-16 09:00:00,23.4,24.9,23.3,24.9,10218000,DNSE
HCM,1D,2026-07-17 09:00:00,25.0,26.3,25.0,25.4,8596000,DNSE
HCM,1D,2026-07-20 09:00:00,25.4,25.8,24.3,25.75,9004200,DNSE
HCM,1D,2026-07-21 09:00:00,25.5,25.75,24.75,25.75,4415200,DNSE
HCM,1D,2026-07-22 09:00:00,25.85,26.0,25.3,25.3,5463100,DNSE
HCM,1D,2026-07-23 09:00:00,25.8,26.2,24.1,25.95,9829400,DNSE
HCM,1D,2026-07-24 09:00:00,25.9,25.9,25.05,25.6,2324900,DNSE
HCM,1D,2026-07-27 09:00:00,25.65,25.65,24.5,25.0,4502000,DNSE
HCM,1D,2026-07-28 09:00:00,24.6,25.5,24.2,25.3,5334100,DNSE
HCM,1D,2026-07-29 09:00:00,25.3,25.4,24.8,25.25,2366700,DNSE
HCM,1D,2026-07-30 09:00:00,25.2,25.9,24.95,25.7,5643000,DNSE
HCM,1D,2026-07-31 09:00:00,25.7,25.75,25.0,25.0,3965800,DNSE
HCM,1D,2026-08-03 09:00:00,25.05,25.45,24.95,25.15,4156200,DNSE
HCM,1D,2026-08-04 09:00:00,25.25,25.25,24.9,25.1,2499000,DNSE
HCM,1D,2026-08-05 09:00:00,25.25,26.25,25.2,25.55,9122500,DNSE
HCM,1D,2026-08-06 09:00:00,25.55,26.0,25.35,25.45,2800800,DNSE
HCM,1D,2026-08-07 09:00:00,25.3,25.8,25.3,25.35,2901100,DNSE
HCM,1D,2026-08-10 09:00:00,25.4,26.0,25.25,25.95,5487100,DNSE
HCM,1D,2026-08-11 09:00:00,26.15,27.35,26.1,26.5,9908700,DNSE
HCM,1D,2026-08-12 09:00:00,26.65,26.65,26.15,26.15,3313700,DNSE
HCM,1D,2026-08-13 09:00:00,26.1,26.5,25.7,25.7,6148600,DNSE
HCM,1D,2026-08-14 09:00:00,25.7,25.8,25.2,25.2,5071800,DNSE
HCM,1D,2026-08-17 09:00:00,25.2,25.4,25.05,25.3,2040200,DNSE
HCM,1D,2026-08-18 09:00:00,25.3,25.65,24.85,25.1,3915600,DNSE
HCM,1D,2026-08-19 09:00:00,25.0,25.2,24.75,24.85,2382100,DNSE
HCM,1D,2026-08-20 09:00:00,25.1,25.2,24.9,25.1,1598400,DNSE
HCM,1D,2026-08-21 09:00:00,25.25,26.6,25.15,26.3,6436700,DNSE
HCM,1D,2026-08-24 09:00:00,26.5,27.0,26.2,26.25,6291700,DNSE
HCM,1D,2026-08-25 09:00:00,26.1,26.6,26.1,26.25,5090000,DNSE
HCM,1D,2026-08-26 09:00:00,26.25,26.5,26.0,26.5,3561700,DNSE
HCM,1D,2026-08-27 09:00:00,26.6,26.9,26.15,26.5,2636000,DNSE
HCM,1D,2026-08-28 09:00:00,26.3,26.7,26.05,26.05,4649800,DNSE
HCM,1D,2026-09-03 09:00:00,26.05,26.5,25.85,26.05,3248700,DNSE
HCM,1D,2026-09-04 09:00:00,26.5,26.5,26.05,26.4,2635800,DNSE
HCM,1D,2026-09-07 09:00:00,26.5,27.05,26.4,26.4,7588800,DNSE
HCM,1D,2026-09-08 09:00:00,26.5,26.8,26.35,26.5,2570600,DNSE
HCM,1D,2026-09-09 09:00:00,26.6,26.7,26.2,26.35,2455500,DNSE
HCM,1D,2026-09-10 09:00:00,26.2,26.45,26.05,26.3,2621700,DNSE
HCM,1D,2026-09-11 09:00:00,26.1,26.2,25.0,25.5,5841200,DNSE
HCM,1D,2026-09-14 09:00:00,25.2,25.5,24.65,24.75,4303400,DNSE
HCM,1D,2026-09-15 09:00:00,24.8,25.3,24.75,25.15,2214900,DNSE
HCM,1D,2026-09-16 09:00:00,25.25,25.25,24.7,24.9,3072800,DNSE
HCM,1D,2026-09-17 09:00:00,24.7,25.9,24.2,25.3,3614500,DNSE
HCM,1D,2026-09-18 09:00:00,25.7,25.85,25.3,25.5,4465900,DNSE
HPG,1D,2025-10-01 09:00:00,25.26,25.45,25.09,25.26,29848500,DNSE
HPG,1D,2025-10-02 09:00:00,25.31,25.58,25.05,25.09,30165900,DNSE
HPG,1D,2025-10-03 09:00:00,25.09,25.09,24.42,24.68,58123500,DNSE
HPG,1D,2025-10-06 09:00:00,25.09,26.07,25.09,26.07,71269504,DNSE
HPG,1D,2025-10-07 09:00:00,26.07,26.2,25.89,25.89,41398600,DNSE
HPG,1D,2025-10-08 09:00:00,26.11,26.25,25.66,26.07,59953000,DNSE
HPG,1D,2025-10-09 09:00:00,26.25,26.25,25.75,25.85,42551700,DNSE
HPG,1D,2025-10-10 09:00:00,25.89,26.56,25.8,26.43,62702300,DNSE
HPG,1D,2025-10-13 09:00:00,25.94,26.11,25.75,25.89,80237696,DNSE
HPG,1D,2025-10-14 09:00:00,25.94,26.11,25.26,25.31,84307904,DNSE
HPG,1D,2025-10-15 09:00:00,25.35,25.62,25.17,25.22,34623200,DNSE
HPG,1D,2025-10-16 09:00:00,25.22,25.71,25.0,25.22,44715300,DNSE
HPG,1D,2025-10-17 09:00:00,25.26,25.58,25.0,25.0,46508200,DNSE
HPG,1D,2025-10-20 09:00:00,24.91,25.22,23.25,23.25,102963104,DNSE
HPG,1D,2025-10-21 09:00:00,23.48,24.11,23.21,23.93,74275800,DNSE
HPG,1D,2025-10-22 09:00:00,24.02,24.02,23.35,23.84,37268800,DNSE
HPG,1D,2025-10-23 09:00:00,23.88,24.11,23.65,23.65,23443400,DNSE
HPG,1D,2025-10-24 09:00:00,23.65,23.84,23.3,23.57,30587700,DNSE
HPG,1D,2025-10-27 09:00:00,23.88,23.97,23.44,23.44,27390800,DNSE
HPG,1D,2025-10-28 09:00:00,23.53,23.93,23.35,23.93,28512100,DNSE
HPG,1D,2025-10-29 09:00:00,24.02,24.6,24.02,24.33,39448900,DNSE
HPG,1D,2025-10-30 09:00:00,24.46,24.46,24.02,24.02,23693500,DNSE
HPG,1D,2025-10-31 09:00:00,24.02,24.19,23.84,23.84,19779100,DNSE
HPG,1D,2025-11-03 09:00:00,23.88,24.02,23.25,23.25,28356600,DNSE
HPG,1D,2025-11-04 09:00:00,23.35,23.97,23.16,23.88,37767100,DNSE
HPG,1D,2025-11-05 09:00:00,23.62,23.88,23.44,23.48,20835300,DNSE
HPG,1D,2025-11-06 09:00:00,23.53,23.65,23.3,23.3,21207600,DNSE
HPG,1D,2025-11-07 09:00:00,23.35,23.7,23.21,23.25,55100200,DNSE
HPG,1D,2025-11-10 09:00:00,23.39,23.88,23.3,23.62,48017900,DNSE
HPG,1D,2025-11-11 09:00:00,23.75,24.02,23.62,23.75,31332100,DNSE
HPG,1D,2025-11-12 09:00:00,23.79,24.19,23.79,24.11,30662900,DNSE
HPG,1D,2025-11-13 09:00:00,24.11,24.15,23.7,23.7,18927500,DNSE
HPG,1D,2025-11-14 09:00:00,23.65,24.06,23.65,24.02,22112200,DNSE
HPG,1D,2025-11-17 09:00:00,24.15,24.42,24.15,24.37,32158300,DNSE
HPG,1D,2025-11-18 09:00:00,24.33,24.64,24.24,24.55,35028300,DNSE
HPG,1D,2025-11-19 09:00:00,24.55,25.31,24.51,24.64,56320700,DNSE
HPG,1D,2025-11-20 09:00:00,24.73,24.82,24.24,24.33,23049300,DNSE
HPG,1D,2025-11-21 09:00:00,24.24,24.51,24.02,24.46,22607900,DNSE
HPG,1D,2025-11-24 09:00:00,24.46,24.6,24.19,24.19,14707800,DNSE
HPG,1D,2025-11-25 09:00:00,24.24,24.42,24.02,24.02,24346200,DNSE
HPG,1D,2025-11-26 09:00:00,24.06,24.28,23.97,24.19,19022200,DNSE
HPG,1D,2025-11-27 09:00:00,24.28,24.37,24.02,24.02,13956200,DNSE
HPG,1D,2025-11-28 09:00:00,24.02,24.15,23.7,23.7,20789300,DNSE
HPG,1D,2025-12-01 09:00:00,23.79,23.88,23.65,23.65,19747100,DNSE
HPG,1D,2025-12-02 09:00:00,23.7,23.79,23.39,23.65,26073200,DNSE
HPG,1D,2025-12-03 09:00:00,23.75,23.97,23.62,23.93,21527600,DNSE
HPG,1D,2025-12-04 09:00:00,24.06,24.51,24.02,24.37,35081200,DNSE
HPG,1D,2025-12-05 09:00:00,24.42,24.42,24.11,24.11,17662100,DNSE
HPG,1D,2025-12-08 09:00:00,24.02,24.19,23.88,23.88,21455600,DNSE
HPG,1D,2025-12-09 09:00:00,23.84,24.02,23.57,23.57,39911800,DNSE
HPG,1D,2025-12-10 09:00:00,23.79,24.11,23.75,23.79,19708000,DNSE
HPG,1D,2025-12-11 09:00:00,23.84,24.02,23.65,23.7,17142200,DNSE
HPG,1D,2025-12-12 09:00:00,23.75,23.84,23.21,23.21,37088200,DNSE
HPG,1D,2025-12-15 09:00:00,23.44,23.57,23.25,23.44,23939400,DNSE
HPG,1D,2025-12-16 09:00:00,23.53,24.06,23.44,23.84,29329900,DNSE
HPG,1D,2025-12-17 09:00:00,23.84,23.84,23.57,23.57,16546600,DNSE
HPG,1D,2025-12-18 09:00:00,23.57,23.7,23.44,23.57,18777900,DNSE
HPG,1D,2025-12-19 09:00:00,23.57,23.84,23.57,23.84,29580600,DNSE
HPG,1D,2025-12-22 09:00:00,23.84,24.19,23.75,24.02,54880900,DNSE
HPG,1D,2025-12-23 09:00:00,24.15,24.28,23.79,23.88,29588500,DNSE
HPG,1D,2025-12-24 09:00:00,23.97,23.97,23.65,23.7,23136900,DNSE
HPG,1D,2025-12-25 09:00:00,23.7,23.79,23.44,23.44,29780000,DNSE
HPG,1D,2025-12-26 09:00:00,24.19,24.73,23.79,24.02,94035000,DNSE
HPG,1D,2025-12-29 09:00:00,24.11,24.11,23.79,23.84,16525200,DNSE
HPG,1D,2025-12-30 09:00:00,23.84,23.97,23.65,23.65,24581900,DNSE
HPG,1D,2025-12-31 09:00:00,23.62,23.75,23.53,23.57,20149700,DNSE
HPG,1D,2026-01-05 09:00:00,23.57,23.7,22.95,23.16,46487900,DNSE
HPG,1D,2026-01-06 09:00:00,23.21,23.39,22.63,23.16,39616600,DNSE
HPG,1D,2026-01-07 09:00:00,23.16,23.88,23.16,23.75,37249700,DNSE
HPG,1D,2026-01-08 09:00:00,23.84,23.93,23.57,23.57,37518600,DNSE
HPG,1D,2026-01-09 09:00:00,23.93,23.93,23.39,23.39,35089300,DNSE
HPG,1D,2026-01-12 09:00:00,23.53,24.64,23.53,24.55,83534896,DNSE
HPG,1D,2026-01-13 09:00:00,24.77,24.91,24.11,24.33,45777400,DNSE
HPG,1D,2026-01-14 09:00:00,24.51,24.64,24.11,24.33,53908300,DNSE
HPG,1D,2026-01-15 09:00:00,24.33,24.91,24.33,24.64,61937700,DNSE
HPG,1D,2026-01-16 09:00:00,24.82,25.22,24.37,24.64,65577000,DNSE
HPG,1D,2026-01-19 09:00:00,24.91,25.17,24.68,24.73,40465900,DNSE
HPG,1D,2026-01-20 09:00:00,24.86,24.95,24.19,24.33,44169600,DNSE
HPG,1D,2026-01-21 09:00:00,24.24,24.33,23.79,23.93,37234300,DNSE
HPG,1D,2026-01-22 09:00:00,24.02,24.37,23.97,23.97,27732600,DNSE
HPG,1D,2026-01-23 09:00:00,24.19,24.24,23.88,23.88,24233600,DNSE
HPG,1D,2026-01-26 09:00:00,23.88,23.93,23.35,23.48,33759300,DNSE
HPG,1D,2026-01-27 09:00:00,23.53,23.7,23.39,23.62,21014200,DNSE
HPG,1D,2026-01-28 09:00:00,23.7,24.19,23.7,23.84,29982700,DNSE
HPG,1D,2026-01-29 09:00:00,23.93,24.19,23.93,24.19,27608700,DNSE
HPG,1D,2026-01-30 09:00:00,24.37,24.55,23.88,23.93,40558400,DNSE
HPG,1D,2026-02-02 09:00:00,23.93,23.93,23.44,23.7,44024300,DNSE
HPG,1D,2026-02-03 09:00:00,23.79,24.19,23.79,23.88,32029900,DNSE
HPG,1D,2026-02-04 09:00:00,23.97,25.54,23.97,25.26,145418096,DNSE
HPG,1D,2026-02-05 09:00:00,25.26,25.31,24.6,24.6,32887100,DNSE
HPG,1D,2026-02-06 09:00:00,24.42,25.09,23.93,23.93,67073000,DNSE
HPG,1D,2026-02-09 09:00:00,24.15,24.37,23.84,23.88,24310400,DNSE
HPG,1D,2026-02-10 09:00:00,24.02,24.06,23.57,23.7,32543400,DNSE
HPG,1D,2026-02-11 09:00:00,23.79,24.19,23.65,23.97,26495200,DNSE
HPG,1D,2026-02-12 09:00:00,24.11,24.19,23.88,24.02,13137000,DNSE
HPG,1D,2026-02-13 09:00:00,24.02,24.24,23.93,23.97,24069800,DNSE
HPG,1D,2026-02-23 09:00:00,24.19,24.55,24.19,24.55,36086500,DNSE
HPG,1D,2026-02-24 09:00:00,24.55,25.35,24.42,25.26,99498304,DNSE
HPG,1D,2026-02-25 09:00:00,25.35,26.52,25.35,26.15,136409200,DNSE
HPG,1D,2026-02-26 09:00:00,26.34,26.38,25.71,26.25,54496800,DNSE
HPG,1D,2026-02-27 09:00:00,26.2,26.25,25.71,25.71,47306500,DNSE
HPG,1D,2026-03-02 09:00:00,25.17,26.11,25.05,25.45,86907000,DNSE
HPG,1D,2026-03-03 09:00:00,25.71,25.75,24.64,24.73,69294096,DNSE
HPG,1D,2026-03-04 09:00:00,24.64,24.86,23.93,24.73,68275504,DNSE
HPG,1D,2026-03-05 09:00:00,24.95,25.13,24.19,24.33,47998900,DNSE
HPG,1D,2026-03-06 09:00:00,24.11,24.64,23.97,24.33,44351700,DNSE
HPG,1D,2026-03-09 09:00:00,22.76,23.35,22.63,22.63,120981904,DNSE
HPG,1D,2026-03-10 09:00:00,23.93,24.19,23.35,24.19,91236600,DNSE
HPG,1D,2026-03-11 09:00:00,24.24,24.68,24.06,24.46,49913200,DNSE
HPG,1D,2026-03-12 09:00:00,24.11,24.24,23.79,23.93,44045900,DNSE
HPG,1D,2026-03-13 09:00:00,23.84,24.28,23.65,23.79,28666500,DNSE
HPG,1D,2026-03-16 09:00:00,23.79,24.06,23.7,23.88,19880400,DNSE
HPG,1D,2026-03-17 09:00:00,24.11,24.42,24.02,24.02,24176300,DNSE
HPG,1D,2026-03-18 09:00:00,24.02,24.24,23.79,23.93,23058500,DNSE
HPG,1D,2026-03-19 09:00:00,23.65,23.97,23.53,23.84,36837300,DNSE
HPG,1D,2026-03-20 09:00:00,23.65,23.7,23.13,23.13,60885800,DNSE
HPG,1D,2026-03-23 09:00:00,22.9,23.39,22.55,22.76,44362900,DNSE
HPG,1D,2026-03-24 09:00:00,23.21,23.48,23.08,23.16,27778800,DNSE
HPG,1D,2026-03-25 09:00:00,23.48,23.57,23.3,23.53,22967100,DNSE
HPG,1D,2026-03-26 09:00:00,23.48,23.53,23.13,23.13,18424200,DNSE
HPG,1D,2026-03-27 09:00:00,23.16,23.84,23.08,23.65,26863700,DNSE
HPG,1D,2026-03-30 09:00:00,23.35,24.19,23.16,24.02,41276100,DNSE
HPG,1D,2026-03-31 09:00:00,24.15,24.33,23.93,24.02,23553000,DNSE
HPG,1D,2026-04-01 09:00:00,24.42,24.51,24.19,24.24,31503700,DNSE
HPG,1D,2026-04-02 09:00:00,24.11,24.55,23.88,24.42,50005700,DNSE
HPG,1D,2026-04-03 09:00:00,24.42,24.46,23.75,23.79,31383300,DNSE
HPG,1D,2026-04-06 09:00:00,23.79,24.19,23.75,23.97,19748100,DNSE
HPG,1D,2026-04-07 09:00:00,23.93,24.19,23.88,23.93,13164600,DNSE
HPG,1D,2026-04-08 09:00:00,24.55,25.05,24.46,25.0,67646600,DNSE
HPG,1D,2026-04-09 09:00:00,24.91,25.54,24.68,25.22,51607600,DNSE
HPG,1D,2026-04-10 09:00:00,25.54,25.54,25.0,25.0,35473400,DNSE
HPG,1D,2026-04-13 09:00:00,24.86,25.13,24.82,24.82,23005200,DNSE
HPG,1D,2026-04-14 09:00:00,25.09,25.71,24.95,25.49,61934200,DNSE
HPG,1D,2026-04-15 09:00:00,25.62,25.66,25.05,25.05,29753200,DNSE
HPG,1D,2026-04-16 09:00:00,25.05,25.17,24.77,24.95,27972100,DNSE
HPG,1D,2026-04-17 09:00:00,24.95,25.22,24.91,25.0,21399500,DNSE
HPG,1D,2026-04-20 09:00:00,25.13,25.4,25.05,25.4,26441700,DNSE
HPG,1D,2026-04-21 09:00:00,26.03,26.29,25.45,25.49,99647296,DNSE
HPG,1D,2026-04-22 09:00:00,25.49,25.62,25.05,25.17,27745600,DNSE
HPG,1D,2026-04-23 09:00:00,25.17,25.31,24.64,24.82,41133900,DNSE
HPG,1D,2026-04-24 09:00:00,24.91,24.95,24.55,24.91,23402000,DNSE
HPG,1D,2026-04-28 09:00:00,24.82,25.0,24.73,24.77,14071500,DNSE
HPG,1D,2026-04-29 09:00:00,24.68,24.91,24.64,24.77,17239200,DNSE
HPG,1D,2026-05-04 09:00:00,24.77,24.95,24.46,24.64,32374300,DNSE
HPG,1D,2026-05-05 09:00:00,24.68,24.73,24.28,24.37,30692800,DNSE
HPG,1D,2026-05-06 09:00:00,24.46,24.82,24.37,24.64,27672000,DNSE
HPG,1D,2026-05-07 09:00:00,24.82,24.91,24.64,24.77,20348100,DNSE
HPG,1D,2026-05-08 09:00:00,24.77,24.91,24.6,24.86,20678200,DNSE
HPG,1D,2026-05-11 09:00:00,25.0,25.0,24.55,24.55,23658100,DNSE
HPG,1D,2026-05-12 09:00:00,24.55,24.73,24.41,24.45,19170900,DNSE
HPG,1D,2026-05-13 09:00:00,24.5,24.77,24.36,24.64,21544700,DNSE
HPG,1D,2026-05-14 09:00:00,24.82,24.91,24.59,24.59,14047100,DNSE
HPG,1D,2026-05-15 09:00:00,24.59,24.64,24.05,24.14,75838200,DNSE
HPG,1D,2026-05-18 09:00:00,24.09,24.27,23.86,24.05,27485500,DNSE
HPG,1D,2026-05-19 09:00:00,24.09,24.23,23.86,23.86,25111900,DNSE
HPG,1D,2026-05-20 09:00:00,23.91,24.0,23.41,23.82,40983800,DNSE
HPG,1D,2026-05-21 09:00:00,23.95,24.27,23.91,24.14,30562500,DNSE
HPG,1D,2026-05-22 09:00:00,24.18,24.23,23.95,23.95,25794000,DNSE
HPG,1D,2026-05-25 09:00:00,24.25,24.35,24.1,24.1,26989100,DNSE
HPG,1D,2026-05-26 09:00:00,24.1,24.25,24.0,24.25,20723700,DNSE
HPG,1D,2026-05-27 09:00:00,24.4,24.5,24.15,24.15,23114500,DNSE
HPG,1D,2026-05-28 09:00:00,24.15,24.25,24.0,24.0,15668300,DNSE
HPG,1D,2026-05-29 09:00:00,24.05,24.2,23.9,24.0,16365900,DNSE
HPG,1D,2026-06-01 09:00:00,24.0,24.15,23.95,24.05,9668300,DNSE
HPG,1D,2026-06-02 09:00:00,24.0,24.05,23.7,23.7,25529600,DNSE
HPG,1D,2026-06-03 09:00:00,23.7,24.15,23.6,24.15,20573500,DNSE
HPG,1D,2026-06-04 09:00:00,24.15,24.15,23.9,23.95,10065300,DNSE
HPG,1D,2026-06-05 09:00:00,23.95,24.05,23.75,23.75,13891200,DNSE
HPG,1D,2026-06-08 09:00:00,23.65,23.75,23.3,23.3,22769900,DNSE
HPG,1D,2026-06-09 09:00:00,23.35,23.55,23.3,23.55,12441700,DNSE
HPG,1D,2026-06-10 09:00:00,23.55,23.7,23.45,23.6,7505500,DNSE
HPG,1D,2026-06-11 09:00:00,23.5,23.55,23.3,23.3,10177700,DNSE
HPG,1D,2026-06-12 09:00:00,23.55,23.55,23.2,23.2,13271400,DNSE
HPG,1D,2026-06-15 09:00:00,23.55,24.35,23.55,24.35,30695200,DNSE
HPG,1D,2026-06-16 09:00:00,24.25,24.35,24.1,24.2,14145800,DNSE
HPG,1D,2026-06-17 09:00:00,24.2,24.3,24.0,24.0,19039000,DNSE
HPG,1D,2026-06-18 09:00:00,24.05,24.15,23.65,23.65,18040500,DNSE
HPG,1D,2026-06-19 09:00:00,23.8,23.9,23.6,23.6,20055700,DNSE
HPG,1D,2026-06-22 09:00:00,23.7,23.85,23.6,23.6,10684400,DNSE
HPG,1D,2026-06-23 09:00:00,23.65,23.7,23.3,23.3,29071800,DNSE
HPG,1D,2026-06-24 09:00:00,23.4,23.6,23.3,23.5,12927300,DNSE
HPG,1D,2026-06-25 09:00:00,23.5,23.6,23.4,23.4,7659100,DNSE
HPG,1D,2026-06-26 09:00:00,23.4,23.5,23.35,23.5,15468600,DNSE
HPG,1D,2026-06-29 09:00:00,23.55,23.65,23.45,23.65,14158200,DNSE
HPG,1D,2026-06-30 09:00:00,23.7,23.7,23.25,23.3,30593200,DNSE
HPG,1D,2026-07-01 09:00:00,23.4,23.55,23.35,23.45,14937400,DNSE
HPG,1D,2026-07-02 09:00:00,23.5,23.65,23.35,23.4,13367500,DNSE
HPG,1D,2026-07-03 09:00:00,23.4,23.5,23.25,23.25,15935100,DNSE
HPG,1D,2026-07-06 09:00:00,23.4,23.6,23.0,23.1,21299300,DNSE
HPG,1D,2026-07-07 09:00:00,23.2,23.25,23.0,23.1,13839600,DNSE
HPG,1D,2026-07-08 09:00:00,23.15,23.4,23.05,23.2,12499500,DNSE
HPG,1D,2026-07-09 09:00:00,23.2,23.25,23.1,23.2,11643400,DNSE
HPG,1D,2026-07-10 09:00:00,23.2,23.25,22.95,22.95,11906800,DNSE
HPG,1D,2026-07-13 09:00:00,22.95,22.95,22.35,22.4,32309000,DNSE
HPG,1D,2026-07-14 09:00:00,22.3,22.5,22.0,22.5,22481900,DNSE
HPG,1D,2026-07-15 09:00:00,22.5,22.6,22.15,22.4,21464500,DNSE
HPG,1D,2026-07-16 09:00:00,22.3,22.4,21.8,22.2,22880600,DNSE
HPG,1D,2026-07-17 09:00:00,22.2,22.35,21.85,21.85,17006300,DNSE
HPG,1D,2026-07-20 09:00:00,21.75,21.75,20.5,20.6,53245200,DNSE
HPG,1D,2026-07-21 09:00:00,20.5,21.15,20.5,20.8,27198700,DNSE
HPG,1D,2026-07-22 09:00:00,20.9,21.05,20.5,20.7,43471900,DNSE
HPG,1D,2026-07-23 09:00:00,20.7,21.0,20.15,20.8,36967600,DNSE
HPG,1D,2026-07-24 09:00:00,20.7,21.0,20.6,20.8,17632000,DNSE
HPG,1D,2026-07-27 09:00:00,20.9,21.0,20.3,20.35,18166800,DNSE
HPG,1D,2026-07-28 09:00:00,20.15,21.0,20.1,21.0,29151700,DNSE
HPG,1D,2026-07-29 09:00:00,21.05,21.65,20.9,21.65,36250000,DNSE
HPG,1D,2026-07-30 09:00:00,21.65,22.05,21.5,21.8,29968000,DNSE
HPG,1D,2026-07-31 09:00:00,21.8,21.85,21.4,21.7,24111500,DNSE
HPG,1D,2026-08-03 09:00:00,21.7,22.65,21.65,22.55,44448000,DNSE
HPG,1D,2026-08-04 09:00:00,22.55,22.6,22.1,22.15,22694000,DNSE
HPG,1D,2026-08-05 09:00:00,22.35,22.6,21.95,22.0,27963700,DNSE
HPG,1D,2026-08-06 09:00:00,22.25,22.3,21.85,21.85,14369400,DNSE
HPG,1D,2026-08-07 09:00:00,21.9,22.3,21.75,22.0,13018100,DNSE
HPG,1D,2026-08-10 09:00:00,22.25,22.3,21.95,22.1,16732700,DNSE
HPG,1D,2026-08-11 09:00:00,22.2,22.25,22.05,22.05,13694600,DNSE
HPG,1D,2026-08-12 09:00:00,22.0,22.35,21.95,22.1,15925100,DNSE
HPG,1D,2026-08-13 09:00:00,22.2,22.25,21.7,21.7,25702700,DNSE
HPG,1D,2026-08-14 09:00:00,21.7,21.8,21.2,21.25,27443600,DNSE
HPG,1D,2026-08-17 09:00:00,21.25,21.45,21.05,21.2,18455500,DNSE
HPG,1D,2026-08-18 09:00:00,21.15,21.4,21.0,21.0,16367500,DNSE
HPG,1D,2026-08-19 09:00:00,21.1,21.2,20.9,21.2,15312500,DNSE
HPG,1D,2026-08-20 09:00:00,21.25,21.45,21.15,21.15,15156400,DNSE
HPG,1D,2026-08-21 09:00:00,21.15,21.75,21.05,21.7,25138400,DNSE
HPG,1D,2026-08-24 09:00:00,22.0,22.3,21.85,22.25,28790200,DNSE
HPG,1D,2026-08-25 09:00:00,22.25,22.3,21.8,21.8,25844100,DNSE
HPG,1D,2026-08-26 09:00:00,21.8,22.1,21.75,22.05,19394800,DNSE
HPG,1D,2026-08-27 09:00:00,22.05,22.4,22.05,22.2,19201900,DNSE
HPG,1D,2026-08-28 09:00:00,22.25,22.35,22.05,22.1,17126700,DNSE
HPG,1D,2026-09-03 09:00:00,22.0,22.0,21.55,21.6,26985600,DNSE
HPG,1D,2026-09-04 09:00:00,21.75,21.8,21.6,21.7,13920900,DNSE
HPG,1D,2026-09-07 09:00:00,21.8,22.15,21.55,21.55,19957800,DNSE
HPG,1D,2026-09-08 09:00:00,21.55,21.9,21.55,21.85,13387600,DNSE
HPG,1D,2026-09-09 09:00:00,21.9,22.2,21.85,22.05,22432800,DNSE
HPG,1D,2026-09-10 09:00:00,22.0,22.05,21.8,21.85,13391400,DNSE
HPG,1D,2026-09-11 09:00:00,21.75,21.8,21.3,21.3,22031700,DNSE
HPG,1D,2026-09-14 09:00:00,21.3,21.4,20.85,20.9,24046000,DNSE
HPG,1D,2026-09-15 09:00:00,21.0,21.2,21.0,21.2,11937200,DNSE
HPG,1D,2026-09-16 09:00:00,21.2,21.25,20.95,20.95,12277500,DNSE
HPG,1D,2026-09-17 09:00:00,20.8,21.4,20.75,21.2,17574100,DNSE
HPG,1D,2026-09-18 09:00:00,21.45,21.55,21.3,21.55,31124900,DNSE
HSG,1D,2025-10-01 09:00:00,14.54,14.69,14.5,14.62,2323600,DNSE
HSG,1D,2025-10-02 09:00:00,14.62,14.69,14.23,14.23,4197800,DNSE
HSG,1D,2025-10-03 09:00:00,14.31,14.31,13.88,13.88,5984600,DNSE
HSG,1D,2025-10-06 09:00:00,14.08,14.62,13.96,14.46,4100400,DNSE
HSG,1D,2025-10-07 09:00:00,14.58,14.58,14.23,14.23,2598400,DNSE
HSG,1D,2025-10-08 09:00:00,14.54,14.58,14.23,14.46,3554400,DNSE
HSG,1D,2025-10-09 09:00:00,14.58,14.69,14.38,14.5,2626900,DNSE
HSG,1D,2025-10-10 09:00:00,14.62,14.73,14.54,14.62,4125800,DNSE
HSG,1D,2025-10-13 09:00:00,14.23,14.46,14.19,14.38,7214100,DNSE
HSG,1D,2025-10-14 09:00:00,14.46,14.62,14.12,14.12,9187000,DNSE
HSG,1D,2025-10-15 09:00:00,14.12,14.31,13.92,14.19,5286200,DNSE
HSG,1D,2025-10-16 09:00:00,14.23,14.42,14.0,14.23,5514600,DNSE
HSG,1D,2025-10-17 09:00:00,14.27,14.46,14.0,14.04,11245900,DNSE
HSG,1D,2025-10-20 09:00:00,14.04,14.12,13.08,13.08,13306100,DNSE
HSG,1D,2025-10-21 09:00:00,13.08,13.15,12.46,12.77,9564900,DNSE
HSG,1D,2025-10-22 09:00:00,12.92,12.92,12.5,12.73,5323900,DNSE
HSG,1D,2025-10-23 09:00:00,12.88,12.92,12.62,12.69,4087600,DNSE
HSG,1D,2025-10-24 09:00:00,12.69,12.77,12.35,12.54,4410200,DNSE
HSG,1D,2025-10-27 09:00:00,12.77,12.96,12.62,12.77,3969600,DNSE
HSG,1D,2025-10-28 09:00:00,12.77,12.96,12.69,12.96,3034700,DNSE
HSG,1D,2025-10-29 09:00:00,13.08,13.19,12.96,13.08,3123500,DNSE
HSG,1D,2025-10-30 09:00:00,13.04,13.08,12.77,12.81,5176600,DNSE
HSG,1D,2025-10-31 09:00:00,12.85,13.12,12.81,12.88,3457200,DNSE
HSG,1D,2025-11-03 09:00:00,13.12,13.31,12.81,12.88,5061400,DNSE
HSG,1D,2025-11-04 09:00:00,12.92,13.19,12.58,13.19,4887600,DNSE
HSG,1D,2025-11-05 09:00:00,13.15,13.23,12.96,13.15,4544800,DNSE
HSG,1D,2025-11-06 09:00:00,13.19,13.23,12.92,13.08,3018300,DNSE
HSG,1D,2025-11-07 09:00:00,13.08,13.35,12.92,12.96,6530800,DNSE
HSG,1D,2025-11-10 09:00:00,12.85,13.19,12.85,12.96,2592700,DNSE
HSG,1D,2025-11-11 09:00:00,13.0,13.15,12.81,13.0,2837500,DNSE
HSG,1D,2025-11-12 09:00:00,13.15,13.27,13.04,13.15,3797300,DNSE
HSG,1D,2025-11-13 09:00:00,13.23,13.23,13.0,13.12,2435500,DNSE
HSG,1D,2025-11-14 09:00:00,13.08,13.23,13.04,13.12,3143400,DNSE
HSG,1D,2025-11-17 09:00:00,13.15,13.42,13.12,13.23,3446800,DNSE
HSG,1D,2025-11-18 09:00:00,13.23,13.46,13.23,13.31,4056700,DNSE
HSG,1D,2025-11-19 09:00:00,13.35,13.65,13.15,13.31,7853200,DNSE
HSG,1D,2025-11-20 09:00:00,13.42,13.42,13.12,13.15,2085400,DNSE
HSG,1D,2025-11-21 09:00:00,13.19,13.23,13.0,13.15,3150500,DNSE
HSG,1D,2025-11-24 09:00:00,13.15,13.31,13.0,13.0,2488100,DNSE
HSG,1D,2025-11-25 09:00:00,12.96,13.19,12.81,12.85,2823100,DNSE
HSG,1D,2025-11-26 09:00:00,12.88,13.04,12.85,12.96,2180500,DNSE
HSG,1D,2025-11-27 09:00:00,13.0,13.08,12.96,12.96,1603500,DNSE
HSG,1D,2025-11-28 09:00:00,12.96,13.04,12.77,12.85,1846400,DNSE
HSG,1D,2025-12-01 09:00:00,12.88,12.92,12.69,12.69,2270500,DNSE
HSG,1D,2025-12-02 09:00:00,12.69,12.73,12.5,12.69,3278400,DNSE
HSG,1D,2025-12-03 09:00:00,12.77,12.88,12.73,12.85,1821200,DNSE
HSG,1D,2025-12-04 09:00:00,12.88,13.04,12.88,12.96,2786100,DNSE
HSG,1D,2025-12-05 09:00:00,13.0,13.0,12.77,12.81,2374000,DNSE
HSG,1D,2025-12-08 09:00:00,12.85,12.88,12.65,12.69,1629900,DNSE
HSG,1D,2025-12-09 09:00:00,12.69,12.73,12.42,12.69,3198700,DNSE
HSG,1D,2025-12-10 09:00:00,12.73,12.81,12.62,12.65,1778800,DNSE
HSG,1D,2025-12-11 09:00:00,12.69,12.77,12.58,12.62,1730400,DNSE
HSG,1D,2025-12-12 09:00:00,12.62,12.65,11.85,11.85,4341700,DNSE
HSG,1D,2025-12-15 09:00:00,11.85,11.96,11.69,11.85,3319200,DNSE
HSG,1D,2025-12-16 09:00:00,11.88,12.31,11.69,12.23,3200800,DNSE
HSG,1D,2025-12-17 09:00:00,12.23,12.27,12.08,12.12,1774900,DNSE
HSG,1D,2025-12-18 09:00:00,12.15,12.15,12.0,12.04,1405300,DNSE
HSG,1D,2025-12-19 09:00:00,12.04,12.23,12.0,12.23,1961200,DNSE
HSG,1D,2025-12-22 09:00:00,12.31,12.38,12.15,12.35,2800300,DNSE
HSG,1D,2025-12-23 09:00:00,12.46,12.46,12.15,12.15,1667400,DNSE
HSG,1D,2025-12-24 09:00:00,12.15,12.23,12.12,12.23,2131500,DNSE
HSG,1D,2025-12-25 09:00:00,12.23,12.38,12.15,12.35,2439300,DNSE
HSG,1D,2025-12-26 09:00:00,12.65,12.85,12.31,12.35,4457400,DNSE
HSG,1D,2025-12-29 09:00:00,12.54,12.54,12.23,12.46,2264900,DNSE
HSG,1D,2025-12-30 09:00:00,12.46,12.46,12.23,12.23,1212100,DNSE
HSG,1D,2025-12-31 09:00:00,12.27,12.31,12.08,12.12,1937700,DNSE
HSG,1D,2026-01-05 09:00:00,12.12,12.19,11.85,11.88,2425200,DNSE
HSG,1D,2026-01-06 09:00:00,11.88,11.96,11.65,11.85,2138900,DNSE
HSG,1D,2026-01-07 09:00:00,11.92,12.23,11.88,12.19,2595400,DNSE
HSG,1D,2026-01-08 09:00:00,12.27,12.31,12.12,12.12,2664100,DNSE
HSG,1D,2026-01-09 09:00:00,12.15,12.23,12.0,12.0,2336100,DNSE
HSG,1D,2026-01-12 09:00:00,12.0,12.62,12.0,12.54,5037000,DNSE
HSG,1D,2026-01-13 09:00:00,12.73,12.77,12.42,12.46,4486500,DNSE
HSG,1D,2026-01-14 09:00:00,12.42,12.65,12.38,12.54,5272200,DNSE
HSG,1D,2026-01-15 09:00:00,12.62,13.15,12.54,13.08,12792100,DNSE
HSG,1D,2026-01-16 09:00:00,13.27,13.27,12.81,12.85,7176700,DNSE
HSG,1D,2026-01-19 09:00:00,12.96,13.04,12.77,12.92,3059000,DNSE
HSG,1D,2026-01-20 09:00:00,12.92,13.0,12.77,12.88,3250400,DNSE
HSG,1D,2026-01-21 09:00:00,12.85,12.88,12.42,12.54,5402500,DNSE
HSG,1D,2026-01-22 09:00:00,12.58,12.85,12.54,12.81,3560100,DNSE
HSG,1D,2026-01-23 09:00:00,12.81,12.92,12.58,12.58,2336500,DNSE
HSG,1D,2026-01-26 09:00:00,12.58,12.58,12.12,12.23,5079600,DNSE
HSG,1D,2026-01-27 09:00:00,12.08,12.27,12.0,12.23,3184200,DNSE
HSG,1D,2026-01-28 09:00:00,12.27,12.46,12.23,12.46,2676600,DNSE
HSG,1D,2026-01-29 09:00:00,12.54,12.62,12.42,12.5,2564700,DNSE
HSG,1D,2026-01-30 09:00:00,12.58,12.69,12.38,12.38,1957400,DNSE
HSG,1D,2026-02-02 09:00:00,12.31,12.31,12.0,12.12,4888100,DNSE
HSG,1D,2026-02-03 09:00:00,12.23,12.31,12.08,12.15,4028700,DNSE
HSG,1D,2026-02-04 09:00:00,12.27,12.92,12.23,12.69,8229400,DNSE
HSG,1D,2026-02-05 09:00:00,12.73,12.73,12.42,12.42,1933900,DNSE
HSG,1D,2026-02-06 09:00:00,12.31,12.58,12.0,12.0,4600900,DNSE
HSG,1D,2026-02-09 09:00:00,12.12,12.15,11.85,11.92,3797000,DNSE
HSG,1D,2026-02-10 09:00:00,12.0,12.08,11.85,11.88,2727600,DNSE
HSG,1D,2026-02-11 09:00:00,11.96,12.12,11.88,12.0,2847900,DNSE
HSG,1D,2026-02-12 09:00:00,12.04,12.15,11.88,12.0,2002600,DNSE
HSG,1D,2026-02-13 09:00:00,11.92,12.12,11.92,11.92,2875400,DNSE
HSG,1D,2026-02-23 09:00:00,12.15,12.35,12.04,12.23,2544600,DNSE
HSG,1D,2026-02-24 09:00:00,12.15,12.62,12.15,12.54,5286800,DNSE
HSG,1D,2026-02-25 09:00:00,12.62,12.92,12.58,12.62,6951700,DNSE
HSG,1D,2026-02-26 09:00:00,12.69,12.69,12.38,12.5,2814900,DNSE
HSG,1D,2026-02-27 09:00:00,12.5,12.58,12.35,12.42,3179500,DNSE
HSG,1D,2026-03-02 09:00:00,12.12,12.42,11.96,12.08,6706300,DNSE
HSG,1D,2026-03-03 09:00:00,12.08,12.27,11.88,11.92,5006800,DNSE
HSG,1D,2026-03-04 09:00:00,11.92,12.0,11.15,11.65,7433400,DNSE
HSG,1D,2026-03-05 09:00:00,11.92,12.0,11.54,11.54,3569200,DNSE
HSG,1D,2026-03-06 09:00:00,11.54,11.62,11.35,11.38,4297200,DNSE
HSG,1D,2026-03-09 09:00:00,10.77,10.81,10.62,10.62,7271700,DNSE
HSG,1D,2026-03-10 09:00:00,10.77,11.27,10.69,11.0,6906800,DNSE
HSG,1D,2026-03-11 09:00:00,11.04,11.42,10.96,11.38,4334200,DNSE
HSG,1D,2026-03-12 09:00:00,11.38,11.38,11.04,11.08,3595800,DNSE
HSG,1D,2026-03-13 09:00:00,10.96,11.19,10.96,11.04,2725000,DNSE
HSG,1D,2026-03-16 09:00:00,11.15,11.31,11.04,11.08,1819100,DNSE
HSG,1D,2026-03-17 09:00:00,11.15,11.31,11.15,11.15,1814300,DNSE
HSG,1D,2026-03-18 09:00:00,11.35,11.5,11.23,11.35,3941700,DNSE
HSG,1D,2026-03-19 09:00:00,11.27,11.31,11.15,11.23,2837800,DNSE
HSG,1D,2026-03-20 09:00:00,11.15,11.27,10.92,10.92,2603800,DNSE
HSG,1D,2026-03-23 09:00:00,10.92,11.0,10.5,10.65,4531200,DNSE
HSG,1D,2026-03-24 09:00:00,11.08,11.19,10.92,11.04,1721500,DNSE
HSG,1D,2026-03-25 09:00:00,11.12,11.23,11.04,11.08,4120300,DNSE
HSG,1D,2026-03-26 09:00:00,11.19,11.19,11.0,11.15,2034500,DNSE
HSG,1D,2026-03-27 09:00:00,11.19,11.5,11.15,11.46,3746700,DNSE
HSG,1D,2026-03-30 09:00:00,11.23,11.62,11.15,11.5,3677600,DNSE
HSG,1D,2026-03-31 09:00:00,11.54,11.62,11.38,11.42,3274900,DNSE
HSG,1D,2026-04-01 09:00:00,11.54,11.65,11.42,11.46,2875000,DNSE
HSG,1D,2026-04-02 09:00:00,11.38,11.65,11.35,11.5,2588000,DNSE
HSG,1D,2026-04-03 09:00:00,11.5,11.58,11.38,11.38,2442800,DNSE
HSG,1D,2026-04-06 09:00:00,11.38,11.5,11.27,11.27,1673500,DNSE
HSG,1D,2026-04-07 09:00:00,11.31,11.38,11.15,11.19,1550600,DNSE
HSG,1D,2026-04-08 09:00:00,11.58,11.73,11.46,11.62,4306300,DNSE
HSG,1D,2026-04-09 09:00:00,11.62,11.96,11.54,11.88,4557800,DNSE
HSG,1D,2026-04-10 09:00:00,12.0,12.04,11.77,11.77,2276800,DNSE
HSG,1D,2026-04-13 09:00:00,11.54,11.85,11.54,11.81,3195400,DNSE
HSG,1D,2026-04-14 09:00:00,11.92,12.62,11.81,12.62,12506600,DNSE
HSG,1D,2026-04-15 09:00:00,12.73,12.77,12.38,12.46,6408300,DNSE
HSG,1D,2026-04-16 09:00:00,12.46,12.54,12.04,12.31,7058500,DNSE
HSG,1D,2026-04-17 09:00:00,12.31,12.38,12.19,12.31,3632900,DNSE
HSG,1D,2026-04-20 09:00:00,12.35,12.54,12.31,12.46,4339200,DNSE
HSG,1D,2026-04-21 09:00:00,12.58,12.69,12.31,12.38,8788200,DNSE
HSG,1D,2026-04-22 09:00:00,12.38,12.42,12.19,12.23,2808700,DNSE
HSG,1D,2026-04-23 09:00:00,12.23,12.35,11.92,12.08,4636700,DNSE
HSG,1D,2026-04-24 09:00:00,12.08,12.27,11.96,12.15,3078600,DNSE
HSG,1D,2026-04-28 09:00:00,12.15,12.5,12.15,12.35,3325200,DNSE
HSG,1D,2026-04-29 09:00:00,12.42,12.42,12.27,12.27,3812300,DNSE
HSG,1D,2026-05-04 09:00:00,12.4,12.65,12.4,12.5,4498000,DNSE
HSG,1D,2026-05-05 09:00:00,12.5,12.55,12.35,12.45,2528700,DNSE
HSG,1D,2026-05-06 09:00:00,12.5,12.5,12.3,12.5,4559500,DNSE
HSG,1D,2026-05-07 09:00:00,12.85,12.85,12.55,12.6,4025400,DNSE
HSG,1D,2026-05-08 09:00:00,12.6,12.65,12.4,12.45,2752600,DNSE
HSG,1D,2026-05-11 09:00:00,12.45,12.45,12.0,12.1,5929800,DNSE
HSG,1D,2026-05-12 09:00:00,12.0,12.3,12.0,12.3,3248500,DNSE
HSG,1D,2026-05-13 09:00:00,12.3,12.35,12.1,12.2,1794000,DNSE
HSG,1D,2026-05-14 09:00:00,12.2,12.35,12.15,12.2,1705200,DNSE
HSG,1D,2026-05-15 09:00:00,12.2,12.2,12.05,12.1,2019400,DNSE
HSG,1D,2026-05-18 09:00:00,12.0,12.1,11.95,12.0,2058600,DNSE
HSG,1D,2026-05-19 09:00:00,12.1,12.2,12.05,12.05,2106100,DNSE
HSG,1D,2026-05-20 09:00:00,12.05,12.15,11.65,11.95,2735800,DNSE
HSG,1D,2026-05-21 09:00:00,12.0,12.25,11.95,12.2,2696800,DNSE
HSG,1D,2026-05-22 09:00:00,12.25,12.7,12.15,12.6,8184700,DNSE
HSG,1D,2026-05-25 09:00:00,12.6,12.75,12.5,12.55,3329800,DNSE
HSG,1D,2026-05-26 09:00:00,12.4,13.0,12.4,12.8,9458000,DNSE
HSG,1D,2026-05-27 09:00:00,12.8,12.85,12.65,12.8,3487100,DNSE
HSG,1D,2026-05-28 09:00:00,12.85,12.85,12.5,12.55,3418300,DNSE
HSG,1D,2026-05-29 09:00:00,12.55,12.6,12.4,12.45,3452700,DNSE
HSG,1D,2026-06-01 09:00:00,12.45,12.5,12.3,12.45,2535500,DNSE
HSG,1D,2026-06-02 09:00:00,12.45,12.45,12.05,12.1,3792300,DNSE
HSG,1D,2026-06-03 09:00:00,12.1,12.3,12.1,12.25,1908100,DNSE
HSG,1D,2026-06-04 09:00:00,12.2,12.25,12.1,12.1,2309000,DNSE
HSG,1D,2026-06-05 09:00:00,12.1,12.15,11.95,12.0,2668900,DNSE
HSG,1D,2026-06-08 09:00:00,11.7,11.85,11.5,11.65,5348400,DNSE
HSG,1D,2026-06-09 09:00:00,11.7,11.8,11.65,11.75,1691900,DNSE
HSG,1D,2026-06-10 09:00:00,11.75,11.9,11.65,11.85,2317500,DNSE
HSG,1D,2026-06-11 09:00:00,11.8,11.8,11.7,11.8,2656100,DNSE
HSG,1D,2026-06-12 09:00:00,11.85,11.9,11.7,11.7,2142700,DNSE
HSG,1D,2026-06-15 09:00:00,11.8,12.1,11.8,12.05,3024100,DNSE
HSG,1D,2026-06-16 09:00:00,12.05,12.2,11.95,12.2,2774600,DNSE
HSG,1D,2026-06-17 09:00:00,12.3,12.35,12.05,12.05,3351500,DNSE
HSG,1D,2026-06-18 09:00:00,12.05,12.15,12.0,12.0,2135500,DNSE
HSG,1D,2026-06-19 09:00:00,12.1,12.1,11.9,11.95,2333000,DNSE
HSG,1D,2026-06-22 09:00:00,11.95,12.05,11.9,11.95,1710400,DNSE
HSG,1D,2026-06-23 09:00:00,11.9,11.95,11.7,11.75,3732500,DNSE
HSG,1D,2026-06-24 09:00:00,11.65,11.75,11.55,11.75,2594500,DNSE
HSG,1D,2026-06-25 09:00:00,11.75,11.8,11.6,11.7,1785300,DNSE
HSG,1D,2026-06-26 09:00:00,11.65,11.7,11.55,11.6,1413100,DNSE
HSG,1D,2026-06-29 09:00:00,11.6,11.75,11.6,11.75,2232600,DNSE
HSG,1D,2026-06-30 09:00:00,11.8,11.8,11.65,11.7,1662100,DNSE
HSG,1D,2026-07-01 09:00:00,11.7,11.75,11.65,11.75,2378500,DNSE
HSG,1D,2026-07-02 09:00:00,11.75,11.8,11.6,11.6,2320100,DNSE
HSG,1D,2026-07-03 09:00:00,11.6,11.65,11.5,11.55,2693900,DNSE
HSG,1D,2026-07-06 09:00:00,11.55,11.75,11.25,11.45,3441000,DNSE
HSG,1D,2026-07-07 09:00:00,11.45,11.5,11.3,11.5,3998400,DNSE
HSG,1D,2026-07-08 09:00:00,11.45,11.7,11.35,11.7,3706700,DNSE
HSG,1D,2026-07-09 09:00:00,11.6,11.6,11.45,11.5,3150700,DNSE
HSG,1D,2026-07-10 09:00:00,11.45,11.55,11.35,11.35,1764900,DNSE
HSG,1D,2026-07-13 09:00:00,11.4,11.45,11.2,11.25,3543600,DNSE
HSG,1D,2026-07-14 09:00:00,11.25,11.6,11.25,11.55,2242100,DNSE
HSG,1D,2026-07-15 09:00:00,11.55,11.75,11.5,11.65,6866400,DNSE
HSG,1D,2026-07-16 09:00:00,11.55,11.6,11.25,11.6,4079600,DNSE
HSG,1D,2026-07-17 09:00:00,11.55,11.55,11.3,11.3,1871100,DNSE
HSG,1D,2026-07-20 09:00:00,11.15,11.25,10.65,10.65,4608800,DNSE
HSG,1D,2026-07-21 09:00:00,10.4,10.85,10.4,10.55,2153900,DNSE
HSG,1D,2026-07-22 09:00:00,10.5,10.65,10.15,10.45,3612400,DNSE
HSG,1D,2026-07-23 09:00:00,10.35,10.7,10.15,10.5,2927700,DNSE
HSG,1D,2026-07-24 09:00:00,10.4,10.55,10.35,10.45,1391600,DNSE
HSG,1D,2026-07-27 09:00:00,10.45,10.55,10.05,10.05,1768500,DNSE
HSG,1D,2026-07-28 09:00:00,9.7,10.55,9.7,10.45,3302200,DNSE
HSG,1D,2026-07-29 09:00:00,10.45,10.85,10.45,10.65,2391200,DNSE
HSG,1D,2026-07-30 09:00:00,10.7,10.95,10.65,10.9,2430400,DNSE
HSG,1D,2026-07-31 09:00:00,11.0,11.0,10.65,10.7,1717700,DNSE
HSG,1D,2026-08-03 09:00:00,10.6,11.0,10.6,10.95,1757900,DNSE
HSG,1D,2026-08-04 09:00:00,10.95,11.0,10.75,10.85,1281700,DNSE
HSG,1D,2026-08-05 09:00:00,10.9,11.0,10.75,10.8,2189700,DNSE
HSG,1D,2026-08-06 09:00:00,10.8,10.95,10.75,10.8,1399000,DNSE
HSG,1D,2026-08-07 09:00:00,10.75,11.0,10.75,10.75,1553300,DNSE
HSG,1D,2026-08-10 09:00:00,10.85,11.0,10.8,10.9,1905900,DNSE
HSG,1D,2026-08-11 09:00:00,10.9,11.1,10.9,10.9,1430000,DNSE
HSG,1D,2026-08-12 09:00:00,10.85,11.05,10.85,10.9,1896900,DNSE
HSG,1D,2026-08-13 09:00:00,10.9,11.0,10.7,10.7,2187800,DNSE
HSG,1D,2026-08-14 09:00:00,10.7,10.75,10.55,10.55,1919600,DNSE
HSG,1D,2026-08-17 09:00:00,10.65,10.7,10.55,10.65,1011400,DNSE
HSG,1D,2026-08-18 09:00:00,10.6,10.75,10.6,10.6,1030100,DNSE
HSG,1D,2026-08-19 09:00:00,10.6,10.65,10.45,10.55,1368900,DNSE
HSG,1D,2026-08-20 09:00:00,10.55,10.65,10.5,10.5,1071900,DNSE
HSG,1D,2026-08-21 09:00:00,10.5,10.85,10.5,10.85,1873300,DNSE
HSG,1D,2026-08-24 09:00:00,10.95,11.1,10.85,11.05,5059200,DNSE
HSG,1D,2026-08-25 09:00:00,11.1,11.1,10.85,10.85,2294700,DNSE
HSG,1D,2026-08-26 09:00:00,10.85,10.95,10.85,10.9,1952900,DNSE
HSG,1D,2026-08-27 09:00:00,10.95,11.15,10.9,10.95,3467400,DNSE
HSG,1D,2026-08-28 09:00:00,10.95,11.0,10.9,10.9,2205700,DNSE
HSG,1D,2026-09-03 09:00:00,10.9,10.9,10.65,10.65,4032700,DNSE
HSG,1D,2026-09-04 09:00:00,10.65,10.85,10.6,10.6,2349000,DNSE
HSG,1D,2026-09-07 09:00:00,10.6,10.75,10.55,10.6,2302300,DNSE
HSG,1D,2026-09-08 09:00:00,10.55,10.7,10.55,10.6,1825300,DNSE
HSG,1D,2026-09-09 09:00:00,10.55,10.65,10.55,10.6,1503000,DNSE
HSG,1D,2026-09-10 09:00:00,10.55,10.6,10.5,10.5,2037000,DNSE
HSG,1D,2026-09-11 09:00:00,10.5,10.5,10.2,10.2,2755300,DNSE
HSG,1D,2026-09-14 09:00:00,10.25,10.3,10.0,10.1,2729800,DNSE
HSG,1D,2026-09-15 09:00:00,10.1,10.25,10.0,10.15,3480800,DNSE
HSG,1D,2026-09-16 09:00:00,10.15,10.15,10.05,10.05,1435500,DNSE
HSG,1D,2026-09-17 09:00:00,10.0,10.3,10.0,10.1,2100400,DNSE
HSG,1D,2026-09-18 09:00:00,10.15,10.3,10.1,10.15,1785800,DNSE
KDH,1D,2025-10-01 09:00:00,34.0,34.0,33.35,33.7,3011300,DNSE
KDH,1D,2025-10-02 09:00:00,33.7,33.9,32.95,33.0,4391000,DNSE
KDH,1D,2025-10-03 09:00:00,33.0,33.0,31.45,31.75,6795900,DNSE
KDH,1D,2025-10-06 09:00:00,31.9,33.0,31.7,33.0,3922700,DNSE
KDH,1D,2025-10-07 09:00:00,33.3,33.3,32.25,32.25,3144100,DNSE
KDH,1D,2025-10-08 09:00:00,32.9,32.9,31.7,32.4,5045000,DNSE
KDH,1D,2025-10-09 09:00:00,32.6,33.05,32.0,32.45,4571600,DNSE
KDH,1D,2025-10-10 09:00:00,32.75,33.0,32.25,32.45,5841600,DNSE
KDH,1D,2025-10-13 09:00:00,32.05,33.0,31.95,32.55,8191200,DNSE
KDH,1D,2025-10-14 09:00:00,33.0,33.05,31.8,31.9,10322700,DNSE
KDH,1D,2025-10-15 09:00:00,31.9,34.1,31.2,34.1,21160400,DNSE
KDH,1D,2025-10-16 09:00:00,34.95,35.0,34.0,34.2,10297400,DNSE
KDH,1D,2025-10-17 09:00:00,34.4,35.2,33.85,33.9,12420700,DNSE
KDH,1D,2025-10-20 09:00:00,33.85,34.15,31.55,31.55,13397700,DNSE
KDH,1D,2025-10-21 09:00:00,31.0,32.2,30.0,31.75,9776400,DNSE
KDH,1D,2025-10-22 09:00:00,31.9,32.3,31.05,32.2,6630800,DNSE
KDH,1D,2025-10-23 09:00:00,32.2,34.1,32.2,33.55,13833800,DNSE
KDH,1D,2025-10-24 09:00:00,33.25,34.0,32.65,33.8,5128500,DNSE
KDH,1D,2025-10-27 09:00:00,33.75,33.9,32.5,32.5,3937800,DNSE
KDH,1D,2025-10-28 09:00:00,32.2,33.5,31.4,33.5,6038100,DNSE
KDH,1D,2025-10-29 09:00:00,33.65,35.3,33.6,34.4,16159700,DNSE
KDH,1D,2025-10-30 09:00:00,34.6,36.45,34.5,35.85,11419700,DNSE
KDH,1D,2025-10-31 09:00:00,35.5,36.3,34.9,35.85,11395100,DNSE
KDH,1D,2025-11-03 09:00:00,35.3,35.45,34.0,34.0,9662000,DNSE
KDH,1D,2025-11-04 09:00:00,33.95,35.95,32.25,35.6,12204600,DNSE
KDH,1D,2025-11-05 09:00:00,35.35,35.35,34.25,34.95,6401200,DNSE
KDH,1D,2025-11-06 09:00:00,34.95,34.95,34.0,34.1,4490600,DNSE
KDH,1D,2025-11-07 09:00:00,34.0,34.0,32.5,32.5,6728100,DNSE
KDH,1D,2025-11-10 09:00:00,32.1,32.45,31.6,32.0,6613000,DNSE
KDH,1D,2025-11-11 09:00:00,32.1,33.05,32.1,33.0,2965900,DNSE
KDH,1D,2025-11-12 09:00:00,33.3,34.45,33.0,34.1,5154100,DNSE
KDH,1D,2025-11-13 09:00:00,34.2,35.2,33.85,34.45,6884900,DNSE
KDH,1D,2025-11-14 09:00:00,34.3,34.95,34.15,34.65,3625700,DNSE
KDH,1D,2025-11-17 09:00:00,34.75,35.35,34.65,35.1,7830000,DNSE
KDH,1D,2025-11-18 09:00:00,35.0,35.45,34.4,35.4,6433600,DNSE
KDH,1D,2025-11-19 09:00:00,35.4,35.45,34.3,34.6,4310900,DNSE
KDH,1D,2025-11-20 09:00:00,34.6,34.8,34.3,34.65,3319400,DNSE
KDH,1D,2025-11-21 09:00:00,34.4,35.3,34.1,34.85,7257300,DNSE
KDH,1D,2025-11-24 09:00:00,35.0,35.15,34.85,34.85,3086900,DNSE
KDH,1D,2025-11-25 09:00:00,34.9,35.75,34.15,34.5,7825000,DNSE
KDH,1D,2025-11-26 09:00:00,34.55,35.4,34.35,35.4,5847000,DNSE
KDH,1D,2025-11-27 09:00:00,35.4,36.2,34.8,35.4,8524700,DNSE
KDH,1D,2025-11-28 09:00:00,35.15,35.35,34.5,35.0,4441800,DNSE
KDH,1D,2025-12-01 09:00:00,35.0,35.0,34.15,34.15,4153100,DNSE
KDH,1D,2025-12-02 09:00:00,34.25,34.25,33.05,33.55,7782800,DNSE
KDH,1D,2025-12-03 09:00:00,33.75,34.2,33.6,34.2,3391900,DNSE
KDH,1D,2025-12-04 09:00:00,34.45,35.0,34.2,34.45,3714000,DNSE
KDH,1D,2025-12-05 09:00:00,34.6,34.6,33.95,33.95,2633000,DNSE
KDH,1D,2025-12-08 09:00:00,34.0,34.0,33.2,33.4,2829300,DNSE
KDH,1D,2025-12-09 09:00:00,33.4,33.6,32.3,33.3,5026000,DNSE
KDH,1D,2025-12-10 09:00:00,33.3,33.6,32.5,32.5,2479500,DNSE
KDH,1D,2025-12-11 09:00:00,32.6,32.8,32.5,32.5,3661000,DNSE
KDH,1D,2025-12-12 09:00:00,32.3,32.5,30.5,30.5,6117000,DNSE
KDH,1D,2025-12-15 09:00:00,30.3,30.6,29.4,29.6,6034000,DNSE
KDH,1D,2025-12-16 09:00:00,29.65,31.65,29.45,31.6,7010500,DNSE
KDH,1D,2025-12-17 09:00:00,31.6,32.25,31.35,31.7,5315000,DNSE
KDH,1D,2025-12-18 09:00:00,31.7,32.25,31.5,32.1,3552200,DNSE
KDH,1D,2025-12-19 09:00:00,32.1,32.7,31.85,32.65,4196200,DNSE
KDH,1D,2025-12-22 09:00:00,32.55,33.15,32.55,33.15,3293800,DNSE
KDH,1D,2025-12-23 09:00:00,33.2,33.2,32.55,33.0,3199500,DNSE
KDH,1D,2025-12-24 09:00:00,32.8,33.05,32.6,32.95,1880500,DNSE
KDH,1D,2025-12-25 09:00:00,32.95,32.95,32.15,32.15,2877000,DNSE
KDH,1D,2025-12-26 09:00:00,31.7,32.05,30.65,32.05,4535100,DNSE
KDH,1D,2025-12-29 09:00:00,32.0,32.05,31.7,31.7,1693100,DNSE
KDH,1D,2025-12-30 09:00:00,31.8,31.85,31.2,31.5,2361200,DNSE
KDH,1D,2025-12-31 09:00:00,31.5,31.6,31.1,31.5,2300200,DNSE
KDH,1D,2026-01-05 09:00:00,31.5,32.5,30.85,31.9,6288800,DNSE
KDH,1D,2026-01-06 09:00:00,32.05,32.05,31.45,31.85,4376900,DNSE
KDH,1D,2026-01-07 09:00:00,31.85,31.85,31.05,31.35,5218500,DNSE
KDH,1D,2026-01-08 09:00:00,31.4,31.6,30.2,30.5,8390100,DNSE
KDH,1D,2026-01-09 09:00:00,30.5,30.6,28.5,28.6,14633500,DNSE
KDH,1D,2026-01-12 09:00:00,28.7,29.85,28.25,29.2,6489400,DNSE
KDH,1D,2026-01-13 09:00:00,30.0,30.35,29.9,30.0,5735900,DNSE
KDH,1D,2026-01-14 09:00:00,29.95,30.05,28.75,29.05,8278700,DNSE
KDH,1D,2026-01-15 09:00:00,28.75,30.3,28.65,30.1,9028300,DNSE
KDH,1D,2026-01-16 09:00:00,30.4,30.85,29.65,29.75,6436700,DNSE
KDH,1D,2026-01-19 09:00:00,29.9,29.95,29.3,29.3,5483700,DNSE
KDH,1D,2026-01-20 09:00:00,29.3,29.65,28.95,29.3,5270000,DNSE
KDH,1D,2026-01-21 09:00:00,29.2,29.55,28.5,28.7,6517100,DNSE
KDH,1D,2026-01-22 09:00:00,28.7,30.3,28.1,29.3,10156500,DNSE
KDH,1D,2026-01-23 09:00:00,29.55,29.55,28.7,28.9,2905900,DNSE
KDH,1D,2026-01-26 09:00:00,29.1,29.1,27.5,27.65,5461600,DNSE
KDH,1D,2026-01-27 09:00:00,27.7,27.8,26.55,26.7,7971400,DNSE
KDH,1D,2026-01-28 09:00:00,26.9,27.4,25.9,26.9,8258500,DNSE
KDH,1D,2026-01-29 09:00:00,27.0,27.35,26.5,26.9,3483500,DNSE
KDH,1D,2026-01-30 09:00:00,27.1,28.0,26.85,27.5,11299600,DNSE
KDH,1D,2026-02-02 09:00:00,27.6,27.6,26.5,27.2,5167100,DNSE
KDH,1D,2026-02-03 09:00:00,27.4,27.4,26.5,26.85,6314100,DNSE
KDH,1D,2026-02-04 09:00:00,26.9,27.1,26.45,26.85,5915200,DNSE
KDH,1D,2026-02-05 09:00:00,27.1,27.2,26.6,26.6,3311800,DNSE
KDH,1D,2026-02-06 09:00:00,26.4,26.4,25.4,25.4,7494700,DNSE
KDH,1D,2026-02-09 09:00:00,25.9,26.95,25.75,26.55,6905800,DNSE
KDH,1D,2026-02-10 09:00:00,26.55,27.6,26.55,27.6,8868300,DNSE
KDH,1D,2026-02-11 09:00:00,27.65,28.75,27.6,28.55,9648800,DNSE
KDH,1D,2026-02-12 09:00:00,28.45,28.7,27.95,28.5,3821800,DNSE
KDH,1D,2026-02-13 09:00:00,28.1,28.4,28.0,28.3,3358900,DNSE
KDH,1D,2026-02-23 09:00:00,28.3,28.3,27.45,28.0,3189000,DNSE
KDH,1D,2026-02-24 09:00:00,27.75,28.4,27.75,28.25,3703000,DNSE
KDH,1D,2026-02-25 09:00:00,28.35,28.35,27.6,27.95,4614100,DNSE
KDH,1D,2026-02-26 09:00:00,28.0,28.15,27.8,28.0,2916900,DNSE
KDH,1D,2026-02-27 09:00:00,28.1,28.25,27.2,27.25,4380200,DNSE
KDH,1D,2026-03-02 09:00:00,26.15,27.45,26.15,27.15,8036700,DNSE
KDH,1D,2026-03-03 09:00:00,27.2,27.5,27.0,27.3,4705900,DNSE
KDH,1D,2026-03-04 09:00:00,27.1,27.2,25.5,26.25,6483800,DNSE
KDH,1D,2026-03-05 09:00:00,26.7,27.45,26.5,26.75,9013400,DNSE
KDH,1D,2026-03-06 09:00:00,26.8,27.0,25.65,25.7,4142300,DNSE
KDH,1D,2026-03-09 09:00:00,23.95,24.4,23.95,23.95,3789600,DNSE
KDH,1D,2026-03-10 09:00:00,24.5,25.35,24.0,25.05,7378700,DNSE
KDH,1D,2026-03-11 09:00:00,25.1,26.5,24.9,25.75,6061900,DNSE
KDH,1D,2026-03-12 09:00:00,25.7,25.8,25.05,25.6,2316000,DNSE
KDH,1D,2026-03-13 09:00:00,25.3,26.7,25.15,26.0,5708700,DNSE
KDH,1D,2026-03-16 09:00:00,26.2,26.75,25.9,26.2,3573400,DNSE
KDH,1D,2026-03-17 09:00:00,26.5,26.5,26.1,26.2,2792700,DNSE
KDH,1D,2026-03-18 09:00:00,26.2,26.25,25.8,26.2,2166500,DNSE
KDH,1D,2026-03-19 09:00:00,25.7,26.65,25.55,26.25,3792700,DNSE
KDH,1D,2026-03-20 09:00:00,26.15,26.4,25.5,25.5,3900700,DNSE
KDH,1D,2026-03-23 09:00:00,25.6,25.6,23.85,24.0,4659400,DNSE
KDH,1D,2026-03-24 09:00:00,24.5,25.45,24.35,25.0,5635600,DNSE
KDH,1D,2026-03-25 09:00:00,25.4,26.2,25.15,25.85,5073300,DNSE
KDH,1D,2026-03-26 09:00:00,26.05,26.1,25.35,25.45,2692100,DNSE
KDH,1D,2026-03-27 09:00:00,25.45,26.5,25.3,26.4,4704200,DNSE
KDH,1D,2026-03-30 09:00:00,25.7,26.25,25.65,26.05,4370900,DNSE
KDH,1D,2026-03-31 09:00:00,26.4,26.4,25.75,26.0,4193600,DNSE
KDH,1D,2026-04-01 09:00:00,26.45,26.8,26.25,26.5,4925000,DNSE
KDH,1D,2026-04-02 09:00:00,26.3,26.45,26.0,26.15,3032100,DNSE
KDH,1D,2026-04-03 09:00:00,26.15,26.3,25.3,25.3,4464600,DNSE
KDH,1D,2026-04-06 09:00:00,25.3,25.5,24.7,25.0,3122700,DNSE
KDH,1D,2026-04-07 09:00:00,25.0,25.05,24.2,25.0,3107500,DNSE
KDH,1D,2026-04-08 09:00:00,25.85,26.4,25.5,26.15,4399100,DNSE
KDH,1D,2026-04-09 09:00:00,26.05,26.95,25.95,26.2,6210500,DNSE
KDH,1D,2026-04-10 09:00:00,26.35,26.85,26.15,26.2,5239200,DNSE
KDH,1D,2026-04-13 09:00:00,25.9,26.6,25.9,26.2,3887500,DNSE
KDH,1D,2026-04-14 09:00:00,26.45,26.6,26.15,26.2,3193000,DNSE
KDH,1D,2026-04-15 09:00:00,26.3,26.95,26.3,26.55,7877300,DNSE
KDH,1D,2026-04-16 09:00:00,26.65,26.65,26.1,26.3,3476600,DNSE
KDH,1D,2026-04-17 09:00:00,26.45,26.45,26.05,26.05,2955900,DNSE
KDH,1D,2026-04-20 09:00:00,26.05,26.25,25.9,26.0,2271300,DNSE
KDH,1D,2026-04-21 09:00:00,26.15,26.15,25.6,25.7,3489600,DNSE
KDH,1D,2026-04-22 09:00:00,25.85,25.85,25.45,25.7,3029200,DNSE
KDH,1D,2026-04-23 09:00:00,25.65,25.75,25.2,25.6,3208400,DNSE
KDH,1D,2026-04-24 09:00:00,25.6,25.75,25.35,25.6,2273900,DNSE
KDH,1D,2026-04-28 09:00:00,25.6,25.75,25.35,25.4,1685600,DNSE
KDH,1D,2026-04-29 09:00:00,25.5,25.55,25.25,25.4,7454800,DNSE
KDH,1D,2026-05-04 09:00:00,25.6,25.75,24.9,25.0,5864100,DNSE
KDH,1D,2026-05-05 09:00:00,25.0,25.0,24.3,24.4,4864500,DNSE
KDH,1D,2026-05-06 09:00:00,24.45,24.5,24.0,24.2,8366600,DNSE
KDH,1D,2026-05-07 09:00:00,24.45,24.9,24.15,24.2,8724100,DNSE
KDH,1D,2026-05-08 09:00:00,24.4,24.4,24.1,24.25,5359000,DNSE
KDH,1D,2026-05-11 09:00:00,24.25,24.35,23.65,23.75,7848700,DNSE
KDH,1D,2026-05-12 09:00:00,23.8,24.2,23.55,23.6,6169400,DNSE
KDH,1D,2026-05-13 09:00:00,23.7,23.7,23.1,23.3,6303000,DNSE
KDH,1D,2026-05-14 09:00:00,23.3,24.05,23.3,23.75,3274400,DNSE
KDH,1D,2026-05-15 09:00:00,23.8,23.8,23.35,23.4,3628300,DNSE
KDH,1D,2026-05-18 09:00:00,23.2,23.3,23.05,23.2,3295500,DNSE
KDH,1D,2026-05-19 09:00:00,23.3,23.55,23.05,23.2,4472300,DNSE
KDH,1D,2026-05-20 09:00:00,23.2,23.2,21.6,22.35,9723100,DNSE
KDH,1D,2026-05-21 09:00:00,22.5,22.6,22.05,22.35,2873000,DNSE
KDH,1D,2026-05-22 09:00:00,22.5,22.5,21.95,22.2,4640100,DNSE
KDH,1D,2026-05-25 09:00:00,22.4,23.65,22.35,22.9,7581400,DNSE
KDH,1D,2026-05-26 09:00:00,23.0,23.45,22.9,23.3,3033000,DNSE
KDH,1D,2026-05-27 09:00:00,23.4,23.45,22.9,23.0,3680400,DNSE
KDH,1D,2026-05-28 09:00:00,23.0,23.4,22.8,23.0,2841500,DNSE
KDH,1D,2026-05-29 09:00:00,23.05,23.05,22.5,22.55,2108300,DNSE
KDH,1D,2026-06-01 09:00:00,22.6,22.95,22.6,22.65,2087200,DNSE
KDH,1D,2026-06-02 09:00:00,22.65,23.1,22.55,22.95,4406100,DNSE
KDH,1D,2026-06-03 09:00:00,22.8,22.95,22.65,22.9,1882500,DNSE
KDH,1D,2026-06-04 09:00:00,22.85,22.85,22.6,22.8,1308300,DNSE
KDH,1D,2026-06-05 09:00:00,22.8,23.25,22.8,22.9,2455500,DNSE
KDH,1D,2026-06-08 09:00:00,22.7,23.35,22.55,23.2,5675700,DNSE
KDH,1D,2026-06-09 09:00:00,23.25,23.75,23.1,23.7,5174400,DNSE
KDH,1D,2026-06-10 09:00:00,23.8,24.15,23.65,23.65,5883700,DNSE
KDH,1D,2026-06-11 09:00:00,23.4,23.75,23.25,23.35,2706200,DNSE
KDH,1D,2026-06-12 09:00:00,23.6,23.6,23.05,23.1,4844700,DNSE
KDH,1D,2026-06-15 09:00:00,23.4,23.4,23.05,23.25,3243100,DNSE
KDH,1D,2026-06-16 09:00:00,23.45,24.05,23.25,23.7,6685700,DNSE
KDH,1D,2026-06-17 09:00:00,23.75,23.95,23.25,23.3,4571000,DNSE
KDH,1D,2026-06-18 09:00:00,23.4,23.45,23.0,23.0,4388900,DNSE
KDH,1D,2026-06-19 09:00:00,23.0,23.3,22.85,23.0,2652100,DNSE
KDH,1D,2026-06-22 09:00:00,23.1,23.2,22.5,22.5,3630400,DNSE
KDH,1D,2026-06-23 09:00:00,22.5,22.65,21.9,21.95,6659200,DNSE
KDH,1D,2026-06-24 09:00:00,21.95,22.1,21.7,21.95,3028400,DNSE
KDH,1D,2026-06-25 09:00:00,21.95,21.95,21.7,21.75,2028300,DNSE
KDH,1D,2026-06-26 09:00:00,21.75,21.95,21.55,21.6,2394400,DNSE
KDH,1D,2026-06-29 09:00:00,21.6,21.85,21.6,21.65,2453700,DNSE
KDH,1D,2026-06-30 09:00:00,21.65,21.8,21.55,21.6,2297600,DNSE
KDH,1D,2026-07-01 09:00:00,21.65,22.1,21.6,21.85,2945100,DNSE
KDH,1D,2026-07-02 09:00:00,22.0,22.0,21.65,21.65,1996000,DNSE
KDH,1D,2026-07-03 09:00:00,21.6,21.75,21.2,21.3,4643700,DNSE
KDH,1D,2026-07-06 09:00:00,21.3,21.4,20.0,20.5,5202200,DNSE
KDH,1D,2026-07-07 09:00:00,20.5,21.0,20.25,20.95,3048700,DNSE
KDH,1D,2026-07-08 09:00:00,20.85,21.35,20.85,21.0,2631400,DNSE
KDH,1D,2026-07-09 09:00:00,20.9,20.95,20.6,20.65,2172500,DNSE
KDH,1D,2026-07-10 09:00:00,20.5,20.75,20.3,20.3,2472700,DNSE
KDH,1D,2026-07-13 09:00:00,20.2,20.2,19.75,19.8,6149800,DNSE
KDH,1D,2026-07-14 09:00:00,19.8,19.95,19.45,19.9,3268600,DNSE
KDH,1D,2026-07-15 09:00:00,19.9,19.9,19.3,19.5,2250100,DNSE
KDH,1D,2026-07-16 09:00:00,19.45,19.6,18.45,19.0,8619400,DNSE
KDH,1D,2026-07-17 09:00:00,19.1,19.1,18.4,18.45,5524000,DNSE
KDH,1D,2026-07-20 09:00:00,18.3,18.4,17.4,17.8,7729000,DNSE
KDH,1D,2026-07-21 09:00:00,17.7,18.4,17.7,17.9,4863300,DNSE
KDH,1D,2026-07-22 09:00:00,18.0,18.35,17.85,18.0,9093500,DNSE
KDH,1D,2026-07-23 09:00:00,18.1,18.3,17.45,18.0,5646100,DNSE
KDH,1D,2026-07-24 09:00:00,17.95,18.0,17.35,17.4,4633800,DNSE
KDH,1D,2026-07-27 09:00:00,17.55,17.85,16.4,16.4,6404200,DNSE
KDH,1D,2026-07-28 09:00:00,16.2,17.25,16.2,16.95,5514600,DNSE
KDH,1D,2026-07-29 09:00:00,17.0,17.1,16.75,16.95,2780800,DNSE
KDH,1D,2026-07-30 09:00:00,17.05,17.7,17.05,17.5,6543700,DNSE
KDH,1D,2026-07-31 09:00:00,17.6,17.65,17.4,17.45,4566800,DNSE
KDH,1D,2026-08-03 09:00:00,17.5,18.35,17.45,18.0,7037100,DNSE
KDH,1D,2026-08-04 09:00:00,18.0,18.15,17.95,18.0,3681200,DNSE
KDH,1D,2026-08-05 09:00:00,18.25,18.7,18.0,18.15,7220600,DNSE
KDH,1D,2026-08-06 09:00:00,18.15,18.2,17.65,17.8,4018600,DNSE
KDH,1D,2026-08-07 09:00:00,17.8,18.05,17.7,17.95,3369100,DNSE
KDH,1D,2026-08-10 09:00:00,18.0,18.25,17.9,18.15,4382300,DNSE
KDH,1D,2026-08-11 09:00:00,18.2,18.4,18.1,18.2,5312600,DNSE
KDH,1D,2026-08-12 09:00:00,18.25,18.35,17.9,18.15,5105300,DNSE
KDH,1D,2026-08-13 09:00:00,18.2,18.25,17.7,17.75,6159200,DNSE
KDH,1D,2026-08-14 09:00:00,17.75,18.25,17.45,17.7,5768200,DNSE
KDH,1D,2026-08-17 09:00:00,17.7,18.2,17.65,18.0,4434800,DNSE
KDH,1D,2026-08-18 09:00:00,18.05,18.1,17.6,17.7,3594300,DNSE
KDH,1D,2026-08-19 09:00:00,17.7,17.75,17.05,17.4,4195400,DNSE
KDH,1D,2026-08-20 09:00:00,17.45,17.5,17.1,17.15,3051100,DNSE
KDH,1D,2026-08-21 09:00:00,17.2,18.1,17.1,18.0,6264700,DNSE
KDH,1D,2026-08-24 09:00:00,18.2,18.8,18.0,18.55,11393900,DNSE
KDH,1D,2026-08-25 09:00:00,18.55,18.55,18.15,18.2,5387300,DNSE
KDH,1D,2026-08-26 09:00:00,18.3,18.5,18.0,18.4,5465800,DNSE
KDH,1D,2026-08-27 09:00:00,18.45,18.55,18.2,18.4,3546500,DNSE
KDH,1D,2026-08-28 09:00:00,18.4,18.4,18.1,18.2,4350100,DNSE
KDH,1D,2026-09-03 09:00:00,18.05,18.1,17.5,17.6,6710000,DNSE
KDH,1D,2026-09-04 09:00:00,17.65,17.75,17.25,17.3,6937100,DNSE
KDH,1D,2026-09-07 09:00:00,17.3,17.65,17.15,17.35,4346400,DNSE
KDH,1D,2026-09-08 09:00:00,17.35,17.45,17.15,17.2,3006400,DNSE
KDH,1D,2026-09-09 09:00:00,17.2,17.3,16.85,17.0,5114800,DNSE
KDH,1D,2026-09-10 09:00:00,16.9,17.05,16.75,17.0,2432900,DNSE
KDH,1D,2026-09-11 09:00:00,16.9,16.95,16.2,16.3,6525600,DNSE
KDH,1D,2026-09-14 09:00:00,16.3,16.3,15.45,15.7,5455500,DNSE
KDH,1D,2026-09-15 09:00:00,15.55,15.85,15.5,15.6,3994300,DNSE
KDH,1D,2026-09-16 09:00:00,15.6,15.7,15.25,15.3,4287600,DNSE
KDH,1D,2026-09-17 09:00:00,15.2,16.25,15.2,15.6,6790800,DNSE
KDH,1D,2026-09-18 09:00:00,15.95,16.1,15.75,15.8,5132600,DNSE
MBB,1D,2025-10-01 09:00:00,21.02,21.31,20.94,21.14,11544600,DNSE
MBB,1D,2025-10-02 09:00:00,21.22,21.91,21.18,21.47,44086100,DNSE
MBB,1D,2025-10-03 09:00:00,21.38,21.47,21.14,21.27,14509500,DNSE
MBB,1D,2025-10-06 09:00:00,21.58,22.02,21.34,21.91,38982400,DNSE
MBB,1D,2025-10-07 09:00:00,22.02,22.07,21.51,21.51,22188300,DNSE
MBB,1D,2025-10-08 09:00:00,21.78,21.87,21.51,21.51,32173000,DNSE
MBB,1D,2025-10-09 09:00:00,21.62,21.95,21.51,21.91,38667700,DNSE
MBB,1D,2025-10-10 09:00:00,21.95,22.22,21.78,21.98,56780900,DNSE
MBB,1D,2025-10-13 09:00:00,21.75,21.95,21.62,21.91,46449900,DNSE
MBB,1D,2025-10-14 09:00:00,22.02,22.18,21.67,21.67,49401300,DNSE
MBB,1D,2025-10-15 09:00:00,21.75,22.15,21.71,21.82,31486300,DNSE
MBB,1D,2025-10-16 09:00:00,21.87,22.07,21.75,21.78,26482800,DNSE
MBB,1D,2025-10-17 09:00:00,21.82,22.27,21.71,21.71,43529100,DNSE
MBB,1D,2025-10-20 09:00:00,21.58,21.71,20.22,20.22,74530200,DNSE
MBB,1D,2025-10-21 09:00:00,20.3,20.82,19.87,20.27,51668400,DNSE
MBB,1D,2025-10-22 09:00:00,20.51,20.54,19.87,20.38,29596300,DNSE
MBB,1D,2025-10-23 09:00:00,20.42,20.58,20.18,20.18,19904800,DNSE
MBB,1D,2025-10-24 09:00:00,20.14,20.14,19.5,19.54,46363100,DNSE
MBB,1D,2025-10-27 09:00:00,19.67,19.74,19.06,19.06,52326000,DNSE
MBB,1D,2025-10-28 09:00:00,19.06,19.23,18.54,19.23,49519800,DNSE
MBB,1D,2025-10-29 09:00:00,19.38,19.7,19.26,19.5,24107400,DNSE
MBB,1D,2025-10-30 09:00:00,19.54,19.54,19.1,19.18,24498600,DNSE
MBB,1D,2025-10-31 09:00:00,19.06,19.3,18.9,18.9,19849200,DNSE
MBB,1D,2025-11-03 09:00:00,18.98,19.23,18.5,18.5,29961200,DNSE
MBB,1D,2025-11-04 09:00:00,18.83,19.5,18.58,19.23,38226500,DNSE
MBB,1D,2025-11-05 09:00:00,19.23,19.3,19.06,19.14,12417500,DNSE
MBB,1D,2025-11-06 09:00:00,19.23,19.3,18.9,18.98,10717900,DNSE
MBB,1D,2025-11-07 09:00:00,19.03,19.03,18.54,18.66,21326700,DNSE
MBB,1D,2025-11-10 09:00:00,18.66,18.9,18.46,18.5,17025200,DNSE
MBB,1D,2025-11-11 09:00:00,18.54,18.7,18.43,18.58,15211100,DNSE
MBB,1D,2025-11-12 09:00:00,18.7,19.06,18.58,18.98,17528300,DNSE
MBB,1D,2025-11-13 09:00:00,19.03,19.06,18.83,18.83,19631300,DNSE
MBB,1D,2025-11-14 09:00:00,18.78,18.94,18.66,18.83,16560800,DNSE
MBB,1D,2025-11-17 09:00:00,18.9,19.18,18.9,19.06,16843400,DNSE
MBB,1D,2025-11-18 09:00:00,19.06,19.18,18.98,18.98,19492900,DNSE
MBB,1D,2025-11-19 09:00:00,19.03,19.06,18.74,18.83,16581700,DNSE
MBB,1D,2025-11-20 09:00:00,18.98,18.98,18.66,18.7,13622300,DNSE
MBB,1D,2025-11-21 09:00:00,18.63,18.63,18.43,18.58,26669000,DNSE
MBB,1D,2025-11-24 09:00:00,18.63,18.74,18.46,18.54,10531000,DNSE
MBB,1D,2025-11-25 09:00:00,18.58,18.66,18.26,18.3,18502700,DNSE
MBB,1D,2025-11-26 09:00:00,18.34,18.78,18.3,18.63,21635300,DNSE
MBB,1D,2025-11-27 09:00:00,18.7,18.94,18.66,18.83,22892300,DNSE
MBB,1D,2025-11-28 09:00:00,18.83,18.83,18.63,18.63,11759400,DNSE
MBB,1D,2025-12-01 09:00:00,18.66,18.74,18.58,18.58,7796300,DNSE
MBB,1D,2025-12-02 09:00:00,18.58,18.9,18.43,18.86,19166400,DNSE
MBB,1D,2025-12-03 09:00:00,18.86,19.7,18.86,19.67,56674900,DNSE
MBB,1D,2025-12-04 09:00:00,19.87,20.82,19.87,20.58,80906200,DNSE
MBB,1D,2025-12-05 09:00:00,20.67,20.67,20.1,20.14,29444500,DNSE
MBB,1D,2025-12-08 09:00:00,20.03,20.47,19.9,20.27,22616800,DNSE
MBB,1D,2025-12-09 09:00:00,20.07,20.18,19.5,19.78,34378900,DNSE
MBB,1D,2025-12-10 09:00:00,19.78,20.38,19.7,20.14,25865300,DNSE
MBB,1D,2025-12-11 09:00:00,20.22,20.27,19.78,19.9,15190600,DNSE
MBB,1D,2025-12-12 09:00:00,19.94,19.98,19.23,19.23,21849200,DNSE
MBB,1D,2025-12-15 09:00:00,19.23,19.38,18.94,19.03,16023100,DNSE
MBB,1D,2025-12-16 09:00:00,19.1,19.83,18.83,19.58,21422000,DNSE
MBB,1D,2025-12-17 09:00:00,19.67,19.78,19.5,19.54,9524600,DNSE
MBB,1D,2025-12-18 09:00:00,19.47,19.78,19.43,19.74,12957300,DNSE
MBB,1D,2025-12-19 09:00:00,19.74,19.78,19.63,19.78,10343600,DNSE
MBB,1D,2025-12-22 09:00:00,19.9,20.34,19.74,20.22,26664100,DNSE
MBB,1D,2025-12-23 09:00:00,20.3,20.54,19.94,20.1,21996200,DNSE
MBB,1D,2025-12-24 09:00:00,20.1,20.47,19.98,20.27,24794700,DNSE
MBB,1D,2025-12-25 09:00:00,20.22,20.47,20.03,20.03,17926700,DNSE
MBB,1D,2025-12-26 09:00:00,19.78,20.03,19.38,19.9,24369500,DNSE
MBB,1D,2025-12-29 09:00:00,19.9,20.03,19.78,19.9,11448200,DNSE
MBB,1D,2025-12-30 09:00:00,19.94,20.18,19.9,20.03,12056900,DNSE
MBB,1D,2025-12-31 09:00:00,20.03,20.27,19.98,20.27,23824800,DNSE
MBB,1D,2026-01-05 09:00:00,20.3,20.62,19.23,20.3,36858500,DNSE
MBB,1D,2026-01-06 09:00:00,20.38,21.42,20.03,21.34,72144096,DNSE
MBB,1D,2026-01-07 09:00:00,21.42,21.51,21.18,21.38,33897900,DNSE
MBB,1D,2026-01-08 09:00:00,21.42,21.75,21.22,21.31,47534900,DNSE
MBB,1D,2026-01-09 09:00:00,21.42,22.18,21.38,21.87,66065300,DNSE
MBB,1D,2026-01-12 09:00:00,22.07,22.59,22.07,22.59,56968300,DNSE
MBB,1D,2026-01-13 09:00:00,22.62,22.67,21.98,22.07,45769000,DNSE
MBB,1D,2026-01-14 09:00:00,22.11,22.38,21.51,21.75,45126300,DNSE
MBB,1D,2026-01-15 09:00:00,21.67,22.07,21.47,21.82,34596800,DNSE
MBB,1D,2026-01-16 09:00:00,21.95,22.18,21.67,21.67,20359500,DNSE
MBB,1D,2026-01-19 09:00:00,21.78,22.11,21.75,22.02,27218600,DNSE
MBB,1D,2026-01-20 09:00:00,22.22,22.42,21.71,21.95,28109000,DNSE
MBB,1D,2026-01-21 09:00:00,21.87,22.02,21.55,21.62,27066700,DNSE
MBB,1D,2026-01-22 09:00:00,21.75,21.98,21.55,21.58,17506700,DNSE
MBB,1D,2026-01-23 09:00:00,21.58,21.71,21.34,21.58,23036800,DNSE
MBB,1D,2026-01-26 09:00:00,21.42,21.51,20.82,20.91,31708000,DNSE
MBB,1D,2026-01-27 09:00:00,20.94,21.31,20.91,21.22,19201000,DNSE
MBB,1D,2026-01-28 09:00:00,21.27,21.42,20.98,21.27,17954900,DNSE
MBB,1D,2026-01-29 09:00:00,21.55,21.58,21.07,21.38,19308300,DNSE
MBB,1D,2026-01-30 09:00:00,21.42,21.78,21.31,21.78,28064600,DNSE
MBB,1D,2026-02-02 09:00:00,21.78,22.11,21.58,21.87,25977600,DNSE
MBB,1D,2026-02-03 09:00:00,22.02,22.51,22.02,22.18,50769200,DNSE
MBB,1D,2026-02-04 09:00:00,22.31,22.51,22.07,22.27,25733700,DNSE
MBB,1D,2026-02-05 09:00:00,22.31,22.35,21.67,21.67,25285900,DNSE
MBB,1D,2026-02-06 09:00:00,21.62,22.51,21.18,21.91,49957800,DNSE
MBB,1D,2026-02-09 09:00:00,22.27,22.51,21.95,22.11,25413800,DNSE
MBB,1D,2026-02-10 09:00:00,22.27,22.82,22.02,22.31,51318500,DNSE
MBB,1D,2026-02-11 09:00:00,22.51,23.63,22.47,23.22,104577296,DNSE
MBB,1D,2026-02-12 09:00:00,23.47,23.47,22.67,22.71,27983900,DNSE
MBB,1D,2026-02-13 09:00:00,22.91,22.91,22.67,22.67,21371900,DNSE
MBB,1D,2026-02-23 09:00:00,23.07,23.11,22.67,22.71,19036000,DNSE
MBB,1D,2026-02-24 09:00:00,22.82,22.82,22.55,22.62,27187100,DNSE
MBB,1D,2026-02-25 09:00:00,22.82,23.47,22.67,23.02,28088400,DNSE
MBB,1D,2026-02-26 09:00:00,23.15,23.31,22.79,23.07,16056700,DNSE
MBB,1D,2026-02-27 09:00:00,23.02,23.11,22.82,22.82,14848500,DNSE
MBB,1D,2026-03-02 09:00:00,22.42,22.59,22.11,22.15,51175400,DNSE
MBB,1D,2026-03-03 09:00:00,22.22,22.31,21.62,21.67,42244700,DNSE
MBB,1D,2026-03-04 09:00:00,21.71,21.95,21.11,21.58,42105200,DNSE
MBB,1D,2026-03-05 09:00:00,21.98,22.07,21.62,21.67,17308700,DNSE
MBB,1D,2026-03-06 09:00:00,21.71,21.75,21.34,21.38,22166600,DNSE
MBB,1D,2026-03-09 09:00:00,19.94,20.54,19.9,19.9,73057296,DNSE
MBB,1D,2026-03-10 09:00:00,20.91,21.27,20.51,21.27,37844500,DNSE
MBB,1D,2026-03-11 09:00:00,21.27,21.62,21.18,21.47,22212600,DNSE
MBB,1D,2026-03-12 09:00:00,21.22,21.47,20.82,21.02,19075600,DNSE
MBB,1D,2026-03-13 09:00:00,20.98,21.22,20.67,20.94,17314700,DNSE
MBB,1D,2026-03-16 09:00:00,20.94,21.22,20.91,20.91,12448200,DNSE
MBB,1D,2026-03-17 09:00:00,21.14,21.42,21.02,21.11,9514500,DNSE
MBB,1D,2026-03-18 09:00:00,21.38,21.55,20.62,21.07,14929500,DNSE
MBB,1D,2026-03-19 09:00:00,20.87,21.22,20.74,21.14,19724200,DNSE
MBB,1D,2026-03-20 09:00:00,21.07,21.11,20.78,20.78,13305900,DNSE
MBB,1D,2026-03-23 09:00:00,20.51,20.54,19.9,20.03,21672100,DNSE
MBB,1D,2026-03-24 09:00:00,20.62,20.82,20.34,20.51,13041100,DNSE
MBB,1D,2026-03-25 09:00:00,20.78,21.02,20.71,20.82,13825500,DNSE
MBB,1D,2026-03-26 09:00:00,21.11,21.11,20.58,20.67,13683600,DNSE
MBB,1D,2026-03-27 09:00:00,20.62,20.98,20.51,20.94,12866700,DNSE
MBB,1D,2026-03-30 09:00:00,20.67,20.91,20.54,20.62,11214500,DNSE
MBB,1D,2026-03-31 09:00:00,20.78,21.38,20.78,21.18,20965700,DNSE
MBB,1D,2026-04-01 09:00:00,21.62,21.71,21.22,21.22,18947700,DNSE
MBB,1D,2026-04-02 09:00:00,21.22,21.27,20.74,21.07,23391700,DNSE
MBB,1D,2026-04-03 09:00:00,21.07,21.18,20.78,20.78,10974700,DNSE
MBB,1D,2026-04-06 09:00:00,20.82,20.82,20.51,20.54,11655100,DNSE
MBB,1D,2026-04-07 09:00:00,20.62,20.67,20.38,20.51,15315200,DNSE
MBB,1D,2026-04-08 09:00:00,21.18,21.34,20.91,21.31,33405300,DNSE
MBB,1D,2026-04-09 09:00:00,21.22,21.38,21.11,21.22,14977100,DNSE
MBB,1D,2026-04-10 09:00:00,21.47,21.71,21.34,21.38,30327300,DNSE
MBB,1D,2026-04-13 09:00:00,21.11,21.34,21.02,21.18,15029500,DNSE
MBB,1D,2026-04-14 09:00:00,21.38,21.47,21.22,21.38,16255100,DNSE
MBB,1D,2026-04-15 09:00:00,21.38,21.51,21.31,21.31,11553900,DNSE
MBB,1D,2026-04-16 09:00:00,21.22,21.31,20.98,21.07,12841800,DNSE
MBB,1D,2026-04-17 09:00:00,21.07,21.31,21.07,21.18,8604100,DNSE
MBB,1D,2026-04-20 09:00:00,21.18,21.31,21.11,21.11,13276300,DNSE
MBB,1D,2026-04-21 09:00:00,21.14,21.31,21.07,21.07,13041700,DNSE
MBB,1D,2026-04-22 09:00:00,21.11,21.14,20.91,20.98,8424700,DNSE
MBB,1D,2026-04-23 09:00:00,20.98,21.62,20.94,21.14,15289400,DNSE
MBB,1D,2026-04-24 09:00:00,21.14,21.14,20.98,20.98,9074600,DNSE
MBB,1D,2026-04-28 09:00:00,20.98,21.02,20.82,20.82,12572800,DNSE
MBB,1D,2026-04-29 09:00:00,20.82,20.94,20.71,20.87,13290000,DNSE
MBB,1D,2026-05-04 09:00:00,20.94,21.14,20.87,20.91,10177100,DNSE
MBB,1D,2026-05-05 09:00:00,20.82,20.91,20.62,20.78,12314500,DNSE
MBB,1D,2026-05-06 09:00:00,20.82,20.94,20.71,20.87,16164500,DNSE
MBB,1D,2026-05-07 09:00:00,20.94,21.07,20.82,20.91,16786200,DNSE
MBB,1D,2026-05-08 09:00:00,20.91,21.27,20.87,20.94,22204000,DNSE
MBB,1D,2026-05-11 09:00:00,20.98,21.11,20.78,20.82,16618800,DNSE
MBB,1D,2026-05-12 09:00:00,20.82,20.91,20.74,20.74,11264200,DNSE
MBB,1D,2026-05-13 09:00:00,20.74,20.82,20.62,20.67,12652300,DNSE
MBB,1D,2026-05-14 09:00:00,20.71,20.91,20.67,20.71,13084300,DNSE
MBB,1D,2026-05-15 09:00:00,20.87,20.87,20.51,20.54,22577500,DNSE
MBB,1D,2026-05-18 09:00:00,20.54,20.54,20.34,20.42,18793500,DNSE
MBB,1D,2026-05-19 09:00:00,20.47,20.51,20.07,20.07,30322900,DNSE
MBB,1D,2026-05-20 09:00:00,20.1,20.27,19.63,19.7,38940600,DNSE
MBB,1D,2026-05-21 09:00:00,19.78,19.94,19.7,19.87,18632200,DNSE
MBB,1D,2026-05-22 09:00:00,19.9,19.94,19.63,19.74,14993300,DNSE
MBB,1D,2026-05-25 09:00:00,19.87,20.03,19.83,19.87,10183000,DNSE
MBB,1D,2026-05-26 09:00:00,19.87,20.47,19.87,20.42,18673500,DNSE
MBB,1D,2026-05-27 09:00:00,20.47,20.54,20.27,20.34,12599300,DNSE
MBB,1D,2026-05-28 09:00:00,20.34,20.51,20.03,20.03,9614600,DNSE
MBB,1D,2026-05-29 09:00:00,20.03,20.18,19.9,20.03,8171700,DNSE
MBB,1D,2026-06-01 09:00:00,20.1,20.14,19.94,20.1,5172200,DNSE
MBB,1D,2026-06-02 09:00:00,20.1,20.14,19.74,19.74,12839400,DNSE
MBB,1D,2026-06-03 09:00:00,19.74,20.18,19.74,20.18,14476800,DNSE
MBB,1D,2026-06-04 09:00:00,20.07,20.18,19.94,20.03,8558000,DNSE
MBB,1D,2026-06-05 09:00:00,20.07,20.14,20.03,20.03,8343500,DNSE
MBB,1D,2026-06-08 09:00:00,19.94,19.94,19.67,19.7,12089800,DNSE
MBB,1D,2026-06-09 09:00:00,19.74,19.9,19.67,19.74,9759500,DNSE
MBB,1D,2026-06-10 09:00:00,19.74,19.9,19.74,19.78,9375900,DNSE
MBB,1D,2026-06-11 09:00:00,19.74,19.83,19.67,19.83,4549700,DNSE
MBB,1D,2026-06-12 09:00:00,20.03,20.18,19.9,19.9,20423200,DNSE
MBB,1D,2026-06-15 09:00:00,20.07,20.3,20.07,20.18,15663000,DNSE
MBB,1D,2026-06-16 09:00:00,20.22,20.27,20.1,20.1,11650300,DNSE
MBB,1D,2026-06-17 09:00:00,20.14,20.27,20.1,20.18,11616400,DNSE
MBB,1D,2026-06-18 09:00:00,20.18,20.27,20.14,20.22,6966700,DNSE
MBB,1D,2026-06-19 09:00:00,20.22,20.22,20.03,20.03,7101000,DNSE
MBB,1D,2026-06-22 09:00:00,20.07,20.1,19.87,19.87,7728200,DNSE
MBB,1D,2026-06-23 09:00:00,19.98,20.27,19.83,19.87,18566900,DNSE
MBB,1D,2026-06-24 09:00:00,19.9,19.98,19.74,19.87,12609600,DNSE
MBB,1D,2026-06-25 09:00:00,19.87,19.94,19.78,19.78,7581600,DNSE
MBB,1D,2026-06-26 09:00:00,19.78,19.87,19.74,19.83,6906000,DNSE
MBB,1D,2026-06-29 09:00:00,19.9,20.22,19.87,20.1,15811500,DNSE
MBB,1D,2026-06-30 09:00:00,20.1,20.22,20.07,20.18,13531800,DNSE
MBB,1D,2026-07-01 09:00:00,20.27,20.62,20.27,20.62,21333400,DNSE
MBB,1D,2026-07-02 09:00:00,20.67,20.74,20.51,20.54,9990900,DNSE
MBB,1D,2026-07-03 09:00:00,20.67,20.67,20.34,20.51,13552000,DNSE
MBB,1D,2026-07-06 09:00:00,20.58,20.67,20.22,20.27,12882800,DNSE
MBB,1D,2026-07-07 09:00:00,20.34,20.62,20.27,20.62,12368800,DNSE
MBB,1D,2026-07-08 09:00:00,20.62,20.94,20.58,20.82,20204000,DNSE
MBB,1D,2026-07-09 09:00:00,20.78,20.82,20.49,20.49,11216900,DNSE
MBB,1D,2026-07-10 09:00:00,20.49,20.82,20.45,20.53,10507600,DNSE
MBB,1D,2026-07-13 09:00:00,20.49,20.53,19.99,20.37,16165400,DNSE
MBB,1D,2026-07-14 09:00:00,19.99,20.45,19.99,20.45,12268700,DNSE
MBB,1D,2026-07-15 09:00:00,20.2,20.37,19.95,19.95,12725100,DNSE
MBB,1D,2026-07-16 09:00:00,19.95,20.2,19.58,20.12,14637000,DNSE
MBB,1D,2026-07-17 09:00:00,20.03,20.08,19.78,19.78,10399600,DNSE
MBB,1D,2026-07-20 09:00:00,19.66,19.74,18.99,18.99,20670900,DNSE
MBB,1D,2026-07-21 09:00:00,18.91,19.2,18.83,18.91,11291200,DNSE
MBB,1D,2026-07-22 09:00:00,18.99,19.33,18.62,18.62,21154000,DNSE
MBB,1D,2026-07-23 09:00:00,18.58,18.91,17.99,18.37,20982400,DNSE
MBB,1D,2026-07-24 09:00:00,18.37,18.41,18.08,18.24,10335400,DNSE
MBB,1D,2026-07-27 09:00:00,18.28,18.49,18.03,18.03,13775200,DNSE
MBB,1D,2026-07-28 09:00:00,17.91,18.45,17.78,18.45,17345000,DNSE
MBB,1D,2026-07-29 09:00:00,18.49,18.49,18.28,18.41,8827700,DNSE
MBB,1D,2026-07-30 09:00:00,18.37,18.83,18.37,18.74,11202100,DNSE
MBB,1D,2026-07-31 09:00:00,19.03,19.28,18.74,18.74,12050200,DNSE
MBB,1D,2026-08-03 09:00:00,18.95,20.03,18.95,19.99,22735100,DNSE
MBB,1D,2026-08-04 09:00:00,20.08,20.37,19.99,20.32,16987000,DNSE
MBB,1D,2026-08-05 09:00:00,20.41,20.41,20.03,20.24,14039700,DNSE
MBB,1D,2026-08-06 09:00:00,20.24,20.28,19.83,19.91,9531400,DNSE
MBB,1D,2026-08-07 09:00:00,19.91,20.28,19.87,20.12,9472600,DNSE
MBB,1D,2026-08-10 09:00:00,20.12,20.37,19.95,20.2,28450200,DNSE
MBB,1D,2026-08-11 09:00:00,20.5,20.55,20.35,20.35,18715600,DNSE
MBB,1D,2026-08-12 09:00:00,20.4,20.5,20.35,20.45,8937200,DNSE
MBB,1D,2026-08-13 09:00:00,20.5,20.55,20.15,20.15,11662400,DNSE
MBB,1D,2026-08-14 09:00:00,20.15,20.25,20.0,20.0,11904400,DNSE
MBB,1D,2026-08-17 09:00:00,20.0,20.2,19.9,19.9,7655700,DNSE
MBB,1D,2026-08-18 09:00:00,19.9,20.05,19.85,19.95,7081200,DNSE
MBB,1D,2026-08-19 09:00:00,19.95,20.0,19.85,19.95,5046400,DNSE
MBB,1D,2026-08-20 09:00:00,20.0,20.35,20.0,20.3,10904100,DNSE
MBB,1D,2026-08-21 09:00:00,20.3,20.85,20.1,20.85,15698000,DNSE
MBB,1D,2026-08-24 09:00:00,21.05,21.2,20.75,20.75,11070400,DNSE
MBB,1D,2026-08-25 09:00:00,20.75,20.95,20.65,20.65,10212100,DNSE
MBB,1D,2026-08-26 09:00:00,20.65,21.2,20.5,21.05,18747100,DNSE
MBB,1D,2026-08-27 09:00:00,21.05,21.2,20.85,21.05,7612900,DNSE
MBB,1D,2026-08-28 09:00:00,21.05,21.05,20.85,21.05,8679400,DNSE
MBB,1D,2026-09-03 09:00:00,21.0,21.0,20.6,20.6,11654500,DNSE
MBB,1D,2026-09-04 09:00:00,20.6,20.85,20.55,20.55,8857700,DNSE
MBB,1D,2026-09-07 09:00:00,20.55,20.65,20.1,20.2,14138400,DNSE
MBB,1D,2026-09-08 09:00:00,20.2,20.25,20.1,20.15,7453700,DNSE
MBB,1D,2026-09-09 09:00:00,20.15,20.25,19.95,20.2,12163000,DNSE
MBB,1D,2026-09-10 09:00:00,20.2,20.25,20.05,20.1,6900700,DNSE
MBB,1D,2026-09-11 09:00:00,20.0,20.05,19.75,19.75,18351700,DNSE
MBB,1D,2026-09-14 09:00:00,19.75,19.95,19.6,19.7,16345400,DNSE
MBB,1D,2026-09-15 09:00:00,19.75,20.15,19.75,20.0,15925500,DNSE
MBB,1D,2026-09-16 09:00:00,20.05,20.3,20.0,20.3,9098600,DNSE
MBB,1D,2026-09-17 09:00:00,20.15,20.55,20.1,20.55,16498200,DNSE
MBB,1D,2026-09-18 09:00:00,20.55,20.6,19.9,19.9,16843700,DNSE
MSN,1D,2025-10-01 09:00:00,81.1,82.3,81.1,81.3,3192800,DNSE
MSN,1D,2025-10-02 09:00:00,81.5,82.1,81.0,81.5,3777300,DNSE
MSN,1D,2025-10-03 09:00:00,81.2,81.2,79.4,80.0,6475000,DNSE
MSN,1D,2025-10-06 09:00:00,81.4,83.3,81.0,83.0,8979600,DNSE
MSN,1D,2025-10-07 09:00:00,83.3,83.4,82.5,82.5,5203300,DNSE
MSN,1D,2025-10-08 09:00:00,83.7,84.4,82.6,82.6,11323000,DNSE
MSN,1D,2025-10-09 09:00:00,82.9,84.2,82.7,83.1,7329600,DNSE
MSN,1D,2025-10-10 09:00:00,83.5,84.2,83.0,84.1,13452100,DNSE
MSN,1D,2025-10-13 09:00:00,83.6,85.8,83.6,85.0,12632300,DNSE
MSN,1D,2025-10-14 09:00:00,85.6,85.6,82.5,82.5,12780300,DNSE
MSN,1D,2025-10-15 09:00:00,83.0,83.7,82.5,82.5,6589100,DNSE
MSN,1D,2025-10-16 09:00:00,85.0,88.2,84.8,88.2,17212400,DNSE
MSN,1D,2025-10-17 09:00:00,91.4,94.0,88.0,88.0,32812700,DNSE
MSN,1D,2025-10-20 09:00:00,87.0,88.8,81.9,81.9,31684600,DNSE
MSN,1D,2025-10-21 09:00:00,79.9,80.0,76.2,78.0,28573200,DNSE
MSN,1D,2025-10-22 09:00:00,79.9,80.6,77.4,79.0,13805300,DNSE
MSN,1D,2025-10-23 09:00:00,79.6,80.0,77.6,78.2,9732300,DNSE
MSN,1D,2025-10-24 09:00:00,77.9,79.5,75.7,79.3,13522400,DNSE
MSN,1D,2025-10-27 09:00:00,79.6,79.8,77.4,78.5,7509000,DNSE
MSN,1D,2025-10-28 09:00:00,78.6,79.0,76.2,79.0,7889400,DNSE
MSN,1D,2025-10-29 09:00:00,79.1,80.6,78.5,79.2,8381100,DNSE
MSN,1D,2025-10-30 09:00:00,79.7,80.6,79.3,79.3,6826300,DNSE
MSN,1D,2025-10-31 09:00:00,79.4,80.8,79.0,79.6,6477800,DNSE
MSN,1D,2025-11-03 09:00:00,79.6,79.8,77.0,77.0,7670000,DNSE
MSN,1D,2025-11-04 09:00:00,76.8,80.5,74.4,80.0,12598000,DNSE
MSN,1D,2025-11-05 09:00:00,79.9,81.5,79.1,80.2,8834200,DNSE
MSN,1D,2025-11-06 09:00:00,80.1,80.1,78.8,78.8,4652600,DNSE
MSN,1D,2025-11-07 09:00:00,78.2,79.7,76.8,76.8,7306800,DNSE
MSN,1D,2025-11-10 09:00:00,77.1,78.3,76.0,76.0,5025900,DNSE
MSN,1D,2025-11-11 09:00:00,76.5,78.9,76.4,78.2,7667500,DNSE
MSN,1D,2025-11-12 09:00:00,78.5,79.5,78.3,79.2,5010800,DNSE
MSN,1D,2025-11-13 09:00:00,79.3,79.7,78.9,79.0,4590600,DNSE
MSN,1D,2025-11-14 09:00:00,78.6,79.3,77.6,78.0,5137900,DNSE
MSN,1D,2025-11-17 09:00:00,78.8,80.0,78.3,79.7,5528700,DNSE
MSN,1D,2025-11-18 09:00:00,79.8,80.3,78.5,79.0,4594500,DNSE
MSN,1D,2025-11-19 09:00:00,79.0,79.6,78.5,78.8,3470500,DNSE
MSN,1D,2025-11-20 09:00:00,78.9,79.1,78.5,78.5,3398600,DNSE
MSN,1D,2025-11-21 09:00:00,78.4,78.4,77.2,77.5,4020000,DNSE
MSN,1D,2025-11-24 09:00:00,77.7,79.0,77.7,77.8,3380300,DNSE
MSN,1D,2025-11-25 09:00:00,78.0,78.7,77.0,77.0,3736600,DNSE
MSN,1D,2025-11-26 09:00:00,77.5,78.6,77.3,78.6,3197800,DNSE
MSN,1D,2025-11-27 09:00:00,78.9,79.8,78.4,78.5,4485400,DNSE
MSN,1D,2025-11-28 09:00:00,78.8,79.0,77.4,77.4,4238900,DNSE
MSN,1D,2025-12-01 09:00:00,77.8,79.2,77.7,78.8,5362600,DNSE
MSN,1D,2025-12-02 09:00:00,78.9,79.5,78.0,78.6,4648900,DNSE
MSN,1D,2025-12-03 09:00:00,79.2,81.2,78.9,80.6,12175800,DNSE
MSN,1D,2025-12-04 09:00:00,81.3,81.3,79.9,79.9,5309300,DNSE
MSN,1D,2025-12-05 09:00:00,80.2,80.6,78.2,78.2,6658500,DNSE
MSN,1D,2025-12-08 09:00:00,78.0,78.8,77.9,77.9,4073000,DNSE
MSN,1D,2025-12-09 09:00:00,77.9,78.0,76.6,77.0,6841600,DNSE
MSN,1D,2025-12-10 09:00:00,77.1,77.4,76.6,77.0,3186100,DNSE
MSN,1D,2025-12-11 09:00:00,77.4,77.6,76.0,76.1,3520000,DNSE
MSN,1D,2025-12-12 09:00:00,76.5,76.6,73.1,73.5,8979200,DNSE
MSN,1D,2025-12-15 09:00:00,73.2,74.3,73.0,73.5,4188700,DNSE
MSN,1D,2025-12-16 09:00:00,73.9,75.2,73.0,74.5,4400000,DNSE
MSN,1D,2025-12-17 09:00:00,74.6,75.0,74.0,74.0,3573600,DNSE
MSN,1D,2025-12-18 09:00:00,74.4,74.4,73.5,74.0,3135400,DNSE
MSN,1D,2025-12-19 09:00:00,74.3,75.8,74.0,75.8,4350100,DNSE
MSN,1D,2025-12-22 09:00:00,76.0,76.2,75.5,76.0,3463700,DNSE
MSN,1D,2025-12-23 09:00:00,76.3,77.3,75.6,76.1,5203600,DNSE
MSN,1D,2025-12-24 09:00:00,75.6,76.2,75.1,76.2,3229900,DNSE
MSN,1D,2025-12-25 09:00:00,76.5,77.0,76.0,76.3,3230800,DNSE
MSN,1D,2025-12-26 09:00:00,76.0,76.0,73.1,75.3,6065600,DNSE
MSN,1D,2025-12-29 09:00:00,75.3,75.5,74.6,75.5,2513400,DNSE
MSN,1D,2025-12-30 09:00:00,75.7,76.9,75.5,76.9,4153700,DNSE
MSN,1D,2025-12-31 09:00:00,76.7,77.2,76.1,77.0,4728800,DNSE
MSN,1D,2026-01-05 09:00:00,76.9,77.0,75.0,76.8,4140400,DNSE
MSN,1D,2026-01-06 09:00:00,76.7,77.2,75.9,77.0,3765300,DNSE
MSN,1D,2026-01-07 09:00:00,77.1,78.4,76.7,78.4,8379800,DNSE
MSN,1D,2026-01-08 09:00:00,79.0,79.0,77.7,78.3,4525700,DNSE
MSN,1D,2026-01-09 09:00:00,78.5,78.6,76.5,76.5,5786600,DNSE
MSN,1D,2026-01-12 09:00:00,76.6,78.8,75.9,78.6,8295600,DNSE
MSN,1D,2026-01-13 09:00:00,79.5,82.2,79.3,79.3,10133600,DNSE
MSN,1D,2026-01-14 09:00:00,79.1,82.0,78.6,80.6,13858700,DNSE
MSN,1D,2026-01-15 09:00:00,80.5,82.5,79.8,81.0,9103300,DNSE
MSN,1D,2026-01-16 09:00:00,81.3,85.5,79.9,81.4,15818700,DNSE
MSN,1D,2026-01-19 09:00:00,82.1,82.3,80.2,80.2,6226700,DNSE
MSN,1D,2026-01-20 09:00:00,80.2,81.4,79.1,80.0,11205300,DNSE
MSN,1D,2026-01-21 09:00:00,79.0,79.9,78.5,79.9,6385500,DNSE
MSN,1D,2026-01-22 09:00:00,79.6,80.6,79.1,79.9,5049500,DNSE
MSN,1D,2026-01-23 09:00:00,80.0,80.2,79.0,79.0,4123600,DNSE
MSN,1D,2026-01-26 09:00:00,79.1,79.5,76.0,77.3,5784500,DNSE
MSN,1D,2026-01-27 09:00:00,77.4,77.5,76.7,76.7,3805800,DNSE
MSN,1D,2026-01-28 09:00:00,77.2,79.5,77.1,79.5,8819900,DNSE
MSN,1D,2026-01-29 09:00:00,80.3,85.0,80.2,84.1,24722400,DNSE
MSN,1D,2026-01-30 09:00:00,84.6,85.0,83.3,84.0,10777800,DNSE
MSN,1D,2026-02-02 09:00:00,83.9,85.5,82.2,83.8,11833900,DNSE
MSN,1D,2026-02-03 09:00:00,84.5,84.8,83.3,83.8,8426800,DNSE
MSN,1D,2026-02-04 09:00:00,84.1,84.9,82.5,82.7,8323300,DNSE
MSN,1D,2026-02-05 09:00:00,82.8,82.9,79.4,79.4,10434400,DNSE
MSN,1D,2026-02-06 09:00:00,78.4,79.5,77.7,78.2,9419400,DNSE
MSN,1D,2026-02-09 09:00:00,79.0,79.2,78.0,78.2,3681100,DNSE
MSN,1D,2026-02-10 09:00:00,78.2,78.4,75.6,76.8,6018600,DNSE
MSN,1D,2026-02-11 09:00:00,77.3,78.6,76.9,78.0,5600000,DNSE
MSN,1D,2026-02-12 09:00:00,78.4,78.4,78.0,78.0,2759900,DNSE
MSN,1D,2026-02-13 09:00:00,78.0,78.3,77.7,78.0,3963900,DNSE
MSN,1D,2026-02-23 09:00:00,78.8,79.2,78.3,79.2,3791500,DNSE
MSN,1D,2026-02-24 09:00:00,79.3,80.9,78.6,80.9,8479700,DNSE
MSN,1D,2026-02-25 09:00:00,81.3,81.6,80.3,80.3,5852200,DNSE
MSN,1D,2026-02-26 09:00:00,80.7,81.2,79.9,80.4,4991400,DNSE
MSN,1D,2026-02-27 09:00:00,80.5,80.6,79.0,79.0,5053900,DNSE
MSN,1D,2026-03-02 09:00:00,77.8,80.7,77.3,78.4,10248500,DNSE
MSN,1D,2026-03-03 09:00:00,79.2,79.7,77.0,77.0,7767900,DNSE
MSN,1D,2026-03-04 09:00:00,77.1,77.6,74.0,76.0,11189700,DNSE
MSN,1D,2026-03-05 09:00:00,76.8,77.5,75.3,75.3,6074200,DNSE
MSN,1D,2026-03-06 09:00:00,74.9,75.0,73.2,73.3,7955900,DNSE
MSN,1D,2026-03-09 09:00:00,68.2,70.0,68.2,68.2,4325700,DNSE
MSN,1D,2026-03-10 09:00:00,69.0,69.8,66.1,68.3,13574400,DNSE
MSN,1D,2026-03-11 09:00:00,69.3,73.0,69.1,73.0,10575800,DNSE
MSN,1D,2026-03-12 09:00:00,73.2,74.5,71.8,73.1,8489100,DNSE
MSN,1D,2026-03-13 09:00:00,73.4,74.7,72.7,73.9,8344100,DNSE
MSN,1D,2026-03-16 09:00:00,74.7,75.2,73.4,73.5,4578400,DNSE
MSN,1D,2026-03-17 09:00:00,74.0,75.7,73.8,75.4,8479300,DNSE
MSN,1D,2026-03-18 09:00:00,75.8,75.8,74.0,75.3,5029900,DNSE
MSN,1D,2026-03-19 09:00:00,73.6,75.7,73.5,75.4,8216000,DNSE
MSN,1D,2026-03-20 09:00:00,75.1,75.5,71.3,71.3,8880900,DNSE
MSN,1D,2026-03-23 09:00:00,70.6,72.8,70.6,70.8,8307600,DNSE
MSN,1D,2026-03-24 09:00:00,72.5,72.8,71.7,72.1,3692600,DNSE
MSN,1D,2026-03-25 09:00:00,73.5,73.5,72.2,73.2,4078200,DNSE
MSN,1D,2026-03-26 09:00:00,73.0,73.2,71.8,72.1,4014500,DNSE
MSN,1D,2026-03-27 09:00:00,72.2,73.4,72.2,73.3,4263900,DNSE
MSN,1D,2026-03-30 09:00:00,72.0,75.3,71.8,74.8,6573900,DNSE
MSN,1D,2026-03-31 09:00:00,75.5,76.4,75.0,75.5,5911100,DNSE
MSN,1D,2026-04-01 09:00:00,76.8,77.4,75.9,76.9,8282500,DNSE
MSN,1D,2026-04-02 09:00:00,76.6,76.7,75.3,76.1,5420300,DNSE
MSN,1D,2026-04-03 09:00:00,76.2,77.1,74.8,75.3,5241600,DNSE
MSN,1D,2026-04-06 09:00:00,75.1,76.2,74.5,75.3,4242400,DNSE
MSN,1D,2026-04-07 09:00:00,75.4,75.7,74.3,75.1,3191700,DNSE
MSN,1D,2026-04-08 09:00:00,77.2,77.8,76.3,77.7,10008300,DNSE
MSN,1D,2026-04-09 09:00:00,77.6,79.5,76.8,78.0,6333100,DNSE
MSN,1D,2026-04-10 09:00:00,78.5,78.7,77.5,78.0,3896000,DNSE
MSN,1D,2026-04-13 09:00:00,77.2,77.6,76.4,77.0,5031600,DNSE
MSN,1D,2026-04-14 09:00:00,77.7,78.0,77.0,77.6,4522400,DNSE
MSN,1D,2026-04-15 09:00:00,78.4,78.4,77.0,77.2,4323100,DNSE
MSN,1D,2026-04-16 09:00:00,77.2,78.8,76.7,78.0,7346700,DNSE
MSN,1D,2026-04-17 09:00:00,78.3,82.5,78.3,79.5,13601600,DNSE
MSN,1D,2026-04-20 09:00:00,80.0,80.4,79.3,79.8,5211800,DNSE
MSN,1D,2026-04-21 09:00:00,80.0,80.9,78.8,79.0,7452100,DNSE
MSN,1D,2026-04-22 09:00:00,78.9,79.2,78.1,79.0,4824100,DNSE
MSN,1D,2026-04-23 09:00:00,79.2,79.3,77.1,78.2,6071800,DNSE
MSN,1D,2026-04-24 09:00:00,79.0,79.6,77.2,77.2,7800700,DNSE
MSN,1D,2026-04-28 09:00:00,77.2,77.9,76.7,77.4,3730200,DNSE
MSN,1D,2026-04-29 09:00:00,77.0,77.4,76.1,76.8,4028900,DNSE
MSN,1D,2026-05-04 09:00:00,77.2,77.5,76.2,76.8,3381400,DNSE
MSN,1D,2026-05-05 09:00:00,76.9,78.4,76.6,76.6,4691700,DNSE
MSN,1D,2026-05-06 09:00:00,77.3,78.5,76.9,78.4,5808400,DNSE
MSN,1D,2026-05-07 09:00:00,79.7,82.3,79.2,81.0,15769900,DNSE
MSN,1D,2026-05-08 09:00:00,81.0,82.4,80.0,80.2,8819100,DNSE
MSN,1D,2026-05-11 09:00:00,80.8,80.8,77.5,77.5,8192600,DNSE
MSN,1D,2026-05-12 09:00:00,77.7,78.0,76.6,77.7,6062900,DNSE
MSN,1D,2026-05-13 09:00:00,77.7,79.3,77.5,78.9,6479900,DNSE
MSN,1D,2026-05-14 09:00:00,79.3,79.5,78.6,79.1,4324500,DNSE
MSN,1D,2026-05-15 09:00:00,79.1,79.1,77.1,77.5,4808600,DNSE
MSN,1D,2026-05-18 09:00:00,77.1,77.3,76.4,76.5,5621700,DNSE
MSN,1D,2026-05-19 09:00:00,76.8,77.4,76.3,76.5,5113200,DNSE
MSN,1D,2026-05-20 09:00:00,76.4,76.8,74.4,75.6,7861100,DNSE
MSN,1D,2026-05-21 09:00:00,76.0,76.9,75.8,76.2,3550000,DNSE
MSN,1D,2026-05-22 09:00:00,76.1,76.7,75.6,76.0,2603200,DNSE
MSN,1D,2026-05-25 09:00:00,76.0,77.3,75.7,77.2,4612600,DNSE
MSN,1D,2026-05-26 09:00:00,77.3,77.3,76.7,77.0,2637100,DNSE
MSN,1D,2026-05-27 09:00:00,77.3,77.5,76.5,76.5,3270300,DNSE
MSN,1D,2026-05-28 09:00:00,76.6,76.9,75.5,75.5,3042800,DNSE
MSN,1D,2026-05-29 09:00:00,75.8,75.8,74.7,74.7,3638900,DNSE
MSN,1D,2026-06-01 09:00:00,74.8,75.2,74.2,74.7,2089100,DNSE
MSN,1D,2026-06-02 09:00:00,74.7,74.8,73.2,73.2,3422300,DNSE
MSN,1D,2026-06-03 09:00:00,73.1,75.1,72.6,75.1,3872000,DNSE
MSN,1D,2026-06-04 09:00:00,74.9,74.9,73.9,74.0,1879100,DNSE
MSN,1D,2026-06-05 09:00:00,74.3,74.3,73.0,73.1,2864100,DNSE
MSN,1D,2026-06-08 09:00:00,72.4,72.7,70.8,70.8,5812600,DNSE
MSN,1D,2026-06-09 09:00:00,71.3,72.5,70.9,72.4,3417100,DNSE
MSN,1D,2026-06-10 09:00:00,72.2,72.3,71.6,71.9,1527900,DNSE
MSN,1D,2026-06-11 09:00:00,71.5,71.8,71.0,71.0,1778000,DNSE
MSN,1D,2026-06-12 09:00:00,72.0,72.2,71.1,71.1,2524400,DNSE
MSN,1D,2026-06-15 09:00:00,72.1,72.8,71.9,72.2,2829700,DNSE
MSN,1D,2026-06-16 09:00:00,72.5,73.2,72.2,73.0,1998300,DNSE
MSN,1D,2026-06-17 09:00:00,73.1,73.3,72.5,72.5,2463600,DNSE
MSN,1D,2026-06-18 09:00:00,72.5,73.2,72.1,72.1,2955300,DNSE
MSN,1D,2026-06-19 09:00:00,72.2,72.6,72.0,72.0,2203100,DNSE
MSN,1D,2026-06-22 09:00:00,72.6,72.6,71.5,71.5,1679500,DNSE
MSN,1D,2026-06-23 09:00:00,71.8,72.3,70.7,71.5,3924900,DNSE
MSN,1D,2026-06-24 09:00:00,71.4,71.6,70.6,71.5,2086700,DNSE
MSN,1D,2026-06-25 09:00:00,71.7,71.7,71.2,71.5,1092900,DNSE
MSN,1D,2026-06-26 09:00:00,71.4,71.5,70.9,71.4,1949700,DNSE
MSN,1D,2026-06-29 09:00:00,71.6,72.1,71.4,72.1,2189400,DNSE
MSN,1D,2026-06-30 09:00:00,72.2,72.7,71.6,72.1,2684100,DNSE
MSN,1D,2026-07-01 09:00:00,72.0,72.8,71.9,72.5,2278500,DNSE
MSN,1D,2026-07-02 09:00:00,72.8,73.1,71.9,72.4,3050700,DNSE
MSN,1D,2026-07-03 09:00:00,72.1,72.4,71.5,71.8,2721300,DNSE
MSN,1D,2026-07-06 09:00:00,71.6,71.8,69.2,70.5,4680200,DNSE
MSN,1D,2026-07-07 09:00:00,70.4,70.4,68.3,68.6,9695900,DNSE
MSN,1D,2026-07-08 09:00:00,68.4,69.7,67.5,69.0,10943100,DNSE
MSN,1D,2026-07-09 09:00:00,68.8,69.6,68.6,68.9,2298700,DNSE
MSN,1D,2026-07-10 09:00:00,68.6,69.1,68.1,68.8,2701100,DNSE
MSN,1D,2026-07-13 09:00:00,68.3,68.5,66.7,67.9,5488400,DNSE
MSN,1D,2026-07-14 09:00:00,67.3,68.4,67.1,68.4,2364800,DNSE
MSN,1D,2026-07-15 09:00:00,68.4,68.5,67.4,68.0,2633500,DNSE
MSN,1D,2026-07-16 09:00:00,67.5,68.0,66.7,68.0,3440100,DNSE
MSN,1D,2026-07-17 09:00:00,67.8,68.2,67.4,68.0,2752400,DNSE
MSN,1D,2026-07-20 09:00:00,67.8,67.8,64.6,64.8,6394700,DNSE
MSN,1D,2026-07-21 09:00:00,64.5,66.1,64.5,64.9,4693800,DNSE
MSN,1D,2026-07-22 09:00:00,65.5,67.0,63.5,63.9,9078900,DNSE
MSN,1D,2026-07-23 09:00:00,63.9,64.6,61.7,64.0,5065800,DNSE
MSN,1D,2026-07-24 09:00:00,63.9,64.0,62.8,63.9,3341400,DNSE
MSN,1D,2026-07-27 09:00:00,65.0,65.1,63.5,63.9,4605200,DNSE
MSN,1D,2026-07-28 09:00:00,63.2,66.4,63.2,65.7,5574000,DNSE
MSN,1D,2026-07-29 09:00:00,65.8,66.6,65.1,66.3,3692600,DNSE
MSN,1D,2026-07-30 09:00:00,66.0,68.1,65.9,67.9,4858200,DNSE
MSN,1D,2026-07-31 09:00:00,67.9,67.9,66.1,66.1,3736800,DNSE
MSN,1D,2026-08-03 09:00:00,66.5,68.3,66.4,68.2,4348300,DNSE
MSN,1D,2026-08-04 09:00:00,68.4,68.6,67.7,68.4,3115600,DNSE
MSN,1D,2026-08-05 09:00:00,68.8,69.4,67.0,67.2,4183900,DNSE
MSN,1D,2026-08-06 09:00:00,67.5,67.5,66.4,66.5,2286900,DNSE
MSN,1D,2026-08-07 09:00:00,66.3,67.8,66.2,67.4,3169000,DNSE
MSN,1D,2026-08-10 09:00:00,67.4,68.1,66.9,67.7,3056100,DNSE
MSN,1D,2026-08-11 09:00:00,67.8,68.2,67.1,67.1,2876400,DNSE
MSN,1D,2026-08-12 09:00:00,67.2,67.8,66.9,67.2,2039300,DNSE
MSN,1D,2026-08-13 09:00:00,67.5,68.3,67.4,67.6,5681100,DNSE
MSN,1D,2026-08-14 09:00:00,67.4,67.9,65.8,66.3,6325400,DNSE
MSN,1D,2026-08-17 09:00:00,66.3,66.9,65.9,66.9,3306800,DNSE
MSN,1D,2026-08-18 09:00:00,66.9,67.3,66.1,66.8,2283000,DNSE
MSN,1D,2026-08-19 09:00:00,66.7,66.8,65.5,66.4,3507000,DNSE
MSN,1D,2026-08-20 09:00:00,66.5,68.9,66.3,68.1,7132100,DNSE
MSN,1D,2026-08-21 09:00:00,68.2,70.2,67.9,69.8,7435200,DNSE
MSN,1D,2026-08-24 09:00:00,70.7,70.8,69.5,70.0,4715100,DNSE
MSN,1D,2026-08-25 09:00:00,70.0,70.5,69.0,69.5,4643500,DNSE
MSN,1D,2026-08-26 09:00:00,69.5,70.3,69.1,70.1,3819500,DNSE
MSN,1D,2026-08-27 09:00:00,70.3,71.1,69.6,70.2,4810800,DNSE
MSN,1D,2026-08-28 09:00:00,70.5,70.6,69.8,70.2,3335400,DNSE
MSN,1D,2026-09-03 09:00:00,69.5,69.6,68.3,69.0,5466400,DNSE
MSN,1D,2026-09-04 09:00:00,68.5,69.1,68.5,69.0,2788500,DNSE
MSN,1D,2026-09-07 09:00:00,69.0,69.0,68.1,68.6,3682300,DNSE
MSN,1D,2026-09-08 09:00:00,68.4,68.6,68.1,68.4,3124600,DNSE
MSN,1D,2026-09-09 09:00:00,68.4,69.3,68.2,68.4,2252400,DNSE
MSN,1D,2026-09-10 09:00:00,68.0,69.0,68.0,68.7,3106400,DNSE
MSN,1D,2026-09-11 09:00:00,68.6,68.7,66.5,66.5,4606000,DNSE
MSN,1D,2026-09-14 09:00:00,66.7,67.0,65.3,66.6,4250500,DNSE
MSN,1D,2026-09-15 09:00:00,66.6,67.4,66.4,67.4,2104100,DNSE
MSN,1D,2026-09-16 09:00:00,67.4,67.6,66.7,67.4,2600100,DNSE
MSN,1D,2026-09-17 09:00:00,67.1,68.2,66.9,67.7,3300000,DNSE
MSN,1D,2026-09-18 09:00:00,68.2,69.5,68.2,68.4,7484800,DNSE
MWG,1D,2025-10-01 09:00:00,76.31,77.1,76.02,76.51,4989600,DNSE
MWG,1D,2025-10-02 09:00:00,76.61,77.3,75.72,75.92,4725900,DNSE
MWG,1D,2025-10-03 09:00:00,75.82,76.21,74.24,75.82,9671700,DNSE
MWG,1D,2025-10-06 09:00:00,77.2,77.49,76.02,76.41,9452100,DNSE
MWG,1D,2025-10-07 09:00:00,76.8,78.28,76.31,76.8,7199900,DNSE
MWG,1D,2025-10-08 09:00:00,77.79,80.05,77.3,79.56,17337700,DNSE
MWG,1D,2025-10-09 09:00:00,79.56,80.64,79.27,80.25,7782900,DNSE
MWG,1D,2025-10-10 09:00:00,80.15,80.74,79.36,80.74,7593200,DNSE
MWG,1D,2025-10-13 09:00:00,79.95,81.73,79.76,81.73,7962500,DNSE
MWG,1D,2025-10-14 09:00:00,82.61,83.7,81.14,82.91,12093100,DNSE
MWG,1D,2025-10-15 09:00:00,82.71,83.4,81.73,82.02,5687400,DNSE
MWG,1D,2025-10-16 09:00:00,82.02,83.5,81.73,83.2,6629400,DNSE
MWG,1D,2025-10-17 09:00:00,83.5,84.58,82.51,83.2,9880500,DNSE
MWG,1D,2025-10-20 09:00:00,85.67,86.55,78.58,79.66,14226400,DNSE
MWG,1D,2025-10-21 09:00:00,81.04,81.73,79.27,81.73,12062300,DNSE
MWG,1D,2025-10-22 09:00:00,81.73,83.2,80.35,83.2,8203100,DNSE
MWG,1D,2025-10-23 09:00:00,84.68,85.47,83.3,84.39,9156600,DNSE
MWG,1D,2025-10-24 09:00:00,84.19,84.58,81.53,84.39,9652900,DNSE
MWG,1D,2025-10-27 09:00:00,84.39,84.39,79.76,79.76,9884200,DNSE
MWG,1D,2025-10-28 09:00:00,79.66,83.11,79.17,82.91,8277300,DNSE
MWG,1D,2025-10-29 09:00:00,81.73,83.11,81.73,82.81,5076100,DNSE
MWG,1D,2025-10-30 09:00:00,82.91,83.11,82.22,82.61,5652200,DNSE
MWG,1D,2025-10-31 09:00:00,82.61,82.71,80.74,81.33,6453200,DNSE
MWG,1D,2025-11-03 09:00:00,81.73,82.02,79.76,79.76,6146600,DNSE
MWG,1D,2025-11-04 09:00:00,79.66,80.74,77.3,80.55,13681700,DNSE
MWG,1D,2025-11-05 09:00:00,80.25,80.25,78.87,78.97,4679900,DNSE
MWG,1D,2025-11-06 09:00:00,79.07,79.76,77.59,79.07,4495500,DNSE
MWG,1D,2025-11-07 09:00:00,78.38,79.27,74.34,75.33,8643300,DNSE
MWG,1D,2025-11-10 09:00:00,75.13,78.08,75.13,75.62,7274200,DNSE
MWG,1D,2025-11-11 09:00:00,76.31,77.89,76.31,76.8,5881500,DNSE
MWG,1D,2025-11-12 09:00:00,76.8,79.27,76.71,79.27,5083400,DNSE
MWG,1D,2025-11-13 09:00:00,78.87,79.27,78.28,78.87,3798700,DNSE
MWG,1D,2025-11-14 09:00:00,77.99,80.74,77.99,80.15,3951700,DNSE
MWG,1D,2025-11-17 09:00:00,79.95,81.14,79.95,81.14,4514700,DNSE
MWG,1D,2025-11-18 09:00:00,81.23,81.92,80.64,81.73,4417900,DNSE
MWG,1D,2025-11-19 09:00:00,81.73,81.92,80.35,81.14,6064700,DNSE
MWG,1D,2025-11-20 09:00:00,81.04,81.04,79.56,79.76,5080700,DNSE
MWG,1D,2025-11-21 09:00:00,79.17,79.17,76.9,78.77,8331600,DNSE
MWG,1D,2025-11-24 09:00:00,79.07,79.17,77.99,78.08,4147400,DNSE
MWG,1D,2025-11-25 09:00:00,77.79,78.58,77.3,77.3,4223700,DNSE
MWG,1D,2025-11-26 09:00:00,77.3,78.97,77.3,78.97,4735000,DNSE
MWG,1D,2025-11-27 09:00:00,78.77,78.87,78.28,78.77,3506200,DNSE
MWG,1D,2025-11-28 09:00:00,78.77,78.87,77.99,78.67,3026700,DNSE
MWG,1D,2025-12-01 09:00:00,78.48,78.87,78.28,78.77,2955600,DNSE
MWG,1D,2025-12-02 09:00:00,78.58,78.87,78.08,78.77,3953000,DNSE
MWG,1D,2025-12-03 09:00:00,78.97,84.19,78.97,83.4,15177100,DNSE
MWG,1D,2025-12-04 09:00:00,83.7,84.88,83.3,84.48,7082600,DNSE
MWG,1D,2025-12-05 09:00:00,84.39,84.39,82.81,83.79,6818100,DNSE
MWG,1D,2025-12-08 09:00:00,83.01,83.79,82.22,83.6,4614500,DNSE
MWG,1D,2025-12-09 09:00:00,83.2,83.2,81.23,82.71,6672700,DNSE
MWG,1D,2025-12-10 09:00:00,81.92,83.11,81.23,81.73,4887900,DNSE
MWG,1D,2025-12-11 09:00:00,81.73,82.32,81.04,81.04,3015900,DNSE
MWG,1D,2025-12-12 09:00:00,81.04,81.04,77.3,77.3,8896500,DNSE
MWG,1D,2025-12-15 09:00:00,77.2,77.99,76.41,76.51,5323900,DNSE
MWG,1D,2025-12-16 09:00:00,76.61,80.74,76.31,80.74,7552000,DNSE
MWG,1D,2025-12-17 09:00:00,80.64,81.73,79.56,80.64,4829800,DNSE
MWG,1D,2025-12-18 09:00:00,80.05,80.35,79.27,80.35,3495200,DNSE
MWG,1D,2025-12-19 09:00:00,80.25,81.73,80.05,81.63,5439900,DNSE
MWG,1D,2025-12-22 09:00:00,81.43,83.7,81.43,83.7,7856400,DNSE
MWG,1D,2025-12-23 09:00:00,83.7,86.65,83.6,86.16,13817800,DNSE
MWG,1D,2025-12-24 09:00:00,86.26,86.65,85.67,86.65,6357400,DNSE
MWG,1D,2025-12-25 09:00:00,86.65,88.62,84.68,84.68,8091600,DNSE
MWG,1D,2025-12-26 09:00:00,82.91,85.67,81.33,85.67,9310200,DNSE
MWG,1D,2025-12-29 09:00:00,84.88,86.35,84.78,85.76,6228800,DNSE
MWG,1D,2025-12-30 09:00:00,85.67,87.14,85.27,87.14,7753100,DNSE
MWG,1D,2025-12-31 09:00:00,86.65,87.04,86.26,87.04,4804600,DNSE
MWG,1D,2026-01-05 09:00:00,86.55,86.85,84.48,86.06,5947300,DNSE
MWG,1D,2026-01-06 09:00:00,85.47,87.93,85.47,87.44,6390700,DNSE
MWG,1D,2026-01-07 09:00:00,87.63,88.52,86.95,88.42,4998000,DNSE
MWG,1D,2026-01-08 09:00:00,88.42,88.42,84.88,86.16,10543900,DNSE
MWG,1D,2026-01-09 09:00:00,85.07,86.16,84.29,84.68,6472200,DNSE
MWG,1D,2026-01-12 09:00:00,84.68,86.16,83.7,86.16,8471500,DNSE
MWG,1D,2026-01-13 09:00:00,86.16,87.34,84.88,85.76,6657100,DNSE
MWG,1D,2026-01-14 09:00:00,85.76,85.96,83.79,84.68,6951400,DNSE
MWG,1D,2026-01-15 09:00:00,83.7,85.57,82.71,82.71,7636600,DNSE
MWG,1D,2026-01-16 09:00:00,82.51,86.06,82.51,85.67,7671600,DNSE
MWG,1D,2026-01-19 09:00:00,86.06,86.06,84.19,85.37,3055300,DNSE
MWG,1D,2026-01-20 09:00:00,85.37,86.95,84.68,84.68,6841300,DNSE
MWG,1D,2026-01-21 09:00:00,84.58,84.58,83.11,84.09,5383600,DNSE
MWG,1D,2026-01-22 09:00:00,83.7,85.27,83.7,85.17,5450600,DNSE
MWG,1D,2026-01-23 09:00:00,85.27,86.35,84.48,84.48,6722800,DNSE
MWG,1D,2026-01-26 09:00:00,84.48,84.58,82.61,82.81,6030600,DNSE
MWG,1D,2026-01-27 09:00:00,82.91,84.48,82.71,83.7,5418600,DNSE
MWG,1D,2026-01-28 09:00:00,83.6,84.48,83.01,84.19,6085200,DNSE
MWG,1D,2026-01-29 09:00:00,84.39,88.13,83.99,88.13,15892000,DNSE
MWG,1D,2026-01-30 09:00:00,88.62,91.97,88.42,91.48,20845900,DNSE
MWG,1D,2026-02-02 09:00:00,91.67,92.46,89.11,92.26,13866200,DNSE
MWG,1D,2026-02-03 09:00:00,92.95,92.95,90.1,90.1,10130300,DNSE
MWG,1D,2026-02-04 09:00:00,90.1,90.49,89.21,90.39,7656400,DNSE
MWG,1D,2026-02-05 09:00:00,90.29,90.39,88.82,88.82,5643400,DNSE
MWG,1D,2026-02-06 09:00:00,88.32,88.52,84.68,87.04,13814700,DNSE
MWG,1D,2026-02-09 09:00:00,87.63,88.62,87.14,87.93,5452400,DNSE
MWG,1D,2026-02-10 09:00:00,88.32,88.32,86.45,87.93,5950600,DNSE
MWG,1D,2026-02-11 09:00:00,88.13,90.49,87.93,90.49,8987000,DNSE
MWG,1D,2026-02-12 09:00:00,91.08,92.46,89.7,91.48,7890300,DNSE
MWG,1D,2026-02-13 09:00:00,90.49,91.77,90.1,91.38,5511500,DNSE
MWG,1D,2026-02-23 09:00:00,91.48,91.67,89.7,90.59,5003100,DNSE
MWG,1D,2026-02-24 09:00:00,90.2,90.79,89.11,90.79,6601300,DNSE
MWG,1D,2026-02-25 09:00:00,90.79,92.66,90.59,91.57,8132700,DNSE
MWG,1D,2026-02-26 09:00:00,91.57,92.85,91.08,92.16,5011100,DNSE
MWG,1D,2026-02-27 09:00:00,92.26,92.46,91.18,91.67,5224300,DNSE
MWG,1D,2026-03-02 09:00:00,90.39,90.79,88.62,88.62,10738700,DNSE
MWG,1D,2026-03-03 09:00:00,88.82,89.8,85.57,86.85,13370000,DNSE
MWG,1D,2026-03-04 09:00:00,85.76,87.44,82.51,87.44,13414100,DNSE
MWG,1D,2026-03-05 09:00:00,87.54,87.63,83.89,83.89,11270500,DNSE
MWG,1D,2026-03-06 09:00:00,83.5,83.5,80.45,81.43,13359400,DNSE
MWG,1D,2026-03-09 09:00:00,75.82,75.82,75.82,75.82,4983800,DNSE
MWG,1D,2026-03-10 09:00:00,77.79,80.55,76.21,79.76,21042400,DNSE
MWG,1D,2026-03-11 09:00:00,79.76,85.27,79.27,85.17,17339300,DNSE
MWG,1D,2026-03-12 09:00:00,82.71,85.17,81.83,83.3,10104500,DNSE
MWG,1D,2026-03-13 09:00:00,83.2,83.2,80.74,80.74,6260000,DNSE
MWG,1D,2026-03-16 09:00:00,80.64,80.94,79.17,79.36,5282300,DNSE
MWG,1D,2026-03-17 09:00:00,80.25,82.51,80.25,81.43,3811100,DNSE
MWG,1D,2026-03-18 09:00:00,81.53,83.01,81.14,82.42,4304400,DNSE
MWG,1D,2026-03-19 09:00:00,80.74,81.33,80.15,81.14,7916000,DNSE
MWG,1D,2026-03-20 09:00:00,80.84,80.84,78.48,78.48,6488600,DNSE
MWG,1D,2026-03-23 09:00:00,76.8,76.9,73.06,73.06,17473900,DNSE
MWG,1D,2026-03-24 09:00:00,75.43,75.62,73.85,74.83,7903300,DNSE
MWG,1D,2026-03-25 09:00:00,75.82,78.28,75.62,77.99,7550200,DNSE
MWG,1D,2026-03-26 09:00:00,76.8,77.69,76.21,77.3,7066800,DNSE
MWG,1D,2026-03-27 09:00:00,77.39,80.55,77.0,79.76,7595000,DNSE
MWG,1D,2026-03-30 09:00:00,77.69,79.56,77.39,79.56,6027600,DNSE
MWG,1D,2026-03-31 09:00:00,79.56,80.84,79.27,80.55,6582900,DNSE
MWG,1D,2026-04-01 09:00:00,81.73,82.61,80.55,81.14,5736600,DNSE
MWG,1D,2026-04-02 09:00:00,80.55,80.55,78.77,80.55,5675700,DNSE
MWG,1D,2026-04-03 09:00:00,80.25,80.25,77.99,78.08,6903100,DNSE
MWG,1D,2026-04-06 09:00:00,77.1,78.08,76.41,77.1,6411000,DNSE
MWG,1D,2026-04-07 09:00:00,77.2,77.59,75.43,76.8,3806200,DNSE
MWG,1D,2026-04-08 09:00:00,79.36,80.74,78.67,80.64,10192500,DNSE
MWG,1D,2026-04-09 09:00:00,79.66,80.74,79.46,79.46,3649300,DNSE
MWG,1D,2026-04-10 09:00:00,80.05,80.94,79.76,80.25,4667000,DNSE
MWG,1D,2026-04-13 09:00:00,79.56,80.05,78.58,80.05,4806700,DNSE
MWG,1D,2026-04-14 09:00:00,80.84,81.43,80.15,80.35,4600700,DNSE
MWG,1D,2026-04-15 09:00:00,80.74,80.74,78.77,78.77,3798700,DNSE
MWG,1D,2026-04-16 09:00:00,78.97,80.74,78.97,80.05,5775900,DNSE
MWG,1D,2026-04-17 09:00:00,81.33,85.57,81.23,85.57,15089000,DNSE
MWG,1D,2026-04-20 09:00:00,86.16,87.14,85.07,85.96,10168300,DNSE
MWG,1D,2026-04-21 09:00:00,86.06,86.06,84.29,84.29,7226400,DNSE
MWG,1D,2026-04-22 09:00:00,84.09,85.07,83.5,85.07,9172200,DNSE
MWG,1D,2026-04-23 09:00:00,85.07,85.47,83.01,83.2,5417100,DNSE
MWG,1D,2026-04-24 09:00:00,83.2,83.89,82.22,82.22,4634400,DNSE
MWG,1D,2026-04-28 09:00:00,82.42,84.58,82.42,84.29,5380700,DNSE
MWG,1D,2026-04-29 09:00:00,83.7,84.39,82.71,82.71,4897200,DNSE
MWG,1D,2026-05-04 09:00:00,83.4,84.09,82.12,83.6,6372100,DNSE
MWG,1D,2026-05-05 09:00:00,83.3,84.09,82.81,83.5,4720200,DNSE
MWG,1D,2026-05-06 09:00:00,83.89,85.07,83.6,84.68,6696800,DNSE
MWG,1D,2026-05-07 09:00:00,84.88,86.06,84.68,84.68,6344700,DNSE
MWG,1D,2026-05-08 09:00:00,84.39,84.58,83.3,83.3,4605300,DNSE
MWG,1D,2026-05-11 09:00:00,83.01,83.89,82.22,82.22,5716900,DNSE
MWG,1D,2026-05-12 09:00:00,82.22,83.01,81.33,82.51,4934800,DNSE
MWG,1D,2026-05-13 09:00:00,82.71,83.01,81.43,82.42,3536900,DNSE
MWG,1D,2026-05-14 09:00:00,82.42,83.3,81.92,82.91,4001800,DNSE
MWG,1D,2026-05-15 09:00:00,83.2,83.3,80.74,80.74,6691900,DNSE
MWG,1D,2026-05-18 09:00:00,80.74,80.74,77.79,77.79,11953700,DNSE
MWG,1D,2026-05-19 09:00:00,77.99,78.48,76.9,77.0,7953500,DNSE
MWG,1D,2026-05-20 09:00:00,77.0,77.59,73.06,76.02,8786000,DNSE
MWG,1D,2026-05-21 09:00:00,77.0,78.28,76.51,78.28,6597700,DNSE
MWG,1D,2026-05-22 09:00:00,78.97,79.76,77.89,78.18,6083900,DNSE
MWG,1D,2026-05-25 09:00:00,78.87,78.87,77.2,77.49,2510300,DNSE
MWG,1D,2026-05-26 09:00:00,77.79,78.18,77.1,77.3,2518800,DNSE
MWG,1D,2026-05-27 09:00:00,77.89,79.17,77.59,78.77,4631100,DNSE
MWG,1D,2026-05-28 09:00:00,78.77,79.07,76.51,76.51,4026400,DNSE
MWG,1D,2026-05-29 09:00:00,76.51,77.1,74.64,75.13,7834500,DNSE
MWG,1D,2026-06-01 09:00:00,75.33,77.89,75.33,77.89,3799400,DNSE
MWG,1D,2026-06-02 09:00:00,78.18,78.18,76.31,76.71,2969500,DNSE
MWG,1D,2026-06-03 09:00:00,76.61,77.3,75.72,77.3,4801100,DNSE
MWG,1D,2026-06-04 09:00:00,77.3,77.3,75.82,77.2,4308300,DNSE
MWG,1D,2026-06-05 09:00:00,77.3,77.69,76.41,76.8,3241800,DNSE
MWG,1D,2026-06-08 09:00:00,75.82,76.11,75.13,75.23,4633800,DNSE
MWG,1D,2026-06-09 09:00:00,75.33,76.31,75.13,76.21,1770800,DNSE
MWG,1D,2026-06-10 09:00:00,75.92,77.1,75.43,77.0,2866200,DNSE
MWG,1D,2026-06-11 09:00:00,77.1,77.3,75.72,75.72,3302700,DNSE
MWG,1D,2026-06-12 09:00:00,76.61,76.61,75.13,75.23,4139700,DNSE
MWG,1D,2026-06-15 09:00:00,75.82,78.48,75.82,78.18,7871700,DNSE
MWG,1D,2026-06-16 09:00:00,78.18,78.58,77.59,78.18,3183300,DNSE
MWG,1D,2026-06-17 09:00:00,78.08,78.58,77.49,77.89,4068800,DNSE
MWG,1D,2026-06-18 09:00:00,77.39,77.79,76.8,77.49,3234500,DNSE
MWG,1D,2026-06-19 09:00:00,77.49,77.69,76.31,76.8,2425600,DNSE
MWG,1D,2026-06-22 09:00:00,76.8,76.8,75.82,76.02,2992900,DNSE
MWG,1D,2026-06-23 09:00:00,75.92,76.02,74.83,74.83,6295100,DNSE
MWG,1D,2026-06-24 09:00:00,74.83,76.61,73.85,76.61,4218000,DNSE
MWG,1D,2026-06-25 09:00:00,75.92,76.31,75.52,76.02,3553800,DNSE
MWG,1D,2026-06-26 09:00:00,75.92,77.3,75.33,77.3,4859300,DNSE
MWG,1D,2026-06-29 09:00:00,77.2,77.99,76.9,77.79,4268900,DNSE
MWG,1D,2026-06-30 09:00:00,77.59,77.79,76.41,76.9,4008800,DNSE
MWG,1D,2026-07-01 09:00:00,76.8,78.77,76.51,78.77,6029400,DNSE
MWG,1D,2026-07-02 09:00:00,78.97,80.15,78.18,78.48,4640200,DNSE
MWG,1D,2026-07-03 09:00:00,78.38,78.38,77.1,77.69,3276600,DNSE
MWG,1D,2026-07-06 09:00:00,77.39,77.59,75.52,76.8,4935700,DNSE
MWG,1D,2026-07-07 09:00:00,76.9,77.1,76.21,76.31,2154600,DNSE
MWG,1D,2026-07-08 09:00:00,76.31,77.99,76.11,77.59,3145900,DNSE
MWG,1D,2026-07-09 09:00:00,77.2,77.3,76.61,77.3,1582900,DNSE
MWG,1D,2026-07-10 09:00:00,77.69,77.69,75.43,75.43,3169000,DNSE
MWG,1D,2026-07-13 09:00:00,75.62,76.11,74.83,74.83,3721700,DNSE
MWG,1D,2026-07-14 09:00:00,74.64,75.62,74.05,75.62,2788000,DNSE
MWG,1D,2026-07-15 09:00:00,75.62,75.62,74.64,75.03,1802400,DNSE
MWG,1D,2026-07-16 09:00:00,75.03,75.52,73.85,75.52,4353900,DNSE
MWG,1D,2026-07-17 09:00:00,75.33,75.52,74.74,75.52,1827000,DNSE
MWG,1D,2026-07-20 09:00:00,75.72,75.72,72.87,74.05,7676900,DNSE
MWG,1D,2026-07-21 09:00:00,73.95,75.23,73.16,74.74,2872900,DNSE
MWG,1D,2026-07-22 09:00:00,74.74,74.83,69.52,69.52,13474000,DNSE
MWG,1D,2026-07-23 09:00:00,69.42,70.6,66.07,70.4,9066200,DNSE
MWG,1D,2026-07-24 09:00:00,68.53,69.81,66.96,66.96,3613700,DNSE
MWG,1D,2026-07-27 09:00:00,67.45,67.94,62.33,62.33,7694800,DNSE
MWG,1D,2026-07-28 09:00:00,62.92,64.89,61.54,64.2,6958300,DNSE
MWG,1D,2026-07-29 09:00:00,65.0,67.8,64.6,66.5,4613000,DNSE
MWG,1D,2026-07-30 09:00:00,66.5,70.9,66.1,69.8,8424500,DNSE
MWG,1D,2026-07-31 09:00:00,70.5,70.5,68.5,69.9,4562900,DNSE
MWG,1D,2026-08-03 09:00:00,70.0,73.0,69.9,72.5,5091200,DNSE
MWG,1D,2026-08-04 09:00:00,72.2,72.9,71.4,72.1,3706800,DNSE
MWG,1D,2026-08-05 09:00:00,72.4,72.9,71.0,72.2,3955700,DNSE
MWG,1D,2026-08-06 09:00:00,71.5,71.9,69.8,71.2,5330100,DNSE
MWG,1D,2026-08-07 09:00:00,71.3,71.6,70.2,71.0,3084600,DNSE
MWG,1D,2026-08-10 09:00:00,71.0,73.8,70.7,73.0,4628400,DNSE
MWG,1D,2026-08-11 09:00:00,72.3,74.0,72.3,73.2,3120600,DNSE
MWG,1D,2026-08-12 09:00:00,73.3,74.2,73.2,74.0,3065700,DNSE
MWG,1D,2026-08-13 09:00:00,74.0,74.7,72.8,73.6,2669200,DNSE
MWG,1D,2026-08-14 09:00:00,73.1,73.5,72.2,72.4,3164500,DNSE
MWG,1D,2026-08-17 09:00:00,72.3,74.2,71.8,73.5,2140400,DNSE
MWG,1D,2026-08-18 09:00:00,73.6,73.9,72.1,72.8,1649500,DNSE
MWG,1D,2026-08-19 09:00:00,72.7,72.7,71.2,72.2,1995300,DNSE
MWG,1D,2026-08-20 09:00:00,72.3,73.2,71.9,72.7,2493500,DNSE
MWG,1D,2026-08-21 09:00:00,72.5,75.1,71.8,75.0,4995900,DNSE
MWG,1D,2026-08-24 09:00:00,75.5,75.6,74.6,75.1,2470100,DNSE
MWG,1D,2026-08-25 09:00:00,75.0,75.3,73.8,73.9,2556400,DNSE
MWG,1D,2026-08-26 09:00:00,73.9,75.5,73.2,75.5,2162400,DNSE
MWG,1D,2026-08-27 09:00:00,75.5,75.9,74.8,75.9,2305700,DNSE
MWG,1D,2026-08-28 09:00:00,75.7,75.7,74.8,75.0,2717400,DNSE
MWG,1D,2026-09-03 09:00:00,74.0,74.6,73.2,73.2,2383900,DNSE
MWG,1D,2026-09-04 09:00:00,73.2,73.6,72.8,73.1,2437300,DNSE
MWG,1D,2026-09-07 09:00:00,73.1,73.5,71.4,72.0,3872100,DNSE
MWG,1D,2026-09-08 09:00:00,71.6,72.9,71.2,72.3,1707500,DNSE
MWG,1D,2026-09-09 09:00:00,72.3,72.6,71.4,71.6,1420300,DNSE
MWG,1D,2026-09-10 09:00:00,71.6,73.3,71.2,72.9,2496200,DNSE
MWG,1D,2026-09-11 09:00:00,72.5,72.5,71.3,71.3,2587600,DNSE
MWG,1D,2026-09-14 09:00:00,71.3,71.5,68.6,69.8,3246500,DNSE
MWG,1D,2026-09-15 09:00:00,69.8,71.2,69.8,71.2,1893100,DNSE
MWG,1D,2026-09-16 09:00:00,71.0,71.6,70.3,71.5,2017700,DNSE
MWG,1D,2026-09-17 09:00:00,71.0,73.5,70.8,73.1,4079900,DNSE
MWG,1D,2026-09-18 09:00:00,73.1,73.5,72.4,72.5,1909000,DNSE
NKG,1D,2025-10-01 09:00:00,16.05,16.18,15.91,16.05,6893600,DNSE
NKG,1D,2025-10-02 09:00:00,16.18,16.27,15.55,15.55,8847500,DNSE
NKG,1D,2025-10-03 09:00:00,15.5,15.55,15.09,15.18,12484100,DNSE
NKG,1D,2025-10-06 09:00:00,15.36,16.18,15.32,16.05,7403200,DNSE
NKG,1D,2025-10-07 09:00:00,16.18,16.18,15.73,15.73,7089200,DNSE
NKG,1D,2025-10-08 09:00:00,16.0,16.14,15.64,16.09,10543900,DNSE
NKG,1D,2025-10-09 09:00:00,16.27,16.36,16.0,16.14,7860900,DNSE
NKG,1D,2025-10-10 09:00:00,16.27,16.55,16.18,16.27,9932100,DNSE
NKG,1D,2025-10-13 09:00:00,15.91,16.09,15.59,15.82,16689700,DNSE
NKG,1D,2025-10-14 09:00:00,15.91,16.09,15.41,15.45,16808500,DNSE
NKG,1D,2025-10-15 09:00:00,15.36,15.73,15.32,15.45,7885500,DNSE
NKG,1D,2025-10-16 09:00:00,15.59,15.91,15.32,15.86,10579000,DNSE
NKG,1D,2025-10-17 09:00:00,15.95,16.5,15.86,16.14,22547000,DNSE
NKG,1D,2025-10-20 09:00:00,16.18,16.27,15.05,15.05,14363300,DNSE
NKG,1D,2025-10-21 09:00:00,15.0,15.05,14.14,14.41,18560600,DNSE
NKG,1D,2025-10-22 09:00:00,14.73,14.73,14.0,14.64,9110500,DNSE
NKG,1D,2025-10-23 09:00:00,14.5,14.77,14.45,14.45,5269200,DNSE
NKG,1D,2025-10-24 09:00:00,14.32,14.5,14.09,14.09,6589400,DNSE
NKG,1D,2025-10-27 09:00:00,14.23,14.73,14.18,14.27,5912600,DNSE
NKG,1D,2025-10-28 09:00:00,14.23,14.73,14.23,14.73,5471000,DNSE
NKG,1D,2025-10-29 09:00:00,14.82,15.05,14.64,14.77,5613000,DNSE
NKG,1D,2025-10-30 09:00:00,14.77,14.86,14.45,14.5,4217400,DNSE
NKG,1D,2025-10-31 09:00:00,14.45,14.82,14.45,14.55,5543400,DNSE
NKG,1D,2025-11-03 09:00:00,14.59,15.36,14.45,14.73,12910700,DNSE
NKG,1D,2025-11-04 09:00:00,14.77,15.27,14.36,15.27,12613500,DNSE
NKG,1D,2025-11-05 09:00:00,15.23,15.59,15.14,15.41,10941800,DNSE
NKG,1D,2025-11-06 09:00:00,15.55,15.55,15.09,15.23,6073700,DNSE
NKG,1D,2025-11-07 09:00:00,15.23,15.73,15.0,15.18,13715400,DNSE
NKG,1D,2025-11-10 09:00:00,15.09,15.59,14.59,14.86,8278900,DNSE
NKG,1D,2025-11-11 09:00:00,15.09,15.23,14.82,14.95,4304900,DNSE
NKG,1D,2025-11-12 09:00:00,15.09,15.59,15.09,15.55,12050300,DNSE
NKG,1D,2025-11-13 09:00:00,15.55,15.55,15.32,15.41,5945200,DNSE
NKG,1D,2025-11-14 09:00:00,15.36,15.77,15.32,15.5,9888100,DNSE
NKG,1D,2025-11-17 09:00:00,15.55,15.73,15.41,15.68,7452500,DNSE
NKG,1D,2025-11-18 09:00:00,15.82,16.0,15.64,15.68,11733300,DNSE
NKG,1D,2025-11-19 09:00:00,15.68,16.05,15.27,15.64,10692900,DNSE
NKG,1D,2025-11-20 09:00:00,15.59,15.64,15.09,15.27,6594200,DNSE
NKG,1D,2025-11-21 09:00:00,15.18,15.23,14.73,15.0,9935800,DNSE
NKG,1D,2025-11-24 09:00:00,15.09,15.18,14.91,14.91,2858900,DNSE
NKG,1D,2025-11-25 09:00:00,14.86,15.14,14.55,14.64,5435400,DNSE
NKG,1D,2025-11-26 09:00:00,14.64,15.09,14.64,15.09,3703200,DNSE
NKG,1D,2025-11-27 09:00:00,15.14,15.14,14.86,14.86,3240000,DNSE
NKG,1D,2025-11-28 09:00:00,14.86,14.95,14.64,14.73,3637800,DNSE
NKG,1D,2025-12-01 09:00:00,14.86,14.86,14.55,14.55,3643400,DNSE
NKG,1D,2025-12-02 09:00:00,14.73,14.73,14.18,14.5,5231300,DNSE
NKG,1D,2025-12-03 09:00:00,14.36,14.77,14.36,14.59,3219000,DNSE
NKG,1D,2025-12-04 09:00:00,14.68,14.95,14.68,14.82,4450400,DNSE
NKG,1D,2025-12-05 09:00:00,14.86,14.91,14.64,14.64,2980400,DNSE
NKG,1D,2025-12-08 09:00:00,14.59,14.73,14.27,14.32,3816400,DNSE
NKG,1D,2025-12-09 09:00:00,14.36,14.41,13.82,14.23,7176700,DNSE
NKG,1D,2025-12-10 09:00:00,14.32,14.45,14.18,14.18,2179500,DNSE
NKG,1D,2025-12-11 09:00:00,14.18,14.36,14.09,14.18,2038800,DNSE
NKG,1D,2025-12-12 09:00:00,14.09,14.18,13.23,13.27,7419000,DNSE
NKG,1D,2025-12-15 09:00:00,13.27,13.59,13.18,13.27,3657400,DNSE
NKG,1D,2025-12-16 09:00:00,13.41,13.86,13.0,13.64,4385300,DNSE
NKG,1D,2025-12-17 09:00:00,13.64,13.77,13.64,13.64,2194400,DNSE
NKG,1D,2025-12-18 09:00:00,13.73,13.73,13.55,13.59,1477300,DNSE
NKG,1D,2025-12-19 09:00:00,13.55,13.82,13.55,13.64,2487100,DNSE
NKG,1D,2025-12-22 09:00:00,13.86,13.91,13.64,13.91,3416700,DNSE
NKG,1D,2025-12-23 09:00:00,13.95,14.09,13.73,13.77,3778900,DNSE
NKG,1D,2025-12-24 09:00:00,13.77,13.86,13.73,13.82,1994900,DNSE
NKG,1D,2025-12-25 09:00:00,13.82,13.91,13.59,13.59,3086800,DNSE
NKG,1D,2025-12-26 09:00:00,13.91,14.23,13.64,13.91,6410800,DNSE
NKG,1D,2025-12-29 09:00:00,14.0,14.0,13.77,13.82,1935600,DNSE
NKG,1D,2025-12-30 09:00:00,13.73,13.91,13.64,13.64,2445700,DNSE
NKG,1D,2025-12-31 09:00:00,13.64,13.73,13.5,13.5,2687800,DNSE
NKG,1D,2026-01-05 09:00:00,13.5,13.64,13.09,13.23,3653300,DNSE
NKG,1D,2026-01-06 09:00:00,13.23,13.45,12.95,13.14,3606200,DNSE
NKG,1D,2026-01-07 09:00:00,13.18,13.73,13.18,13.64,3346500,DNSE
NKG,1D,2026-01-08 09:00:00,13.68,13.82,13.45,13.59,4511000,DNSE
NKG,1D,2026-01-09 09:00:00,13.64,13.68,13.32,13.45,4497600,DNSE
NKG,1D,2026-01-12 09:00:00,13.36,14.23,13.32,14.14,10265700,DNSE
NKG,1D,2026-01-13 09:00:00,14.36,14.36,13.95,14.09,5132100,DNSE
NKG,1D,2026-01-14 09:00:00,14.14,14.5,13.95,14.18,7443300,DNSE
NKG,1D,2026-01-15 09:00:00,14.18,14.82,14.14,14.68,14197000,DNSE
NKG,1D,2026-01-16 09:00:00,14.82,15.0,14.45,14.68,7265600,DNSE
NKG,1D,2026-01-19 09:00:00,14.73,14.82,14.32,14.36,6203700,DNSE
NKG,1D,2026-01-20 09:00:00,14.45,14.45,14.05,14.09,6466000,DNSE
NKG,1D,2026-01-21 09:00:00,14.0,14.18,13.73,13.82,5627600,DNSE
NKG,1D,2026-01-22 09:00:00,13.82,14.36,13.82,14.05,3553800,DNSE
NKG,1D,2026-01-23 09:00:00,14.14,14.32,13.86,13.95,2597800,DNSE
NKG,1D,2026-01-26 09:00:00,14.0,14.05,13.32,13.5,5144000,DNSE
NKG,1D,2026-01-27 09:00:00,13.55,13.59,13.36,13.5,2841200,DNSE
NKG,1D,2026-01-28 09:00:00,13.5,13.82,13.5,13.77,3150600,DNSE
NKG,1D,2026-01-29 09:00:00,13.82,14.18,13.82,13.91,4224800,DNSE
NKG,1D,2026-01-30 09:00:00,14.05,14.27,13.82,13.82,3550700,DNSE
NKG,1D,2026-02-02 09:00:00,13.73,13.73,13.32,13.55,5540400,DNSE
NKG,1D,2026-02-03 09:00:00,13.5,13.77,13.5,13.59,3840700,DNSE
NKG,1D,2026-02-04 09:00:00,13.59,14.5,13.59,14.14,11676300,DNSE
NKG,1D,2026-02-05 09:00:00,14.23,14.27,13.91,13.91,3230900,DNSE
NKG,1D,2026-02-06 09:00:00,13.73,14.23,13.32,13.32,7141200,DNSE
NKG,1D,2026-02-09 09:00:00,13.45,13.55,13.36,13.41,3286300,DNSE
NKG,1D,2026-02-10 09:00:00,13.55,13.55,13.32,13.41,2044000,DNSE
NKG,1D,2026-02-11 09:00:00,13.45,13.68,13.41,13.59,3074300,DNSE
NKG,1D,2026-02-12 09:00:00,13.77,13.77,13.59,13.59,1832500,DNSE
NKG,1D,2026-02-13 09:00:00,13.64,13.73,13.55,13.59,1834700,DNSE
NKG,1D,2026-02-23 09:00:00,13.64,14.05,13.64,13.95,4010100,DNSE
NKG,1D,2026-02-24 09:00:00,14.0,14.59,14.0,14.45,12434000,DNSE
NKG,1D,2026-02-25 09:00:00,14.5,15.0,14.45,14.68,11711200,DNSE
NKG,1D,2026-02-26 09:00:00,14.77,14.77,14.32,14.68,6166700,DNSE
NKG,1D,2026-02-27 09:00:00,14.73,14.77,14.32,14.36,6867100,DNSE
NKG,1D,2026-03-02 09:00:00,13.86,14.68,13.82,14.18,12738200,DNSE
NKG,1D,2026-03-03 09:00:00,14.18,14.45,13.95,14.0,7396100,DNSE
NKG,1D,2026-03-04 09:00:00,13.86,14.09,13.09,13.64,12060100,DNSE
NKG,1D,2026-03-05 09:00:00,13.73,13.91,13.36,13.36,6088900,DNSE
NKG,1D,2026-03-06 09:00:00,13.36,13.59,13.05,13.18,6683900,DNSE
NKG,1D,2026-03-09 09:00:00,12.27,12.41,12.27,12.27,4359700,DNSE
NKG,1D,2026-03-10 09:00:00,12.36,12.95,12.27,12.73,10011700,DNSE
NKG,1D,2026-03-11 09:00:00,12.86,13.09,12.64,13.0,4724400,DNSE
NKG,1D,2026-03-12 09:00:00,12.91,13.18,12.64,12.64,6087800,DNSE
NKG,1D,2026-03-13 09:00:00,12.55,12.95,12.36,12.64,4304500,DNSE
NKG,1D,2026-03-16 09:00:00,12.64,12.91,12.64,12.73,2238900,DNSE
NKG,1D,2026-03-17 09:00:00,12.95,13.0,12.77,12.77,3235200,DNSE
NKG,1D,2026-03-18 09:00:00,12.73,13.0,12.55,12.59,3811100,DNSE
NKG,1D,2026-03-19 09:00:00,12.41,12.68,12.32,12.45,4378400,DNSE
NKG,1D,2026-03-20 09:00:00,12.45,12.55,12.32,12.5,3231500,DNSE
NKG,1D,2026-03-23 09:00:00,12.32,12.36,11.68,11.68,6481500,DNSE
NKG,1D,2026-03-24 09:00:00,12.09,12.18,11.86,11.95,3255500,DNSE
NKG,1D,2026-03-25 09:00:00,12.05,12.27,12.05,12.18,2834500,DNSE
NKG,1D,2026-03-26 09:00:00,12.27,12.45,12.14,12.14,3367400,DNSE
NKG,1D,2026-03-27 09:00:00,12.23,12.55,12.09,12.55,3679600,DNSE
NKG,1D,2026-03-30 09:00:00,12.18,12.82,12.14,12.64,4607200,DNSE
NKG,1D,2026-03-31 09:00:00,12.77,12.86,12.55,12.59,3555300,DNSE
NKG,1D,2026-04-01 09:00:00,12.86,12.86,12.59,12.64,2983400,DNSE
NKG,1D,2026-04-02 09:00:00,12.55,12.91,12.45,12.55,5846600,DNSE
NKG,1D,2026-04-03 09:00:00,12.73,12.73,12.36,12.36,2199600,DNSE
NKG,1D,2026-04-06 09:00:00,12.27,12.59,12.18,12.23,2762100,DNSE
NKG,1D,2026-04-07 09:00:00,12.23,12.41,12.18,12.32,2066200,DNSE
NKG,1D,2026-04-08 09:00:00,12.77,12.86,12.55,12.86,5511300,DNSE
NKG,1D,2026-04-09 09:00:00,12.77,13.32,12.64,13.09,7533600,DNSE
NKG,1D,2026-04-10 09:00:00,13.27,13.32,12.95,12.95,3256000,DNSE
NKG,1D,2026-04-13 09:00:00,12.73,13.09,12.73,12.82,3459100,DNSE
NKG,1D,2026-04-14 09:00:00,13.05,13.68,12.86,13.68,13074700,DNSE
NKG,1D,2026-04-15 09:00:00,13.86,13.95,13.41,13.45,7230800,DNSE
NKG,1D,2026-04-16 09:00:00,13.5,13.59,13.18,13.45,6900500,DNSE
NKG,1D,2026-04-17 09:00:00,13.45,13.5,13.32,13.36,3883000,DNSE
NKG,1D,2026-04-20 09:00:00,13.45,13.73,13.36,13.41,3601200,DNSE
NKG,1D,2026-04-21 09:00:00,13.64,13.82,13.18,13.18,10303600,DNSE
NKG,1D,2026-04-22 09:00:00,13.32,13.32,13.14,13.18,3161900,DNSE
NKG,1D,2026-04-23 09:00:00,13.18,13.27,12.91,13.18,5113500,DNSE
NKG,1D,2026-04-24 09:00:00,13.18,13.27,13.0,13.14,2829500,DNSE
NKG,1D,2026-04-28 09:00:00,13.09,13.23,13.0,13.0,2966500,DNSE
NKG,1D,2026-04-29 09:00:00,13.0,13.14,12.95,13.05,2679300,DNSE
NKG,1D,2026-05-04 09:00:00,13.09,13.32,13.05,13.09,2310900,DNSE
NKG,1D,2026-05-05 09:00:00,13.09,13.09,12.77,12.77,2916700,DNSE
NKG,1D,2026-05-06 09:00:00,12.82,13.05,12.64,13.05,2932100,DNSE
NKG,1D,2026-05-07 09:00:00,13.18,13.23,12.91,13.0,2535700,DNSE
NKG,1D,2026-05-08 09:00:00,12.95,13.0,12.82,12.86,1983300,DNSE
NKG,1D,2026-05-11 09:00:00,12.82,12.95,12.55,12.55,5456100,DNSE
NKG,1D,2026-05-12 09:00:00,12.5,12.68,12.5,12.59,2640800,DNSE
NKG,1D,2026-05-13 09:00:00,12.64,12.68,12.5,12.68,2027000,DNSE
NKG,1D,2026-05-14 09:00:00,12.68,12.86,12.64,12.64,1904300,DNSE
NKG,1D,2026-05-15 09:00:00,12.59,12.73,12.55,12.55,1932800,DNSE
NKG,1D,2026-05-18 09:00:00,12.5,12.64,12.45,12.45,1431100,DNSE
NKG,1D,2026-05-19 09:00:00,12.55,12.59,12.45,12.45,1585800,DNSE
NKG,1D,2026-05-20 09:00:00,12.45,12.59,11.95,12.32,3106500,DNSE
NKG,1D,2026-05-21 09:00:00,12.32,12.68,12.32,12.45,2419600,DNSE
NKG,1D,2026-05-22 09:00:00,12.59,13.0,12.45,12.64,4069000,DNSE
NKG,1D,2026-05-25 09:00:00,12.68,12.82,12.55,12.59,1288500,DNSE
NKG,1D,2026-05-26 09:00:00,12.59,12.91,12.55,12.77,3043500,DNSE
NKG,1D,2026-05-27 09:00:00,12.91,12.91,12.68,12.68,3376600,DNSE
NKG,1D,2026-05-28 09:00:00,12.77,12.77,12.45,12.45,1724000,DNSE
NKG,1D,2026-05-29 09:00:00,12.45,12.59,12.36,12.41,1265300,DNSE
NKG,1D,2026-06-01 09:00:00,12.45,12.5,12.36,12.41,1171400,DNSE
NKG,1D,2026-06-02 09:00:00,12.36,12.45,12.23,12.36,1965400,DNSE
NKG,1D,2026-06-03 09:00:00,12.27,12.45,12.23,12.41,1499600,DNSE
NKG,1D,2026-06-04 09:00:00,12.32,12.45,12.27,12.32,822400,DNSE
NKG,1D,2026-06-05 09:00:00,12.32,12.45,12.27,12.36,1227000,DNSE
NKG,1D,2026-06-08 09:00:00,12.23,12.23,12.0,12.05,1546600,DNSE
NKG,1D,2026-06-09 09:00:00,12.0,12.23,12.0,12.05,896700,DNSE
NKG,1D,2026-06-10 09:00:00,12.05,12.23,12.05,12.14,1019500,DNSE
NKG,1D,2026-06-11 09:00:00,12.05,12.23,12.05,12.09,988600,DNSE
NKG,1D,2026-06-12 09:00:00,12.18,12.23,12.09,12.09,1029900,DNSE
NKG,1D,2026-06-15 09:00:00,12.27,12.5,12.18,12.45,2316300,DNSE
NKG,1D,2026-06-16 09:00:00,12.36,12.55,12.27,12.5,3591500,DNSE
NKG,1D,2026-06-17 09:00:00,12.7,12.75,12.5,12.55,1481500,DNSE
NKG,1D,2026-06-18 09:00:00,12.55,12.6,12.45,12.45,923400,DNSE
NKG,1D,2026-06-19 09:00:00,12.5,12.5,12.2,12.2,2008800,DNSE
NKG,1D,2026-06-22 09:00:00,12.3,12.35,12.15,12.15,1220000,DNSE
NKG,1D,2026-06-23 09:00:00,12.15,12.25,11.95,11.95,1828100,DNSE
NKG,1D,2026-06-24 09:00:00,11.95,12.0,11.7,11.85,1895100,DNSE
NKG,1D,2026-06-25 09:00:00,11.85,11.95,11.85,11.85,1017900,DNSE
NKG,1D,2026-06-26 09:00:00,11.65,11.95,11.65,11.8,833100,DNSE
NKG,1D,2026-06-29 09:00:00,11.8,12.05,11.8,12.0,1093200,DNSE
NKG,1D,2026-06-30 09:00:00,12.25,12.25,12.0,12.0,1072000,DNSE
NKG,1D,2026-07-01 09:00:00,12.0,12.1,11.95,12.05,830500,DNSE
NKG,1D,2026-07-02 09:00:00,12.05,12.1,11.9,11.9,698200,DNSE
NKG,1D,2026-07-03 09:00:00,11.9,12.1,11.85,12.0,1229000,DNSE
NKG,1D,2026-07-06 09:00:00,12.05,12.3,11.7,12.1,2047300,DNSE
NKG,1D,2026-07-07 09:00:00,12.1,12.15,11.9,12.0,780700,DNSE
NKG,1D,2026-07-08 09:00:00,11.95,12.15,11.95,12.1,1611200,DNSE
NKG,1D,2026-07-09 09:00:00,12.05,12.15,11.95,11.95,1135300,DNSE
NKG,1D,2026-07-10 09:00:00,12.0,12.05,11.8,11.95,1429400,DNSE
NKG,1D,2026-07-13 09:00:00,11.9,11.9,11.55,11.7,1968500,DNSE
NKG,1D,2026-07-14 09:00:00,11.5,11.85,11.5,11.8,1306500,DNSE
NKG,1D,2026-07-15 09:00:00,11.9,11.9,11.65,11.8,1075000,DNSE
NKG,1D,2026-07-16 09:00:00,11.55,11.75,11.4,11.55,1567800,DNSE
NKG,1D,2026-07-17 09:00:00,11.5,11.55,11.1,11.15,1258500,DNSE
NKG,1D,2026-07-20 09:00:00,10.8,11.1,10.4,10.4,3189300,DNSE
NKG,1D,2026-07-21 09:00:00,10.0,10.75,10.0,10.5,2198800,DNSE
NKG,1D,2026-07-22 09:00:00,10.5,10.7,10.35,10.5,2274900,DNSE
NKG,1D,2026-07-23 09:00:00,10.4,10.85,10.3,10.6,2589300,DNSE
NKG,1D,2026-07-24 09:00:00,10.5,10.75,10.5,10.5,1633500,DNSE
NKG,1D,2026-07-27 09:00:00,10.5,10.7,10.4,10.4,1920000,DNSE
NKG,1D,2026-07-28 09:00:00,10.4,10.75,10.25,10.65,1803200,DNSE
NKG,1D,2026-07-29 09:00:00,10.65,11.0,10.65,10.9,1872200,DNSE
NKG,1D,2026-07-30 09:00:00,11.0,11.15,10.85,11.1,1998100,DNSE
NKG,1D,2026-07-31 09:00:00,11.15,11.15,10.8,10.95,1521500,DNSE
NKG,1D,2026-08-03 09:00:00,10.9,11.3,10.9,11.25,2181300,DNSE
NKG,1D,2026-08-04 09:00:00,11.2,11.25,11.0,11.05,1319700,DNSE
NKG,1D,2026-08-05 09:00:00,11.2,11.25,11.05,11.1,1839600,DNSE
NKG,1D,2026-08-06 09:00:00,11.2,11.2,10.95,11.0,1399200,DNSE
NKG,1D,2026-08-07 09:00:00,10.95,11.15,10.95,11.05,1395100,DNSE
NKG,1D,2026-08-10 09:00:00,11.05,11.2,11.05,11.2,3120000,DNSE
NKG,1D,2026-08-11 09:00:00,11.25,11.4,11.15,11.2,1567800,DNSE
NKG,1D,2026-08-12 09:00:00,11.2,11.3,11.1,11.2,2271700,DNSE
NKG,1D,2026-08-13 09:00:00,11.2,11.3,10.9,11.05,2161000,DNSE
NKG,1D,2026-08-14 09:00:00,11.0,11.1,10.75,10.8,2027200,DNSE
NKG,1D,2026-08-17 09:00:00,10.75,10.9,10.75,10.8,755700,DNSE
NKG,1D,2026-08-18 09:00:00,10.85,10.95,10.6,10.6,1139200,DNSE
NKG,1D,2026-08-19 09:00:00,10.7,10.75,10.45,10.55,1090900,DNSE
NKG,1D,2026-08-20 09:00:00,10.55,10.7,10.5,10.6,553600,DNSE
NKG,1D,2026-08-21 09:00:00,10.6,10.95,10.5,10.9,1544500,DNSE
NKG,1D,2026-08-24 09:00:00,11.1,11.2,10.95,11.2,2103100,DNSE
NKG,1D,2026-08-25 09:00:00,11.15,11.25,11.0,11.0,1411700,DNSE
NKG,1D,2026-08-26 09:00:00,11.0,11.15,10.95,11.05,1537500,DNSE
NKG,1D,2026-08-27 09:00:00,11.2,11.25,11.0,11.0,1502100,DNSE
NKG,1D,2026-08-28 09:00:00,11.05,11.1,10.9,10.95,1292100,DNSE
NKG,1D,2026-09-03 09:00:00,10.95,10.95,10.75,10.8,1301200,DNSE
NKG,1D,2026-09-04 09:00:00,10.8,10.95,10.7,10.75,1379200,DNSE
NKG,1D,2026-09-07 09:00:00,10.85,10.9,10.65,10.7,1282500,DNSE
NKG,1D,2026-09-08 09:00:00,10.7,10.8,10.65,10.75,805100,DNSE
NKG,1D,2026-09-09 09:00:00,10.7,10.8,10.6,10.75,1178100,DNSE
NKG,1D,2026-09-10 09:00:00,10.7,10.7,10.6,10.65,673400,DNSE
NKG,1D,2026-09-11 09:00:00,10.55,10.6,10.1,10.2,2538200,DNSE
NKG,1D,2026-09-14 09:00:00,10.2,10.3,9.98,10.1,2279800,DNSE
NKG,1D,2026-09-15 09:00:00,10.0,10.3,10.0,10.1,2210900,DNSE
NKG,1D,2026-09-16 09:00:00,9.92,10.2,9.92,9.98,1466100,DNSE
NKG,1D,2026-09-17 09:00:00,9.96,10.25,9.96,10.0,1479100,DNSE
NKG,1D,2026-09-18 09:00:00,10.1,10.15,9.89,9.89,2189100,DNSE
NLG,1D,2025-10-01 09:00:00,36.55,36.55,35.96,36.09,1426600,DNSE
NLG,1D,2025-10-02 09:00:00,36.27,36.41,35.06,35.06,2045500,DNSE
NLG,1D,2025-10-03 09:00:00,34.98,34.98,33.4,33.57,4310000,DNSE
NLG,1D,2025-10-06 09:00:00,33.67,35.52,33.67,35.52,1425100,DNSE
NLG,1D,2025-10-07 09:00:00,35.92,35.92,35.29,35.33,1490000,DNSE
NLG,1D,2025-10-08 09:00:00,35.78,35.78,34.56,34.98,2968100,DNSE
NLG,1D,2025-10-09 09:00:00,35.06,35.15,34.11,35.15,4710700,DNSE
NLG,1D,2025-10-10 09:00:00,35.29,36.32,35.24,36.27,4269900,DNSE
NLG,1D,2025-10-13 09:00:00,35.52,36.81,35.52,36.68,4235700,DNSE
NLG,1D,2025-10-14 09:00:00,36.95,36.95,35.64,35.64,4086800,DNSE
NLG,1D,2025-10-15 09:00:00,35.64,35.78,34.48,35.33,5838100,DNSE
NLG,1D,2025-10-16 09:00:00,35.55,37.8,35.52,37.8,13635800,DNSE
NLG,1D,2025-10-17 09:00:00,39.29,39.34,37.82,37.92,4819800,DNSE
NLG,1D,2025-10-20 09:00:00,37.92,38.16,35.27,35.27,5136400,DNSE
NLG,1D,2025-10-21 09:00:00,35.32,36.3,33.95,36.06,4785800,DNSE
NLG,1D,2025-10-22 09:00:00,35.86,36.79,35.56,36.79,2512000,DNSE
NLG,1D,2025-10-23 09:00:00,36.89,37.77,36.74,36.99,2203000,DNSE
NLG,1D,2025-10-24 09:00:00,36.99,37.53,36.55,36.99,2770600,DNSE
NLG,1D,2025-10-27 09:00:00,37.28,37.28,35.91,36.1,1761500,DNSE
NLG,1D,2025-10-28 09:00:00,35.61,35.96,34.34,35.96,3341400,DNSE
NLG,1D,2025-10-29 09:00:00,35.96,37.72,35.91,37.72,3907100,DNSE
NLG,1D,2025-10-30 09:00:00,37.82,39.15,37.72,39.15,4736300,DNSE
NLG,1D,2025-10-31 09:00:00,38.95,39.39,38.26,39.0,3599600,DNSE
NLG,1D,2025-11-03 09:00:00,38.95,39.0,36.3,36.3,2419600,DNSE
NLG,1D,2025-11-04 09:00:00,35.91,38.02,34.53,37.48,2733300,DNSE
NLG,1D,2025-11-05 09:00:00,36.99,37.72,36.89,36.89,996300,DNSE
NLG,1D,2025-11-06 09:00:00,36.89,37.28,36.45,37.23,1321700,DNSE
NLG,1D,2025-11-07 09:00:00,37.38,37.43,35.76,36.94,1358000,DNSE
NLG,1D,2025-11-10 09:00:00,36.45,36.45,35.12,35.81,1598000,DNSE
NLG,1D,2025-11-11 09:00:00,35.81,36.06,34.88,35.66,1639800,DNSE
NLG,1D,2025-11-12 09:00:00,35.52,36.4,35.52,36.1,1259500,DNSE
NLG,1D,2025-11-13 09:00:00,36.1,36.55,35.81,35.81,1421500,DNSE
NLG,1D,2025-11-14 09:00:00,35.47,36.84,35.47,36.5,1883900,DNSE
NLG,1D,2025-11-17 09:00:00,36.69,37.38,36.5,37.18,2754500,DNSE
NLG,1D,2025-11-18 09:00:00,37.18,37.28,36.45,36.79,2009200,DNSE
NLG,1D,2025-11-19 09:00:00,37.04,37.04,35.32,35.61,3329800,DNSE
NLG,1D,2025-11-20 09:00:00,35.71,35.96,34.58,34.68,4088700,DNSE
NLG,1D,2025-11-21 09:00:00,34.73,35.52,34.63,35.27,1653300,DNSE
NLG,1D,2025-11-24 09:00:00,35.03,35.47,35.03,35.17,652900,DNSE
NLG,1D,2025-11-25 09:00:00,35.12,35.61,34.34,34.34,2632200,DNSE
NLG,1D,2025-11-26 09:00:00,34.78,35.47,34.63,35.47,1311100,DNSE
NLG,1D,2025-11-27 09:00:00,35.47,35.66,34.98,35.03,603800,DNSE
NLG,1D,2025-11-28 09:00:00,35.03,35.27,34.78,35.27,963800,DNSE
NLG,1D,2025-12-01 09:00:00,35.32,35.47,34.93,34.98,518500,DNSE
NLG,1D,2025-12-02 09:00:00,34.93,34.98,34.14,34.53,1936700,DNSE
NLG,1D,2025-12-03 09:00:00,34.83,35.42,34.58,35.42,926900,DNSE
NLG,1D,2025-12-04 09:00:00,35.42,35.76,35.32,35.42,1782800,DNSE
NLG,1D,2025-12-05 09:00:00,35.42,35.42,34.83,34.93,867500,DNSE
NLG,1D,2025-12-08 09:00:00,35.03,35.22,34.34,35.17,1427700,DNSE
NLG,1D,2025-12-09 09:00:00,34.93,35.22,34.19,34.58,1702800,DNSE
NLG,1D,2025-12-10 09:00:00,34.58,34.88,34.14,34.19,1038600,DNSE
NLG,1D,2025-12-11 09:00:00,34.34,34.58,34.09,34.14,485000,DNSE
NLG,1D,2025-12-12 09:00:00,34.34,34.34,31.79,32.28,2057100,DNSE
NLG,1D,2025-12-15 09:00:00,32.28,32.67,30.22,30.61,2670700,DNSE
NLG,1D,2025-12-16 09:00:00,30.51,31.89,29.43,31.59,3732200,DNSE
NLG,1D,2025-12-17 09:00:00,31.2,31.49,30.61,30.66,1478900,DNSE
NLG,1D,2025-12-18 09:00:00,30.66,31.59,30.12,30.81,1704500,DNSE
NLG,1D,2025-12-19 09:00:00,30.95,31.35,30.9,31.1,1007600,DNSE
NLG,1D,2025-12-22 09:00:00,31.49,32.28,31.2,32.03,2153900,DNSE
NLG,1D,2025-12-23 09:00:00,32.03,32.03,31.3,31.3,1729500,DNSE
NLG,1D,2025-12-24 09:00:00,31.3,31.79,30.76,30.9,1935900,DNSE
NLG,1D,2025-12-25 09:00:00,30.9,31.35,30.41,30.41,1451800,DNSE
NLG,1D,2025-12-26 09:00:00,30.46,30.61,29.19,29.53,3345900,DNSE
NLG,1D,2025-12-29 09:00:00,29.58,30.61,29.58,30.27,1736000,DNSE
NLG,1D,2025-12-30 09:00:00,30.36,30.86,29.97,30.02,1157900,DNSE
NLG,1D,2025-12-31 09:00:00,30.32,30.32,29.87,29.87,1098900,DNSE
NLG,1D,2026-01-05 09:00:00,30.12,30.56,29.68,30.46,2143900,DNSE
NLG,1D,2026-01-06 09:00:00,30.27,30.46,29.68,29.92,1492200,DNSE
NLG,1D,2026-01-07 09:00:00,30.12,30.22,29.78,30.07,2017100,DNSE
NLG,1D,2026-01-08 09:00:00,30.12,30.81,29.97,30.41,4108700,DNSE
NLG,1D,2026-01-09 09:00:00,30.61,30.61,28.6,28.6,5587600,DNSE
NLG,1D,2026-01-12 09:00:00,28.65,29.92,28.16,29.43,4658700,DNSE
NLG,1D,2026-01-13 09:00:00,30.61,30.61,29.92,30.36,3061400,DNSE
NLG,1D,2026-01-14 09:00:00,30.32,31.1,29.87,30.41,6048100,DNSE
NLG,1D,2026-01-15 09:00:00,30.41,31.2,30.02,30.61,4104200,DNSE
NLG,1D,2026-01-16 09:00:00,30.61,31.1,30.07,30.07,2874900,DNSE
NLG,1D,2026-01-19 09:00:00,30.07,30.17,29.53,29.53,2939000,DNSE
NLG,1D,2026-01-20 09:00:00,29.58,30.12,29.43,30.02,2366600,DNSE
NLG,1D,2026-01-21 09:00:00,30.12,30.46,29.04,29.24,3485800,DNSE
NLG,1D,2026-01-22 09:00:00,29.43,30.9,28.7,30.22,5521400,DNSE
NLG,1D,2026-01-23 09:00:00,30.22,30.36,29.14,29.14,2793800,DNSE
NLG,1D,2026-01-26 09:00:00,29.14,29.43,28.6,28.8,2229300,DNSE
NLG,1D,2026-01-27 09:00:00,28.7,28.84,27.47,27.52,4560200,DNSE
NLG,1D,2026-01-28 09:00:00,27.47,28.6,27.08,28.45,3461400,DNSE
NLG,1D,2026-01-29 09:00:00,28.45,28.8,27.72,27.91,2161600,DNSE
NLG,1D,2026-01-30 09:00:00,28.35,28.89,28.11,28.89,3032700,DNSE
NLG,1D,2026-02-02 09:00:00,28.89,28.89,27.67,28.21,2752600,DNSE
NLG,1D,2026-02-03 09:00:00,28.11,28.5,27.96,28.01,1971700,DNSE
NLG,1D,2026-02-04 09:00:00,28.11,28.3,27.72,28.06,3493300,DNSE
NLG,1D,2026-02-05 09:00:00,28.06,28.5,28.01,28.06,1696500,DNSE
NLG,1D,2026-02-06 09:00:00,27.62,27.72,26.54,26.54,4873200,DNSE
NLG,1D,2026-02-09 09:00:00,26.88,27.03,26.34,26.88,2589000,DNSE
NLG,1D,2026-02-10 09:00:00,26.88,27.27,26.78,26.98,1663700,DNSE
NLG,1D,2026-02-11 09:00:00,27.03,28.45,27.03,28.35,3632400,DNSE
NLG,1D,2026-02-12 09:00:00,28.26,29.24,28.11,29.14,4216700,DNSE
NLG,1D,2026-02-13 09:00:00,28.94,28.94,28.45,28.45,2292000,DNSE
NLG,1D,2026-02-23 09:00:00,28.45,28.45,27.86,28.21,2474500,DNSE
NLG,1D,2026-02-24 09:00:00,27.96,28.5,27.96,28.11,1772100,DNSE
NLG,1D,2026-02-25 09:00:00,28.11,28.3,27.47,27.52,3606300,DNSE
NLG,1D,2026-02-26 09:00:00,27.86,27.91,27.47,27.81,1847800,DNSE
NLG,1D,2026-02-27 09:00:00,27.86,27.86,27.23,27.32,2446000,DNSE
NLG,1D,2026-03-02 09:00:00,26.54,26.93,25.95,25.95,7174500,DNSE
NLG,1D,2026-03-03 09:00:00,25.95,26.24,25.21,25.46,5548500,DNSE
NLG,1D,2026-03-04 09:00:00,25.46,25.8,24.04,25.21,6702900,DNSE
NLG,1D,2026-03-05 09:00:00,25.66,26.29,25.02,25.12,3415600,DNSE
NLG,1D,2026-03-06 09:00:00,25.41,26.05,25.12,25.51,4071600,DNSE
NLG,1D,2026-03-09 09:00:00,23.84,24.38,23.74,23.74,4488500,DNSE
NLG,1D,2026-03-10 09:00:00,24.28,25.36,24.18,25.36,6163300,DNSE
NLG,1D,2026-03-11 09:00:00,25.51,26.54,25.41,26.34,6067800,DNSE
NLG,1D,2026-03-12 09:00:00,25.85,26.64,25.56,26.39,3474300,DNSE
NLG,1D,2026-03-13 09:00:00,26.29,26.98,25.9,25.9,4883400,DNSE
NLG,1D,2026-03-16 09:00:00,26.29,27.67,26.05,27.47,6066500,DNSE
NLG,1D,2026-03-17 09:00:00,27.62,27.81,27.27,27.27,3103600,DNSE
NLG,1D,2026-03-18 09:00:00,27.18,27.62,26.49,27.18,2755200,DNSE
NLG,1D,2026-03-19 09:00:00,26.54,27.86,26.49,27.47,4290900,DNSE
NLG,1D,2026-03-20 09:00:00,27.57,27.57,27.03,27.18,2169900,DNSE
NLG,1D,2026-03-23 09:00:00,26.88,27.08,25.85,25.9,3834200,DNSE
NLG,1D,2026-03-24 09:00:00,26.54,27.67,26.39,27.67,4817700,DNSE
NLG,1D,2026-03-25 09:00:00,28.06,29.09,27.77,28.75,6216100,DNSE
NLG,1D,2026-03-26 09:00:00,28.99,28.99,27.86,27.86,4304500,DNSE
NLG,1D,2026-03-27 09:00:00,27.77,28.89,27.77,28.8,5347500,DNSE
NLG,1D,2026-03-30 09:00:00,28.16,28.7,27.91,28.21,3325900,DNSE
NLG,1D,2026-03-31 09:00:00,28.65,28.94,28.06,28.45,2992800,DNSE
NLG,1D,2026-04-01 09:00:00,28.94,29.78,28.7,29.29,5707400,DNSE
NLG,1D,2026-04-02 09:00:00,28.84,28.94,28.01,28.94,4351800,DNSE
NLG,1D,2026-04-03 09:00:00,28.75,29.09,27.57,27.57,5106200,DNSE
NLG,1D,2026-04-06 09:00:00,27.57,28.11,27.08,27.18,3211100,DNSE
NLG,1D,2026-04-07 09:00:00,27.18,27.72,26.64,27.18,2050800,DNSE
NLG,1D,2026-04-08 09:00:00,28.26,29.04,27.81,28.8,4280700,DNSE
NLG,1D,2026-04-09 09:00:00,28.5,29.63,28.3,28.84,4602000,DNSE
NLG,1D,2026-04-10 09:00:00,29.24,29.53,28.45,28.65,2488000,DNSE
NLG,1D,2026-04-13 09:00:00,28.45,29.09,28.3,28.75,2405000,DNSE
NLG,1D,2026-04-14 09:00:00,29.14,29.14,28.26,28.6,2577100,DNSE
NLG,1D,2026-04-15 09:00:00,28.65,29.04,28.4,28.4,3431500,DNSE
NLG,1D,2026-04-16 09:00:00,28.4,28.4,27.57,28.21,3440600,DNSE
NLG,1D,2026-04-17 09:00:00,28.26,28.4,27.91,28.01,1290500,DNSE
NLG,1D,2026-04-20 09:00:00,28.01,28.6,27.86,28.01,1634300,DNSE
NLG,1D,2026-04-21 09:00:00,28.11,28.4,27.62,27.62,1813900,DNSE
NLG,1D,2026-04-22 09:00:00,27.57,27.96,27.57,27.91,993600,DNSE
NLG,1D,2026-04-23 09:00:00,27.77,28.01,26.88,27.42,2885500,DNSE
NLG,1D,2026-04-24 09:00:00,27.47,27.47,26.83,27.13,2196200,DNSE
NLG,1D,2026-04-28 09:00:00,27.18,27.62,26.83,27.03,1015700,DNSE
NLG,1D,2026-04-29 09:00:00,26.83,27.62,26.83,27.23,1954500,DNSE
NLG,1D,2026-05-04 09:00:00,27.72,27.86,27.27,27.27,1109900,DNSE
NLG,1D,2026-05-05 09:00:00,27.32,27.72,26.49,26.49,3578700,DNSE
NLG,1D,2026-05-06 09:00:00,26.73,26.98,26.34,26.73,2316500,DNSE
NLG,1D,2026-05-07 09:00:00,27.23,27.32,26.29,26.49,3875300,DNSE
NLG,1D,2026-05-08 09:00:00,26.64,26.64,25.8,26.0,3100700,DNSE
NLG,1D,2026-05-11 09:00:00,26.1,26.49,25.7,25.9,1732800,DNSE
NLG,1D,2026-05-12 09:00:00,25.9,26.44,25.9,26.29,2199800,DNSE
NLG,1D,2026-05-13 09:00:00,26.29,26.34,25.61,25.8,2239000,DNSE
NLG,1D,2026-05-14 09:00:00,25.9,26.49,25.8,26.44,1752600,DNSE
NLG,1D,2026-05-15 09:00:00,26.49,26.49,25.9,26.0,1799500,DNSE
NLG,1D,2026-05-18 09:00:00,26.05,26.05,25.66,25.7,1958000,DNSE
NLG,1D,2026-05-19 09:00:00,25.9,26.15,25.66,25.66,1303600,DNSE
NLG,1D,2026-05-20 09:00:00,25.8,25.85,24.04,25.17,3146000,DNSE
NLG,1D,2026-05-21 09:00:00,25.21,25.41,24.72,24.77,1806000,DNSE
NLG,1D,2026-05-22 09:00:00,24.92,25.36,24.58,25.02,1772800,DNSE
NLG,1D,2026-05-25 09:00:00,25.12,26.2,25.12,25.66,1928200,DNSE
NLG,1D,2026-05-26 09:00:00,25.75,26.24,25.61,26.1,1638000,DNSE
NLG,1D,2026-05-27 09:00:00,26.1,26.2,25.75,25.9,1228800,DNSE
NLG,1D,2026-05-28 09:00:00,25.75,26.29,25.66,26.05,1462600,DNSE
NLG,1D,2026-05-29 09:00:00,26.05,26.15,25.75,25.9,1247800,DNSE
NLG,1D,2026-06-01 09:00:00,26.0,26.59,25.95,26.24,2085300,DNSE
NLG,1D,2026-06-02 09:00:00,26.39,26.39,25.46,25.56,1639300,DNSE
NLG,1D,2026-06-03 09:00:00,25.56,26.15,25.56,26.0,934600,DNSE
NLG,1D,2026-06-04 09:00:00,26.0,26.15,25.61,25.75,713500,DNSE
NLG,1D,2026-06-05 09:00:00,25.75,25.75,25.36,25.46,956300,DNSE
NLG,1D,2026-06-08 09:00:00,25.21,25.51,25.07,25.17,878200,DNSE
NLG,1D,2026-06-09 09:00:00,25.36,25.46,25.02,25.31,556400,DNSE
NLG,1D,2026-06-10 09:00:00,25.31,26.83,25.26,26.24,2544800,DNSE
NLG,1D,2026-06-11 09:00:00,26.24,26.29,25.9,25.95,675600,DNSE
NLG,1D,2026-06-12 09:00:00,26.3,26.35,25.4,25.4,1677200,DNSE
NLG,1D,2026-06-15 09:00:00,25.5,26.25,25.5,26.25,1418700,DNSE
NLG,1D,2026-06-16 09:00:00,26.45,28.05,26.4,28.0,8740700,DNSE
NLG,1D,2026-06-17 09:00:00,28.15,28.2,27.5,27.65,2244800,DNSE
NLG,1D,2026-06-18 09:00:00,27.9,27.9,27.05,27.05,2322900,DNSE
NLG,1D,2026-06-19 09:00:00,27.15,27.65,26.65,27.05,2328700,DNSE
NLG,1D,2026-06-22 09:00:00,26.8,27.1,26.55,26.6,1824800,DNSE
NLG,1D,2026-06-23 09:00:00,26.6,26.8,25.7,25.7,2707200,DNSE
NLG,1D,2026-06-24 09:00:00,25.85,26.05,25.25,25.5,2554800,DNSE
NLG,1D,2026-06-25 09:00:00,25.5,25.75,25.35,25.45,1388600,DNSE
NLG,1D,2026-06-26 09:00:00,25.45,26.7,25.45,26.45,4580200,DNSE
NLG,1D,2026-06-29 09:00:00,26.45,26.55,26.2,26.4,970600,DNSE
NLG,1D,2026-06-30 09:00:00,26.5,26.65,26.15,26.15,1501600,DNSE
NLG,1D,2026-07-01 09:00:00,26.25,26.7,26.15,26.7,1624400,DNSE
NLG,1D,2026-07-02 09:00:00,26.75,26.8,26.25,26.3,1160800,DNSE
NLG,1D,2026-07-03 09:00:00,26.3,26.3,25.8,25.8,1574700,DNSE
NLG,1D,2026-07-06 09:00:00,25.8,26.05,24.75,25.45,2549200,DNSE
NLG,1D,2026-07-07 09:00:00,25.45,25.8,25.0,25.65,1537900,DNSE
NLG,1D,2026-07-08 09:00:00,25.65,26.15,25.5,25.8,1662300,DNSE
NLG,1D,2026-07-09 09:00:00,25.7,25.75,25.4,25.4,865100,DNSE
NLG,1D,2026-07-10 09:00:00,25.25,25.65,24.8,25.0,1561500,DNSE
NLG,1D,2026-07-13 09:00:00,24.95,25.5,24.8,25.35,1766500,DNSE
NLG,1D,2026-07-14 09:00:00,25.35,25.65,25.0,25.3,1394000,DNSE
NLG,1D,2026-07-15 09:00:00,25.3,25.5,24.9,24.9,1579800,DNSE
NLG,1D,2026-07-16 09:00:00,24.95,25.05,24.1,24.8,2010200,DNSE
NLG,1D,2026-07-17 09:00:00,24.8,25.5,24.55,24.85,1370000,DNSE
NLG,1D,2026-07-20 09:00:00,24.75,25.0,23.7,23.7,1858200,DNSE
NLG,1D,2026-07-21 09:00:00,23.8,24.15,23.3,23.3,1206500,DNSE
NLG,1D,2026-07-22 09:00:00,23.3,23.7,22.55,22.65,2005700,DNSE
NLG,1D,2026-07-23 09:00:00,22.35,22.95,21.35,21.8,2892600,DNSE
NLG,1D,2026-07-24 09:00:00,21.5,21.95,21.35,21.35,1422200,DNSE
NLG,1D,2026-07-27 09:00:00,21.2,21.7,20.0,20.0,2779500,DNSE
NLG,1D,2026-07-28 09:00:00,19.8,20.8,19.15,20.6,2768600,DNSE
NLG,1D,2026-07-29 09:00:00,20.85,20.9,20.4,20.7,1967600,DNSE
NLG,1D,2026-07-30 09:00:00,20.7,21.6,20.7,21.55,1524000,DNSE
NLG,1D,2026-07-31 09:00:00,21.65,22.2,21.5,22.2,4513200,DNSE
NLG,1D,2026-08-03 09:00:00,21.9,22.45,21.5,21.7,6985600,DNSE
NLG,1D,2026-08-04 09:00:00,22.0,22.0,21.75,21.85,2331000,DNSE
NLG,1D,2026-08-05 09:00:00,22.1,22.55,21.75,21.75,3505800,DNSE
NLG,1D,2026-08-06 09:00:00,21.75,21.9,21.55,21.8,2125400,DNSE
NLG,1D,2026-08-07 09:00:00,21.9,22.25,21.9,22.2,1403500,DNSE
NLG,1D,2026-08-10 09:00:00,22.45,22.75,22.2,22.6,1463200,DNSE
NLG,1D,2026-08-11 09:00:00,22.7,22.95,22.55,22.7,1673900,DNSE
NLG,1D,2026-08-12 09:00:00,22.9,23.05,22.65,22.65,1224200,DNSE
NLG,1D,2026-08-13 09:00:00,22.75,22.9,22.5,22.5,1572500,DNSE
NLG,1D,2026-08-14 09:00:00,22.5,23.65,22.45,22.8,3847300,DNSE
NLG,1D,2026-08-17 09:00:00,22.8,23.9,22.8,23.75,2256000,DNSE
NLG,1D,2026-08-18 09:00:00,23.55,23.9,23.5,23.5,1381900,DNSE
NLG,1D,2026-08-19 09:00:00,23.5,23.95,23.15,23.15,1905800,DNSE
NLG,1D,2026-08-20 09:00:00,23.15,23.8,23.1,23.45,2235700,DNSE
NLG,1D,2026-08-21 09:00:00,23.45,24.25,23.45,24.0,3392700,DNSE
NLG,1D,2026-08-24 09:00:00,24.05,24.65,24.0,24.5,1845400,DNSE
NLG,1D,2026-08-25 09:00:00,24.5,24.55,24.0,24.0,2846200,DNSE
NLG,1D,2026-08-26 09:00:00,24.05,24.6,24.05,24.5,1457200,DNSE
NLG,1D,2026-08-27 09:00:00,24.5,25.0,24.4,24.4,1571000,DNSE
NLG,1D,2026-08-28 09:00:00,24.5,24.85,24.3,24.3,1093700,DNSE
NLG,1D,2026-09-03 09:00:00,24.45,24.8,24.35,24.6,2873000,DNSE
NLG,1D,2026-09-04 09:00:00,24.85,25.7,24.7,25.7,3330100,DNSE
NLG,1D,2026-09-07 09:00:00,25.6,25.95,25.15,25.5,2319000,DNSE
NLG,1D,2026-09-08 09:00:00,25.3,25.5,24.6,25.0,3372100,DNSE
NLG,1D,2026-09-09 09:00:00,25.2,25.45,24.8,25.25,1582300,DNSE
NLG,1D,2026-09-10 09:00:00,24.85,25.25,24.75,24.8,1145200,DNSE
NLG,1D,2026-09-11 09:00:00,24.6,24.9,24.0,24.7,3623400,DNSE
NLG,1D,2026-09-14 09:00:00,24.2,24.5,23.75,23.75,2910900,DNSE
NLG,1D,2026-09-15 09:00:00,23.7,24.1,23.7,23.85,1384800,DNSE
NLG,1D,2026-09-16 09:00:00,23.85,24.0,23.5,23.7,807600,DNSE
NLG,1D,2026-09-17 09:00:00,23.5,24.25,23.5,23.75,1491700,DNSE
NLG,1D,2026-09-18 09:00:00,23.95,24.3,23.95,24.1,978300,DNSE
PLX,1D,2025-10-01 09:00:00,33.02,33.26,32.97,32.97,696000,DNSE
PLX,1D,2025-10-02 09:00:00,32.97,33.16,32.82,32.82,1039500,DNSE
PLX,1D,2025-10-03 09:00:00,32.97,32.97,32.15,32.29,2004500,DNSE
PLX,1D,2025-10-06 09:00:00,32.82,32.97,32.53,32.97,921500,DNSE
PLX,1D,2025-10-07 09:00:00,33.11,33.16,32.73,32.73,891600,DNSE
PLX,1D,2025-10-08 09:00:00,33.11,33.21,32.73,32.78,1039400,DNSE
PLX,1D,2025-10-09 09:00:00,32.82,33.21,32.68,32.92,1216800,DNSE
PLX,1D,2025-10-10 09:00:00,32.97,33.07,32.78,32.87,1171100,DNSE
PLX,1D,2025-10-13 09:00:00,32.53,32.87,32.39,32.87,1238600,DNSE
PLX,1D,2025-10-14 09:00:00,32.87,33.11,32.34,32.44,1916500,DNSE
PLX,1D,2025-10-15 09:00:00,32.44,32.73,32.39,32.53,1660100,DNSE
PLX,1D,2025-10-16 09:00:00,32.53,32.73,32.24,32.53,1735700,DNSE
PLX,1D,2025-10-17 09:00:00,32.53,32.58,32.29,32.39,1940900,DNSE
PLX,1D,2025-10-20 09:00:00,32.34,32.34,31.38,31.57,2222300,DNSE
PLX,1D,2025-10-21 09:00:00,31.67,32.34,31.67,32.2,1522900,DNSE
PLX,1D,2025-10-22 09:00:00,32.34,33.31,32.24,33.07,2047700,DNSE
PLX,1D,2025-10-23 09:00:00,33.4,33.74,33.07,33.07,1270200,DNSE
PLX,1D,2025-10-24 09:00:00,33.6,33.64,33.07,33.11,1108600,DNSE
PLX,1D,2025-10-27 09:00:00,33.6,33.6,32.97,32.97,776900,DNSE
PLX,1D,2025-10-28 09:00:00,32.97,33.11,32.68,32.87,641700,DNSE
PLX,1D,2025-10-29 09:00:00,32.92,33.31,32.82,33.31,1345200,DNSE
PLX,1D,2025-10-30 09:00:00,33.4,33.6,33.21,33.36,793900,DNSE
PLX,1D,2025-10-31 09:00:00,33.36,34.27,33.36,33.36,2937600,DNSE
PLX,1D,2025-11-03 09:00:00,33.79,33.79,33.11,33.11,1161500,DNSE
PLX,1D,2025-11-04 09:00:00,33.02,33.31,32.58,33.02,1942900,DNSE
PLX,1D,2025-11-05 09:00:00,33.11,34.85,33.11,33.98,4302700,DNSE
PLX,1D,2025-11-06 09:00:00,34.08,34.18,33.5,33.55,2001900,DNSE
PLX,1D,2025-11-07 09:00:00,33.6,33.79,32.82,32.82,2556500,DNSE
PLX,1D,2025-11-10 09:00:00,32.97,33.21,32.73,32.73,1622400,DNSE
PLX,1D,2025-11-11 09:00:00,32.78,32.92,32.53,32.58,1320500,DNSE
PLX,1D,2025-11-12 09:00:00,32.82,32.87,32.58,32.87,1081700,DNSE
PLX,1D,2025-11-13 09:00:00,32.87,33.84,32.82,33.31,2597000,DNSE
PLX,1D,2025-11-14 09:00:00,33.36,33.64,33.21,33.31,1409500,DNSE
PLX,1D,2025-11-17 09:00:00,33.36,33.5,33.21,33.5,1654200,DNSE
PLX,1D,2025-11-18 09:00:00,33.45,33.89,33.36,33.36,2769100,DNSE
PLX,1D,2025-11-19 09:00:00,33.36,33.64,33.21,33.5,1997700,DNSE
PLX,1D,2025-11-20 09:00:00,33.55,33.64,33.11,33.21,1406200,DNSE
PLX,1D,2025-11-21 09:00:00,33.07,33.16,32.63,32.78,2146100,DNSE
PLX,1D,2025-11-24 09:00:00,32.73,32.92,32.58,32.68,806300,DNSE
PLX,1D,2025-11-25 09:00:00,32.68,32.78,32.29,32.34,1547200,DNSE
PLX,1D,2025-11-26 09:00:00,32.39,32.87,32.39,32.68,592900,DNSE
PLX,1D,2025-11-27 09:00:00,32.68,32.92,32.53,32.82,684000,DNSE
PLX,1D,2025-11-28 09:00:00,32.82,32.87,32.53,32.73,913400,DNSE
PLX,1D,2025-12-01 09:00:00,32.73,33.31,32.73,33.26,1418900,DNSE
PLX,1D,2025-12-02 09:00:00,33.21,33.69,33.02,33.64,1938700,DNSE
PLX,1D,2025-12-03 09:00:00,33.98,34.13,33.36,33.4,1597900,DNSE
PLX,1D,2025-12-04 09:00:00,33.6,33.89,33.36,33.74,1749600,DNSE
PLX,1D,2025-12-05 09:00:00,33.74,33.74,33.11,33.21,1113500,DNSE
PLX,1D,2025-12-08 09:00:00,33.26,35.04,33.21,34.8,3941600,DNSE
PLX,1D,2025-12-09 09:00:00,34.56,34.56,33.69,33.79,1603100,DNSE
PLX,1D,2025-12-10 09:00:00,33.89,33.89,33.31,33.4,1073800,DNSE
PLX,1D,2025-12-11 09:00:00,33.5,33.6,33.16,33.21,898200,DNSE
PLX,1D,2025-12-12 09:00:00,33.21,33.26,32.34,32.53,1618800,DNSE
PLX,1D,2025-12-15 09:00:00,32.68,32.73,32.44,32.73,629200,DNSE
PLX,1D,2025-12-16 09:00:00,32.82,33.36,32.15,33.21,1592700,DNSE
PLX,1D,2025-12-17 09:00:00,33.11,34.37,33.11,33.45,3253800,DNSE
PLX,1D,2025-12-18 09:00:00,33.64,33.93,33.4,33.6,935500,DNSE
PLX,1D,2025-12-19 09:00:00,33.6,33.98,33.45,33.64,1086500,DNSE
PLX,1D,2025-12-22 09:00:00,33.69,34.08,33.69,34.08,1460400,DNSE
PLX,1D,2025-12-23 09:00:00,34.22,34.85,33.69,34.37,3530800,DNSE
PLX,1D,2025-12-24 09:00:00,34.32,34.42,33.93,33.93,1058800,DNSE
PLX,1D,2025-12-25 09:00:00,34.22,34.66,33.84,33.84,1864700,DNSE
PLX,1D,2025-12-26 09:00:00,33.84,34.32,33.5,34.32,1963300,DNSE
PLX,1D,2025-12-29 09:00:00,34.47,35.72,34.37,35.24,5305400,DNSE
PLX,1D,2025-12-30 09:00:00,35.33,35.33,34.47,34.51,1525900,DNSE
PLX,1D,2025-12-31 09:00:00,34.71,35.04,34.08,34.08,1541000,DNSE
PLX,1D,2026-01-05 09:00:00,34.66,35.72,34.13,35.04,6072100,DNSE
PLX,1D,2026-01-06 09:00:00,35.09,37.46,35.04,37.41,13251500,DNSE
PLX,1D,2026-01-07 09:00:00,38.04,40.02,37.51,40.02,15146400,DNSE
PLX,1D,2026-01-08 09:00:00,42.48,42.48,38.62,40.06,12736300,DNSE
PLX,1D,2026-01-09 09:00:00,40.26,42.48,40.06,41.51,8135100,DNSE
PLX,1D,2026-01-12 09:00:00,42.48,43.97,40.11,40.93,9725000,DNSE
PLX,1D,2026-01-13 09:00:00,40.93,43.78,40.84,43.78,9964700,DNSE
PLX,1D,2026-01-14 09:00:00,45.95,46.82,45.37,46.82,15641100,DNSE
PLX,1D,2026-01-15 09:00:00,46.44,50.01,45.37,50.01,15407000,DNSE
PLX,1D,2026-01-16 09:00:00,50.2,53.48,48.27,50.2,14325800,DNSE
PLX,1D,2026-01-19 09:00:00,50.97,53.68,49.72,53.68,11820900,DNSE
PLX,1D,2026-01-20 09:00:00,56.38,57.35,55.51,56.96,11931600,DNSE
PLX,1D,2026-01-21 09:00:00,55.8,58.5,53.48,57.06,12501000,DNSE
PLX,1D,2026-01-22 09:00:00,57.93,59.08,54.35,54.55,9461200,DNSE
PLX,1D,2026-01-23 09:00:00,54.45,55.32,51.17,52.71,12328300,DNSE
PLX,1D,2026-01-26 09:00:00,52.42,56.38,52.33,55.03,14211800,DNSE
PLX,1D,2026-01-27 09:00:00,55.99,58.79,54.55,58.79,13432600,DNSE
PLX,1D,2026-01-28 09:00:00,61.01,62.56,55.22,56.86,15553600,DNSE
PLX,1D,2026-01-29 09:00:00,56.19,56.77,54.45,55.7,10120500,DNSE
PLX,1D,2026-01-30 09:00:00,56.38,57.44,55.7,56.86,6913800,DNSE
PLX,1D,2026-02-02 09:00:00,55.32,58.79,54.84,58.79,10121500,DNSE
PLX,1D,2026-02-03 09:00:00,58.41,60.53,57.44,57.93,8365200,DNSE
PLX,1D,2026-02-04 09:00:00,57.93,59.18,56.67,57.93,5519900,DNSE
PLX,1D,2026-02-05 09:00:00,57.93,58.6,55.41,55.41,7237200,DNSE
PLX,1D,2026-02-06 09:00:00,54.55,57.54,52.42,55.03,10233300,DNSE
PLX,1D,2026-02-09 09:00:00,55.51,56.19,54.55,55.32,2437900,DNSE
PLX,1D,2026-02-10 09:00:00,55.61,56.38,51.46,51.46,11387800,DNSE
PLX,1D,2026-02-11 09:00:00,50.2,51.75,48.75,49.91,7516800,DNSE
PLX,1D,2026-02-12 09:00:00,50.78,51.46,49.82,49.91,2640700,DNSE
PLX,1D,2026-02-13 09:00:00,49.82,50.88,48.95,50.2,3678600,DNSE
PLX,1D,2026-02-23 09:00:00,52.62,53.68,51.46,53.68,2808000,DNSE
PLX,1D,2026-02-24 09:00:00,55.51,56.48,54.74,55.7,9898400,DNSE
PLX,1D,2026-02-25 09:00:00,55.7,57.73,55.03,55.99,9033300,DNSE
PLX,1D,2026-02-26 09:00:00,56.48,56.57,54.06,55.51,4712800,DNSE
PLX,1D,2026-02-27 09:00:00,56.28,59.08,55.51,55.8,6852500,DNSE
PLX,1D,2026-03-02 09:00:00,59.18,59.66,57.93,59.66,10141600,DNSE
PLX,1D,2026-03-03 09:00:00,61.88,63.81,56.86,63.81,17753500,DNSE
PLX,1D,2026-03-04 09:00:00,65.65,67.97,63.72,67.1,11579000,DNSE
PLX,1D,2026-03-05 09:00:00,67.0,67.1,62.46,62.46,10215500,DNSE
PLX,1D,2026-03-06 09:00:00,61.4,64.68,58.7,59.86,11602800,DNSE
PLX,1D,2026-03-09 09:00:00,63.62,63.62,55.7,55.7,13231700,DNSE
PLX,1D,2026-03-10 09:00:00,53.1,56.09,51.84,51.84,8193700,DNSE
PLX,1D,2026-03-11 09:00:00,49.82,53.29,49.62,53.29,8718600,DNSE
PLX,1D,2026-03-12 09:00:00,53.1,53.29,50.2,50.2,7032400,DNSE
PLX,1D,2026-03-13 09:00:00,50.2,52.52,46.73,46.73,11908400,DNSE
PLX,1D,2026-03-16 09:00:00,46.34,46.44,43.49,45.09,10155600,DNSE
PLX,1D,2026-03-17 09:00:00,46.24,46.44,43.78,44.07,3705400,DNSE
PLX,1D,2026-03-18 09:00:00,43.64,47.11,43.64,46.77,6619900,DNSE
PLX,1D,2026-03-19 09:00:00,46.44,46.44,44.02,44.41,3988500,DNSE
PLX,1D,2026-03-20 09:00:00,44.99,44.99,41.32,41.32,7430100,DNSE
PLX,1D,2026-03-23 09:00:00,39.68,41.46,38.66,39.58,6716900,DNSE
PLX,1D,2026-03-24 09:00:00,40.55,40.64,37.17,38.42,8805600,DNSE
PLX,1D,2026-03-25 09:00:00,39.0,40.84,39.0,39.87,4323200,DNSE
PLX,1D,2026-03-26 09:00:00,39.87,39.87,38.33,38.52,4222400,DNSE
PLX,1D,2026-03-27 09:00:00,38.81,40.93,38.62,40.79,6104900,DNSE
PLX,1D,2026-03-30 09:00:00,40.55,41.51,39.97,39.97,5415300,DNSE
PLX,1D,2026-03-31 09:00:00,40.45,40.45,38.95,39.0,4149100,DNSE
PLX,1D,2026-04-01 09:00:00,39.68,40.4,39.1,39.29,4263100,DNSE
PLX,1D,2026-04-02 09:00:00,39.58,40.02,38.66,39.0,2560600,DNSE
PLX,1D,2026-04-03 09:00:00,39.49,39.92,38.81,38.81,2933800,DNSE
PLX,1D,2026-04-06 09:00:00,38.81,38.81,37.55,37.55,3124000,DNSE
PLX,1D,2026-04-07 09:00:00,37.6,38.18,37.22,37.27,1984000,DNSE
PLX,1D,2026-04-08 09:00:00,38.13,39.34,37.6,39.1,3490600,DNSE
PLX,1D,2026-04-09 09:00:00,39.1,39.1,38.13,38.13,2983000,DNSE
PLX,1D,2026-04-10 09:00:00,38.57,40.55,38.18,39.73,5697200,DNSE
PLX,1D,2026-04-13 09:00:00,40.45,40.5,39.1,39.29,3019000,DNSE
PLX,1D,2026-04-14 09:00:00,39.78,39.78,38.71,38.76,2218200,DNSE
PLX,1D,2026-04-15 09:00:00,38.76,39.29,38.28,38.42,2864800,DNSE
PLX,1D,2026-04-16 09:00:00,38.71,38.71,37.55,37.75,3333400,DNSE
PLX,1D,2026-04-17 09:00:00,38.04,39.05,37.6,38.57,2901300,DNSE
PLX,1D,2026-04-20 09:00:00,38.71,38.91,37.94,38.09,1765400,DNSE
PLX,1D,2026-04-21 09:00:00,38.09,38.62,37.94,37.99,1986400,DNSE
PLX,1D,2026-04-22 09:00:00,38.23,38.23,37.65,37.65,1910900,DNSE
PLX,1D,2026-04-23 09:00:00,37.75,38.33,36.69,37.94,3786500,DNSE
PLX,1D,2026-04-24 09:00:00,38.28,39.92,38.18,38.33,6401800,DNSE
PLX,1D,2026-04-28 09:00:00,36.88,37.84,35.67,35.67,6503400,DNSE
PLX,1D,2026-04-29 09:00:00,35.72,36.15,35.0,35.87,3564100,DNSE
PLX,1D,2026-05-04 09:00:00,37.17,38.38,36.78,37.36,4403600,DNSE
PLX,1D,2026-05-05 09:00:00,37.31,38.33,36.49,37.89,3878000,DNSE
PLX,1D,2026-05-06 09:00:00,37.89,38.23,37.31,37.65,3098200,DNSE
PLX,1D,2026-05-07 09:00:00,37.55,37.55,36.4,36.4,4485600,DNSE
PLX,1D,2026-05-08 09:00:00,36.78,37.02,36.2,36.3,1959300,DNSE
PLX,1D,2026-05-11 09:00:00,36.69,36.69,35.33,35.53,5094400,DNSE
PLX,1D,2026-05-12 09:00:00,35.91,36.59,35.72,36.49,1738800,DNSE
PLX,1D,2026-05-13 09:00:00,36.49,39.0,36.2,38.95,10796000,DNSE
PLX,1D,2026-05-14 09:00:00,39.1,40.31,38.38,38.47,5371100,DNSE
PLX,1D,2026-05-15 09:00:00,38.04,40.89,38.04,40.74,9229000,DNSE
PLX,1D,2026-05-18 09:00:00,41.13,43.59,41.03,43.59,11418400,DNSE
PLX,1D,2026-05-19 09:00:00,44.41,45.37,40.55,40.55,14765500,DNSE
PLX,1D,2026-05-20 09:00:00,40.5,42.38,37.84,42.33,9839000,DNSE
PLX,1D,2026-05-21 09:00:00,42.38,42.38,40.79,41.46,3499000,DNSE
PLX,1D,2026-05-22 09:00:00,41.85,42.0,40.21,40.5,4139200,DNSE
PLX,1D,2026-05-25 09:00:00,39.58,39.87,38.23,38.33,5757500,DNSE
PLX,1D,2026-05-26 09:00:00,38.71,39.44,38.52,38.62,2008600,DNSE
PLX,1D,2026-05-27 09:00:00,38.71,39.24,38.09,38.09,2735300,DNSE
PLX,1D,2026-05-28 09:00:00,37.99,39.1,37.22,38.09,3792300,DNSE
PLX,1D,2026-05-29 09:00:00,38.09,40.06,37.51,39.58,4645500,DNSE
PLX,1D,2026-06-01 09:00:00,39.58,40.06,38.38,38.38,2158900,DNSE
PLX,1D,2026-06-02 09:00:00,38.76,39.0,37.51,37.51,3073400,DNSE
PLX,1D,2026-06-03 09:00:00,37.51,38.47,37.51,37.8,1384800,DNSE
PLX,1D,2026-06-04 09:00:00,39.05,40.4,38.95,40.4,6418000,DNSE
PLX,1D,2026-06-05 09:00:00,40.84,42.48,39.73,40.55,5041000,DNSE
PLX,1D,2026-06-08 09:00:00,40.16,41.32,40.06,40.26,3844100,DNSE
PLX,1D,2026-06-09 09:00:00,40.35,40.35,38.81,39.1,2504400,DNSE
PLX,1D,2026-06-10 09:00:00,39.49,39.53,38.47,38.66,2594400,DNSE
PLX,1D,2026-06-11 09:00:00,39.2,39.53,38.47,38.47,1687000,DNSE
PLX,1D,2026-06-12 09:00:00,38.47,39.58,38.28,38.66,2261400,DNSE
PLX,1D,2026-06-15 09:00:00,38.04,38.09,37.07,37.17,4536400,DNSE
PLX,1D,2026-06-16 09:00:00,37.41,37.65,36.98,37.27,1880400,DNSE
PLX,1D,2026-06-17 09:00:00,37.27,38.04,36.93,37.31,1724200,DNSE
PLX,1D,2026-06-18 09:00:00,37.36,37.89,37.27,37.65,1549000,DNSE
PLX,1D,2026-06-19 09:00:00,37.75,37.8,37.27,37.31,1532600,DNSE
PLX,1D,2026-06-22 09:00:00,37.46,37.94,37.31,37.31,1872100,DNSE
PLX,1D,2026-06-23 09:00:00,37.55,37.55,36.15,36.4,4318200,DNSE
PLX,1D,2026-06-24 09:00:00,36.44,36.88,35.58,36.49,1914700,DNSE
PLX,1D,2026-06-25 09:00:00,36.44,36.49,35.72,35.96,907100,DNSE
PLX,1D,2026-06-26 09:00:00,36.11,36.25,35.53,35.53,1716200,DNSE
PLX,1D,2026-06-29 09:00:00,35.62,36.44,35.58,35.96,1256200,DNSE
PLX,1D,2026-06-30 09:00:00,36.01,36.3,35.62,35.67,1153800,DNSE
PLX,1D,2026-07-01 09:00:00,35.67,37.17,35.67,36.15,1561500,DNSE
PLX,1D,2026-07-02 09:00:00,36.15,36.15,35.82,35.91,803400,DNSE
PLX,1D,2026-07-03 09:00:00,36.15,36.15,35.29,35.29,2066900,DNSE
PLX,1D,2026-07-06 09:00:00,35.33,35.62,32.97,33.89,3251400,DNSE
PLX,1D,2026-07-07 09:00:00,34.03,34.37,33.36,33.69,2616200,DNSE
PLX,1D,2026-07-08 09:00:00,34.27,34.71,33.84,34.03,2210100,DNSE
PLX,1D,2026-07-09 09:00:00,34.56,35.53,34.47,34.76,2889900,DNSE
PLX,1D,2026-07-10 09:00:00,35.33,35.67,34.76,34.76,2471800,DNSE
PLX,1D,2026-07-13 09:00:00,35.24,35.29,33.79,34.32,1660600,DNSE
PLX,1D,2026-07-14 09:00:00,34.9,36.06,34.32,35.53,3602800,DNSE
PLX,1D,2026-07-15 09:00:00,35.67,35.67,34.8,34.8,1498800,DNSE
PLX,1D,2026-07-16 09:00:00,34.85,35.29,33.31,34.66,2072000,DNSE
PLX,1D,2026-07-17 09:00:00,34.66,34.76,33.89,33.98,1001700,DNSE
PLX,1D,2026-07-20 09:00:00,34.32,34.61,33.11,33.11,1701400,DNSE
PLX,1D,2026-07-21 09:00:00,32.24,33.11,30.8,31.52,3064500,DNSE
PLX,1D,2026-07-22 09:00:00,31.52,32.49,31.42,31.62,1759600,DNSE
PLX,1D,2026-07-23 09:00:00,31.86,32.44,31.57,32.24,1465900,DNSE
PLX,1D,2026-07-24 09:00:00,32.63,33.26,32.58,32.63,1713700,DNSE
PLX,1D,2026-07-27 09:00:00,32.58,32.58,31.67,31.67,1329000,DNSE
PLX,1D,2026-07-28 09:00:00,30.8,32.05,30.8,31.57,1710200,DNSE
PLX,1D,2026-07-29 09:00:00,31.81,32.05,31.67,31.81,984000,DNSE
PLX,1D,2026-07-30 09:00:00,32.0,32.82,32.0,32.68,1455300,DNSE
PLX,1D,2026-07-31 09:00:00,33.45,33.45,32.15,32.15,3143900,DNSE
PLX,1D,2026-08-03 09:00:00,32.68,33.79,32.68,33.5,2576600,DNSE
PLX,1D,2026-08-04 09:00:00,33.75,33.9,33.2,33.45,1207400,DNSE
PLX,1D,2026-08-05 09:00:00,33.35,34.4,33.1,34.25,2306500,DNSE
PLX,1D,2026-08-06 09:00:00,34.4,35.0,33.7,33.7,1507900,DNSE
PLX,1D,2026-08-07 09:00:00,34.2,36.05,33.9,35.95,7027000,DNSE
PLX,1D,2026-08-10 09:00:00,36.5,38.0,35.8,37.5,4962500,DNSE
PLX,1D,2026-08-11 09:00:00,37.75,37.9,36.5,36.6,3508600,DNSE
PLX,1D,2026-08-12 09:00:00,36.65,36.9,36.2,36.65,2718700,DNSE
PLX,1D,2026-08-13 09:00:00,36.65,36.85,35.3,35.6,2349400,DNSE
PLX,1D,2026-08-14 09:00:00,35.6,36.2,34.8,35.05,3459500,DNSE
PLX,1D,2026-08-17 09:00:00,35.0,35.7,34.75,35.5,1853700,DNSE
PLX,1D,2026-08-18 09:00:00,36.3,37.95,36.2,37.95,5350900,DNSE
PLX,1D,2026-08-19 09:00:00,38.8,39.05,37.85,38.1,5382400,DNSE
PLX,1D,2026-08-20 09:00:00,38.3,38.65,37.1,38.2,3968200,DNSE
PLX,1D,2026-08-21 09:00:00,38.5,38.5,37.45,37.95,3051800,DNSE
PLX,1D,2026-08-24 09:00:00,38.4,39.0,37.8,38.05,5303300,DNSE
PLX,1D,2026-08-25 09:00:00,37.75,38.0,37.0,37.5,3605600,DNSE
PLX,1D,2026-08-26 09:00:00,37.4,38.8,37.35,37.4,5518700,DNSE
PLX,1D,2026-08-27 09:00:00,37.4,37.45,36.2,36.4,6882300,DNSE
PLX,1D,2026-08-28 09:00:00,36.5,36.9,36.25,36.25,4810100,DNSE
PLX,1D,2026-09-03 09:00:00,36.9,37.2,36.2,36.2,4859200,DNSE
PLX,1D,2026-09-04 09:00:00,36.2,36.25,35.75,36.0,3267100,DNSE
PLX,1D,2026-09-07 09:00:00,36.05,36.15,35.15,35.15,3723700,DNSE
PLX,1D,2026-09-08 09:00:00,35.45,36.0,35.1,35.75,3841200,DNSE
PLX,1D,2026-09-09 09:00:00,36.15,36.95,35.75,35.8,5211800,DNSE
PLX,1D,2026-09-10 09:00:00,36.25,36.25,35.5,35.5,3556200,DNSE
PLX,1D,2026-09-11 09:00:00,36.0,36.35,35.2,35.2,4766600,DNSE
PLX,1D,2026-09-14 09:00:00,35.2,35.95,34.85,35.25,4183000,DNSE
PLX,1D,2026-09-15 09:00:00,35.4,37.5,35.3,37.35,11244000,DNSE
PLX,1D,2026-09-16 09:00:00,37.55,39.5,37.5,38.2,11745200,DNSE
PLX,1D,2026-09-17 09:00:00,38.0,38.5,37.35,37.8,6643200,DNSE
PLX,1D,2026-09-18 09:00:00,38.0,38.05,36.8,37.4,5491800,DNSE
PNJ,1D,2025-10-01 09:00:00,55.07,55.46,55.07,55.07,468900,DNSE
PNJ,1D,2025-10-02 09:00:00,55.07,55.2,54.87,54.87,383100,DNSE
PNJ,1D,2025-10-03 09:00:00,54.8,55.2,54.8,54.8,228600,DNSE
PNJ,1D,2025-10-06 09:00:00,54.8,55.86,54.8,55.59,227500,DNSE
PNJ,1D,2025-10-07 09:00:00,55.66,56.32,55.66,56.05,232300,DNSE
PNJ,1D,2025-10-08 09:00:00,56.78,56.78,55.46,55.46,353700,DNSE
PNJ,1D,2025-10-09 09:00:00,55.59,56.45,55.53,56.12,379600,DNSE
PNJ,1D,2025-10-10 09:00:00,56.52,56.65,55.79,56.12,478400,DNSE
PNJ,1D,2025-10-13 09:00:00,55.99,56.32,55.53,56.05,189600,DNSE
PNJ,1D,2025-10-14 09:00:00,56.45,56.52,55.93,55.93,617400,DNSE
PNJ,1D,2025-10-15 09:00:00,55.79,57.31,55.79,56.85,997700,DNSE
PNJ,1D,2025-10-16 09:00:00,56.91,60.81,56.91,60.81,2980200,DNSE
PNJ,1D,2025-10-17 09:00:00,60.75,60.81,58.83,59.49,1440500,DNSE
PNJ,1D,2025-10-20 09:00:00,59.49,59.49,55.39,55.39,2295500,DNSE
PNJ,1D,2025-10-21 09:00:00,55.46,57.77,55.33,57.37,1027500,DNSE
PNJ,1D,2025-10-22 09:00:00,58.23,58.23,56.59,57.91,624100,DNSE
PNJ,1D,2025-10-23 09:00:00,57.64,61.41,57.64,60.94,2073400,DNSE
PNJ,1D,2025-10-24 09:00:00,60.75,63.19,59.42,62.73,1714300,DNSE
PNJ,1D,2025-10-27 09:00:00,62.66,62.73,61.73,61.73,810700,DNSE
PNJ,1D,2025-10-28 09:00:00,61.73,62.73,60.61,62.66,849400,DNSE
PNJ,1D,2025-10-29 09:00:00,62.66,63.12,60.61,63.05,1134200,DNSE
PNJ,1D,2025-10-30 09:00:00,63.05,63.52,62.07,62.46,544100,DNSE
PNJ,1D,2025-10-31 09:00:00,62.46,62.46,60.87,62.46,1203300,DNSE
PNJ,1D,2025-11-03 09:00:00,62.07,62.46,61.34,61.34,503500,DNSE
PNJ,1D,2025-11-04 09:00:00,61.27,61.27,58.1,59.42,1015200,DNSE
PNJ,1D,2025-11-05 09:00:00,59.55,60.35,59.42,60.35,297100,DNSE
PNJ,1D,2025-11-06 09:00:00,60.21,60.28,59.09,59.42,318400,DNSE
PNJ,1D,2025-11-07 09:00:00,59.75,60.02,57.77,57.77,419200,DNSE
PNJ,1D,2025-11-10 09:00:00,57.77,58.63,57.44,57.44,229700,DNSE
PNJ,1D,2025-11-11 09:00:00,57.84,58.83,57.37,58.83,398000,DNSE
PNJ,1D,2025-11-12 09:00:00,58.83,59.23,58.23,59.03,158600,DNSE
PNJ,1D,2025-11-13 09:00:00,58.89,60.28,58.7,59.62,528400,DNSE
PNJ,1D,2025-11-14 09:00:00,59.49,59.75,58.89,59.42,220700,DNSE
PNJ,1D,2025-11-17 09:00:00,59.42,60.02,59.23,59.29,276300,DNSE
PNJ,1D,2025-11-18 09:00:00,59.36,59.62,58.76,59.03,271500,DNSE
PNJ,1D,2025-11-19 09:00:00,59.03,59.16,58.83,58.96,153600,DNSE
PNJ,1D,2025-11-20 09:00:00,58.83,58.96,57.31,57.97,1169700,DNSE
PNJ,1D,2025-11-21 09:00:00,57.71,57.71,57.11,57.51,258200,DNSE
PNJ,1D,2025-11-24 09:00:00,57.84,57.84,57.51,57.77,135200,DNSE
PNJ,1D,2025-11-25 09:00:00,57.91,57.97,57.44,57.44,283600,DNSE
PNJ,1D,2025-11-26 09:00:00,57.44,57.71,57.25,57.57,427200,DNSE
PNJ,1D,2025-11-27 09:00:00,57.64,59.55,57.64,59.55,831600,DNSE
PNJ,1D,2025-11-28 09:00:00,59.75,60.21,58.63,60.09,436200,DNSE
PNJ,1D,2025-12-01 09:00:00,59.75,60.61,58.43,60.48,564200,DNSE
PNJ,1D,2025-12-02 09:00:00,60.15,60.48,58.83,60.48,444000,DNSE
PNJ,1D,2025-12-03 09:00:00,60.48,60.48,59.55,60.35,401200,DNSE
PNJ,1D,2025-12-04 09:00:00,60.48,60.75,59.62,59.62,302200,DNSE
PNJ,1D,2025-12-05 09:00:00,59.29,60.75,59.16,60.48,455900,DNSE
PNJ,1D,2025-12-08 09:00:00,60.68,60.68,59.03,59.03,422100,DNSE
PNJ,1D,2025-12-09 09:00:00,59.29,59.55,57.64,58.43,675000,DNSE
PNJ,1D,2025-12-10 09:00:00,58.37,58.5,57.97,58.17,364200,DNSE
PNJ,1D,2025-12-11 09:00:00,58.37,58.63,58.03,58.1,179000,DNSE
PNJ,1D,2025-12-12 09:00:00,58.63,60.15,58.1,59.29,814000,DNSE
PNJ,1D,2025-12-15 09:00:00,59.29,60.02,59.23,60.02,563000,DNSE
PNJ,1D,2025-12-16 09:00:00,60.09,61.01,59.62,61.01,807000,DNSE
PNJ,1D,2025-12-17 09:00:00,61.14,61.14,60.15,61.01,350100,DNSE
PNJ,1D,2025-12-18 09:00:00,60.75,60.75,60.15,60.68,163400,DNSE
PNJ,1D,2025-12-19 09:00:00,60.61,61.14,60.02,61.07,553200,DNSE
PNJ,1D,2025-12-22 09:00:00,60.87,62.26,60.35,62.0,582800,DNSE
PNJ,1D,2025-12-23 09:00:00,62.39,62.46,61.14,61.67,394100,DNSE
PNJ,1D,2025-12-24 09:00:00,62.19,63.32,61.41,63.25,894300,DNSE
PNJ,1D,2025-12-25 09:00:00,63.19,63.52,62.99,62.99,1122600,DNSE
PNJ,1D,2025-12-26 09:00:00,62.85,63.32,60.75,63.32,615400,DNSE
PNJ,1D,2025-12-29 09:00:00,63.45,64.05,62.85,63.39,337600,DNSE
PNJ,1D,2025-12-30 09:00:00,63.32,64.31,63.19,63.91,576600,DNSE
PNJ,1D,2025-12-31 09:00:00,63.25,64.71,63.25,64.05,459400,DNSE
PNJ,1D,2026-01-05 09:00:00,64.51,65.03,63.71,65.03,549100,DNSE
PNJ,1D,2026-01-06 09:00:00,64.71,65.37,64.31,65.17,383300,DNSE
PNJ,1D,2026-01-07 09:00:00,65.17,68.01,64.97,67.74,1263000,DNSE
PNJ,1D,2026-01-08 09:00:00,67.74,68.67,67.35,68.67,1117700,DNSE
PNJ,1D,2026-01-09 09:00:00,68.8,69.47,68.0,68.67,727400,DNSE
PNJ,1D,2026-01-12 09:00:00,69.33,69.33,66.13,68.8,1194900,DNSE
PNJ,1D,2026-01-13 09:00:00,67.0,69.0,66.93,68.6,928900,DNSE
PNJ,1D,2026-01-14 09:00:00,67.4,68.67,67.0,67.67,565000,DNSE
PNJ,1D,2026-01-15 09:00:00,66.73,68.0,66.33,67.67,753400,DNSE
PNJ,1D,2026-01-16 09:00:00,67.67,72.4,67.67,71.8,4710600,DNSE
PNJ,1D,2026-01-19 09:00:00,71.8,76.67,71.33,76.13,2878700,DNSE
PNJ,1D,2026-01-20 09:00:00,75.27,76.0,73.8,74.6,1915700,DNSE
PNJ,1D,2026-01-21 09:00:00,73.13,75.2,72.33,73.27,1994000,DNSE
PNJ,1D,2026-01-22 09:00:00,73.47,74.6,71.8,73.6,1620200,DNSE
PNJ,1D,2026-01-23 09:00:00,73.33,76.67,72.6,74.93,2202500,DNSE
PNJ,1D,2026-01-26 09:00:00,75.87,78.53,75.2,77.87,3634400,DNSE
PNJ,1D,2026-01-27 09:00:00,77.87,78.27,76.93,77.33,1294600,DNSE
PNJ,1D,2026-01-28 09:00:00,77.93,80.73,76.0,79.0,2418400,DNSE
PNJ,1D,2026-01-29 09:00:00,79.93,84.33,79.33,84.33,6501500,DNSE
PNJ,1D,2026-01-30 09:00:00,83.2,84.67,81.0,84.67,3736300,DNSE
PNJ,1D,2026-02-02 09:00:00,82.2,82.4,78.8,78.8,3359900,DNSE
PNJ,1D,2026-02-03 09:00:00,77.47,80.0,75.67,80.0,6753100,DNSE
PNJ,1D,2026-02-04 09:00:00,80.47,80.67,79.33,79.8,2147700,DNSE
PNJ,1D,2026-02-05 09:00:00,79.93,80.0,76.27,77.47,2863500,DNSE
PNJ,1D,2026-02-06 09:00:00,75.33,75.33,72.07,72.6,5025100,DNSE
PNJ,1D,2026-02-09 09:00:00,73.67,75.87,73.33,75.27,2245000,DNSE
PNJ,1D,2026-02-10 09:00:00,75.33,76.27,70.0,75.27,2252400,DNSE
PNJ,1D,2026-02-11 09:00:00,74.07,77.27,74.0,77.27,2808300,DNSE
PNJ,1D,2026-02-12 09:00:00,77.27,79.93,75.33,79.0,1754400,DNSE
PNJ,1D,2026-02-13 09:00:00,78.0,80.0,76.93,80.0,1728500,DNSE
PNJ,1D,2026-02-23 09:00:00,80.2,81.27,79.53,80.13,1204700,DNSE
PNJ,1D,2026-02-24 09:00:00,80.13,81.2,79.2,80.33,1746700,DNSE
PNJ,1D,2026-02-25 09:00:00,80.87,80.87,74.73,79.67,2794900,DNSE
PNJ,1D,2026-02-26 09:00:00,79.2,81.27,78.0,80.0,2723400,DNSE
PNJ,1D,2026-02-27 09:00:00,80.6,81.47,79.73,81.27,2033500,DNSE
PNJ,1D,2026-03-02 09:00:00,80.93,84.6,80.0,83.0,4182400,DNSE
PNJ,1D,2026-03-03 09:00:00,83.0,83.27,79.67,81.33,1980000,DNSE
PNJ,1D,2026-03-04 09:00:00,79.27,80.6,76.6,80.6,3158200,DNSE
PNJ,1D,2026-03-05 09:00:00,79.87,79.87,75.33,77.33,2272900,DNSE
PNJ,1D,2026-03-06 09:00:00,76.67,77.33,73.73,76.33,2642800,DNSE
PNJ,1D,2026-03-09 09:00:00,71.13,72.6,71.0,71.0,2019500,DNSE
PNJ,1D,2026-03-10 09:00:00,75.8,75.8,72.47,75.67,1808000,DNSE
PNJ,1D,2026-03-11 09:00:00,75.53,79.67,74.33,79.33,1930700,DNSE
PNJ,1D,2026-03-12 09:00:00,79.07,79.07,76.67,78.6,997100,DNSE
PNJ,1D,2026-03-13 09:00:00,76.67,78.27,76.6,77.93,1048900,DNSE
PNJ,1D,2026-03-16 09:00:00,76.73,78.73,76.13,78.67,717500,DNSE
PNJ,1D,2026-03-17 09:00:00,79.13,79.47,76.93,78.47,699700,DNSE
PNJ,1D,2026-03-18 09:00:00,78.47,78.47,75.67,76.67,878600,DNSE
PNJ,1D,2026-03-19 09:00:00,75.33,77.0,74.73,76.6,651100,DNSE
PNJ,1D,2026-03-20 09:00:00,76.6,76.6,75.07,76.13,1026100,DNSE
PNJ,1D,2026-03-23 09:00:00,74.07,74.67,70.87,70.87,1814500,DNSE
PNJ,1D,2026-03-24 09:00:00,71.47,72.33,70.8,72.33,910500,DNSE
PNJ,1D,2026-03-25 09:00:00,73.0,74.0,72.2,74.0,1209800,DNSE
PNJ,1D,2026-03-26 09:00:00,74.0,74.33,68.87,70.67,2293700,DNSE
PNJ,1D,2026-03-27 09:00:00,68.53,73.27,67.13,73.27,2116700,DNSE
PNJ,1D,2026-03-30 09:00:00,70.13,72.0,70.07,72.0,1202000,DNSE
PNJ,1D,2026-03-31 09:00:00,72.0,73.33,71.4,72.0,1492200,DNSE
PNJ,1D,2026-04-01 09:00:00,72.73,73.13,71.93,72.87,813000,DNSE
PNJ,1D,2026-04-02 09:00:00,71.0,72.6,70.8,72.6,937100,DNSE
PNJ,1D,2026-04-03 09:00:00,71.6,72.53,71.2,72.53,1010700,DNSE
PNJ,1D,2026-04-06 09:00:00,71.2,71.8,69.73,69.73,705500,DNSE
PNJ,1D,2026-04-07 09:00:00,69.73,70.07,66.67,66.67,1434500,DNSE
PNJ,1D,2026-04-08 09:00:00,69.0,71.33,68.47,71.33,971800,DNSE
PNJ,1D,2026-04-09 09:00:00,71.33,73.33,71.13,73.33,1176800,DNSE
PNJ,1D,2026-04-10 09:00:00,72.67,73.2,72.13,72.67,477400,DNSE
PNJ,1D,2026-04-13 09:00:00,72.67,74.0,72.53,73.33,723700,DNSE
PNJ,1D,2026-04-14 09:00:00,72.33,73.53,72.27,73.0,577200,DNSE
PNJ,1D,2026-04-15 09:00:00,73.4,75.0,72.67,72.8,551200,DNSE
PNJ,1D,2026-04-16 09:00:00,72.87,73.33,71.47,72.6,542200,DNSE
PNJ,1D,2026-04-17 09:00:00,72.6,75.0,72.2,74.0,1411900,DNSE
PNJ,1D,2026-04-20 09:00:00,74.33,76.67,74.33,76.67,1866600,DNSE
PNJ,1D,2026-04-21 09:00:00,76.93,77.07,74.27,74.6,1077600,DNSE
PNJ,1D,2026-04-22 09:00:00,76.0,76.0,72.67,73.33,2344800,DNSE
PNJ,1D,2026-04-23 09:00:00,75.1,76.6,71.1,71.7,1660400,DNSE
PNJ,1D,2026-04-24 09:00:00,71.9,72.4,69.0,70.0,1338800,DNSE
PNJ,1D,2026-04-28 09:00:00,70.1,70.1,66.9,67.0,1616500,DNSE
PNJ,1D,2026-04-29 09:00:00,67.5,69.0,67.0,67.3,2045300,DNSE
PNJ,1D,2026-05-04 09:00:00,67.6,68.9,67.6,68.3,1225800,DNSE
PNJ,1D,2026-05-05 09:00:00,68.3,68.3,67.2,67.4,1150100,DNSE
PNJ,1D,2026-05-06 09:00:00,68.1,68.1,67.2,68.0,1205200,DNSE
PNJ,1D,2026-05-07 09:00:00,68.2,70.0,68.1,69.1,1209000,DNSE
PNJ,1D,2026-05-08 09:00:00,69.1,70.1,69.1,70.1,986700,DNSE
PNJ,1D,2026-05-11 09:00:00,70.1,70.2,68.6,69.1,1038900,DNSE
PNJ,1D,2026-05-12 09:00:00,69.2,69.5,68.2,69.5,644500,DNSE
PNJ,1D,2026-05-13 09:00:00,69.5,70.0,68.9,69.6,459800,DNSE
PNJ,1D,2026-05-14 09:00:00,69.6,69.6,68.3,69.5,669200,DNSE
PNJ,1D,2026-05-15 09:00:00,69.1,69.1,67.1,67.3,1447200,DNSE
PNJ,1D,2026-05-18 09:00:00,67.1,67.1,64.5,64.7,2277600,DNSE
PNJ,1D,2026-05-19 09:00:00,64.3,66.7,64.3,65.0,1273000,DNSE
PNJ,1D,2026-05-20 09:00:00,64.5,66.1,63.4,65.8,1042000,DNSE
PNJ,1D,2026-05-21 09:00:00,65.9,66.1,64.7,65.3,855200,DNSE
PNJ,1D,2026-05-22 09:00:00,65.3,65.7,64.4,65.5,952100,DNSE
PNJ,1D,2026-05-25 09:00:00,66.0,66.0,64.3,64.3,710200,DNSE
PNJ,1D,2026-05-26 09:00:00,64.8,65.4,64.1,65.2,762200,DNSE
PNJ,1D,2026-05-27 09:00:00,65.0,65.6,65.0,65.3,514200,DNSE
PNJ,1D,2026-05-28 09:00:00,65.3,66.2,64.5,65.9,958700,DNSE
PNJ,1D,2026-05-29 09:00:00,65.3,66.1,64.9,65.8,738800,DNSE
PNJ,1D,2026-06-01 09:00:00,65.8,66.0,65.0,65.8,414900,DNSE
PNJ,1D,2026-06-02 09:00:00,65.2,65.7,64.6,65.0,694300,DNSE
PNJ,1D,2026-06-03 09:00:00,65.2,65.7,64.5,65.4,433300,DNSE
PNJ,1D,2026-06-04 09:00:00,65.4,65.5,64.3,65.0,660300,DNSE
PNJ,1D,2026-06-05 09:00:00,65.0,65.7,64.5,65.7,672500,DNSE
PNJ,1D,2026-06-08 09:00:00,64.7,65.5,64.6,65.1,1098900,DNSE
PNJ,1D,2026-06-09 09:00:00,64.8,64.9,63.5,64.8,1099300,DNSE
PNJ,1D,2026-06-10 09:00:00,63.9,64.7,63.6,64.0,878500,DNSE
PNJ,1D,2026-06-11 09:00:00,63.4,63.4,61.7,62.0,1190100,DNSE
PNJ,1D,2026-06-12 09:00:00,62.8,63.3,62.0,62.0,783600,DNSE
PNJ,1D,2026-06-15 09:00:00,63.1,65.2,63.1,65.0,1400200,DNSE
PNJ,1D,2026-06-16 09:00:00,64.9,68.5,64.5,68.2,2527000,DNSE
PNJ,1D,2026-06-17 09:00:00,68.4,68.4,66.9,68.0,915200,DNSE
PNJ,1D,2026-06-18 09:00:00,67.5,68.0,66.9,68.0,799900,DNSE
PNJ,1D,2026-06-19 09:00:00,66.8,67.9,66.8,67.1,668200,DNSE
PNJ,1D,2026-06-22 09:00:00,65.0,66.0,64.8,66.0,1405400,DNSE
PNJ,1D,2026-06-23 09:00:00,66.4,66.4,64.9,65.2,659700,DNSE
PNJ,1D,2026-06-24 09:00:00,64.8,66.0,64.4,65.5,724500,DNSE
PNJ,1D,2026-06-25 09:00:00,65.0,65.0,63.8,64.1,804500,DNSE
PNJ,1D,2026-06-26 09:00:00,63.6,63.8,62.7,63.5,542200,DNSE
PNJ,1D,2026-06-29 09:00:00,63.5,63.6,62.7,63.2,636200,DNSE
PNJ,1D,2026-06-30 09:00:00,63.1,63.2,62.3,63.0,715400,DNSE
PNJ,1D,2026-07-01 09:00:00,62.5,63.4,62.5,62.7,586500,DNSE
PNJ,1D,2026-07-02 09:00:00,63.0,64.8,62.8,63.1,2175200,DNSE
PNJ,1D,2026-07-03 09:00:00,58.7,58.7,58.7,58.7,1185500,DNSE
PNJ,1D,2026-07-06 09:00:00,54.6,54.6,54.6,54.6,565000,DNSE
PNJ,1D,2026-07-07 09:00:00,50.8,50.8,50.8,50.8,994200,DNSE
PNJ,1D,2026-07-08 09:00:00,47.25,52.0,47.25,52.0,25605600,DNSE
PNJ,1D,2026-07-09 09:00:00,52.0,54.0,50.0,50.0,4764300,DNSE
PNJ,1D,2026-07-10 09:00:00,49.7,49.8,46.5,46.6,10169700,DNSE
PNJ,1D,2026-07-13 09:00:00,45.9,46.5,43.75,43.85,6681400,DNSE
PNJ,1D,2026-07-14 09:00:00,43.9,46.9,43.8,46.9,5620000,DNSE
PNJ,1D,2026-07-15 09:00:00,46.8,46.8,43.65,43.65,8168200,DNSE
PNJ,1D,2026-07-16 09:00:00,41.7,42.75,40.6,40.9,14681800,DNSE
PNJ,1D,2026-07-17 09:00:00,41.5,43.0,40.5,43.0,7504500,DNSE
PNJ,1D,2026-07-20 09:00:00,43.35,43.35,40.6,41.0,5780000,DNSE
PNJ,1D,2026-07-21 09:00:00,40.9,41.5,38.15,38.15,9655900,DNSE
PNJ,1D,2026-07-22 09:00:00,35.5,36.95,35.5,35.5,7538000,DNSE
PNJ,1D,2026-07-23 09:00:00,33.05,33.05,33.05,33.05,586700,DNSE
PNJ,1D,2026-07-24 09:00:00,30.75,32.05,30.75,30.75,41349200,DNSE
PNJ,1D,2026-07-27 09:00:00,30.95,32.9,30.9,32.9,10257100,DNSE
PNJ,1D,2026-07-28 09:00:00,33.1,35.2,32.65,32.65,20423300,DNSE
PNJ,1D,2026-07-29 09:00:00,32.9,33.9,32.45,32.75,7236500,DNSE
PNJ,1D,2026-07-30 09:00:00,32.75,33.45,31.8,32.5,7820300,DNSE
PNJ,1D,2026-07-31 09:00:00,30.35,31.25,30.25,31.0,17734700,DNSE
PNJ,1D,2026-08-03 09:00:00,31.2,33.15,31.2,33.15,8005300,DNSE
PNJ,1D,2026-08-04 09:00:00,34.0,35.45,34.0,35.45,10647300,DNSE
PNJ,1D,2026-08-05 09:00:00,37.25,37.9,36.75,37.9,7807700,DNSE
PNJ,1D,2026-08-06 09:00:00,39.1,39.7,36.2,36.45,8463700,DNSE
PNJ,1D,2026-08-07 09:00:00,36.1,37.9,35.1,36.0,3949500,DNSE
PNJ,1D,2026-08-10 09:00:00,35.4,36.4,34.55,35.95,2725500,DNSE
PNJ,1D,2026-08-11 09:00:00,36.3,36.75,34.85,34.85,3197000,DNSE
PNJ,1D,2026-08-12 09:00:00,35.1,35.6,34.85,35.05,2360000,DNSE
PNJ,1D,2026-08-13 09:00:00,35.6,35.75,35.15,35.3,2472100,DNSE
PNJ,1D,2026-08-14 09:00:00,35.35,37.5,35.25,36.5,4771400,DNSE
PNJ,1D,2026-08-17 09:00:00,36.6,37.0,35.6,36.2,2983300,DNSE
PNJ,1D,2026-08-18 09:00:00,36.2,36.25,34.85,35.05,4749600,DNSE
PNJ,1D,2026-08-19 09:00:00,35.35,36.6,34.6,35.7,3352700,DNSE
PNJ,1D,2026-08-20 09:00:00,36.5,37.8,36.5,37.3,5683400,DNSE
PNJ,1D,2026-08-21 09:00:00,39.9,39.9,39.9,39.9,4043900,DNSE
PNJ,1D,2026-08-24 09:00:00,42.65,42.65,42.65,42.65,1143100,DNSE
PNJ,1D,2026-08-25 09:00:00,45.55,45.55,40.8,42.65,22381900,DNSE
PNJ,1D,2026-08-26 09:00:00,42.75,43.45,42.3,43.1,5908700,DNSE
PNJ,1D,2026-08-27 09:00:00,43.15,43.25,41.4,41.9,6328700,DNSE
PNJ,1D,2026-08-28 09:00:00,42.0,42.5,41.2,42.1,3717700,DNSE
PNJ,1D,2026-09-03 09:00:00,41.5,41.6,39.8,39.8,8105000,DNSE
PNJ,1D,2026-09-04 09:00:00,39.5,40.5,38.2,40.05,8025100,DNSE
PNJ,1D,2026-09-07 09:00:00,39.6,39.95,38.3,38.4,4302000,DNSE
PNJ,1D,2026-09-08 09:00:00,38.3,39.75,37.3,38.4,3343100,DNSE
PNJ,1D,2026-09-09 09:00:00,38.6,38.65,37.6,37.95,4080500,DNSE
PNJ,1D,2026-09-10 09:00:00,37.85,38.5,37.8,38.2,1639200,DNSE
PNJ,1D,2026-09-11 09:00:00,38.2,38.3,37.15,37.3,4937600,DNSE
PNJ,1D,2026-09-14 09:00:00,37.45,37.5,35.0,35.9,6415200,DNSE
PNJ,1D,2026-09-15 09:00:00,35.55,37.55,35.55,37.2,3430700,DNSE
PNJ,1D,2026-09-16 09:00:00,37.55,37.55,36.5,36.75,2328600,DNSE
PNJ,1D,2026-09-17 09:00:00,36.9,36.95,36.05,36.75,2910800,DNSE
PNJ,1D,2026-09-18 09:00:00,36.6,38.05,36.25,36.75,6357100,DNSE
POW,1D,2025-10-01 09:00:00,11.9,12.03,11.86,11.9,5112300,DNSE
POW,1D,2025-10-02 09:00:00,11.94,12.03,11.74,11.74,4621000,DNSE
POW,1D,2025-10-03 09:00:00,11.78,11.78,11.53,11.61,7181300,DNSE
POW,1D,2025-10-06 09:00:00,11.65,11.94,11.65,11.94,5924100,DNSE
POW,1D,2025-10-07 09:00:00,12.11,12.11,11.82,11.82,5732300,DNSE
POW,1D,2025-10-08 09:00:00,11.98,12.03,11.78,11.86,5082900,DNSE
POW,1D,2025-10-09 09:00:00,11.9,12.07,11.74,12.07,6528500,DNSE
POW,1D,2025-10-10 09:00:00,12.15,12.15,12.03,12.07,5419000,DNSE
POW,1D,2025-10-13 09:00:00,11.9,11.94,11.74,11.86,6032900,DNSE
POW,1D,2025-10-14 09:00:00,11.94,12.11,11.82,11.86,7384000,DNSE
POW,1D,2025-10-15 09:00:00,11.98,12.03,11.78,11.82,6032300,DNSE
POW,1D,2025-10-16 09:00:00,11.82,11.94,11.78,11.86,6417600,DNSE
POW,1D,2025-10-17 09:00:00,11.9,11.98,11.7,11.7,7242900,DNSE
POW,1D,2025-10-20 09:00:00,11.7,11.78,10.91,10.91,14891800,DNSE
POW,1D,2025-10-21 09:00:00,10.87,11.08,10.66,11.03,10150100,DNSE
POW,1D,2025-10-22 09:00:00,11.16,11.28,11.03,11.2,5135900,DNSE
POW,1D,2025-10-23 09:00:00,11.24,11.28,11.12,11.2,3036300,DNSE
POW,1D,2025-10-24 09:00:00,11.2,11.24,10.87,11.08,6220200,DNSE
POW,1D,2025-10-27 09:00:00,11.12,11.45,11.12,11.45,8312700,DNSE
POW,1D,2025-10-28 09:00:00,11.49,11.49,11.16,11.45,4519700,DNSE
POW,1D,2025-10-29 09:00:00,11.49,11.9,11.41,11.82,11214600,DNSE
POW,1D,2025-10-30 09:00:00,11.86,11.86,11.57,11.74,4839800,DNSE
POW,1D,2025-10-31 09:00:00,11.86,12.11,11.86,11.86,10117100,DNSE
POW,1D,2025-11-03 09:00:00,11.94,12.07,11.78,11.78,5334200,DNSE
POW,1D,2025-11-04 09:00:00,11.82,11.86,11.32,11.78,6586300,DNSE
POW,1D,2025-11-05 09:00:00,11.74,12.32,11.65,12.15,12731600,DNSE
POW,1D,2025-11-06 09:00:00,12.19,12.23,11.98,12.03,4125400,DNSE
POW,1D,2025-11-07 09:00:00,12.07,12.11,11.61,11.74,6818400,DNSE
POW,1D,2025-11-10 09:00:00,11.65,11.9,11.57,11.65,4369800,DNSE
POW,1D,2025-11-11 09:00:00,11.7,11.82,11.57,11.61,3352400,DNSE
POW,1D,2025-11-12 09:00:00,11.65,11.78,11.61,11.78,4910800,DNSE
POW,1D,2025-11-13 09:00:00,11.82,12.27,11.78,12.15,12099700,DNSE
POW,1D,2025-11-14 09:00:00,12.11,12.44,12.11,12.32,9687100,DNSE
POW,1D,2025-11-17 09:00:00,12.44,12.73,12.32,12.65,10595800,DNSE
POW,1D,2025-11-18 09:00:00,12.56,12.65,12.36,12.48,6155000,DNSE
POW,1D,2025-11-19 09:00:00,12.44,12.52,12.27,12.32,4885800,DNSE
POW,1D,2025-11-20 09:00:00,12.36,12.44,12.23,12.36,4134300,DNSE
POW,1D,2025-11-21 09:00:00,12.4,12.56,12.23,12.36,8454000,DNSE
POW,1D,2025-11-24 09:00:00,12.4,12.73,12.36,12.48,9268600,DNSE
POW,1D,2025-11-25 09:00:00,12.6,12.6,12.23,12.23,7901900,DNSE
POW,1D,2025-11-26 09:00:00,12.36,12.56,12.32,12.56,8180100,DNSE
POW,1D,2025-11-27 09:00:00,12.69,12.73,12.52,12.6,7491700,DNSE
POW,1D,2025-11-28 09:00:00,12.77,13.06,12.6,12.6,12370000,DNSE
POW,1D,2025-12-01 09:00:00,12.65,12.69,12.32,12.32,7348700,DNSE
POW,1D,2025-12-02 09:00:00,12.36,12.56,12.15,12.32,9647400,DNSE
POW,1D,2025-12-03 09:00:00,12.44,12.44,12.27,12.27,5478600,DNSE
POW,1D,2025-12-04 09:00:00,12.32,12.65,12.32,12.44,9212900,DNSE
POW,1D,2025-12-05 09:00:00,12.48,12.65,12.4,12.44,8142400,DNSE
POW,1D,2025-12-08 09:00:00,12.52,12.56,12.23,12.23,8508300,DNSE
POW,1D,2025-12-09 09:00:00,12.27,12.36,11.98,11.98,14788000,DNSE
POW,1D,2025-12-10 09:00:00,12.3,12.55,12.2,12.3,8521300,DNSE
POW,1D,2025-12-11 09:00:00,12.35,12.35,12.05,12.1,3715500,DNSE
POW,1D,2025-12-12 09:00:00,12.1,12.15,11.5,11.55,8617100,DNSE
POW,1D,2025-12-15 09:00:00,11.6,12.0,11.6,12.0,5197900,DNSE
POW,1D,2025-12-16 09:00:00,12.05,12.4,11.85,12.4,7467400,DNSE
POW,1D,2025-12-17 09:00:00,12.35,12.4,12.15,12.3,3601800,DNSE
POW,1D,2025-12-18 09:00:00,12.3,12.35,12.15,12.3,2107200,DNSE
POW,1D,2025-12-19 09:00:00,12.35,12.35,12.2,12.2,2731700,DNSE
POW,1D,2025-12-22 09:00:00,12.25,12.75,12.2,12.7,14589100,DNSE
POW,1D,2025-12-23 09:00:00,12.7,12.9,12.55,12.8,8467300,DNSE
POW,1D,2025-12-24 09:00:00,12.85,12.85,12.6,12.75,5859900,DNSE
POW,1D,2025-12-25 09:00:00,12.7,12.9,12.6,12.6,7055800,DNSE
POW,1D,2025-12-26 09:00:00,12.5,12.85,12.45,12.8,9882400,DNSE
POW,1D,2025-12-29 09:00:00,12.85,13.15,12.85,13.0,14981100,DNSE
POW,1D,2025-12-30 09:00:00,13.05,13.1,12.75,12.8,4526600,DNSE
POW,1D,2025-12-31 09:00:00,12.8,12.9,12.7,12.7,6650400,DNSE
POW,1D,2026-01-05 09:00:00,12.75,12.9,12.5,12.65,8719400,DNSE
POW,1D,2026-01-06 09:00:00,12.65,13.15,12.65,12.75,16439400,DNSE
POW,1D,2026-01-07 09:00:00,12.85,13.6,12.85,13.6,24435000,DNSE
POW,1D,2026-01-08 09:00:00,14.1,14.55,13.85,14.0,41937800,DNSE
POW,1D,2026-01-09 09:00:00,14.05,14.8,14.05,14.4,24392800,DNSE
POW,1D,2026-01-12 09:00:00,14.55,14.75,13.8,14.15,27214700,DNSE
POW,1D,2026-01-13 09:00:00,14.15,14.95,13.9,14.6,26788100,DNSE
POW,1D,2026-01-14 09:00:00,14.9,15.2,14.4,14.6,30743400,DNSE
POW,1D,2026-01-15 09:00:00,14.6,14.65,14.1,14.25,16912800,DNSE
POW,1D,2026-01-16 09:00:00,14.45,14.85,14.2,14.25,19219400,DNSE
POW,1D,2026-01-19 09:00:00,14.35,14.5,14.15,14.25,9798300,DNSE
POW,1D,2026-01-20 09:00:00,14.45,14.8,14.25,14.3,16837400,DNSE
POW,1D,2026-01-21 09:00:00,14.25,14.65,14.1,14.65,17983100,DNSE
POW,1D,2026-01-22 09:00:00,15.0,15.2,14.65,14.8,24156000,DNSE
POW,1D,2026-01-23 09:00:00,14.8,14.8,13.9,13.9,18342700,DNSE
POW,1D,2026-01-26 09:00:00,13.95,14.3,13.75,14.0,17346500,DNSE
POW,1D,2026-01-27 09:00:00,13.9,14.2,13.6,14.0,15959100,DNSE
POW,1D,2026-01-28 09:00:00,14.2,14.3,13.8,13.8,17763300,DNSE
POW,1D,2026-01-29 09:00:00,13.85,13.95,13.35,13.4,16579300,DNSE
POW,1D,2026-01-30 09:00:00,13.55,13.85,13.5,13.75,13390500,DNSE
POW,1D,2026-02-02 09:00:00,13.95,14.35,13.7,14.35,20015100,DNSE
POW,1D,2026-02-03 09:00:00,14.5,14.65,14.3,14.3,21236600,DNSE
POW,1D,2026-02-04 09:00:00,14.4,14.75,14.25,14.45,27814500,DNSE
POW,1D,2026-02-05 09:00:00,14.5,14.7,14.2,14.2,13901600,DNSE
POW,1D,2026-02-06 09:00:00,14.05,14.15,13.5,13.5,21388700,DNSE
POW,1D,2026-02-09 09:00:00,13.7,13.8,13.4,13.45,8185700,DNSE
POW,1D,2026-02-10 09:00:00,13.5,13.55,12.8,12.95,18560100,DNSE
POW,1D,2026-02-11 09:00:00,13.0,13.35,13.0,13.2,7311600,DNSE
POW,1D,2026-02-12 09:00:00,13.25,13.45,13.2,13.3,3920800,DNSE
POW,1D,2026-02-13 09:00:00,13.3,13.45,13.2,13.4,4231000,DNSE
POW,1D,2026-02-23 09:00:00,13.6,13.9,13.55,13.85,10127000,DNSE
POW,1D,2026-02-24 09:00:00,13.85,14.0,13.7,13.9,8912800,DNSE
POW,1D,2026-02-25 09:00:00,14.0,14.4,13.95,14.3,17945000,DNSE
POW,1D,2026-02-26 09:00:00,14.3,14.35,13.95,14.1,10419200,DNSE
POW,1D,2026-02-27 09:00:00,14.3,14.95,14.3,14.5,24747100,DNSE
POW,1D,2026-03-02 09:00:00,14.9,15.5,14.6,15.5,70786000,DNSE
POW,1D,2026-03-03 09:00:00,16.25,16.55,15.45,16.55,72190400,DNSE
POW,1D,2026-03-04 09:00:00,16.8,16.85,15.4,15.45,73310896,DNSE
POW,1D,2026-03-05 09:00:00,15.65,15.9,15.0,15.15,36127200,DNSE
POW,1D,2026-03-06 09:00:00,15.05,15.35,14.5,14.55,32295600,DNSE
POW,1D,2026-03-09 09:00:00,13.9,13.95,13.55,13.55,16329400,DNSE
POW,1D,2026-03-10 09:00:00,13.55,13.75,12.75,13.1,47237500,DNSE
POW,1D,2026-03-11 09:00:00,13.1,13.65,13.0,13.55,14643700,DNSE
POW,1D,2026-03-12 09:00:00,13.6,13.75,13.2,13.4,14291100,DNSE
POW,1D,2026-03-13 09:00:00,13.45,13.85,13.2,13.3,25916300,DNSE
POW,1D,2026-03-16 09:00:00,13.3,13.35,12.95,13.2,17592300,DNSE
POW,1D,2026-03-17 09:00:00,13.25,13.4,13.1,13.1,9690000,DNSE
POW,1D,2026-03-18 09:00:00,13.1,13.45,13.0,13.3,10649700,DNSE
POW,1D,2026-03-19 09:00:00,13.2,13.2,12.9,12.95,11885900,DNSE
POW,1D,2026-03-20 09:00:00,13.0,13.55,12.8,13.15,17241200,DNSE
POW,1D,2026-03-23 09:00:00,13.05,13.2,12.4,12.7,14234000,DNSE
POW,1D,2026-03-24 09:00:00,13.0,13.0,12.45,12.7,12573000,DNSE
POW,1D,2026-03-25 09:00:00,12.85,13.4,12.8,13.35,17316000,DNSE
POW,1D,2026-03-26 09:00:00,13.35,13.35,13.05,13.1,7804900,DNSE
POW,1D,2026-03-27 09:00:00,13.05,13.15,12.9,13.05,12089900,DNSE
POW,1D,2026-03-30 09:00:00,12.95,13.25,12.85,13.05,13360300,DNSE
POW,1D,2026-03-31 09:00:00,13.15,13.15,12.95,13.0,8543100,DNSE
POW,1D,2026-04-01 09:00:00,13.1,13.15,12.95,13.05,10934900,DNSE
POW,1D,2026-04-02 09:00:00,13.05,13.1,12.75,12.85,11135300,DNSE
POW,1D,2026-04-03 09:00:00,12.9,12.95,12.6,12.65,11310100,DNSE
POW,1D,2026-04-06 09:00:00,12.65,12.75,12.4,12.4,8428500,DNSE
POW,1D,2026-04-07 09:00:00,12.45,12.65,12.35,12.5,5744100,DNSE
POW,1D,2026-04-08 09:00:00,12.8,13.0,12.65,13.0,11313600,DNSE
POW,1D,2026-04-09 09:00:00,12.9,13.1,12.75,13.0,8734400,DNSE
POW,1D,2026-04-10 09:00:00,13.05,13.2,13.0,13.0,13155900,DNSE
POW,1D,2026-04-13 09:00:00,13.0,13.3,12.95,13.1,10297600,DNSE
POW,1D,2026-04-14 09:00:00,13.25,13.3,13.0,13.15,9614400,DNSE
POW,1D,2026-04-15 09:00:00,13.2,13.25,13.05,13.05,10253100,DNSE
POW,1D,2026-04-16 09:00:00,13.25,13.6,13.2,13.35,24624300,DNSE
POW,1D,2026-04-17 09:00:00,13.4,13.4,13.2,13.25,6797200,DNSE
POW,1D,2026-04-20 09:00:00,13.3,13.35,13.1,13.15,7217800,DNSE
POW,1D,2026-04-21 09:00:00,13.15,13.3,13.1,13.1,7674300,DNSE
POW,1D,2026-04-22 09:00:00,13.1,13.15,13.0,13.0,6087200,DNSE
POW,1D,2026-04-23 09:00:00,13.05,13.1,12.55,12.75,21685400,DNSE
POW,1D,2026-04-24 09:00:00,12.8,12.85,12.65,12.8,4944700,DNSE
POW,1D,2026-04-28 09:00:00,12.8,12.85,12.55,12.65,7007100,DNSE
POW,1D,2026-04-29 09:00:00,12.6,12.75,12.55,12.65,4984200,DNSE
POW,1D,2026-05-04 09:00:00,12.9,13.3,12.85,13.3,19912100,DNSE
POW,1D,2026-05-05 09:00:00,13.35,13.65,13.15,13.65,28262300,DNSE
POW,1D,2026-05-06 09:00:00,13.75,14.35,13.55,14.35,38449000,DNSE
POW,1D,2026-05-07 09:00:00,14.35,14.45,14.1,14.35,23409200,DNSE
POW,1D,2026-05-08 09:00:00,14.3,14.45,13.85,14.0,22764900,DNSE
POW,1D,2026-05-11 09:00:00,14.0,14.25,13.9,13.95,10484700,DNSE
POW,1D,2026-05-12 09:00:00,14.0,14.3,13.95,14.05,10575500,DNSE
POW,1D,2026-05-13 09:00:00,14.05,14.4,14.0,14.2,13043000,DNSE
POW,1D,2026-05-14 09:00:00,14.25,14.4,13.9,14.0,14677800,DNSE
POW,1D,2026-05-15 09:00:00,14.1,14.1,13.85,14.1,8428800,DNSE
POW,1D,2026-05-18 09:00:00,14.1,14.6,13.95,14.3,24632600,DNSE
POW,1D,2026-05-19 09:00:00,14.35,14.4,13.85,14.0,14155300,DNSE
POW,1D,2026-05-20 09:00:00,14.05,14.05,13.2,13.85,17494300,DNSE
POW,1D,2026-05-21 09:00:00,13.85,13.85,13.5,13.5,7084200,DNSE
POW,1D,2026-05-22 09:00:00,13.5,13.65,13.3,13.6,6882400,DNSE
POW,1D,2026-05-25 09:00:00,13.65,13.85,13.6,13.65,6804000,DNSE
POW,1D,2026-05-26 09:00:00,13.65,13.8,13.55,13.65,5213600,DNSE
POW,1D,2026-05-27 09:00:00,13.8,14.15,13.75,14.05,14098600,DNSE
POW,1D,2026-05-28 09:00:00,14.05,14.3,13.85,13.85,7060500,DNSE
POW,1D,2026-05-29 09:00:00,13.85,13.9,13.7,13.7,7171800,DNSE
POW,1D,2026-06-01 09:00:00,13.8,13.8,13.65,13.8,4991200,DNSE
POW,1D,2026-06-02 09:00:00,13.85,13.85,13.5,13.55,6375900,DNSE
POW,1D,2026-06-03 09:00:00,13.55,13.65,13.4,13.55,5639500,DNSE
POW,1D,2026-06-04 09:00:00,13.6,13.85,13.5,13.7,5839800,DNSE
POW,1D,2026-06-05 09:00:00,13.7,13.7,13.45,13.45,4857300,DNSE
POW,1D,2026-06-08 09:00:00,13.5,13.7,13.4,13.45,7032400,DNSE
POW,1D,2026-06-09 09:00:00,13.5,13.65,13.3,13.65,4517400,DNSE
POW,1D,2026-06-10 09:00:00,13.65,13.7,13.5,13.65,3650400,DNSE
POW,1D,2026-06-11 09:00:00,13.55,13.6,13.5,13.6,3151200,DNSE
POW,1D,2026-06-12 09:00:00,13.65,13.7,13.4,13.5,4267900,DNSE
POW,1D,2026-06-15 09:00:00,13.55,14.0,13.5,13.9,9857800,DNSE
POW,1D,2026-06-16 09:00:00,13.95,14.35,13.9,14.15,18398500,DNSE
POW,1D,2026-06-17 09:00:00,14.25,14.3,14.05,14.15,7934500,DNSE
POW,1D,2026-06-18 09:00:00,14.15,14.35,14.1,14.2,8125800,DNSE
POW,1D,2026-06-19 09:00:00,14.2,14.2,13.85,13.9,11331600,DNSE
POW,1D,2026-06-22 09:00:00,14.0,14.55,13.8,14.5,15925700,DNSE
POW,1D,2026-06-23 09:00:00,14.5,14.6,14.1,14.3,9039400,DNSE
POW,1D,2026-06-24 09:00:00,14.25,14.3,14.0,14.1,5901100,DNSE
POW,1D,2026-06-25 09:00:00,14.15,14.6,14.1,14.5,22141900,DNSE
POW,1D,2026-06-26 09:00:00,14.5,14.9,14.45,14.8,20921500,DNSE
POW,1D,2026-06-29 09:00:00,14.85,15.1,14.65,14.8,14886200,DNSE
POW,1D,2026-06-30 09:00:00,14.8,14.95,14.65,14.7,11078700,DNSE
POW,1D,2026-07-01 09:00:00,14.65,14.85,14.6,14.6,14016400,DNSE
POW,1D,2026-07-02 09:00:00,14.65,14.9,14.5,14.9,11845400,DNSE
POW,1D,2026-07-03 09:00:00,14.95,15.0,14.65,14.9,11048900,DNSE
POW,1D,2026-07-06 09:00:00,14.8,15.15,14.5,14.8,20318900,DNSE
POW,1D,2026-07-07 09:00:00,14.85,14.85,14.5,14.7,8122400,DNSE
POW,1D,2026-07-08 09:00:00,14.75,14.85,14.5,14.7,7698900,DNSE
POW,1D,2026-07-09 09:00:00,14.65,14.65,14.2,14.2,13803500,DNSE
POW,1D,2026-07-10 09:00:00,14.25,14.35,14.1,14.1,8203900,DNSE
POW,1D,2026-07-13 09:00:00,14.15,14.15,13.65,13.8,13253100,DNSE
POW,1D,2026-07-14 09:00:00,13.8,14.1,13.65,14.1,6043800,DNSE
POW,1D,2026-07-15 09:00:00,14.0,14.05,13.8,13.9,5103300,DNSE
POW,1D,2026-07-16 09:00:00,13.9,14.1,13.4,14.1,11243100,DNSE
POW,1D,2026-07-17 09:00:00,14.05,14.05,13.7,13.9,4744700,DNSE
POW,1D,2026-07-20 09:00:00,13.8,13.8,13.05,13.55,11487700,DNSE
POW,1D,2026-07-21 09:00:00,13.6,13.75,13.35,13.55,8528600,DNSE
POW,1D,2026-07-22 09:00:00,13.55,13.7,13.1,13.2,9145300,DNSE
POW,1D,2026-07-23 09:00:00,13.25,13.55,13.0,13.55,8813800,DNSE
POW,1D,2026-07-24 09:00:00,13.4,13.45,13.2,13.35,4531800,DNSE
POW,1D,2026-07-27 09:00:00,13.35,13.45,13.2,13.2,3746500,DNSE
POW,1D,2026-07-28 09:00:00,13.1,13.3,12.9,13.3,6764100,DNSE
POW,1D,2026-07-29 09:00:00,13.35,13.35,13.05,13.35,5026300,DNSE
POW,1D,2026-07-30 09:00:00,13.35,13.7,13.35,13.7,8490000,DNSE
POW,1D,2026-07-31 09:00:00,13.95,14.1,13.6,13.6,12026900,DNSE
POW,1D,2026-08-03 09:00:00,13.85,13.95,13.65,13.95,6454800,DNSE
POW,1D,2026-08-04 09:00:00,14.0,14.0,13.75,13.9,5010300,DNSE
POW,1D,2026-08-05 09:00:00,14.05,14.05,13.65,13.8,9235600,DNSE
POW,1D,2026-08-06 09:00:00,13.8,13.8,13.4,13.4,8307700,DNSE
POW,1D,2026-08-07 09:00:00,13.45,13.8,13.45,13.6,6926700,DNSE
POW,1D,2026-08-10 09:00:00,13.7,13.9,13.6,13.85,6669700,DNSE
POW,1D,2026-08-11 09:00:00,13.8,13.9,13.7,13.75,5547300,DNSE
POW,1D,2026-08-12 09:00:00,13.8,13.8,13.6,13.75,6056700,DNSE
POW,1D,2026-08-13 09:00:00,13.75,13.75,13.5,13.5,7029400,DNSE
POW,1D,2026-08-14 09:00:00,13.5,13.5,13.2,13.25,8659900,DNSE
POW,1D,2026-08-17 09:00:00,13.3,13.35,13.2,13.35,2538900,DNSE
POW,1D,2026-08-18 09:00:00,13.35,13.6,13.3,13.35,4558700,DNSE
POW,1D,2026-08-19 09:00:00,13.3,13.4,13.25,13.35,2859700,DNSE
POW,1D,2026-08-20 09:00:00,13.4,13.55,13.3,13.4,2793400,DNSE
POW,1D,2026-08-21 09:00:00,13.4,13.6,13.3,13.6,6388700,DNSE
POW,1D,2026-08-24 09:00:00,13.65,13.7,13.5,13.55,8007800,DNSE
POW,1D,2026-08-25 09:00:00,13.55,13.65,13.3,13.3,7283800,DNSE
POW,1D,2026-08-26 09:00:00,13.3,13.45,13.2,13.3,8595700,DNSE
POW,1D,2026-08-27 09:00:00,13.35,13.4,13.1,13.15,8441100,DNSE
POW,1D,2026-08-28 09:00:00,13.2,13.25,13.05,13.1,8511300,DNSE
POW,1D,2026-09-03 09:00:00,13.25,13.25,12.95,12.95,9924400,DNSE
POW,1D,2026-09-04 09:00:00,13.0,13.05,12.8,12.85,8962800,DNSE
POW,1D,2026-09-07 09:00:00,12.85,13.0,12.8,12.85,4799000,DNSE
POW,1D,2026-09-08 09:00:00,12.9,12.95,12.75,12.75,6161800,DNSE
POW,1D,2026-09-09 09:00:00,12.75,13.0,12.75,12.9,4907500,DNSE
POW,1D,2026-09-10 09:00:00,12.9,13.0,12.75,12.85,4291300,DNSE
POW,1D,2026-09-11 09:00:00,12.85,12.85,12.6,12.6,5061000,DNSE
POW,1D,2026-09-14 09:00:00,12.6,12.75,12.05,12.4,12345500,DNSE
POW,1D,2026-09-15 09:00:00,12.45,12.5,12.3,12.45,4470900,DNSE
POW,1D,2026-09-16 09:00:00,12.5,12.75,12.45,12.65,7388000,DNSE
POW,1D,2026-09-17 09:00:00,12.65,12.75,12.55,12.6,4317800,DNSE
POW,1D,2026-09-18 09:00:00,12.7,12.75,12.6,12.6,4205800,DNSE
REE,1D,2025-10-01 09:00:00,56.48,56.65,56.05,56.31,230400,DNSE
REE,1D,2025-10-02 09:00:00,56.23,56.65,55.71,55.8,294700,DNSE
REE,1D,2025-10-03 09:00:00,55.8,55.97,55.2,55.2,278600,DNSE
REE,1D,2025-10-06 09:00:00,55.11,55.8,55.11,55.63,275400,DNSE
REE,1D,2025-10-07 09:00:00,55.8,55.8,55.28,55.54,329100,DNSE
REE,1D,2025-10-08 09:00:00,55.71,55.88,55.2,55.63,267800,DNSE
REE,1D,2025-10-09 09:00:00,56.05,56.05,55.2,55.28,387500,DNSE
REE,1D,2025-10-10 09:00:00,55.8,56.05,55.28,55.8,255200,DNSE
REE,1D,2025-10-13 09:00:00,55.63,55.63,55.28,55.45,346700,DNSE
REE,1D,2025-10-14 09:00:00,56.31,56.31,55.45,56.05,594700,DNSE
REE,1D,2025-10-15 09:00:00,56.05,56.14,55.28,55.37,511800,DNSE
REE,1D,2025-10-16 09:00:00,55.37,55.63,54.25,54.6,927200,DNSE
REE,1D,2025-10-17 09:00:00,54.6,54.94,53.83,53.83,707000,DNSE
REE,1D,2025-10-20 09:00:00,53.49,54.09,51.26,51.35,1277000,DNSE
REE,1D,2025-10-21 09:00:00,52.11,52.97,51.51,52.63,900900,DNSE
REE,1D,2025-10-22 09:00:00,52.71,53.23,52.03,52.89,274700,DNSE
REE,1D,2025-10-23 09:00:00,53.06,53.31,52.8,53.14,197800,DNSE
REE,1D,2025-10-24 09:00:00,53.06,53.31,52.37,53.14,259600,DNSE
REE,1D,2025-10-27 09:00:00,54.34,54.34,53.31,53.57,198300,DNSE
REE,1D,2025-10-28 09:00:00,54.0,54.34,53.31,54.34,272900,DNSE
REE,1D,2025-10-29 09:00:00,54.34,55.37,53.91,55.2,436100,DNSE
REE,1D,2025-10-30 09:00:00,54.85,55.71,54.85,55.71,266400,DNSE
REE,1D,2025-10-31 09:00:00,56.39,56.48,55.63,56.48,685300,DNSE
REE,1D,2025-11-03 09:00:00,56.05,56.83,55.63,55.63,281600,DNSE
REE,1D,2025-11-04 09:00:00,55.11,55.63,54.34,55.63,454100,DNSE
REE,1D,2025-11-05 09:00:00,55.88,55.88,55.28,55.8,144000,DNSE
REE,1D,2025-11-06 09:00:00,55.97,55.97,55.28,55.71,142200,DNSE
REE,1D,2025-11-07 09:00:00,55.97,55.97,54.94,55.28,281800,DNSE
REE,1D,2025-11-10 09:00:00,54.85,55.45,54.34,54.34,163500,DNSE
REE,1D,2025-11-11 09:00:00,54.43,55.03,54.34,54.69,105100,DNSE
REE,1D,2025-11-12 09:00:00,55.11,55.2,54.51,55.2,120300,DNSE
REE,1D,2025-11-13 09:00:00,55.63,56.83,55.28,56.31,459100,DNSE
REE,1D,2025-11-14 09:00:00,56.31,56.83,56.23,56.83,353300,DNSE
REE,1D,2025-11-17 09:00:00,57.17,57.17,56.39,56.74,211600,DNSE
REE,1D,2025-11-18 09:00:00,56.48,57.77,56.31,57.68,693800,DNSE
REE,1D,2025-11-19 09:00:00,57.68,58.79,57.59,58.19,1117000,DNSE
REE,1D,2025-11-20 09:00:00,58.19,58.28,57.77,57.77,439500,DNSE
REE,1D,2025-11-21 09:00:00,58.19,58.19,57.17,57.34,371100,DNSE
REE,1D,2025-11-24 09:00:00,57.34,57.34,56.48,56.74,286300,DNSE
REE,1D,2025-11-25 09:00:00,57.77,57.77,55.63,55.63,780400,DNSE
REE,1D,2025-11-26 09:00:00,56.23,56.23,55.2,55.63,450900,DNSE
REE,1D,2025-11-27 09:00:00,55.71,56.57,55.63,56.48,379800,DNSE
REE,1D,2025-11-28 09:00:00,56.39,56.48,55.71,55.8,133400,DNSE
REE,1D,2025-12-01 09:00:00,55.88,56.05,55.28,55.28,184900,DNSE
REE,1D,2025-12-02 09:00:00,55.28,55.45,53.91,54.0,475800,DNSE
REE,1D,2025-12-03 09:00:00,54.43,54.94,54.17,54.94,285700,DNSE
REE,1D,2025-12-04 09:00:00,55.54,55.54,54.51,54.69,377100,DNSE
REE,1D,2025-12-05 09:00:00,54.77,54.94,54.51,54.94,295700,DNSE
REE,1D,2025-12-08 09:00:00,54.17,55.11,54.17,54.25,266900,DNSE
REE,1D,2025-12-09 09:00:00,54.77,54.77,53.57,53.65,339000,DNSE
REE,1D,2025-12-10 09:00:00,54.6,54.6,53.49,54.17,225400,DNSE
REE,1D,2025-12-11 09:00:00,54.17,54.25,53.65,53.65,99500,DNSE
REE,1D,2025-12-12 09:00:00,53.91,54.0,53.31,53.31,169300,DNSE
REE,1D,2025-12-15 09:00:00,53.14,53.49,53.14,53.31,538800,DNSE
REE,1D,2025-12-16 09:00:00,53.14,53.74,51.77,53.57,360700,DNSE
REE,1D,2025-12-17 09:00:00,53.57,53.83,52.97,52.97,313900,DNSE
REE,1D,2025-12-18 09:00:00,52.97,53.06,52.63,52.63,331600,DNSE
REE,1D,2025-12-19 09:00:00,53.57,53.57,52.71,52.97,343000,DNSE
REE,1D,2025-12-22 09:00:00,53.4,53.4,52.63,52.97,303500,DNSE
REE,1D,2025-12-23 09:00:00,53.06,53.23,52.55,52.55,276500,DNSE
REE,1D,2025-12-24 09:00:00,52.71,52.97,52.11,52.2,262900,DNSE
REE,1D,2025-12-25 09:00:00,52.2,53.06,52.11,52.55,256700,DNSE
REE,1D,2025-12-26 09:00:00,52.55,52.71,52.2,52.46,302000,DNSE
REE,1D,2025-12-29 09:00:00,52.46,52.63,52.11,52.46,217500,DNSE
REE,1D,2025-12-30 09:00:00,52.46,52.63,52.2,52.37,232200,DNSE
REE,1D,2025-12-31 09:00:00,52.46,52.71,52.2,52.2,353900,DNSE
REE,1D,2026-01-05 09:00:00,52.46,53.06,52.03,52.03,744300,DNSE
REE,1D,2026-01-06 09:00:00,52.2,52.97,52.03,52.37,379100,DNSE
REE,1D,2026-01-07 09:00:00,52.37,53.4,52.37,53.06,638200,DNSE
REE,1D,2026-01-08 09:00:00,53.06,53.4,52.63,52.8,614900,DNSE
REE,1D,2026-01-09 09:00:00,53.06,53.49,52.2,52.2,781600,DNSE
REE,1D,2026-01-12 09:00:00,52.46,52.8,52.2,52.63,966300,DNSE
REE,1D,2026-01-13 09:00:00,53.74,54.25,53.06,53.14,1177200,DNSE
REE,1D,2026-01-14 09:00:00,53.14,54.17,53.14,53.31,1107100,DNSE
REE,1D,2026-01-15 09:00:00,53.83,53.83,53.14,53.31,584800,DNSE
REE,1D,2026-01-16 09:00:00,53.31,56.05,53.31,54.51,1132600,DNSE
REE,1D,2026-01-19 09:00:00,54.77,55.71,53.91,54.17,753300,DNSE
REE,1D,2026-01-20 09:00:00,54.25,54.6,53.65,53.74,762900,DNSE
REE,1D,2026-01-21 09:00:00,53.65,53.74,53.06,53.14,609900,DNSE
REE,1D,2026-01-22 09:00:00,54.0,54.69,53.65,54.09,824700,DNSE
REE,1D,2026-01-23 09:00:00,54.43,54.69,53.74,53.74,414800,DNSE
REE,1D,2026-01-26 09:00:00,54.0,54.09,52.8,52.89,715000,DNSE
REE,1D,2026-01-27 09:00:00,52.89,53.4,52.89,53.4,318600,DNSE
REE,1D,2026-01-28 09:00:00,53.74,53.74,52.8,52.89,533400,DNSE
REE,1D,2026-01-29 09:00:00,53.14,53.91,52.89,53.06,705100,DNSE
REE,1D,2026-01-30 09:00:00,53.4,53.49,52.89,53.14,740500,DNSE
REE,1D,2026-02-02 09:00:00,53.23,53.23,52.2,52.37,1188800,DNSE
REE,1D,2026-02-03 09:00:00,52.8,53.74,52.63,53.65,758400,DNSE
REE,1D,2026-02-04 09:00:00,53.83,53.91,53.06,53.57,512700,DNSE
REE,1D,2026-02-05 09:00:00,53.83,53.83,53.14,53.14,415900,DNSE
REE,1D,2026-02-06 09:00:00,53.4,53.4,52.46,52.46,645700,DNSE
REE,1D,2026-02-09 09:00:00,53.06,53.14,52.46,52.55,311300,DNSE
REE,1D,2026-02-10 09:00:00,52.55,52.63,51.77,51.77,744400,DNSE
REE,1D,2026-02-11 09:00:00,51.77,52.89,51.77,52.89,242000,DNSE
REE,1D,2026-02-12 09:00:00,52.89,53.06,52.63,53.06,235500,DNSE
REE,1D,2026-02-13 09:00:00,53.06,53.06,52.71,52.71,173900,DNSE
REE,1D,2026-02-23 09:00:00,53.06,53.31,52.89,53.06,363500,DNSE
REE,1D,2026-02-24 09:00:00,53.06,53.4,52.97,53.31,567800,DNSE
REE,1D,2026-02-25 09:00:00,53.4,53.91,53.31,53.91,858100,DNSE
REE,1D,2026-02-26 09:00:00,54.43,54.43,53.65,54.09,344200,DNSE
REE,1D,2026-02-27 09:00:00,54.17,54.17,53.48,53.74,267600,DNSE
REE,1D,2026-03-02 09:00:00,53.65,56.87,52.61,55.91,2052000,DNSE
REE,1D,2026-03-03 09:00:00,56.52,56.78,55.57,56.09,1073200,DNSE
REE,1D,2026-03-04 09:00:00,56.09,57.91,54.78,56.09,2125500,DNSE
REE,1D,2026-03-05 09:00:00,56.35,56.87,55.22,55.22,717300,DNSE
REE,1D,2026-03-06 09:00:00,55.57,55.57,53.04,53.91,967600,DNSE
REE,1D,2026-03-09 09:00:00,52.17,52.26,50.17,50.17,2300300,DNSE
REE,1D,2026-03-10 09:00:00,51.3,52.17,50.96,51.83,1093400,DNSE
REE,1D,2026-03-11 09:00:00,52.0,52.87,51.74,52.52,793300,DNSE
REE,1D,2026-03-12 09:00:00,52.26,54.78,51.3,54.35,1507700,DNSE
REE,1D,2026-03-13 09:00:00,54.61,56.17,54.43,55.48,1161100,DNSE
REE,1D,2026-03-16 09:00:00,56.35,56.35,53.91,55.13,1020100,DNSE
REE,1D,2026-03-17 09:00:00,55.13,55.22,54.35,54.78,624600,DNSE
REE,1D,2026-03-18 09:00:00,54.52,55.83,53.91,55.65,782200,DNSE
REE,1D,2026-03-19 09:00:00,54.87,57.83,54.52,56.87,2124200,DNSE
REE,1D,2026-03-20 09:00:00,56.87,60.78,56.61,58.61,3774400,DNSE
REE,1D,2026-03-23 09:00:00,58.7,60.61,55.65,56.52,1872100,DNSE
REE,1D,2026-03-24 09:00:00,58.09,58.7,56.78,57.65,1043400,DNSE
REE,1D,2026-03-25 09:00:00,58.0,61.65,57.65,61.65,3852100,DNSE
REE,1D,2026-03-26 09:00:00,63.04,63.04,61.65,62.35,2072000,DNSE
REE,1D,2026-03-27 09:00:00,61.74,63.04,61.13,62.35,1678800,DNSE
REE,1D,2026-03-30 09:00:00,62.35,64.52,60.87,60.87,3175200,DNSE
REE,1D,2026-03-31 09:00:00,60.87,61.74,59.48,59.57,2455900,DNSE
REE,1D,2026-04-01 09:00:00,60.87,61.3,58.61,58.61,1823500,DNSE
REE,1D,2026-04-02 09:00:00,58.61,59.39,57.39,57.65,1850200,DNSE
REE,1D,2026-04-03 09:00:00,58.26,58.61,56.0,56.0,2346300,DNSE
REE,1D,2026-04-06 09:00:00,56.96,57.04,55.74,56.0,1117900,DNSE
REE,1D,2026-04-07 09:00:00,57.13,57.39,56.0,56.7,888000,DNSE
REE,1D,2026-04-08 09:00:00,57.57,58.26,57.13,58.0,1457500,DNSE
REE,1D,2026-04-09 09:00:00,58.52,58.52,56.87,56.96,1008200,DNSE
REE,1D,2026-04-10 09:00:00,56.87,57.57,56.61,57.22,861800,DNSE
REE,1D,2026-04-13 09:00:00,57.57,58.43,57.48,57.83,825900,DNSE
REE,1D,2026-04-14 09:00:00,57.83,58.26,57.3,57.3,872700,DNSE
REE,1D,2026-04-15 09:00:00,58.09,58.09,56.09,56.43,1037100,DNSE
REE,1D,2026-04-16 09:00:00,56.43,56.87,55.65,56.09,722500,DNSE
REE,1D,2026-04-17 09:00:00,56.35,56.35,55.65,56.0,569400,DNSE
REE,1D,2026-04-20 09:00:00,55.83,56.96,55.65,56.78,1356300,DNSE
REE,1D,2026-04-21 09:00:00,57.39,57.39,56.09,56.35,1083900,DNSE
REE,1D,2026-04-22 09:00:00,56.7,56.7,55.91,56.35,775500,DNSE
REE,1D,2026-04-23 09:00:00,56.52,56.52,53.91,54.09,1868200,DNSE
REE,1D,2026-04-24 09:00:00,54.52,54.61,53.83,54.17,526500,DNSE
REE,1D,2026-04-28 09:00:00,54.7,54.7,52.17,52.17,1838100,DNSE
REE,1D,2026-04-29 09:00:00,52.17,53.39,52.17,52.43,934100,DNSE
REE,1D,2026-05-04 09:00:00,52.7,53.57,52.7,53.22,537600,DNSE
REE,1D,2026-05-05 09:00:00,53.22,53.57,52.7,52.87,449000,DNSE
REE,1D,2026-05-06 09:00:00,52.87,53.57,52.87,53.48,397100,DNSE
REE,1D,2026-05-07 09:00:00,53.48,54.35,53.3,53.39,988400,DNSE
REE,1D,2026-05-08 09:00:00,53.91,53.91,52.87,53.04,832300,DNSE
REE,1D,2026-05-11 09:00:00,53.83,53.83,52.96,53.13,518000,DNSE
REE,1D,2026-05-12 09:00:00,53.48,53.83,52.96,53.22,595100,DNSE
REE,1D,2026-05-13 09:00:00,53.39,53.39,52.61,52.96,844800,DNSE
REE,1D,2026-05-14 09:00:00,52.61,53.13,52.52,52.61,892800,DNSE
REE,1D,2026-05-15 09:00:00,52.78,52.87,52.26,52.43,704600,DNSE
REE,1D,2026-05-18 09:00:00,53.0,53.3,52.4,52.8,639600,DNSE
REE,1D,2026-05-19 09:00:00,53.1,53.9,52.9,53.7,694400,DNSE
REE,1D,2026-05-20 09:00:00,53.9,54.8,52.8,53.5,964800,DNSE
REE,1D,2026-05-21 09:00:00,54.0,54.0,52.9,53.3,460200,DNSE
REE,1D,2026-05-22 09:00:00,52.6,53.2,52.2,52.6,630000,DNSE
REE,1D,2026-05-25 09:00:00,52.7,53.3,52.3,52.4,386000,DNSE
REE,1D,2026-05-26 09:00:00,52.5,53.0,52.4,52.8,305900,DNSE
REE,1D,2026-05-27 09:00:00,53.2,53.3,52.8,53.3,400400,DNSE
REE,1D,2026-05-28 09:00:00,53.5,53.7,53.0,53.0,396200,DNSE
REE,1D,2026-05-29 09:00:00,53.1,53.1,52.3,52.7,395600,DNSE
REE,1D,2026-06-01 09:00:00,52.7,53.1,51.2,51.2,1109400,DNSE
REE,1D,2026-06-02 09:00:00,51.0,51.4,50.4,50.5,1086900,DNSE
REE,1D,2026-06-03 09:00:00,50.5,51.3,50.5,51.2,290200,DNSE
REE,1D,2026-06-04 09:00:00,51.3,51.4,50.8,51.2,200600,DNSE
REE,1D,2026-06-05 09:00:00,51.2,51.3,50.8,50.9,177800,DNSE
REE,1D,2026-06-08 09:00:00,50.9,50.9,50.2,50.2,515200,DNSE
REE,1D,2026-06-09 09:00:00,50.3,50.7,50.0,50.2,330700,DNSE
REE,1D,2026-06-10 09:00:00,50.0,50.5,50.0,50.3,465100,DNSE
REE,1D,2026-06-11 09:00:00,50.3,51.0,50.3,50.6,250000,DNSE
REE,1D,2026-06-12 09:00:00,50.7,50.9,50.2,50.4,300100,DNSE
REE,1D,2026-06-15 09:00:00,50.6,51.0,50.4,51.0,440100,DNSE
REE,1D,2026-06-16 09:00:00,51.1,51.1,50.6,50.9,335500,DNSE
REE,1D,2026-06-17 09:00:00,50.8,51.0,50.6,50.9,305800,DNSE
REE,1D,2026-06-18 09:00:00,50.7,50.9,50.5,50.5,266600,DNSE
REE,1D,2026-06-19 09:00:00,50.7,50.7,50.4,50.4,225400,DNSE
REE,1D,2026-06-22 09:00:00,50.8,51.2,50.3,51.2,312400,DNSE
REE,1D,2026-06-23 09:00:00,51.2,51.2,50.3,50.6,292700,DNSE
REE,1D,2026-06-24 09:00:00,50.4,50.8,50.1,50.3,230400,DNSE
REE,1D,2026-06-25 09:00:00,50.4,50.4,49.85,49.85,423800,DNSE
REE,1D,2026-06-26 09:00:00,49.85,49.9,49.2,49.2,443300,DNSE
REE,1D,2026-06-29 09:00:00,49.1,49.85,49.1,49.75,292600,DNSE
REE,1D,2026-06-30 09:00:00,49.75,50.4,49.5,49.65,319600,DNSE
REE,1D,2026-07-01 09:00:00,50.4,50.4,49.7,49.9,228200,DNSE
REE,1D,2026-07-02 09:00:00,49.9,50.1,49.65,49.65,281400,DNSE
REE,1D,2026-07-03 09:00:00,49.5,49.7,48.8,48.8,729600,DNSE
REE,1D,2026-07-06 09:00:00,48.8,48.9,46.8,47.25,1118200,DNSE
REE,1D,2026-07-07 09:00:00,47.25,47.75,46.8,47.45,572300,DNSE
REE,1D,2026-07-08 09:00:00,47.75,47.75,47.0,47.2,482300,DNSE
REE,1D,2026-07-09 09:00:00,47.2,47.5,47.2,47.2,377200,DNSE
REE,1D,2026-07-10 09:00:00,47.25,47.6,47.0,47.0,314100,DNSE
REE,1D,2026-07-13 09:00:00,47.1,47.1,46.1,46.15,643300,DNSE
REE,1D,2026-07-14 09:00:00,46.2,46.5,46.05,46.15,377800,DNSE
REE,1D,2026-07-15 09:00:00,46.5,46.55,46.15,46.2,197200,DNSE
REE,1D,2026-07-16 09:00:00,46.2,46.3,45.3,45.85,492900,DNSE
REE,1D,2026-07-17 09:00:00,46.0,47.3,46.0,46.25,477300,DNSE
REE,1D,2026-07-20 09:00:00,46.55,46.55,45.4,45.45,550500,DNSE
REE,1D,2026-07-21 09:00:00,45.4,46.3,45.15,45.6,398700,DNSE
REE,1D,2026-07-22 09:00:00,46.0,46.1,43.85,43.85,1104500,DNSE
REE,1D,2026-07-23 09:00:00,43.9,45.0,42.5,44.5,795600,DNSE
REE,1D,2026-07-24 09:00:00,44.0,44.75,44.0,44.4,304800,DNSE
REE,1D,2026-07-27 09:00:00,45.5,45.5,43.85,44.4,569800,DNSE
REE,1D,2026-07-28 09:00:00,44.35,44.95,43.8,44.5,476200,DNSE
REE,1D,2026-07-29 09:00:00,44.9,44.9,44.35,44.5,340700,DNSE
REE,1D,2026-07-30 09:00:00,44.7,45.4,44.35,45.3,601200,DNSE
REE,1D,2026-07-31 09:00:00,45.7,46.5,45.3,46.5,1294700,DNSE
REE,1D,2026-08-03 09:00:00,46.5,48.4,46.5,48.4,985700,DNSE
REE,1D,2026-08-04 09:00:00,48.0,48.35,47.9,48.35,329900,DNSE
REE,1D,2026-08-05 09:00:00,48.35,48.7,47.4,47.45,505300,DNSE
REE,1D,2026-08-06 09:00:00,47.85,47.85,46.9,47.5,278600,DNSE
REE,1D,2026-08-07 09:00:00,47.3,48.1,47.1,47.1,270100,DNSE
REE,1D,2026-08-10 09:00:00,47.45,48.0,47.45,47.6,262300,DNSE
REE,1D,2026-08-11 09:00:00,47.7,47.9,47.2,47.25,249100,DNSE
REE,1D,2026-08-12 09:00:00,47.25,47.4,47.0,47.15,310400,DNSE
REE,1D,2026-08-13 09:00:00,47.4,47.7,46.6,46.6,352900,DNSE
REE,1D,2026-08-14 09:00:00,46.6,46.65,45.8,45.9,322800,DNSE
REE,1D,2026-08-17 09:00:00,45.95,45.95,45.35,45.55,240400,DNSE
REE,1D,2026-08-18 09:00:00,45.75,46.0,45.35,45.35,212100,DNSE
REE,1D,2026-08-19 09:00:00,45.3,45.75,45.25,45.75,244000,DNSE
REE,1D,2026-08-20 09:00:00,45.75,46.2,45.5,45.6,165300,DNSE
REE,1D,2026-08-21 09:00:00,45.7,46.5,45.5,46.1,384700,DNSE
REE,1D,2026-08-24 09:00:00,46.7,46.7,46.05,46.15,396800,DNSE
REE,1D,2026-08-25 09:00:00,46.35,46.6,45.2,45.2,461400,DNSE
REE,1D,2026-08-26 09:00:00,45.25,46.15,45.25,45.95,310000,DNSE
REE,1D,2026-08-27 09:00:00,46.1,46.35,45.75,45.8,214300,DNSE
REE,1D,2026-08-28 09:00:00,46.05,46.05,45.5,45.55,322700,DNSE
REE,1D,2026-09-03 09:00:00,45.65,45.75,45.2,45.25,355200,DNSE
REE,1D,2026-09-04 09:00:00,45.3,45.65,45.25,45.55,182700,DNSE
REE,1D,2026-09-07 09:00:00,45.8,45.9,45.55,45.75,206900,DNSE
REE,1D,2026-09-08 09:00:00,45.8,45.8,45.55,45.65,135900,DNSE
REE,1D,2026-09-09 09:00:00,45.65,45.8,45.3,45.4,201500,DNSE
REE,1D,2026-09-10 09:00:00,45.85,45.85,45.4,45.5,152600,DNSE
REE,1D,2026-09-11 09:00:00,45.5,45.55,44.9,44.95,397100,DNSE
REE,1D,2026-09-14 09:00:00,44.95,45.25,44.85,45.0,437200,DNSE
REE,1D,2026-09-15 09:00:00,45.25,45.5,45.0,45.3,280900,DNSE
REE,1D,2026-09-16 09:00:00,45.0,45.4,44.95,45.3,332200,DNSE
REE,1D,2026-09-17 09:00:00,45.3,45.45,45.0,45.3,240800,DNSE
REE,1D,2026-09-18 09:00:00,45.7,47.3,45.6,47.05,1001000,DNSE
SAB,1D,2025-10-01 09:00:00,40.65,40.88,40.56,40.65,324100,DNSE
SAB,1D,2025-10-02 09:00:00,40.75,41.06,40.75,40.75,696400,DNSE
SAB,1D,2025-10-03 09:00:00,40.78,41.1,40.75,40.88,425600,DNSE
SAB,1D,2025-10-06 09:00:00,41.33,41.46,41.01,41.41,894200,DNSE
SAB,1D,2025-10-07 09:00:00,41.68,41.68,41.19,41.28,690800,DNSE
SAB,1D,2025-10-08 09:00:00,41.55,41.64,41.23,41.23,517900,DNSE
SAB,1D,2025-10-09 09:00:00,41.28,41.33,40.88,40.92,557300,DNSE
SAB,1D,2025-10-10 09:00:00,40.92,41.23,40.88,41.15,481500,DNSE
SAB,1D,2025-10-13 09:00:00,40.83,41.23,40.7,41.23,521600,DNSE
SAB,1D,2025-10-14 09:00:00,41.1,41.23,40.75,40.75,579100,DNSE
SAB,1D,2025-10-15 09:00:00,40.78,41.01,40.61,40.61,544100,DNSE
SAB,1D,2025-10-16 09:00:00,40.65,40.92,40.48,40.56,467500,DNSE
SAB,1D,2025-10-17 09:00:00,40.56,40.83,40.3,40.61,825800,DNSE
SAB,1D,2025-10-20 09:00:00,40.43,40.61,39.48,39.48,961100,DNSE
SAB,1D,2025-10-21 09:00:00,39.62,39.93,39.48,39.89,806800,DNSE
SAB,1D,2025-10-22 09:00:00,39.89,40.2,39.71,40.2,390300,DNSE
SAB,1D,2025-10-23 09:00:00,40.2,40.96,39.98,40.78,730200,DNSE
SAB,1D,2025-10-24 09:00:00,40.83,40.83,40.38,40.52,354200,DNSE
SAB,1D,2025-10-27 09:00:00,40.83,41.06,40.56,40.78,691600,DNSE
SAB,1D,2025-10-28 09:00:00,40.78,40.96,40.7,40.78,405600,DNSE
SAB,1D,2025-10-29 09:00:00,41.1,41.28,40.78,41.06,762700,DNSE
SAB,1D,2025-10-30 09:00:00,41.19,41.19,40.75,41.01,623700,DNSE
SAB,1D,2025-10-31 09:00:00,41.15,41.19,40.92,41.15,575000,DNSE
SAB,1D,2025-11-03 09:00:00,41.1,41.86,41.06,41.55,858900,DNSE
SAB,1D,2025-11-04 09:00:00,41.68,41.68,40.83,41.5,851500,DNSE
SAB,1D,2025-11-05 09:00:00,41.55,41.6,41.23,41.46,566500,DNSE
SAB,1D,2025-11-06 09:00:00,41.28,41.55,41.19,41.41,543600,DNSE
SAB,1D,2025-11-07 09:00:00,41.19,41.64,41.19,41.37,560000,DNSE
SAB,1D,2025-11-10 09:00:00,41.46,41.6,41.28,41.28,515600,DNSE
SAB,1D,2025-11-11 09:00:00,41.23,42.4,41.19,42.0,1271900,DNSE
SAB,1D,2025-11-12 09:00:00,42.0,42.27,41.82,42.13,753600,DNSE
SAB,1D,2025-11-13 09:00:00,42.27,42.67,42.05,42.53,1122200,DNSE
SAB,1D,2025-11-14 09:00:00,42.53,42.67,42.22,42.27,842800,DNSE
SAB,1D,2025-11-17 09:00:00,42.27,42.72,42.27,42.4,1032700,DNSE
SAB,1D,2025-11-18 09:00:00,42.45,42.63,42.0,42.36,623200,DNSE
SAB,1D,2025-11-19 09:00:00,42.36,42.36,42.08,42.18,665000,DNSE
SAB,1D,2025-11-20 09:00:00,42.53,42.63,42.13,42.22,776700,DNSE
SAB,1D,2025-11-21 09:00:00,42.13,42.13,41.73,41.91,542300,DNSE
SAB,1D,2025-11-24 09:00:00,41.91,42.18,41.41,41.41,863800,DNSE
SAB,1D,2025-11-25 09:00:00,41.46,42.0,41.37,41.55,435300,DNSE
SAB,1D,2025-11-26 09:00:00,41.64,42.0,41.64,41.73,374600,DNSE
SAB,1D,2025-11-27 09:00:00,41.95,41.95,41.6,41.64,301100,DNSE
SAB,1D,2025-11-28 09:00:00,41.64,41.86,41.55,41.64,381200,DNSE
SAB,1D,2025-12-01 09:00:00,41.78,44.51,41.78,43.97,4104800,DNSE
SAB,1D,2025-12-02 09:00:00,43.97,47.02,43.83,47.02,5646800,DNSE
SAB,1D,2025-12-03 09:00:00,48.46,48.82,46.58,46.58,3231900,DNSE
SAB,1D,2025-12-04 09:00:00,46.22,46.85,45.32,45.68,2805000,DNSE
SAB,1D,2025-12-05 09:00:00,45.68,46.03,44.69,44.69,2542700,DNSE
SAB,1D,2025-12-08 09:00:00,44.69,47.74,44.6,47.74,5248000,DNSE
SAB,1D,2025-12-09 09:00:00,48.9,49.63,47.83,47.83,4328800,DNSE
SAB,1D,2025-12-10 09:00:00,47.83,47.92,46.13,46.22,2433700,DNSE
SAB,1D,2025-12-11 09:00:00,46.4,47.56,46.22,46.93,1643600,DNSE
SAB,1D,2025-12-12 09:00:00,46.67,47.2,44.83,44.87,2534500,DNSE
SAB,1D,2025-12-15 09:00:00,45.13,46.22,44.87,45.32,1509700,DNSE
SAB,1D,2025-12-16 09:00:00,45.77,46.67,43.16,46.4,2083100,DNSE
SAB,1D,2025-12-17 09:00:00,46.48,46.48,44.96,44.96,1555300,DNSE
SAB,1D,2025-12-18 09:00:00,45.41,45.5,44.69,45.05,1042600,DNSE
SAB,1D,2025-12-19 09:00:00,45.05,45.05,44.51,44.6,1138800,DNSE
SAB,1D,2025-12-22 09:00:00,44.6,45.13,44.38,44.51,995900,DNSE
SAB,1D,2025-12-23 09:00:00,44.6,44.78,43.88,44.42,1429100,DNSE
SAB,1D,2025-12-24 09:00:00,44.42,44.51,43.8,43.8,997100,DNSE
SAB,1D,2025-12-25 09:00:00,43.8,44.42,43.25,43.25,1145900,DNSE
SAB,1D,2025-12-26 09:00:00,43.16,44.15,43.16,43.75,1433800,DNSE
SAB,1D,2025-12-29 09:00:00,43.8,44.2,43.61,43.8,882900,DNSE
SAB,1D,2025-12-30 09:00:00,43.88,44.78,43.43,44.51,1279000,DNSE
SAB,1D,2025-12-31 09:00:00,44.51,44.51,43.97,43.97,579700,DNSE
SAB,1D,2026-01-05 09:00:00,44.11,44.15,43.12,43.16,1623700,DNSE
SAB,1D,2026-01-06 09:00:00,43.25,43.25,42.31,42.67,1942000,DNSE
SAB,1D,2026-01-07 09:00:00,42.72,43.83,42.72,43.53,2000300,DNSE
SAB,1D,2026-01-08 09:00:00,43.53,44.33,43.35,43.35,1599300,DNSE
SAB,1D,2026-01-09 09:00:00,43.88,44.78,43.61,43.93,2041500,DNSE
SAB,1D,2026-01-12 09:00:00,44.16,44.4,43.18,43.97,1678300,DNSE
SAB,1D,2026-01-13 09:00:00,44.02,46.97,44.02,46.97,3322400,DNSE
SAB,1D,2026-01-14 09:00:00,48.0,50.24,48.0,50.24,4550700,DNSE
SAB,1D,2026-01-15 09:00:00,51.46,53.42,49.31,49.31,6078400,DNSE
SAB,1D,2026-01-16 09:00:00,49.31,50.34,48.47,49.12,2852800,DNSE
SAB,1D,2026-01-19 09:00:00,49.12,49.31,46.97,47.81,2768200,DNSE
SAB,1D,2026-01-20 09:00:00,48.65,50.8,48.18,48.93,3633500,DNSE
SAB,1D,2026-01-21 09:00:00,48.65,48.65,46.97,47.34,2222400,DNSE
SAB,1D,2026-01-22 09:00:00,47.72,48.65,47.25,47.34,1396700,DNSE
SAB,1D,2026-01-23 09:00:00,47.44,48.0,45.75,46.13,2328200,DNSE
SAB,1D,2026-01-26 09:00:00,46.13,46.78,45.19,45.38,1694200,DNSE
SAB,1D,2026-01-27 09:00:00,45.8,46.36,45.14,46.36,1290400,DNSE
SAB,1D,2026-01-28 09:00:00,46.69,47.06,45.61,45.8,1151800,DNSE
SAB,1D,2026-01-29 09:00:00,45.94,47.34,45.85,47.06,1623900,DNSE
SAB,1D,2026-01-30 09:00:00,47.72,48.09,46.69,46.69,1724800,DNSE
SAB,1D,2026-02-02 09:00:00,46.69,47.62,46.03,46.69,1193500,DNSE
SAB,1D,2026-02-03 09:00:00,47.62,49.03,47.06,48.75,2564900,DNSE
SAB,1D,2026-02-04 09:00:00,49.03,49.87,48.28,48.37,1558600,DNSE
SAB,1D,2026-02-05 09:00:00,48.84,48.84,46.78,46.87,1682000,DNSE
SAB,1D,2026-02-06 09:00:00,46.31,46.59,45.56,45.61,1886100,DNSE
SAB,1D,2026-02-09 09:00:00,45.75,46.27,45.75,46.27,519800,DNSE
SAB,1D,2026-02-10 09:00:00,46.27,46.45,44.68,45.24,1278300,DNSE
SAB,1D,2026-02-11 09:00:00,45.28,45.66,44.96,45.56,675500,DNSE
SAB,1D,2026-02-12 09:00:00,45.56,46.03,45.38,45.66,508400,DNSE
SAB,1D,2026-02-13 09:00:00,45.85,45.85,45.28,45.38,758900,DNSE
SAB,1D,2026-02-23 09:00:00,45.47,45.99,45.47,45.71,747400,DNSE
SAB,1D,2026-02-24 09:00:00,45.71,46.08,45.52,45.66,812400,DNSE
SAB,1D,2026-02-25 09:00:00,45.66,46.69,45.66,46.03,1341700,DNSE
SAB,1D,2026-02-26 09:00:00,46.31,46.36,45.66,45.94,1107900,DNSE
SAB,1D,2026-02-27 09:00:00,45.94,46.03,45.24,45.28,1197000,DNSE
SAB,1D,2026-03-02 09:00:00,44.02,44.77,43.97,44.16,1618800,DNSE
SAB,1D,2026-03-03 09:00:00,43.97,44.4,42.38,43.04,2424900,DNSE
SAB,1D,2026-03-04 09:00:00,43.09,43.51,42.29,43.04,1327100,DNSE
SAB,1D,2026-03-05 09:00:00,43.18,43.46,42.71,42.71,768200,DNSE
SAB,1D,2026-03-06 09:00:00,42.71,43.23,42.62,42.66,804600,DNSE
SAB,1D,2026-03-09 09:00:00,40.93,41.17,39.72,39.72,3538000,DNSE
SAB,1D,2026-03-10 09:00:00,40.79,41.87,40.33,41.87,1473200,DNSE
SAB,1D,2026-03-11 09:00:00,41.73,42.1,41.21,41.92,966300,DNSE
SAB,1D,2026-03-12 09:00:00,41.78,41.78,40.89,40.93,824200,DNSE
SAB,1D,2026-03-13 09:00:00,40.93,41.78,40.84,41.54,599500,DNSE
SAB,1D,2026-03-16 09:00:00,41.35,41.78,41.26,41.64,465900,DNSE
SAB,1D,2026-03-17 09:00:00,41.64,42.29,41.49,41.49,700800,DNSE
SAB,1D,2026-03-18 09:00:00,41.64,41.96,41.07,41.59,577100,DNSE
SAB,1D,2026-03-19 09:00:00,41.49,41.59,40.79,41.49,840600,DNSE
SAB,1D,2026-03-20 09:00:00,41.49,41.49,39.86,39.86,1019800,DNSE
SAB,1D,2026-03-23 09:00:00,39.76,40.42,39.48,40.14,789200,DNSE
SAB,1D,2026-03-24 09:00:00,40.65,42.2,40.47,42.2,779500,DNSE
SAB,1D,2026-03-25 09:00:00,41.92,42.24,41.54,41.87,817400,DNSE
SAB,1D,2026-03-26 09:00:00,41.78,41.78,40.79,40.93,472100,DNSE
SAB,1D,2026-03-27 09:00:00,41.17,41.49,40.93,41.31,346700,DNSE
SAB,1D,2026-03-30 09:00:00,41.07,41.68,39.34,41.31,668100,DNSE
SAB,1D,2026-03-31 09:00:00,41.4,41.78,41.31,41.45,413500,DNSE
SAB,1D,2026-04-01 09:00:00,41.87,41.92,41.49,41.64,469200,DNSE
SAB,1D,2026-04-02 09:00:00,41.82,41.82,41.26,41.35,401600,DNSE
SAB,1D,2026-04-03 09:00:00,41.73,41.87,41.26,41.26,543600,DNSE
SAB,1D,2026-04-06 09:00:00,41.35,41.87,41.21,41.54,640800,DNSE
SAB,1D,2026-04-07 09:00:00,41.59,41.73,41.07,41.21,408500,DNSE
SAB,1D,2026-04-08 09:00:00,42.06,42.62,41.64,42.48,901300,DNSE
SAB,1D,2026-04-09 09:00:00,42.1,42.52,41.96,42.2,510700,DNSE
SAB,1D,2026-04-10 09:00:00,42.24,42.99,42.24,42.85,627600,DNSE
SAB,1D,2026-04-13 09:00:00,42.57,43.04,42.34,42.52,427500,DNSE
SAB,1D,2026-04-14 09:00:00,42.8,42.99,42.15,42.24,554900,DNSE
SAB,1D,2026-04-15 09:00:00,42.71,43.37,42.24,43.18,805700,DNSE
SAB,1D,2026-04-16 09:00:00,43.23,43.23,42.38,42.8,349400,DNSE
SAB,1D,2026-04-17 09:00:00,43.04,43.46,42.38,42.57,676000,DNSE
SAB,1D,2026-04-20 09:00:00,42.57,42.95,42.43,42.57,249100,DNSE
SAB,1D,2026-04-21 09:00:00,42.76,42.76,42.24,42.24,486700,DNSE
SAB,1D,2026-04-22 09:00:00,42.29,42.38,41.92,42.15,621600,DNSE
SAB,1D,2026-04-23 09:00:00,42.15,45.1,41.96,45.1,3372800,DNSE
SAB,1D,2026-04-24 09:00:00,45.0,45.0,43.65,43.97,825900,DNSE
SAB,1D,2026-04-28 09:00:00,44.21,46.22,44.07,45.38,1524700,DNSE
SAB,1D,2026-04-29 09:00:00,44.91,45.38,44.44,44.44,590700,DNSE
SAB,1D,2026-05-04 09:00:00,44.44,44.72,43.55,44.3,884900,DNSE
SAB,1D,2026-05-05 09:00:00,44.21,44.25,43.18,44.02,1090900,DNSE
SAB,1D,2026-05-06 09:00:00,43.97,44.72,43.55,44.72,654100,DNSE
SAB,1D,2026-05-07 09:00:00,44.72,44.72,43.51,43.65,1146500,DNSE
SAB,1D,2026-05-08 09:00:00,43.41,43.65,43.23,43.27,886100,DNSE
SAB,1D,2026-05-11 09:00:00,43.27,44.72,42.85,44.54,1480800,DNSE
SAB,1D,2026-05-12 09:00:00,44.63,44.68,43.55,43.97,656300,DNSE
SAB,1D,2026-05-13 09:00:00,43.97,43.97,43.18,43.55,586800,DNSE
SAB,1D,2026-05-14 09:00:00,43.65,44.44,43.65,43.97,511700,DNSE
SAB,1D,2026-05-15 09:00:00,44.4,45.94,44.11,45.42,1646900,DNSE
SAB,1D,2026-05-18 09:00:00,45.42,45.52,44.68,45.28,570000,DNSE
SAB,1D,2026-05-19 09:00:00,45.33,46.03,44.58,45.38,972600,DNSE
SAB,1D,2026-05-20 09:00:00,45.38,45.38,44.16,44.63,716000,DNSE
SAB,1D,2026-05-21 09:00:00,45.0,45.52,44.58,44.91,665600,DNSE
SAB,1D,2026-05-22 09:00:00,45.19,46.17,44.96,45.0,917600,DNSE
SAB,1D,2026-05-25 09:00:00,44.91,45.8,44.77,44.82,439000,DNSE
SAB,1D,2026-05-26 09:00:00,44.91,44.91,44.07,44.16,880400,DNSE
SAB,1D,2026-05-27 09:00:00,44.3,44.68,44.02,44.68,437900,DNSE
SAB,1D,2026-05-28 09:00:00,44.63,44.63,44.16,44.16,345600,DNSE
SAB,1D,2026-05-29 09:00:00,44.25,44.35,43.93,43.93,520300,DNSE
SAB,1D,2026-06-01 09:00:00,43.83,44.21,43.79,44.16,416200,DNSE
SAB,1D,2026-06-02 09:00:00,44.11,44.21,43.79,43.97,596100,DNSE
SAB,1D,2026-06-03 09:00:00,43.74,45.0,43.74,44.44,625500,DNSE
SAB,1D,2026-06-04 09:00:00,44.44,44.82,44.3,44.72,285400,DNSE
SAB,1D,2026-06-05 09:00:00,44.82,45.19,43.97,44.72,589100,DNSE
SAB,1D,2026-06-08 09:00:00,44.72,44.72,43.6,43.97,771900,DNSE
SAB,1D,2026-06-09 09:00:00,44.21,44.35,43.97,44.11,316800,DNSE
SAB,1D,2026-06-10 09:00:00,44.25,44.49,44.11,44.49,284900,DNSE
SAB,1D,2026-06-11 09:00:00,44.44,46.03,44.4,45.47,1436400,DNSE
SAB,1D,2026-06-12 09:00:00,45.56,46.17,45.38,45.47,850800,DNSE
SAB,1D,2026-06-15 09:00:00,45.38,46.13,45.05,45.38,567600,DNSE
SAB,1D,2026-06-16 09:00:00,45.38,46.64,45.05,45.94,1268100,DNSE
SAB,1D,2026-06-17 09:00:00,45.94,46.22,45.52,45.66,423500,DNSE
SAB,1D,2026-06-18 09:00:00,45.47,45.56,45.1,45.1,563100,DNSE
SAB,1D,2026-06-19 09:00:00,45.1,45.33,45.0,45.05,318800,DNSE
SAB,1D,2026-06-22 09:00:00,45.0,45.28,44.96,45.1,310900,DNSE
SAB,1D,2026-06-23 09:00:00,45.8,45.8,44.54,44.72,602600,DNSE
SAB,1D,2026-06-24 09:00:00,44.72,44.96,44.44,44.72,266600,DNSE
SAB,1D,2026-06-25 09:00:00,44.86,45.8,44.86,45.47,642500,DNSE
SAB,1D,2026-06-26 09:00:00,45.52,45.75,45.38,45.56,485600,DNSE
SAB,1D,2026-06-29 09:00:00,45.61,45.8,44.72,44.91,753400,DNSE
SAB,1D,2026-06-30 09:00:00,45.0,45.56,45.0,45.38,653200,DNSE
SAB,1D,2026-07-01 09:00:00,45.38,45.47,45.0,45.24,372900,DNSE
SAB,1D,2026-07-02 09:00:00,45.24,45.66,45.1,45.47,650500,DNSE
SAB,1D,2026-07-03 09:00:00,45.66,45.66,44.82,44.82,800100,DNSE
SAB,1D,2026-07-06 09:00:00,44.82,45.05,43.79,44.11,863000,DNSE
SAB,1D,2026-07-07 09:00:00,44.11,44.4,43.97,44.21,398900,DNSE
SAB,1D,2026-07-08 09:00:00,44.21,44.35,44.02,44.16,485900,DNSE
SAB,1D,2026-07-09 09:00:00,44.16,44.58,44.07,44.11,302100,DNSE
SAB,1D,2026-07-10 09:00:00,44.16,44.35,43.79,44.11,377800,DNSE
SAB,1D,2026-07-13 09:00:00,44.11,44.16,42.95,43.18,900100,DNSE
SAB,1D,2026-07-14 09:00:00,43.18,43.88,42.95,43.79,400600,DNSE
SAB,1D,2026-07-15 09:00:00,43.93,43.93,43.04,43.09,311700,DNSE
SAB,1D,2026-07-16 09:00:00,43.13,43.6,42.8,43.37,515200,DNSE
SAB,1D,2026-07-17 09:00:00,43.32,43.88,43.09,43.88,341400,DNSE
SAB,1D,2026-07-20 09:00:00,44.02,44.82,43.79,44.25,609300,DNSE
SAB,1D,2026-07-21 09:00:00,44.07,44.49,43.97,43.97,492300,DNSE
SAB,1D,2026-07-22 09:00:00,44.25,44.25,43.88,43.93,518500,DNSE
SAB,1D,2026-07-23 09:00:00,44.21,44.21,42.1,43.97,875600,DNSE
SAB,1D,2026-07-24 09:00:00,43.88,43.88,43.09,43.51,618600,DNSE
SAB,1D,2026-07-27 09:00:00,43.69,44.11,43.46,43.6,892500,DNSE
SAB,1D,2026-07-28 09:00:00,43.0,43.5,42.7,43.15,567000,DNSE
SAB,1D,2026-07-29 09:00:00,43.4,43.4,42.95,43.0,547800,DNSE
SAB,1D,2026-07-30 09:00:00,43.5,44.0,43.0,43.4,677700,DNSE
SAB,1D,2026-07-31 09:00:00,43.95,44.0,43.55,43.55,518400,DNSE
SAB,1D,2026-08-03 09:00:00,43.9,44.8,43.55,44.8,1227400,DNSE
SAB,1D,2026-08-04 09:00:00,44.65,45.15,44.25,45.1,643600,DNSE
SAB,1D,2026-08-05 09:00:00,45.0,45.1,44.4,44.4,488100,DNSE
SAB,1D,2026-08-06 09:00:00,44.35,44.4,43.7,43.7,580800,DNSE
SAB,1D,2026-08-07 09:00:00,43.7,45.3,43.7,44.75,782500,DNSE
SAB,1D,2026-08-10 09:00:00,45.1,46.55,44.85,46.5,2429700,DNSE
SAB,1D,2026-08-11 09:00:00,46.05,46.35,45.65,45.65,549400,DNSE
SAB,1D,2026-08-12 09:00:00,45.9,46.35,45.35,46.3,965700,DNSE
SAB,1D,2026-08-13 09:00:00,46.25,46.3,45.55,45.85,687300,DNSE
SAB,1D,2026-08-14 09:00:00,45.85,46.5,45.3,45.3,812400,DNSE
SAB,1D,2026-08-17 09:00:00,45.3,45.9,45.05,45.75,644800,DNSE
SAB,1D,2026-08-18 09:00:00,45.85,46.3,45.5,46.3,907600,DNSE
SAB,1D,2026-08-19 09:00:00,46.2,46.55,45.65,45.9,445500,DNSE
SAB,1D,2026-08-20 09:00:00,45.95,47.2,45.9,46.8,1646400,DNSE
SAB,1D,2026-08-21 09:00:00,47.0,47.0,46.4,46.8,646200,DNSE
SAB,1D,2026-08-24 09:00:00,46.9,46.9,45.65,46.1,1184800,DNSE
SAB,1D,2026-08-25 09:00:00,45.85,46.35,45.6,46.1,630400,DNSE
SAB,1D,2026-08-26 09:00:00,46.1,46.65,45.75,46.15,490300,DNSE
SAB,1D,2026-08-27 09:00:00,46.1,46.25,45.65,45.75,382500,DNSE
SAB,1D,2026-08-28 09:00:00,45.95,46.1,45.6,45.6,564100,DNSE
SAB,1D,2026-09-03 09:00:00,45.6,45.8,44.9,45.0,761300,DNSE
SAB,1D,2026-09-04 09:00:00,45.2,45.5,44.9,45.35,352900,DNSE
SAB,1D,2026-09-07 09:00:00,45.35,45.35,44.85,44.85,378700,DNSE
SAB,1D,2026-09-08 09:00:00,44.85,45.05,44.6,44.95,316200,DNSE
SAB,1D,2026-09-09 09:00:00,44.95,45.1,44.6,44.65,443900,DNSE
SAB,1D,2026-09-10 09:00:00,44.7,45.05,44.65,44.85,306400,DNSE
SAB,1D,2026-09-11 09:00:00,44.6,44.8,43.1,43.85,767900,DNSE
SAB,1D,2026-09-14 09:00:00,43.85,44.75,43.85,44.75,677800,DNSE
SAB,1D,2026-09-15 09:00:00,44.75,45.45,44.55,44.55,710700,DNSE
SAB,1D,2026-09-16 09:00:00,44.65,44.85,44.1,44.1,295100,DNSE
SAB,1D,2026-09-17 09:00:00,44.1,44.6,44.1,44.3,374900,DNSE
SAB,1D,2026-09-18 09:00:00,44.3,45.5,44.3,44.3,297800,DNSE
SSI,1D,2025-10-01 09:00:00,28.29,28.54,27.99,28.1,16967100,DNSE
SSI,1D,2025-10-02 09:00:00,28.14,28.36,27.45,27.56,21157600,DNSE
SSI,1D,2025-10-03 09:00:00,27.48,27.81,27.08,27.41,25057700,DNSE
SSI,1D,2025-10-06 09:00:00,28.03,29.3,27.99,29.3,53500100,DNSE
SSI,1D,2025-10-07 09:00:00,29.85,30.1,29.53,29.7,40540800,DNSE
SSI,1D,2025-10-08 09:00:00,30.4,30.94,29.53,30.0,53747600,DNSE
SSI,1D,2025-10-09 09:00:00,30.03,30.07,29.53,29.6,33451500,DNSE
SSI,1D,2025-10-10 09:00:00,29.77,30.21,29.56,29.63,29024800,DNSE
SSI,1D,2025-10-13 09:00:00,29.23,30.36,29.12,30.1,42263800,DNSE
SSI,1D,2025-10-14 09:00:00,30.83,31.53,29.85,29.85,65269200,DNSE
SSI,1D,2025-10-15 09:00:00,29.93,30.4,29.74,30.17,30114300,DNSE
SSI,1D,2025-10-16 09:00:00,30.36,30.76,29.96,30.1,29760800,DNSE
SSI,1D,2025-10-17 09:00:00,30.21,30.54,29.63,29.7,38969300,DNSE
SSI,1D,2025-10-20 09:00:00,29.67,30.43,27.63,27.63,70585904,DNSE
SSI,1D,2025-10-21 09:00:00,27.63,28.76,26.91,28.1,81186896,DNSE
SSI,1D,2025-10-22 09:00:00,28.25,28.25,27.08,27.99,32795900,DNSE
SSI,1D,2025-10-23 09:00:00,28.03,28.14,27.3,27.3,24279700,DNSE
SSI,1D,2025-10-24 09:00:00,27.08,27.23,25.99,26.21,82075200,DNSE
SSI,1D,2025-10-27 09:00:00,26.51,26.61,25.15,25.34,71137600,DNSE
SSI,1D,2025-10-28 09:00:00,25.27,26.21,25.27,26.1,34464100,DNSE
SSI,1D,2025-10-29 09:00:00,26.18,26.35,25.92,25.92,22897000,DNSE
SSI,1D,2025-10-30 09:00:00,25.95,26.1,25.34,25.37,28037300,DNSE
SSI,1D,2025-10-31 09:00:00,25.3,25.67,24.97,24.97,26772900,DNSE
SSI,1D,2025-11-03 09:00:00,24.97,25.15,23.66,23.66,50015100,DNSE
SSI,1D,2025-11-04 09:00:00,23.59,25.3,23.37,25.3,57837700,DNSE
SSI,1D,2025-11-05 09:00:00,25.34,25.85,25.3,25.41,30063400,DNSE
SSI,1D,2025-11-06 09:00:00,25.48,25.52,24.79,24.97,23177900,DNSE
SSI,1D,2025-11-07 09:00:00,24.87,24.9,23.92,23.99,36679200,DNSE
SSI,1D,2025-11-10 09:00:00,23.99,25.37,23.84,24.46,33031200,DNSE
SSI,1D,2025-11-11 09:00:00,24.83,25.44,24.54,25.37,30203900,DNSE
SSI,1D,2025-11-12 09:00:00,25.55,26.1,25.34,25.85,34965500,DNSE
SSI,1D,2025-11-13 09:00:00,25.88,25.88,25.34,25.44,21313000,DNSE
SSI,1D,2025-11-14 09:00:00,25.34,25.74,25.19,25.44,19630000,DNSE
SSI,1D,2025-11-17 09:00:00,25.48,25.81,25.37,25.77,15953500,DNSE
SSI,1D,2025-11-18 09:00:00,25.81,26.18,25.63,25.88,25611500,DNSE
SSI,1D,2025-11-19 09:00:00,25.77,25.81,25.01,25.23,23268600,DNSE
SSI,1D,2025-11-20 09:00:00,25.23,25.44,24.87,25.34,21063700,DNSE
SSI,1D,2025-11-21 09:00:00,24.97,25.15,24.79,24.97,18445600,DNSE
SSI,1D,2025-11-24 09:00:00,25.19,25.41,24.97,25.04,11833000,DNSE
SSI,1D,2025-11-25 09:00:00,24.87,24.97,23.73,23.92,53026500,DNSE
SSI,1D,2025-11-26 09:00:00,24.03,24.79,23.99,24.75,36038100,DNSE
SSI,1D,2025-11-27 09:00:00,24.64,24.87,24.13,24.17,20104000,DNSE
SSI,1D,2025-11-28 09:00:00,24.13,24.36,23.7,23.88,25473600,DNSE
SSI,1D,2025-12-01 09:00:00,24.03,24.13,23.3,23.3,28396500,DNSE
SSI,1D,2025-12-02 09:00:00,23.08,23.63,23.08,23.52,31339700,DNSE
SSI,1D,2025-12-03 09:00:00,23.59,23.7,23.4,23.56,22047800,DNSE
SSI,1D,2025-12-04 09:00:00,23.7,24.13,23.66,23.88,32017100,DNSE
SSI,1D,2025-12-05 09:00:00,23.99,24.03,23.44,23.48,47092900,DNSE
SSI,1D,2025-12-08 09:00:00,23.98,24.34,23.5,23.5,31938300,DNSE
SSI,1D,2025-12-09 09:00:00,23.46,23.5,22.7,22.98,30826600,DNSE
SSI,1D,2025-12-10 09:00:00,23.18,23.42,23.1,23.38,12135600,DNSE
SSI,1D,2025-12-11 09:00:00,23.46,23.74,23.14,23.22,11688200,DNSE
SSI,1D,2025-12-12 09:00:00,23.42,23.5,22.38,22.46,21558800,DNSE
SSI,1D,2025-12-15 09:00:00,22.42,23.06,22.42,22.7,18667300,DNSE
SSI,1D,2025-12-16 09:00:00,22.86,24.26,22.38,24.18,32104500,DNSE
SSI,1D,2025-12-17 09:00:00,23.98,24.06,23.66,23.7,13669700,DNSE
SSI,1D,2025-12-18 09:00:00,23.7,24.06,23.46,23.86,16276800,DNSE
SSI,1D,2025-12-19 09:00:00,23.98,24.74,23.86,24.62,42628200,DNSE
SSI,1D,2025-12-22 09:00:00,24.7,25.18,24.42,25.14,29655000,DNSE
SSI,1D,2025-12-23 09:00:00,25.14,25.26,24.5,24.62,26174900,DNSE
SSI,1D,2025-12-24 09:00:00,24.54,25.06,24.3,25.06,22076900,DNSE
SSI,1D,2025-12-25 09:00:00,25.06,25.26,24.38,24.38,16892800,DNSE
SSI,1D,2025-12-26 09:00:00,24.18,24.98,23.78,24.58,31205200,DNSE
SSI,1D,2025-12-29 09:00:00,24.62,24.74,24.3,24.38,11999500,DNSE
SSI,1D,2025-12-30 09:00:00,24.38,24.62,24.22,24.46,11165800,DNSE
SSI,1D,2025-12-31 09:00:00,24.5,24.7,24.14,24.18,13612800,DNSE
SSI,1D,2026-01-05 09:00:00,24.3,24.3,23.02,23.3,31181700,DNSE
SSI,1D,2026-01-06 09:00:00,23.3,23.82,22.9,23.7,24039700,DNSE
SSI,1D,2026-01-07 09:00:00,23.98,24.38,23.78,24.06,24638500,DNSE
SSI,1D,2026-01-08 09:00:00,24.14,25.02,24.14,24.42,43204100,DNSE
SSI,1D,2026-01-09 09:00:00,24.74,24.82,24.22,24.26,29015400,DNSE
SSI,1D,2026-01-12 09:00:00,24.34,25.94,24.34,25.94,55916600,DNSE
SSI,1D,2026-01-13 09:00:00,26.82,27.1,26.1,26.18,50152400,DNSE
SSI,1D,2026-01-14 09:00:00,26.22,26.82,25.74,26.66,58600100,DNSE
SSI,1D,2026-01-15 09:00:00,26.62,27.02,25.86,26.1,42148600,DNSE
SSI,1D,2026-01-16 09:00:00,26.3,26.74,25.58,26.1,40835700,DNSE
SSI,1D,2026-01-19 09:00:00,26.06,26.54,25.94,26.1,23355000,DNSE
SSI,1D,2026-01-20 09:00:00,26.38,26.62,25.78,26.06,27568900,DNSE
SSI,1D,2026-01-21 09:00:00,25.78,25.98,25.1,25.34,45564500,DNSE
SSI,1D,2026-01-22 09:00:00,25.62,26.02,25.34,25.5,23297600,DNSE
SSI,1D,2026-01-23 09:00:00,25.74,26.14,25.42,25.5,26072300,DNSE
SSI,1D,2026-01-26 09:00:00,25.38,25.9,24.62,24.78,25986500,DNSE
SSI,1D,2026-01-27 09:00:00,24.78,25.1,24.66,24.66,17981400,DNSE
SSI,1D,2026-01-28 09:00:00,24.78,25.1,24.38,24.74,24978600,DNSE
SSI,1D,2026-01-29 09:00:00,24.82,25.18,24.74,24.9,11080700,DNSE
SSI,1D,2026-01-30 09:00:00,24.94,25.26,24.86,24.9,18979800,DNSE
SSI,1D,2026-02-02 09:00:00,24.9,24.9,24.46,24.62,20335700,DNSE
SSI,1D,2026-02-03 09:00:00,24.78,25.18,24.7,24.7,27630800,DNSE
SSI,1D,2026-02-04 09:00:00,25.1,25.98,25.06,25.22,32382800,DNSE
SSI,1D,2026-02-05 09:00:00,25.34,25.5,24.78,24.78,15197700,DNSE
SSI,1D,2026-02-06 09:00:00,24.54,24.78,23.9,23.9,37356200,DNSE
SSI,1D,2026-02-09 09:00:00,24.18,24.26,23.66,23.66,14650200,DNSE
SSI,1D,2026-02-10 09:00:00,23.66,23.98,23.58,23.94,19127600,DNSE
SSI,1D,2026-02-11 09:00:00,24.1,24.94,24.06,24.94,22738100,DNSE
SSI,1D,2026-02-12 09:00:00,24.98,25.18,24.82,24.98,11764300,DNSE
SSI,1D,2026-02-13 09:00:00,24.86,25.22,24.7,25.1,19533500,DNSE
SSI,1D,2026-02-23 09:00:00,25.26,25.46,25.02,25.26,16669300,DNSE
SSI,1D,2026-02-24 09:00:00,25.18,26.22,24.98,25.66,46478100,DNSE
SSI,1D,2026-02-25 09:00:00,25.58,26.14,25.42,25.7,42664700,DNSE
SSI,1D,2026-02-26 09:00:00,25.82,26.14,25.58,25.9,30429600,DNSE
SSI,1D,2026-02-27 09:00:00,25.98,26.34,25.66,25.9,37296900,DNSE
SSI,1D,2026-03-02 09:00:00,25.18,26.22,25.02,25.46,72555400,DNSE
SSI,1D,2026-03-03 09:00:00,25.66,26.82,25.58,26.06,70785104,DNSE
SSI,1D,2026-03-04 09:00:00,26.02,26.94,25.18,26.94,92511296,DNSE
SSI,1D,2026-03-05 09:00:00,27.42,27.98,26.78,26.78,83987904,DNSE
SSI,1D,2026-03-06 09:00:00,26.46,26.54,25.18,25.18,70603696,DNSE
SSI,1D,2026-03-09 09:00:00,23.42,23.54,23.42,23.42,33530000,DNSE
SSI,1D,2026-03-10 09:00:00,23.98,24.38,23.18,23.7,81041104,DNSE
SSI,1D,2026-03-11 09:00:00,23.82,24.62,23.5,24.18,39065300,DNSE
SSI,1D,2026-03-12 09:00:00,23.74,24.06,23.1,23.3,44112200,DNSE
SSI,1D,2026-03-13 09:00:00,22.98,23.34,22.54,22.7,54940600,DNSE
SSI,1D,2026-03-16 09:00:00,22.74,23.38,22.62,22.7,26040700,DNSE
SSI,1D,2026-03-17 09:00:00,23.02,23.54,22.9,22.9,29267400,DNSE
SSI,1D,2026-03-18 09:00:00,23.02,23.1,22.14,22.38,42490600,DNSE
SSI,1D,2026-03-19 09:00:00,21.9,22.06,21.26,21.58,60356700,DNSE
SSI,1D,2026-03-20 09:00:00,21.42,21.82,21.3,21.54,34786500,DNSE
SSI,1D,2026-03-23 09:00:00,20.86,21.06,20.14,20.3,50940700,DNSE
SSI,1D,2026-03-24 09:00:00,20.98,21.18,20.66,20.7,28152600,DNSE
SSI,1D,2026-03-25 09:00:00,21.1,21.78,21.02,21.46,30401000,DNSE
SSI,1D,2026-03-26 09:00:00,21.46,21.46,21.06,21.06,23402600,DNSE
SSI,1D,2026-03-27 09:00:00,21.06,21.74,21.06,21.62,23305300,DNSE
SSI,1D,2026-03-30 09:00:00,21.06,21.5,20.78,21.22,25942100,DNSE
SSI,1D,2026-03-31 09:00:00,21.34,21.82,21.22,21.54,34450800,DNSE
SSI,1D,2026-04-01 09:00:00,22.14,22.78,22.06,22.3,40298800,DNSE
SSI,1D,2026-04-02 09:00:00,22.1,22.34,21.86,22.02,25165800,DNSE
SSI,1D,2026-04-03 09:00:00,22.14,22.22,21.58,21.58,27134200,DNSE
SSI,1D,2026-04-06 09:00:00,21.5,21.98,21.46,21.54,17570600,DNSE
SSI,1D,2026-04-07 09:00:00,21.7,21.98,21.38,21.98,18136200,DNSE
SSI,1D,2026-04-08 09:00:00,22.94,23.5,22.78,23.5,65778300,DNSE
SSI,1D,2026-04-09 09:00:00,23.14,23.38,22.98,22.98,28819900,DNSE
SSI,1D,2026-04-10 09:00:00,23.26,23.3,22.86,22.86,23553100,DNSE
SSI,1D,2026-04-13 09:00:00,22.54,22.98,22.46,22.7,21821900,DNSE
SSI,1D,2026-04-14 09:00:00,23.02,23.26,22.74,22.94,19862500,DNSE
SSI,1D,2026-04-15 09:00:00,23.18,23.3,22.94,22.94,24445200,DNSE
SSI,1D,2026-04-16 09:00:00,22.94,23.26,22.82,23.06,26290000,DNSE
SSI,1D,2026-04-17 09:00:00,23.06,23.3,22.82,22.82,18591300,DNSE
SSI,1D,2026-04-20 09:00:00,22.86,23.34,22.86,23.14,23633700,DNSE
SSI,1D,2026-04-21 09:00:00,23.18,23.26,22.62,22.62,21645600,DNSE
SSI,1D,2026-04-22 09:00:00,22.7,22.74,22.46,22.5,14751100,DNSE
SSI,1D,2026-04-23 09:00:00,22.54,22.78,22.02,22.34,22078700,DNSE
SSI,1D,2026-04-24 09:00:00,22.3,22.38,22.02,22.14,10867000,DNSE
SSI,1D,2026-04-28 09:00:00,22.22,22.42,22.1,22.1,10748300,DNSE
SSI,1D,2026-04-29 09:00:00,22.14,22.3,22.1,22.1,12241100,DNSE
SSI,1D,2026-05-04 09:00:00,22.26,22.5,22.14,22.14,12736100,DNSE
SSI,1D,2026-05-05 09:00:00,22.06,22.18,21.82,21.82,14283800,DNSE
SSI,1D,2026-05-06 09:00:00,22.02,22.94,21.94,22.78,27728100,DNSE
SSI,1D,2026-05-07 09:00:00,22.98,23.02,22.62,22.66,19095400,DNSE
SSI,1D,2026-05-08 09:00:00,22.66,22.86,22.54,22.62,14968800,DNSE
SSI,1D,2026-05-11 09:00:00,22.74,23.02,22.58,22.62,23117900,DNSE
SSI,1D,2026-05-12 09:00:00,22.62,22.7,22.42,22.42,12398600,DNSE
SSI,1D,2026-05-13 09:00:00,22.58,22.66,22.1,22.22,19129300,DNSE
SSI,1D,2026-05-14 09:00:00,22.22,22.5,22.22,22.46,11585200,DNSE
SSI,1D,2026-05-15 09:00:00,22.54,22.66,22.26,22.3,13001900,DNSE
SSI,1D,2026-05-18 09:00:00,22.22,22.58,22.1,22.5,14829800,DNSE
SSI,1D,2026-05-19 09:00:00,22.62,22.98,22.1,22.22,38484800,DNSE
SSI,1D,2026-05-20 09:00:00,22.22,22.3,21.18,21.78,24522900,DNSE
SSI,1D,2026-05-21 09:00:00,21.9,22.02,21.62,21.66,16608400,DNSE
SSI,1D,2026-05-22 09:00:00,21.7,22.34,21.42,22.02,23547100,DNSE
SSI,1D,2026-05-25 09:00:00,22.18,22.26,21.94,21.94,8008600,DNSE
SSI,1D,2026-05-26 09:00:00,21.9,22.46,21.9,22.38,19099000,DNSE
SSI,1D,2026-05-27 09:00:00,22.46,22.54,22.26,22.3,10100600,DNSE
SSI,1D,2026-05-28 09:00:00,22.3,22.54,22.02,22.02,15081800,DNSE
SSI,1D,2026-05-29 09:00:00,22.06,22.38,21.94,21.98,11716200,DNSE
SSI,1D,2026-06-01 09:00:00,21.98,22.34,21.86,21.94,11686600,DNSE
SSI,1D,2026-06-02 09:00:00,21.94,22.14,21.54,21.58,16935800,DNSE
SSI,1D,2026-06-03 09:00:00,21.58,22.02,21.5,21.82,14765000,DNSE
SSI,1D,2026-06-04 09:00:00,21.86,21.9,21.58,21.66,10177200,DNSE
SSI,1D,2026-06-05 09:00:00,21.7,21.78,21.5,21.58,9213800,DNSE
SSI,1D,2026-06-08 09:00:00,21.42,21.46,21.06,21.06,19026300,DNSE
SSI,1D,2026-06-09 09:00:00,21.1,21.42,20.98,21.18,11329000,DNSE
SSI,1D,2026-06-10 09:00:00,21.18,21.38,21.06,21.22,9106800,DNSE
SSI,1D,2026-06-11 09:00:00,21.1,21.22,21.02,21.02,7448000,DNSE
SSI,1D,2026-06-12 09:00:00,21.34,21.42,20.9,20.9,14197600,DNSE
SSI,1D,2026-06-15 09:00:00,21.34,21.74,21.26,21.62,24099500,DNSE
SSI,1D,2026-06-16 09:00:00,21.74,22.22,21.62,22.06,23188300,DNSE
SSI,1D,2026-06-17 09:00:00,22.1,22.3,21.94,22.14,15137200,DNSE
SSI,1D,2026-06-18 09:00:00,22.14,22.38,21.98,21.98,12751400,DNSE
SSI,1D,2026-06-19 09:00:00,21.98,22.1,21.7,21.7,13627200,DNSE
SSI,1D,2026-06-22 09:00:00,21.74,21.94,21.5,21.74,9667000,DNSE
SSI,1D,2026-06-23 09:00:00,21.78,21.94,21.46,21.46,16483200,DNSE
SSI,1D,2026-06-24 09:00:00,21.5,21.54,21.22,21.34,10242700,DNSE
SSI,1D,2026-06-25 09:00:00,21.42,21.46,21.18,21.18,10261700,DNSE
SSI,1D,2026-06-26 09:00:00,21.18,21.26,20.98,21.1,9388400,DNSE
SSI,1D,2026-06-29 09:00:00,21.18,21.38,21.18,21.26,7299300,DNSE
SSI,1D,2026-06-30 09:00:00,21.3,21.7,21.26,21.38,14723800,DNSE
SSI,1D,2026-07-01 09:00:00,21.42,21.82,21.38,21.74,11575600,DNSE
SSI,1D,2026-07-02 09:00:00,21.78,21.98,21.66,21.66,13087400,DNSE
SSI,1D,2026-07-03 09:00:00,21.78,21.98,21.54,21.86,20102700,DNSE
SSI,1D,2026-07-06 09:00:00,21.98,22.14,21.02,21.38,18215100,DNSE
SSI,1D,2026-07-07 09:00:00,21.38,21.7,21.14,21.7,15256800,DNSE
SSI,1D,2026-07-08 09:00:00,21.7,22.22,21.66,21.74,21899300,DNSE
SSI,1D,2026-07-09 09:00:00,21.66,21.78,21.42,21.54,10590400,DNSE
SSI,1D,2026-07-10 09:00:00,21.58,21.62,21.18,21.22,15212300,DNSE
SSI,1D,2026-07-13 09:00:00,21.18,21.18,20.06,20.5,35125700,DNSE
SSI,1D,2026-07-14 09:00:00,20.18,20.66,19.98,20.42,17962100,DNSE
SSI,1D,2026-07-15 09:00:00,20.34,20.58,19.74,19.74,19919600,DNSE
SSI,1D,2026-07-16 09:00:00,19.58,19.98,18.94,19.98,34764700,DNSE
SSI,1D,2026-07-17 09:00:00,19.98,19.98,19.38,19.38,11592700,DNSE
SSI,1D,2026-07-20 09:00:00,19.1,19.22,18.14,18.14,36253800,DNSE
SSI,1D,2026-07-21 09:00:00,18.06,18.94,18.06,18.54,22996700,DNSE
SSI,1D,2026-07-22 09:00:00,18.58,18.9,17.9,18.1,34754400,DNSE
SSI,1D,2026-07-23 09:00:00,18.02,19.18,17.74,18.82,29879100,DNSE
SSI,1D,2026-07-24 09:00:00,18.5,18.62,18.22,18.22,17654300,DNSE
SSI,1D,2026-07-27 09:00:00,18.42,18.5,17.59,17.59,16500400,DNSE
SSI,1D,2026-07-28 09:00:00,17.43,18.62,17.35,18.38,30411300,DNSE
SSI,1D,2026-07-29 09:00:00,18.62,18.82,18.38,18.58,18807400,DNSE
SSI,1D,2026-07-30 09:00:00,18.66,19.42,18.54,19.18,29015800,DNSE
SSI,1D,2026-07-31 09:00:00,19.26,19.26,18.78,18.82,17843900,DNSE
SSI,1D,2026-08-03 09:00:00,19.02,19.82,18.98,19.62,24344900,DNSE
SSI,1D,2026-08-04 09:00:00,19.66,19.74,19.42,19.62,14130200,DNSE
SSI,1D,2026-08-05 09:00:00,19.86,19.86,19.46,19.5,16489600,DNSE
SSI,1D,2026-08-06 09:00:00,19.5,19.7,19.18,19.42,14732800,DNSE
SSI,1D,2026-08-07 09:00:00,19.38,19.7,19.34,19.54,13285400,DNSE
SSI,1D,2026-08-10 09:00:00,19.7,20.18,19.66,20.06,20351300,DNSE
SSI,1D,2026-08-11 09:00:00,20.1,20.3,19.98,20.1,22669000,DNSE
SSI,1D,2026-08-12 09:00:00,20.1,20.26,19.98,20.22,15728900,DNSE
SSI,1D,2026-08-13 09:00:00,20.22,20.38,19.98,19.98,28037400,DNSE
SSI,1D,2026-08-14 09:00:00,19.94,19.94,19.42,19.58,34016200,DNSE
SSI,1D,2026-08-17 09:00:00,19.8,20.1,19.7,19.8,18212900,DNSE
SSI,1D,2026-08-18 09:00:00,19.8,19.9,19.3,19.5,15279600,DNSE
SSI,1D,2026-08-19 09:00:00,19.5,19.6,19.2,19.4,11085700,DNSE
SSI,1D,2026-08-20 09:00:00,19.6,19.7,19.4,19.4,11042500,DNSE
SSI,1D,2026-08-21 09:00:00,19.7,20.75,19.65,20.75,38706800,DNSE
SSI,1D,2026-08-24 09:00:00,21.4,21.6,21.1,21.25,32450300,DNSE
SSI,1D,2026-08-25 09:00:00,21.25,21.5,21.1,21.25,30658300,DNSE
SSI,1D,2026-08-26 09:00:00,21.1,21.65,21.1,21.65,27952800,DNSE
SSI,1D,2026-08-27 09:00:00,21.75,21.75,21.35,21.4,15960200,DNSE
SSI,1D,2026-08-28 09:00:00,21.3,21.6,21.3,21.35,20299000,DNSE
SSI,1D,2026-09-03 09:00:00,21.1,21.35,20.9,20.9,21947100,DNSE
SSI,1D,2026-09-04 09:00:00,21.0,21.2,20.95,21.05,11573200,DNSE
SSI,1D,2026-09-07 09:00:00,21.1,21.2,20.75,20.85,15026800,DNSE
SSI,1D,2026-09-08 09:00:00,20.85,21.3,20.85,21.0,13825100,DNSE
SSI,1D,2026-09-09 09:00:00,21.05,21.15,20.85,20.9,9488000,DNSE
SSI,1D,2026-09-10 09:00:00,20.85,21.2,20.7,21.0,12807500,DNSE
SSI,1D,2026-09-11 09:00:00,20.85,20.95,20.3,20.3,24010700,DNSE
SSI,1D,2026-09-14 09:00:00,20.25,20.4,19.7,20.3,24518000,DNSE
SSI,1D,2026-09-15 09:00:00,20.3,20.75,20.25,20.65,16404500,DNSE
SSI,1D,2026-09-16 09:00:00,20.65,20.65,20.3,20.55,13947800,DNSE
SSI,1D,2026-09-17 09:00:00,20.4,21.6,20.35,21.15,40967600,DNSE
SSI,1D,2026-09-18 09:00:00,21.5,21.65,21.2,21.4,36400100,DNSE
TCB,1D,2025-10-01 09:00:00,37.07,37.81,37.02,37.76,13225600,DNSE
TCB,1D,2025-10-02 09:00:00,38.05,38.39,37.61,38.05,16259200,DNSE
TCB,1D,2025-10-03 09:00:00,37.76,37.85,37.27,37.56,11272100,DNSE
TCB,1D,2025-10-06 09:00:00,38.15,38.59,37.71,38.59,23149900,DNSE
TCB,1D,2025-10-07 09:00:00,39.18,39.18,38.15,38.2,11813100,DNSE
TCB,1D,2025-10-08 09:00:00,38.44,38.59,37.66,37.81,20604100,DNSE
TCB,1D,2025-10-09 09:00:00,37.81,38.3,37.76,38.15,18770600,DNSE
TCB,1D,2025-10-10 09:00:00,38.3,39.08,38.2,38.54,20313000,DNSE
TCB,1D,2025-10-13 09:00:00,38.49,40.65,38.44,40.45,43313300,DNSE
TCB,1D,2025-10-14 09:00:00,40.89,41.14,39.72,39.96,25929200,DNSE
TCB,1D,2025-10-15 09:00:00,40.16,40.5,39.72,39.96,13321200,DNSE
TCB,1D,2025-10-16 09:00:00,40.35,40.4,39.96,40.4,20239100,DNSE
TCB,1D,2025-10-17 09:00:00,40.79,40.79,39.62,39.81,18690000,DNSE
TCB,1D,2025-10-20 09:00:00,39.81,39.81,37.07,37.07,30048800,DNSE
TCB,1D,2025-10-21 09:00:00,37.32,37.66,35.75,36.87,28577600,DNSE
TCB,1D,2025-10-22 09:00:00,37.32,37.36,35.65,37.22,15701400,DNSE
TCB,1D,2025-10-23 09:00:00,37.27,37.27,36.04,36.48,15619200,DNSE
TCB,1D,2025-10-24 09:00:00,36.24,36.24,35.31,35.36,23396700,DNSE
TCB,1D,2025-10-27 09:00:00,35.55,35.75,34.33,34.33,15906600,DNSE
TCB,1D,2025-10-28 09:00:00,34.33,35.65,33.3,35.26,26134800,DNSE
TCB,1D,2025-10-29 09:00:00,35.16,36.14,34.92,35.65,13116300,DNSE
TCB,1D,2025-10-30 09:00:00,35.75,35.85,34.87,34.97,10507900,DNSE
TCB,1D,2025-10-31 09:00:00,34.97,35.45,34.38,34.38,12256900,DNSE
TCB,1D,2025-11-03 09:00:00,34.38,34.77,32.91,32.91,16737200,DNSE
TCB,1D,2025-11-04 09:00:00,32.91,34.48,32.76,34.28,16062100,DNSE
TCB,1D,2025-11-05 09:00:00,34.18,34.18,33.35,33.4,11242500,DNSE
TCB,1D,2025-11-06 09:00:00,33.45,33.79,32.81,32.91,13684100,DNSE
TCB,1D,2025-11-07 09:00:00,32.91,33.25,32.32,32.32,16083600,DNSE
TCB,1D,2025-11-10 09:00:00,32.61,32.91,32.27,32.71,8793300,DNSE
TCB,1D,2025-11-11 09:00:00,32.76,33.3,32.66,32.96,11239700,DNSE
TCB,1D,2025-11-12 09:00:00,33.01,34.28,32.91,34.28,12025800,DNSE
TCB,1D,2025-11-13 09:00:00,33.94,34.77,33.89,34.38,12530800,DNSE
TCB,1D,2025-11-14 09:00:00,34.08,34.62,33.99,34.38,5603100,DNSE
TCB,1D,2025-11-17 09:00:00,34.38,34.52,33.99,34.43,9499500,DNSE
TCB,1D,2025-11-18 09:00:00,34.48,34.62,34.23,34.62,8594800,DNSE
TCB,1D,2025-11-19 09:00:00,34.67,34.67,34.03,34.08,6830700,DNSE
TCB,1D,2025-11-20 09:00:00,34.13,34.28,33.89,33.89,6941100,DNSE
TCB,1D,2025-11-21 09:00:00,33.79,33.79,32.81,33.54,8560200,DNSE
TCB,1D,2025-11-24 09:00:00,33.59,33.69,33.2,33.25,8275900,DNSE
TCB,1D,2025-11-25 09:00:00,33.3,33.3,32.76,32.76,9145600,DNSE
TCB,1D,2025-11-26 09:00:00,32.91,33.2,32.81,33.15,7859900,DNSE
TCB,1D,2025-11-27 09:00:00,33.25,33.5,33.01,33.06,8857300,DNSE
TCB,1D,2025-11-28 09:00:00,33.06,33.2,32.61,33.06,8390800,DNSE
TCB,1D,2025-12-01 09:00:00,33.01,33.01,32.52,32.52,7034700,DNSE
TCB,1D,2025-12-02 09:00:00,32.52,33.59,32.47,33.5,14025300,DNSE
TCB,1D,2025-12-03 09:00:00,33.54,34.28,33.54,34.18,16220500,DNSE
TCB,1D,2025-12-04 09:00:00,34.28,34.77,34.08,34.67,12020600,DNSE
TCB,1D,2025-12-05 09:00:00,34.77,34.77,33.99,33.99,7316700,DNSE
TCB,1D,2025-12-08 09:00:00,33.94,34.08,33.45,33.5,6283600,DNSE
TCB,1D,2025-12-09 09:00:00,33.5,33.5,32.81,33.1,10774500,DNSE
TCB,1D,2025-12-10 09:00:00,33.06,33.45,33.01,33.01,5381400,DNSE
TCB,1D,2025-12-11 09:00:00,33.06,33.3,32.71,32.71,6610500,DNSE
TCB,1D,2025-12-12 09:00:00,32.76,32.91,31.34,31.34,19124300,DNSE
TCB,1D,2025-12-15 09:00:00,31.34,31.64,30.85,31.34,10487300,DNSE
TCB,1D,2025-12-16 09:00:00,31.34,32.42,29.87,32.32,14017600,DNSE
TCB,1D,2025-12-17 09:00:00,32.32,32.47,31.88,31.93,6749600,DNSE
TCB,1D,2025-12-18 09:00:00,32.12,32.42,31.83,32.32,9090400,DNSE
TCB,1D,2025-12-19 09:00:00,32.52,32.96,32.42,32.91,9184900,DNSE
TCB,1D,2025-12-22 09:00:00,33.15,34.48,33.06,34.48,16562200,DNSE
TCB,1D,2025-12-23 09:00:00,34.57,34.62,34.03,34.08,12785000,DNSE
TCB,1D,2025-12-24 09:00:00,33.99,34.48,33.59,34.23,10571000,DNSE
TCB,1D,2025-12-25 09:00:00,34.23,35.06,33.3,33.3,10946100,DNSE
TCB,1D,2025-12-26 09:00:00,32.81,33.64,32.37,33.2,12160300,DNSE
TCB,1D,2025-12-29 09:00:00,33.25,33.74,33.1,33.35,6596700,DNSE
TCB,1D,2025-12-30 09:00:00,33.5,33.69,33.06,33.64,7265300,DNSE
TCB,1D,2025-12-31 09:00:00,34.08,34.18,33.54,34.18,9454000,DNSE
TCB,1D,2026-01-05 09:00:00,33.94,34.23,33.1,34.23,8187500,DNSE
TCB,1D,2026-01-06 09:00:00,34.23,35.26,33.5,35.26,25180300,DNSE
TCB,1D,2026-01-07 09:00:00,35.5,35.75,35.21,35.65,13319400,DNSE
TCB,1D,2026-01-08 09:00:00,35.75,35.9,34.77,35.26,21044200,DNSE
TCB,1D,2026-01-09 09:00:00,36.29,36.39,35.45,35.9,28290500,DNSE
TCB,1D,2026-01-12 09:00:00,35.94,37.22,35.7,37.22,23390400,DNSE
TCB,1D,2026-01-13 09:00:00,37.32,37.41,36.39,36.58,20065400,DNSE
TCB,1D,2026-01-14 09:00:00,36.43,36.53,35.26,35.75,24159300,DNSE
TCB,1D,2026-01-15 09:00:00,35.26,35.85,34.57,34.87,27274000,DNSE
TCB,1D,2026-01-16 09:00:00,34.92,35.6,34.87,35.06,9580800,DNSE
TCB,1D,2026-01-19 09:00:00,35.16,35.7,35.06,35.55,9996300,DNSE
TCB,1D,2026-01-20 09:00:00,35.6,35.85,34.92,35.21,15678200,DNSE
TCB,1D,2026-01-21 09:00:00,35.06,35.16,34.28,35.06,11159500,DNSE
TCB,1D,2026-01-22 09:00:00,35.11,35.5,34.92,35.26,8784900,DNSE
TCB,1D,2026-01-23 09:00:00,35.45,36.14,35.21,35.75,20704300,DNSE
TCB,1D,2026-01-26 09:00:00,35.94,35.94,34.92,34.92,9416700,DNSE
TCB,1D,2026-01-27 09:00:00,34.77,35.06,34.03,34.23,12126400,DNSE
TCB,1D,2026-01-28 09:00:00,34.28,34.57,33.64,33.79,11482000,DNSE
TCB,1D,2026-01-29 09:00:00,33.94,34.28,33.45,34.18,8593000,DNSE
TCB,1D,2026-01-30 09:00:00,34.13,35.16,34.08,35.16,11603200,DNSE
TCB,1D,2026-02-02 09:00:00,34.57,35.01,34.03,34.28,9657500,DNSE
TCB,1D,2026-02-03 09:00:00,34.87,34.87,33.99,33.99,14012600,DNSE
TCB,1D,2026-02-04 09:00:00,33.99,34.18,33.64,33.84,11708700,DNSE
TCB,1D,2026-02-05 09:00:00,34.23,34.38,34.03,34.13,10700200,DNSE
TCB,1D,2026-02-06 09:00:00,33.79,33.89,33.4,33.89,12492400,DNSE
TCB,1D,2026-02-09 09:00:00,34.28,34.28,33.79,34.03,7754700,DNSE
TCB,1D,2026-02-10 09:00:00,34.08,34.28,33.74,33.89,9951100,DNSE
TCB,1D,2026-02-11 09:00:00,33.99,34.62,33.89,34.57,11045000,DNSE
TCB,1D,2026-02-12 09:00:00,34.67,35.01,34.48,34.72,7542700,DNSE
TCB,1D,2026-02-13 09:00:00,34.48,34.77,34.48,34.72,6059700,DNSE
TCB,1D,2026-02-23 09:00:00,34.77,35.16,34.72,35.11,9141000,DNSE
TCB,1D,2026-02-24 09:00:00,35.11,35.16,35.01,35.06,10872100,DNSE
TCB,1D,2026-02-25 09:00:00,35.06,35.7,34.97,35.26,12384800,DNSE
TCB,1D,2026-02-26 09:00:00,35.36,35.7,35.26,35.7,9305800,DNSE
TCB,1D,2026-02-27 09:00:00,35.31,35.65,35.11,35.5,7958700,DNSE
TCB,1D,2026-03-02 09:00:00,35.06,35.06,33.94,33.94,17516400,DNSE
TCB,1D,2026-03-03 09:00:00,33.94,34.23,32.91,32.91,17273500,DNSE
TCB,1D,2026-03-04 09:00:00,32.81,33.01,31.15,31.83,30866600,DNSE
TCB,1D,2026-03-05 09:00:00,32.32,32.42,31.54,31.54,15754300,DNSE
TCB,1D,2026-03-06 09:00:00,31.44,31.44,30.7,30.8,14743000,DNSE
TCB,1D,2026-03-09 09:00:00,28.65,29.19,28.65,28.65,33386400,DNSE
TCB,1D,2026-03-10 09:00:00,30.17,30.17,29.14,29.68,18772700,DNSE
TCB,1D,2026-03-11 09:00:00,29.43,30.7,29.33,30.46,12998900,DNSE
TCB,1D,2026-03-12 09:00:00,29.92,30.36,29.28,29.38,18068400,DNSE
TCB,1D,2026-03-13 09:00:00,29.38,29.68,29.04,29.38,9833600,DNSE
TCB,1D,2026-03-16 09:00:00,29.38,29.82,29.38,29.58,8138100,DNSE
TCB,1D,2026-03-17 09:00:00,29.63,30.26,29.48,29.68,13156600,DNSE
TCB,1D,2026-03-18 09:00:00,29.87,30.17,29.53,29.68,6834600,DNSE
TCB,1D,2026-03-19 09:00:00,29.53,29.68,29.28,29.43,16386600,DNSE
TCB,1D,2026-03-20 09:00:00,29.38,29.48,29.24,29.24,7919000,DNSE
TCB,1D,2026-03-23 09:00:00,28.89,28.94,28.31,28.31,15397100,DNSE
TCB,1D,2026-03-24 09:00:00,28.7,29.24,28.55,29.24,9251700,DNSE
TCB,1D,2026-03-25 09:00:00,29.68,30.26,29.43,30.17,10014500,DNSE
TCB,1D,2026-03-26 09:00:00,30.07,30.07,29.53,29.53,7432100,DNSE
TCB,1D,2026-03-27 09:00:00,29.53,30.07,29.43,30.02,7624800,DNSE
TCB,1D,2026-03-30 09:00:00,29.43,29.87,29.14,29.87,6340300,DNSE
TCB,1D,2026-03-31 09:00:00,29.87,30.12,29.77,30.07,8861500,DNSE
TCB,1D,2026-04-01 09:00:00,30.7,30.7,30.17,30.17,8787500,DNSE
TCB,1D,2026-04-02 09:00:00,29.87,29.92,29.48,29.73,7864700,DNSE
TCB,1D,2026-04-03 09:00:00,29.77,29.87,29.14,29.14,8900100,DNSE
TCB,1D,2026-04-06 09:00:00,29.09,29.09,28.4,28.45,12541800,DNSE
TCB,1D,2026-04-07 09:00:00,28.65,28.7,27.77,28.11,15385300,DNSE
TCB,1D,2026-04-08 09:00:00,29.14,30.07,28.89,30.07,18128900,DNSE
TCB,1D,2026-04-09 09:00:00,30.31,30.95,29.97,30.26,20809500,DNSE
TCB,1D,2026-04-10 09:00:00,30.41,31.98,30.41,31.59,30690500,DNSE
TCB,1D,2026-04-13 09:00:00,30.85,31.49,30.85,31.24,10921700,DNSE
TCB,1D,2026-04-14 09:00:00,31.73,31.88,31.19,31.39,9838400,DNSE
TCB,1D,2026-04-15 09:00:00,31.73,31.88,31.19,31.19,12297700,DNSE
TCB,1D,2026-04-16 09:00:00,31.19,31.44,31.15,31.24,8572900,DNSE
TCB,1D,2026-04-17 09:00:00,31.49,31.78,31.34,31.59,12197000,DNSE
TCB,1D,2026-04-20 09:00:00,31.73,32.22,31.68,31.93,12615300,DNSE
TCB,1D,2026-04-21 09:00:00,31.98,32.17,31.83,32.03,10355500,DNSE
TCB,1D,2026-04-22 09:00:00,32.42,32.81,32.22,32.32,15089100,DNSE
TCB,1D,2026-04-23 09:00:00,32.32,33.01,32.22,32.61,12864900,DNSE
TCB,1D,2026-04-24 09:00:00,32.71,33.59,32.61,33.54,24933500,DNSE
TCB,1D,2026-04-28 09:00:00,34.28,34.28,33.79,33.89,16775400,DNSE
TCB,1D,2026-04-29 09:00:00,33.79,33.89,32.81,33.15,16456400,DNSE
TCB,1D,2026-05-04 09:00:00,33.1,33.25,32.61,32.86,11611400,DNSE
TCB,1D,2026-05-05 09:00:00,32.76,32.76,32.03,32.61,10590600,DNSE
TCB,1D,2026-05-06 09:00:00,32.76,33.2,32.52,33.2,7863100,DNSE
TCB,1D,2026-05-07 09:00:00,33.35,33.5,33.01,33.01,9746800,DNSE
TCB,1D,2026-05-08 09:00:00,32.96,33.25,32.86,33.15,10525100,DNSE
TCB,1D,2026-05-11 09:00:00,33.25,33.25,33.06,33.1,10445400,DNSE
TCB,1D,2026-05-12 09:00:00,33.1,33.15,32.96,33.1,9674900,DNSE
TCB,1D,2026-05-13 09:00:00,33.2,33.2,32.86,32.91,11500800,DNSE
TCB,1D,2026-05-14 09:00:00,32.91,33.3,32.91,33.3,10236700,DNSE
TCB,1D,2026-05-15 09:00:00,33.64,34.08,33.25,33.35,22577300,DNSE
TCB,1D,2026-05-18 09:00:00,33.3,33.5,33.06,33.3,12191600,DNSE
TCB,1D,2026-05-19 09:00:00,33.5,33.6,32.6,32.6,15755800,DNSE
TCB,1D,2026-05-20 09:00:00,32.2,32.45,31.05,32.45,19950800,DNSE
TCB,1D,2026-05-21 09:00:00,32.5,32.6,32.2,32.25,9017000,DNSE
TCB,1D,2026-05-22 09:00:00,32.4,32.4,31.65,32.2,7157000,DNSE
TCB,1D,2026-05-25 09:00:00,32.05,32.8,32.05,32.55,6800800,DNSE
TCB,1D,2026-05-26 09:00:00,32.5,33.0,32.45,32.9,5439700,DNSE
TCB,1D,2026-05-27 09:00:00,33.1,33.7,32.9,33.65,16305800,DNSE
TCB,1D,2026-05-28 09:00:00,33.6,33.6,32.6,32.6,8065900,DNSE
TCB,1D,2026-05-29 09:00:00,32.65,33.05,32.65,32.75,6878700,DNSE
TCB,1D,2026-06-01 09:00:00,32.85,32.95,32.35,32.35,5957400,DNSE
TCB,1D,2026-06-02 09:00:00,32.35,32.4,31.9,31.9,8472100,DNSE
TCB,1D,2026-06-03 09:00:00,31.9,32.0,31.45,31.55,11052800,DNSE
TCB,1D,2026-06-04 09:00:00,31.65,31.9,31.45,31.45,6761500,DNSE
TCB,1D,2026-06-05 09:00:00,31.5,32.0,31.5,31.7,5839000,DNSE
TCB,1D,2026-06-08 09:00:00,31.5,31.6,30.85,30.85,9610500,DNSE
TCB,1D,2026-06-09 09:00:00,30.9,31.2,30.8,30.9,9572400,DNSE
TCB,1D,2026-06-10 09:00:00,31.05,31.25,30.9,30.95,4691800,DNSE
TCB,1D,2026-06-11 09:00:00,30.95,31.05,30.8,30.85,6590700,DNSE
TCB,1D,2026-06-12 09:00:00,31.3,31.45,31.05,31.25,10931200,DNSE
TCB,1D,2026-06-15 09:00:00,31.7,31.95,31.25,31.7,10553500,DNSE
TCB,1D,2026-06-16 09:00:00,31.8,31.9,31.55,31.75,7120000,DNSE
TCB,1D,2026-06-17 09:00:00,31.75,31.8,31.35,31.45,16629400,DNSE
TCB,1D,2026-06-18 09:00:00,31.45,31.5,31.15,31.2,8917000,DNSE
TCB,1D,2026-06-19 09:00:00,31.25,31.3,30.9,30.95,10874100,DNSE
TCB,1D,2026-06-22 09:00:00,31.15,31.15,30.9,30.9,5678600,DNSE
TCB,1D,2026-06-23 09:00:00,31.0,33.05,31.0,32.05,28233400,DNSE
TCB,1D,2026-06-24 09:00:00,32.5,32.95,32.0,32.5,17964000,DNSE
TCB,1D,2026-06-25 09:00:00,32.7,33.5,32.45,33.4,20973800,DNSE
TCB,1D,2026-06-26 09:00:00,33.4,33.45,32.9,33.4,10271000,DNSE
TCB,1D,2026-06-29 09:00:00,33.3,33.9,33.25,33.8,14115800,DNSE
TCB,1D,2026-06-30 09:00:00,33.85,33.85,33.45,33.5,9363600,DNSE
TCB,1D,2026-07-01 09:00:00,33.55,34.5,33.5,34.3,14899400,DNSE
TCB,1D,2026-07-02 09:00:00,34.35,34.6,33.8,33.85,12377100,DNSE
TCB,1D,2026-07-03 09:00:00,33.95,33.95,33.2,33.6,15380400,DNSE
TCB,1D,2026-07-06 09:00:00,33.6,33.95,33.2,33.75,10686300,DNSE
TCB,1D,2026-07-07 09:00:00,33.75,33.85,33.35,33.85,7544400,DNSE
TCB,1D,2026-07-08 09:00:00,33.85,34.2,33.75,33.75,12585200,DNSE
TCB,1D,2026-07-09 09:00:00,33.55,33.65,33.15,33.15,11473700,DNSE
TCB,1D,2026-07-10 09:00:00,33.15,33.2,32.3,32.4,16294000,DNSE
TCB,1D,2026-07-13 09:00:00,32.25,32.35,31.5,32.35,19906700,DNSE
TCB,1D,2026-07-14 09:00:00,32.15,32.3,31.75,32.2,11243700,DNSE
TCB,1D,2026-07-15 09:00:00,32.05,32.2,31.5,31.5,8134600,DNSE
TCB,1D,2026-07-16 09:00:00,31.3,31.9,30.75,31.9,14633400,DNSE
TCB,1D,2026-07-17 09:00:00,31.9,31.9,31.45,31.45,7054000,DNSE
TCB,1D,2026-07-20 09:00:00,31.4,31.4,29.95,29.95,14287800,DNSE
TCB,1D,2026-07-21 09:00:00,30.0,30.2,29.6,29.8,10138100,DNSE
TCB,1D,2026-07-22 09:00:00,29.9,30.3,29.0,29.0,19146900,DNSE
TCB,1D,2026-07-23 09:00:00,29.05,29.95,28.35,29.25,16985100,DNSE
TCB,1D,2026-07-24 09:00:00,28.9,29.2,28.5,28.6,10695100,DNSE
TCB,1D,2026-07-27 09:00:00,28.7,29.05,28.25,28.25,10295400,DNSE
TCB,1D,2026-07-28 09:00:00,28.15,28.6,27.8,28.5,10441600,DNSE
TCB,1D,2026-07-29 09:00:00,28.15,28.55,28.15,28.4,8541800,DNSE
TCB,1D,2026-07-30 09:00:00,28.6,29.75,28.4,29.3,19699200,DNSE
TCB,1D,2026-07-31 09:00:00,29.55,29.55,28.95,28.95,11594700,DNSE
TCB,1D,2026-08-03 09:00:00,29.15,30.3,29.15,29.95,13434400,DNSE
TCB,1D,2026-08-04 09:00:00,29.9,29.95,29.55,29.65,9310400,DNSE
TCB,1D,2026-08-05 09:00:00,29.9,30.05,29.55,29.65,12029900,DNSE
TCB,1D,2026-08-06 09:00:00,29.7,29.75,29.2,29.2,11006100,DNSE
TCB,1D,2026-08-07 09:00:00,29.15,29.7,28.9,29.7,22690400,DNSE
TCB,1D,2026-08-10 09:00:00,29.7,31.35,29.5,31.35,34812900,DNSE
TCB,1D,2026-08-11 09:00:00,31.15,31.55,30.7,31.0,18021000,DNSE
TCB,1D,2026-08-12 09:00:00,31.0,31.5,30.9,31.5,15306400,DNSE
TCB,1D,2026-08-13 09:00:00,31.5,32.1,31.3,31.7,33919400,DNSE
TCB,1D,2026-08-14 09:00:00,31.7,32.15,31.45,32.0,15485400,DNSE
TCB,1D,2026-08-17 09:00:00,31.85,32.05,31.6,31.8,10961200,DNSE
TCB,1D,2026-08-18 09:00:00,31.85,31.85,30.6,30.85,14744200,DNSE
TCB,1D,2026-08-19 09:00:00,30.65,31.1,30.65,31.0,8372700,DNSE
TCB,1D,2026-08-20 09:00:00,31.2,31.3,30.85,31.0,6415500,DNSE
TCB,1D,2026-08-21 09:00:00,30.8,31.7,30.75,31.65,9772000,DNSE
TCB,1D,2026-08-24 09:00:00,31.65,31.9,31.45,31.45,10086100,DNSE
TCB,1D,2026-08-25 09:00:00,31.45,31.9,31.2,31.3,14732000,DNSE
TCB,1D,2026-08-26 09:00:00,31.25,33.45,31.0,33.45,39167000,DNSE
TCB,1D,2026-08-27 09:00:00,33.5,35.2,33.45,34.1,32608700,DNSE
TCB,1D,2026-08-28 09:00:00,33.35,33.65,32.7,33.4,27675200,DNSE
TCB,1D,2026-09-03 09:00:00,33.1,33.1,32.1,32.1,25003600,DNSE
TCB,1D,2026-09-04 09:00:00,32.2,32.8,32.0,32.6,12024400,DNSE
TCB,1D,2026-09-07 09:00:00,32.6,32.65,31.9,31.9,11450100,DNSE
TCB,1D,2026-09-08 09:00:00,31.9,32.25,31.85,31.95,7754000,DNSE
TCB,1D,2026-09-09 09:00:00,32.0,32.7,32.0,32.4,10974600,DNSE
TCB,1D,2026-09-10 09:00:00,32.2,32.5,32.15,32.4,5852200,DNSE
TCB,1D,2026-09-11 09:00:00,32.2,32.3,31.6,31.6,15192300,DNSE
TCB,1D,2026-09-14 09:00:00,31.45,32.2,31.4,31.85,11777000,DNSE
TCB,1D,2026-09-15 09:00:00,31.85,32.4,31.85,32.2,9080700,DNSE
TCB,1D,2026-09-16 09:00:00,32.4,32.45,31.9,32.45,9514400,DNSE
TCB,1D,2026-09-17 09:00:00,32.2,32.7,32.2,32.65,12488900,DNSE
TCB,1D,2026-09-18 09:00:00,32.8,33.0,31.6,31.6,15676600,DNSE
VCB,1D,2025-10-01 09:00:00,61.74,61.74,61.04,61.44,3022000,DNSE
VCB,1D,2025-10-02 09:00:00,61.44,62.12,61.14,61.14,3657500,DNSE
VCB,1D,2025-10-03 09:00:00,61.49,61.49,60.89,61.19,2821100,DNSE
VCB,1D,2025-10-06 09:00:00,62.28,63.47,62.28,63.47,7461700,DNSE
VCB,1D,2025-10-07 09:00:00,63.57,63.57,62.78,63.17,4229300,DNSE
VCB,1D,2025-10-08 09:00:00,63.67,64.36,63.07,64.07,8113800,DNSE
VCB,1D,2025-10-09 09:00:00,63.97,64.66,63.27,63.27,5734200,DNSE
VCB,1D,2025-10-10 09:00:00,63.37,63.87,63.07,63.67,4985600,DNSE
VCB,1D,2025-10-13 09:00:00,62.88,63.27,62.28,62.58,7992500,DNSE
VCB,1D,2025-10-14 09:00:00,62.98,63.47,62.38,62.58,7008900,DNSE
VCB,1D,2025-10-15 09:00:00,62.58,62.88,61.98,61.98,5218800,DNSE
VCB,1D,2025-10-16 09:00:00,62.18,62.48,61.98,62.38,4634400,DNSE
VCB,1D,2025-10-17 09:00:00,62.38,62.38,61.29,61.39,5405900,DNSE
VCB,1D,2025-10-20 09:00:00,61.29,61.69,58.12,58.91,12115600,DNSE
VCB,1D,2025-10-21 09:00:00,59.21,60.2,58.81,58.81,8416700,DNSE
VCB,1D,2025-10-22 09:00:00,59.6,59.7,58.02,59.11,4664800,DNSE
VCB,1D,2025-10-23 09:00:00,58.41,59.8,58.41,59.31,4227100,DNSE
VCB,1D,2025-10-24 09:00:00,59.31,59.41,58.31,59.01,4372700,DNSE
VCB,1D,2025-10-27 09:00:00,59.5,59.5,58.71,58.71,2640000,DNSE
VCB,1D,2025-10-28 09:00:00,58.71,59.7,58.61,59.5,2789700,DNSE
VCB,1D,2025-10-29 09:00:00,59.5,60.5,59.31,60.2,3716000,DNSE
VCB,1D,2025-10-30 09:00:00,60.5,60.69,59.8,60.1,1946600,DNSE
VCB,1D,2025-10-31 09:00:00,60.3,60.3,59.11,59.11,2117800,DNSE
VCB,1D,2025-11-03 09:00:00,59.5,59.8,58.81,58.81,2800100,DNSE
VCB,1D,2025-11-04 09:00:00,58.71,59.9,58.61,59.6,2952400,DNSE
VCB,1D,2025-11-05 09:00:00,59.5,60.6,59.41,60.3,4601700,DNSE
VCB,1D,2025-11-06 09:00:00,60.4,60.79,59.7,59.8,2821200,DNSE
VCB,1D,2025-11-07 09:00:00,59.5,59.5,58.51,58.81,3586300,DNSE
VCB,1D,2025-11-10 09:00:00,58.91,59.21,58.31,58.31,2316500,DNSE
VCB,1D,2025-11-11 09:00:00,58.61,59.11,58.31,58.41,2540900,DNSE
VCB,1D,2025-11-12 09:00:00,58.61,59.21,58.51,59.01,2012700,DNSE
VCB,1D,2025-11-13 09:00:00,59.01,59.5,58.71,59.31,2113500,DNSE
VCB,1D,2025-11-14 09:00:00,59.31,59.9,58.91,59.5,2069600,DNSE
VCB,1D,2025-11-17 09:00:00,59.5,59.9,59.41,59.7,1585600,DNSE
VCB,1D,2025-11-18 09:00:00,59.9,59.9,59.31,59.41,2158800,DNSE
VCB,1D,2025-11-19 09:00:00,59.41,59.6,58.81,58.91,2896200,DNSE
VCB,1D,2025-11-20 09:00:00,59.11,59.21,58.71,58.91,2259400,DNSE
VCB,1D,2025-11-21 09:00:00,58.61,58.71,58.22,58.51,3452400,DNSE
VCB,1D,2025-11-24 09:00:00,58.51,58.81,58.22,58.31,2025600,DNSE
VCB,1D,2025-11-25 09:00:00,58.41,58.51,57.72,57.72,2755000,DNSE
VCB,1D,2025-11-26 09:00:00,58.02,58.12,57.32,57.62,5371200,DNSE
VCB,1D,2025-11-27 09:00:00,57.72,58.02,57.42,57.42,3113500,DNSE
VCB,1D,2025-11-28 09:00:00,57.52,57.62,56.93,56.93,3534300,DNSE
VCB,1D,2025-12-01 09:00:00,57.12,57.52,57.03,57.03,2824900,DNSE
VCB,1D,2025-12-02 09:00:00,57.03,57.32,56.73,57.12,3185600,DNSE
VCB,1D,2025-12-03 09:00:00,57.32,58.61,57.32,58.41,6161200,DNSE
VCB,1D,2025-12-04 09:00:00,58.51,58.91,58.22,58.41,2923100,DNSE
VCB,1D,2025-12-05 09:00:00,58.51,58.71,57.72,57.82,3604700,DNSE
VCB,1D,2025-12-08 09:00:00,57.72,57.82,57.32,57.42,2141500,DNSE
VCB,1D,2025-12-09 09:00:00,57.42,58.22,56.83,57.52,4519400,DNSE
VCB,1D,2025-12-10 09:00:00,57.82,58.12,57.32,57.72,3082500,DNSE
VCB,1D,2025-12-11 09:00:00,57.92,57.92,57.12,57.12,1746700,DNSE
VCB,1D,2025-12-12 09:00:00,57.32,57.32,56.33,56.33,4847700,DNSE
VCB,1D,2025-12-15 09:00:00,56.33,56.83,56.23,56.33,3203100,DNSE
VCB,1D,2025-12-16 09:00:00,56.43,56.93,55.54,56.43,6346800,DNSE
VCB,1D,2025-12-17 09:00:00,56.53,57.03,56.23,56.23,2331200,DNSE
VCB,1D,2025-12-18 09:00:00,56.73,57.03,56.23,56.33,3075800,DNSE
VCB,1D,2025-12-19 09:00:00,56.53,57.03,56.23,57.03,4265500,DNSE
VCB,1D,2025-12-22 09:00:00,57.22,57.52,56.83,57.32,2961200,DNSE
VCB,1D,2025-12-23 09:00:00,57.32,57.62,56.53,56.73,3147900,DNSE
VCB,1D,2025-12-24 09:00:00,56.83,56.83,56.43,56.53,4431500,DNSE
VCB,1D,2025-12-25 09:00:00,56.53,57.42,56.53,56.63,3968100,DNSE
VCB,1D,2025-12-26 09:00:00,56.63,56.93,56.13,56.63,3302500,DNSE
VCB,1D,2025-12-29 09:00:00,56.93,57.03,56.63,56.63,2099700,DNSE
VCB,1D,2025-12-30 09:00:00,56.83,57.62,56.73,56.83,2958000,DNSE
VCB,1D,2025-12-31 09:00:00,56.93,57.42,56.83,57.03,2530800,DNSE
VCB,1D,2026-01-05 09:00:00,57.03,57.12,56.53,56.63,3591800,DNSE
VCB,1D,2026-01-06 09:00:00,56.63,57.03,56.13,56.83,4173200,DNSE
VCB,1D,2026-01-07 09:00:00,57.12,59.41,57.03,59.11,12918300,DNSE
VCB,1D,2026-01-08 09:00:00,59.31,63.17,59.21,63.17,27104600,DNSE
VCB,1D,2026-01-09 09:00:00,64.86,67.44,64.86,67.44,32481400,DNSE
VCB,1D,2026-01-12 09:00:00,69.32,72.1,69.03,72.1,21973100,DNSE
VCB,1D,2026-01-13 09:00:00,73.69,75.37,71.21,73.39,28198200,DNSE
VCB,1D,2026-01-14 09:00:00,72.5,78.15,72.5,75.37,21213600,DNSE
VCB,1D,2026-01-15 09:00:00,73.39,74.28,71.31,71.31,23227200,DNSE
VCB,1D,2026-01-16 09:00:00,72.4,75.37,71.41,72.4,13426500,DNSE
VCB,1D,2026-01-19 09:00:00,72.4,72.89,71.01,72.1,8212000,DNSE
VCB,1D,2026-01-20 09:00:00,73.39,74.38,71.5,72.89,18491600,DNSE
VCB,1D,2026-01-21 09:00:00,72.2,72.99,71.11,72.2,11179000,DNSE
VCB,1D,2026-01-22 09:00:00,72.79,75.27,70.02,70.41,18577500,DNSE
VCB,1D,2026-01-23 09:00:00,70.41,70.41,67.93,68.03,16804700,DNSE
VCB,1D,2026-01-26 09:00:00,68.33,70.51,68.13,69.03,10990600,DNSE
VCB,1D,2026-01-27 09:00:00,69.12,70.91,67.54,70.02,9645200,DNSE
VCB,1D,2026-01-28 09:00:00,70.51,72.3,68.83,69.03,12283200,DNSE
VCB,1D,2026-01-29 09:00:00,68.73,70.22,68.03,69.22,7855400,DNSE
VCB,1D,2026-01-30 09:00:00,70.02,71.31,69.03,69.92,11480700,DNSE
VCB,1D,2026-02-02 09:00:00,69.92,70.91,68.73,70.91,10711000,DNSE
VCB,1D,2026-02-03 09:00:00,71.8,72.69,70.71,71.21,15094700,DNSE
VCB,1D,2026-02-04 09:00:00,71.41,71.41,69.92,70.22,8726700,DNSE
VCB,1D,2026-02-05 09:00:00,70.12,70.22,67.84,67.84,11688700,DNSE
VCB,1D,2026-02-06 09:00:00,67.34,67.34,64.36,64.56,24570400,DNSE
VCB,1D,2026-02-09 09:00:00,64.96,65.46,63.67,64.46,7308900,DNSE
VCB,1D,2026-02-10 09:00:00,63.97,64.96,62.08,62.58,15811100,DNSE
VCB,1D,2026-02-11 09:00:00,63.47,66.05,62.98,64.17,11121200,DNSE
VCB,1D,2026-02-12 09:00:00,64.96,64.96,63.67,63.67,7950400,DNSE
VCB,1D,2026-02-13 09:00:00,64.17,64.56,63.47,63.87,4951400,DNSE
VCB,1D,2026-02-23 09:00:00,64.46,66.15,64.07,65.85,10104200,DNSE
VCB,1D,2026-02-24 09:00:00,66.05,66.05,64.36,64.46,10246500,DNSE
VCB,1D,2026-02-25 09:00:00,64.46,65.95,64.17,64.56,9488800,DNSE
VCB,1D,2026-02-26 09:00:00,64.66,65.36,64.46,64.86,7561900,DNSE
VCB,1D,2026-02-27 09:00:00,64.96,65.85,64.26,64.36,8831200,DNSE
VCB,1D,2026-03-02 09:00:00,62.38,63.37,62.38,62.38,17105000,DNSE
VCB,1D,2026-03-03 09:00:00,62.38,63.17,60.89,61.09,12575400,DNSE
VCB,1D,2026-03-04 09:00:00,61.29,62.68,61.19,62.48,10259500,DNSE
VCB,1D,2026-03-05 09:00:00,63.17,63.17,61.98,61.98,6037000,DNSE
VCB,1D,2026-03-06 09:00:00,61.49,62.68,61.09,61.09,8854200,DNSE
VCB,1D,2026-03-09 09:00:00,56.93,59.21,56.83,56.83,29396000,DNSE
VCB,1D,2026-03-10 09:00:00,59.31,60.4,58.31,59.9,11524700,DNSE
VCB,1D,2026-03-11 09:00:00,60.0,60.69,59.5,59.9,8789200,DNSE
VCB,1D,2026-03-12 09:00:00,59.7,59.8,59.01,59.31,6217000,DNSE
VCB,1D,2026-03-13 09:00:00,58.71,59.6,58.41,58.51,5656900,DNSE
VCB,1D,2026-03-16 09:00:00,58.81,59.31,58.12,58.31,3985900,DNSE
VCB,1D,2026-03-17 09:00:00,59.01,60.0,58.91,60.0,7148800,DNSE
VCB,1D,2026-03-18 09:00:00,60.4,61.49,59.5,60.0,8225000,DNSE
VCB,1D,2026-03-19 09:00:00,59.21,59.5,58.51,59.31,6184000,DNSE
VCB,1D,2026-03-20 09:00:00,59.31,59.31,57.52,57.52,8322900,DNSE
VCB,1D,2026-03-23 09:00:00,57.32,57.82,56.03,57.12,9648600,DNSE
VCB,1D,2026-03-24 09:00:00,58.51,58.51,57.52,57.72,4332300,DNSE
VCB,1D,2026-03-25 09:00:00,58.31,58.61,57.52,57.92,8558200,DNSE
VCB,1D,2026-03-26 09:00:00,58.02,58.12,57.03,57.42,6217800,DNSE
VCB,1D,2026-03-27 09:00:00,57.52,58.51,57.42,58.31,6135900,DNSE
VCB,1D,2026-03-30 09:00:00,57.42,58.02,57.32,57.52,5546000,DNSE
VCB,1D,2026-03-31 09:00:00,57.72,58.41,57.52,57.62,5481100,DNSE
VCB,1D,2026-04-01 09:00:00,58.41,58.71,58.02,58.51,8254700,DNSE
VCB,1D,2026-04-02 09:00:00,58.22,58.31,57.62,57.72,5664500,DNSE
VCB,1D,2026-04-03 09:00:00,57.82,58.02,57.22,57.22,5919600,DNSE
VCB,1D,2026-04-06 09:00:00,57.32,57.72,57.22,57.52,4303300,DNSE
VCB,1D,2026-04-07 09:00:00,57.52,57.82,57.22,57.52,3889100,DNSE
VCB,1D,2026-04-08 09:00:00,58.71,59.8,58.31,59.7,13743100,DNSE
VCB,1D,2026-04-09 09:00:00,59.5,59.6,58.81,58.91,6217700,DNSE
VCB,1D,2026-04-10 09:00:00,59.11,60.5,59.11,59.31,7655400,DNSE
VCB,1D,2026-04-13 09:00:00,59.01,59.01,58.51,58.71,5088700,DNSE
VCB,1D,2026-04-14 09:00:00,59.21,59.31,58.61,58.81,5548100,DNSE
VCB,1D,2026-04-15 09:00:00,59.21,60.0,59.11,59.41,8919600,DNSE
VCB,1D,2026-04-16 09:00:00,59.5,59.6,58.81,58.91,4174500,DNSE
VCB,1D,2026-04-17 09:00:00,58.91,59.41,58.91,59.01,4257800,DNSE
VCB,1D,2026-04-20 09:00:00,59.11,60.0,59.01,59.6,6442900,DNSE
VCB,1D,2026-04-21 09:00:00,59.9,60.1,59.11,59.11,6379000,DNSE
VCB,1D,2026-04-22 09:00:00,59.11,59.31,58.71,58.91,3011000,DNSE
VCB,1D,2026-04-23 09:00:00,59.21,62.98,59.11,62.28,35200000,DNSE
VCB,1D,2026-04-24 09:00:00,62.48,62.48,60.1,60.1,11882500,DNSE
VCB,1D,2026-04-28 09:00:00,60.3,60.99,59.31,59.31,7596400,DNSE
VCB,1D,2026-04-29 09:00:00,59.41,60.0,59.01,59.31,6431000,DNSE
VCB,1D,2026-05-04 09:00:00,60.0,60.69,59.5,60.2,7506200,DNSE
VCB,1D,2026-05-05 09:00:00,60.1,60.2,59.21,59.41,6407700,DNSE
VCB,1D,2026-05-06 09:00:00,59.7,60.0,59.21,60.0,5807400,DNSE
VCB,1D,2026-05-07 09:00:00,60.4,60.6,59.8,59.8,6055700,DNSE
VCB,1D,2026-05-08 09:00:00,60.0,61.19,59.8,60.2,9970000,DNSE
VCB,1D,2026-05-11 09:00:00,60.5,60.6,59.7,59.8,5510000,DNSE
VCB,1D,2026-05-12 09:00:00,59.8,60.0,59.01,59.41,6549200,DNSE
VCB,1D,2026-05-13 09:00:00,59.21,60.79,58.71,59.6,8868000,DNSE
VCB,1D,2026-05-14 09:00:00,60.0,60.99,59.5,60.5,5612100,DNSE
VCB,1D,2026-05-15 09:00:00,60.79,61.19,60.2,60.2,8271800,DNSE
VCB,1D,2026-05-18 09:00:00,60.2,62.98,59.8,62.68,18877600,DNSE
VCB,1D,2026-05-19 09:00:00,62.88,64.46,62.08,63.87,24224800,DNSE
VCB,1D,2026-05-20 09:00:00,63.17,64.17,61.29,64.07,14381600,DNSE
VCB,1D,2026-05-21 09:00:00,64.07,65.65,63.27,64.36,20114300,DNSE
VCB,1D,2026-05-22 09:00:00,64.36,64.36,62.78,62.98,8118400,DNSE
VCB,1D,2026-05-25 09:00:00,62.68,63.47,61.59,63.17,5410300,DNSE
VCB,1D,2026-05-26 09:00:00,62.78,63.87,62.78,63.87,5623900,DNSE
VCB,1D,2026-05-27 09:00:00,63.87,63.97,63.27,63.67,4185600,DNSE
VCB,1D,2026-05-28 09:00:00,63.67,63.67,62.28,62.28,4972400,DNSE
VCB,1D,2026-05-29 09:00:00,62.48,62.48,61.29,61.49,5820000,DNSE
VCB,1D,2026-06-01 09:00:00,61.79,62.28,61.19,61.69,2924300,DNSE
VCB,1D,2026-06-02 09:00:00,61.79,62.18,61.09,61.09,5063900,DNSE
VCB,1D,2026-06-03 09:00:00,61.19,61.98,60.89,61.39,4431300,DNSE
VCB,1D,2026-06-04 09:00:00,61.29,61.98,61.19,61.69,3910600,DNSE
VCB,1D,2026-06-05 09:00:00,61.88,61.98,61.09,61.19,4011200,DNSE
VCB,1D,2026-06-08 09:00:00,60.69,61.59,60.4,60.79,7352300,DNSE
VCB,1D,2026-06-09 09:00:00,60.79,61.19,60.5,60.99,2564800,DNSE
VCB,1D,2026-06-10 09:00:00,61.09,61.69,61.09,61.19,2309200,DNSE
VCB,1D,2026-06-11 09:00:00,60.99,61.39,60.79,61.09,2588500,DNSE
VCB,1D,2026-06-12 09:00:00,61.39,61.59,61.09,61.09,3152300,DNSE
VCB,1D,2026-06-15 09:00:00,61.79,61.88,61.09,61.09,5222300,DNSE
VCB,1D,2026-06-16 09:00:00,61.29,61.79,61.09,61.29,3110000,DNSE
VCB,1D,2026-06-17 09:00:00,61.29,61.88,61.09,61.69,6825500,DNSE
VCB,1D,2026-06-18 09:00:00,61.79,61.88,61.09,61.09,4650700,DNSE
VCB,1D,2026-06-19 09:00:00,61.39,61.39,60.69,61.19,4869000,DNSE
VCB,1D,2026-06-22 09:00:00,61.19,61.29,60.69,60.79,2686300,DNSE
VCB,1D,2026-06-23 09:00:00,61.19,62.08,60.79,60.79,5176000,DNSE
VCB,1D,2026-06-24 09:00:00,60.89,61.09,60.5,60.5,2542500,DNSE
VCB,1D,2026-06-25 09:00:00,60.6,60.79,60.3,60.3,3093500,DNSE
VCB,1D,2026-06-26 09:00:00,60.5,60.99,60.3,60.89,3344300,DNSE
VCB,1D,2026-06-29 09:00:00,61.09,61.69,60.89,61.49,5481600,DNSE
VCB,1D,2026-06-30 09:00:00,61.69,62.08,61.39,61.69,4622500,DNSE
VCB,1D,2026-07-01 09:00:00,61.88,62.48,61.59,62.48,4232900,DNSE
VCB,1D,2026-07-02 09:00:00,62.48,62.58,61.59,61.59,2744500,DNSE
VCB,1D,2026-07-03 09:00:00,61.79,61.88,61.49,61.49,2601900,DNSE
VCB,1D,2026-07-06 09:00:00,61.49,61.98,60.2,60.69,4173100,DNSE
VCB,1D,2026-07-07 09:00:00,60.69,60.99,60.4,60.79,2547200,DNSE
VCB,1D,2026-07-08 09:00:00,60.79,61.29,60.6,61.09,2051000,DNSE
VCB,1D,2026-07-09 09:00:00,60.79,60.99,60.5,60.6,2209800,DNSE
VCB,1D,2026-07-10 09:00:00,60.6,60.99,60.0,60.0,3016400,DNSE
VCB,1D,2026-07-13 09:00:00,60.0,60.0,58.31,58.41,6789000,DNSE
VCB,1D,2026-07-14 09:00:00,58.41,59.01,58.12,58.71,2829200,DNSE
VCB,1D,2026-07-15 09:00:00,58.71,58.91,58.22,58.71,2633300,DNSE
VCB,1D,2026-07-16 09:00:00,58.61,59.31,57.92,58.91,3349700,DNSE
VCB,1D,2026-07-17 09:00:00,58.81,58.81,58.02,58.02,1990100,DNSE
VCB,1D,2026-07-20 09:00:00,58.31,58.31,55.84,56.23,8536800,DNSE
VCB,1D,2026-07-21 09:00:00,56.23,56.73,56.13,56.23,3413200,DNSE
VCB,1D,2026-07-22 09:00:00,56.33,56.63,54.05,54.05,9173400,DNSE
VCB,1D,2026-07-23 09:00:00,54.1,54.9,52.6,54.0,7435600,DNSE
VCB,1D,2026-07-24 09:00:00,54.0,55.3,53.2,54.1,2503700,DNSE
VCB,1D,2026-07-27 09:00:00,54.5,54.8,53.5,54.0,2581300,DNSE
VCB,1D,2026-07-28 09:00:00,53.7,54.6,53.3,54.1,2607000,DNSE
VCB,1D,2026-07-29 09:00:00,54.2,54.7,54.0,54.6,2072300,DNSE
VCB,1D,2026-07-30 09:00:00,55.0,56.7,54.7,56.5,5427800,DNSE
VCB,1D,2026-07-31 09:00:00,57.7,60.4,57.3,59.3,18314600,DNSE
VCB,1D,2026-08-03 09:00:00,59.6,61.0,59.3,60.8,7642500,DNSE
VCB,1D,2026-08-04 09:00:00,60.9,60.9,59.6,60.0,5093100,DNSE
VCB,1D,2026-08-05 09:00:00,60.2,60.6,59.2,59.3,3663100,DNSE
VCB,1D,2026-08-06 09:00:00,59.5,59.5,58.5,59.0,2962800,DNSE
VCB,1D,2026-08-07 09:00:00,58.7,60.8,58.7,59.7,6522200,DNSE
VCB,1D,2026-08-10 09:00:00,60.3,60.5,59.8,60.3,2714200,DNSE
VCB,1D,2026-08-11 09:00:00,60.5,60.8,59.6,59.8,4065600,DNSE
VCB,1D,2026-08-12 09:00:00,59.9,60.3,59.6,59.7,2384500,DNSE
VCB,1D,2026-08-13 09:00:00,59.9,60.5,59.1,59.5,4579700,DNSE
VCB,1D,2026-08-14 09:00:00,59.5,59.6,58.5,58.5,4805500,DNSE
VCB,1D,2026-08-17 09:00:00,58.3,58.9,58.2,58.2,2745300,DNSE
VCB,1D,2026-08-18 09:00:00,58.2,59.0,57.7,58.0,2888000,DNSE
VCB,1D,2026-08-19 09:00:00,58.0,58.2,57.2,57.4,3770600,DNSE
VCB,1D,2026-08-20 09:00:00,57.8,58.1,57.3,57.8,3006600,DNSE
VCB,1D,2026-08-21 09:00:00,57.8,59.1,57.5,59.1,4695200,DNSE
VCB,1D,2026-08-24 09:00:00,60.2,60.5,59.2,59.2,4773600,DNSE
VCB,1D,2026-08-25 09:00:00,59.3,60.2,59.2,59.4,5577200,DNSE
VCB,1D,2026-08-26 09:00:00,59.2,60.3,59.2,60.3,7177300,DNSE
VCB,1D,2026-08-27 09:00:00,60.5,61.4,60.0,60.1,4904300,DNSE
VCB,1D,2026-08-28 09:00:00,60.2,60.5,59.8,60.1,3386900,DNSE
VCB,1D,2026-09-03 09:00:00,59.6,59.8,58.7,58.7,8465900,DNSE
VCB,1D,2026-09-04 09:00:00,58.9,59.3,58.6,58.9,4309500,DNSE
VCB,1D,2026-09-07 09:00:00,59.0,59.1,58.0,58.0,4761600,DNSE
VCB,1D,2026-09-08 09:00:00,58.0,58.3,57.9,58.1,2867600,DNSE
VCB,1D,2026-09-09 09:00:00,58.4,59.3,58.2,58.7,5324200,DNSE
VCB,1D,2026-09-10 09:00:00,58.7,59.4,58.5,59.0,3066000,DNSE
VCB,1D,2026-09-11 09:00:00,58.9,59.0,58.2,58.2,4365200,DNSE
VCB,1D,2026-09-14 09:00:00,58.2,58.8,58.0,58.5,4818800,DNSE
VCB,1D,2026-09-15 09:00:00,58.6,60.0,58.6,60.0,9547200,DNSE
VCB,1D,2026-09-16 09:00:00,60.1,60.3,59.3,59.3,2880800,DNSE
VCB,1D,2026-09-17 09:00:00,59.0,60.0,58.8,59.6,5395900,DNSE
VCB,1D,2026-09-18 09:00:00,60.0,61.0,59.8,59.9,10362600,DNSE
VCI,1D,2025-10-01 09:00:00,31.49,31.75,31.06,31.06,5220400,DNSE
VCI,1D,2025-10-02 09:00:00,31.32,31.35,30.51,30.51,5075900,DNSE
VCI,1D,2025-10-03 09:00:00,30.51,30.7,29.87,30.15,5979900,DNSE
VCI,1D,2025-10-06 09:00:00,30.51,32.26,30.51,32.26,10258700,DNSE
VCI,1D,2025-10-07 09:00:00,32.4,32.4,31.53,31.57,9003800,DNSE
VCI,1D,2025-10-08 09:00:00,32.18,32.47,31.24,31.75,12475700,DNSE
VCI,1D,2025-10-09 09:00:00,31.82,32.0,31.02,31.17,7848000,DNSE
VCI,1D,2025-10-10 09:00:00,31.17,32.54,31.17,31.57,13129800,DNSE
VCI,1D,2025-10-13 09:00:00,31.28,32.11,31.09,31.9,7991300,DNSE
VCI,1D,2025-10-14 09:00:00,32.26,32.73,30.81,31.17,16096800,DNSE
VCI,1D,2025-10-15 09:00:00,31.39,31.53,30.84,30.98,7898600,DNSE
VCI,1D,2025-10-16 09:00:00,31.24,31.71,30.84,30.91,8962500,DNSE
VCI,1D,2025-10-17 09:00:00,31.09,31.6,30.37,30.4,12190700,DNSE
VCI,1D,2025-10-20 09:00:00,30.3,30.81,28.31,28.31,13008000,DNSE
VCI,1D,2025-10-21 09:00:00,28.23,28.63,26.86,27.33,16461400,DNSE
VCI,1D,2025-10-22 09:00:00,27.76,27.8,26.45,27.18,10763900,DNSE
VCI,1D,2025-10-23 09:00:00,27.47,27.65,26.67,26.67,6769300,DNSE
VCI,1D,2025-10-24 09:00:00,26.75,27.37,26.45,27.11,15326100,DNSE
VCI,1D,2025-10-27 09:00:00,27.62,27.84,26.79,27.11,9062700,DNSE
VCI,1D,2025-10-28 09:00:00,27.29,27.69,27.0,27.69,7912900,DNSE
VCI,1D,2025-10-29 09:00:00,27.84,27.87,27.33,27.43,6252800,DNSE
VCI,1D,2025-10-30 09:00:00,27.51,27.51,26.82,26.89,6626500,DNSE
VCI,1D,2025-10-31 09:00:00,26.89,27.37,26.82,26.89,10403100,DNSE
VCI,1D,2025-11-03 09:00:00,27.0,27.22,26.09,26.09,8664200,DNSE
VCI,1D,2025-11-04 09:00:00,25.87,27.9,25.87,27.9,17168700,DNSE
VCI,1D,2025-11-05 09:00:00,27.87,27.9,27.04,27.07,8185000,DNSE
VCI,1D,2025-11-06 09:00:00,27.18,27.29,26.64,26.67,6454000,DNSE
VCI,1D,2025-11-07 09:00:00,26.67,26.86,25.81,26.09,7826000,DNSE
VCI,1D,2025-11-10 09:00:00,26.09,26.79,25.77,25.95,7684400,DNSE
VCI,1D,2025-11-11 09:00:00,26.09,26.67,26.06,26.6,5061300,DNSE
VCI,1D,2025-11-12 09:00:00,26.67,26.92,26.35,26.53,14004400,DNSE
VCI,1D,2025-11-13 09:00:00,26.64,26.75,26.13,26.2,12490100,DNSE
VCI,1D,2025-11-14 09:00:00,26.17,26.42,25.81,25.91,13911600,DNSE
VCI,1D,2025-11-17 09:00:00,26.09,26.42,25.87,26.24,8682100,DNSE
VCI,1D,2025-11-18 09:00:00,26.38,26.64,26.2,26.38,11135300,DNSE
VCI,1D,2025-11-19 09:00:00,26.38,26.42,25.84,25.95,9146500,DNSE
VCI,1D,2025-11-20 09:00:00,25.95,26.06,25.26,25.4,16611000,DNSE
VCI,1D,2025-11-21 09:00:00,25.37,25.37,24.87,24.89,11863300,DNSE
VCI,1D,2025-11-24 09:00:00,24.89,25.26,24.72,24.79,7194100,DNSE
VCI,1D,2025-11-25 09:00:00,24.76,24.93,24.14,24.14,16555400,DNSE
VCI,1D,2025-11-26 09:00:00,24.36,25.23,24.28,24.93,10554600,DNSE
VCI,1D,2025-11-27 09:00:00,25.01,25.08,24.42,24.53,7496900,DNSE
VCI,1D,2025-11-28 09:00:00,24.76,24.89,24.46,24.46,6042600,DNSE
VCI,1D,2025-12-01 09:00:00,24.64,24.68,24.21,24.21,6093400,DNSE
VCI,1D,2025-12-02 09:00:00,24.21,24.79,24.14,24.64,11385700,DNSE
VCI,1D,2025-12-03 09:00:00,24.79,25.19,24.57,25.12,7144900,DNSE
VCI,1D,2025-12-04 09:00:00,25.23,25.44,25.08,25.4,11768600,DNSE
VCI,1D,2025-12-05 09:00:00,25.44,25.44,24.93,24.97,6976800,DNSE
VCI,1D,2025-12-08 09:00:00,25.01,25.01,24.42,24.53,6586900,DNSE
VCI,1D,2025-12-09 09:00:00,24.39,25.23,24.21,24.72,12917900,DNSE
VCI,1D,2025-12-10 09:00:00,25.01,25.23,24.72,24.87,4961600,DNSE
VCI,1D,2025-12-11 09:00:00,25.01,25.12,24.53,24.79,5108500,DNSE
VCI,1D,2025-12-12 09:00:00,24.89,24.89,23.7,23.7,9046300,DNSE
VCI,1D,2025-12-15 09:00:00,23.78,24.53,23.7,24.17,9391600,DNSE
VCI,1D,2025-12-16 09:00:00,24.21,25.3,23.74,24.79,9718600,DNSE
VCI,1D,2025-12-17 09:00:00,24.79,25.04,24.61,24.79,5807000,DNSE
VCI,1D,2025-12-18 09:00:00,24.79,25.04,24.57,24.79,4929700,DNSE
VCI,1D,2025-12-19 09:00:00,24.93,25.19,24.64,25.19,8193700,DNSE
VCI,1D,2025-12-22 09:00:00,25.3,25.55,25.01,25.51,8407400,DNSE
VCI,1D,2025-12-23 09:00:00,25.55,25.59,24.87,24.87,6907900,DNSE
VCI,1D,2025-12-24 09:00:00,24.87,25.98,24.76,25.84,12206800,DNSE
VCI,1D,2025-12-25 09:00:00,25.87,26.06,24.93,24.93,7874500,DNSE
VCI,1D,2025-12-26 09:00:00,25.01,26.02,24.72,25.81,14212400,DNSE
VCI,1D,2025-12-29 09:00:00,25.81,26.28,25.59,25.59,6887900,DNSE
VCI,1D,2025-12-30 09:00:00,25.95,26.17,25.59,25.66,6362800,DNSE
VCI,1D,2025-12-31 09:00:00,25.73,26.02,25.37,25.59,8093700,DNSE
VCI,1D,2026-01-05 09:00:00,25.59,25.66,24.36,24.61,10463000,DNSE
VCI,1D,2026-01-06 09:00:00,24.72,25.08,24.32,24.64,7681400,DNSE
VCI,1D,2026-01-07 09:00:00,24.97,25.44,24.72,25.12,5883700,DNSE
VCI,1D,2026-01-08 09:00:00,25.3,25.74,25.01,25.01,11796300,DNSE
VCI,1D,2026-01-09 09:00:00,25.3,25.34,24.64,24.67,7731100,DNSE
VCI,1D,2026-01-12 09:00:00,24.78,26.37,24.78,26.37,21849100,DNSE
VCI,1D,2026-01-13 09:00:00,26.7,26.92,25.81,26.22,14454000,DNSE
VCI,1D,2026-01-14 09:00:00,26.18,26.44,25.41,26.11,15041400,DNSE
VCI,1D,2026-01-15 09:00:00,26.11,26.37,25.45,25.63,11409900,DNSE
VCI,1D,2026-01-16 09:00:00,25.81,26.15,25.01,25.52,11419400,DNSE
VCI,1D,2026-01-19 09:00:00,25.67,25.96,25.52,25.59,6513500,DNSE
VCI,1D,2026-01-20 09:00:00,26.0,26.51,25.7,26.0,12064800,DNSE
VCI,1D,2026-01-21 09:00:00,25.78,26.0,25.23,25.74,10598500,DNSE
VCI,1D,2026-01-22 09:00:00,25.89,26.44,25.81,25.85,10034800,DNSE
VCI,1D,2026-01-23 09:00:00,26.26,27.36,25.89,26.4,23579600,DNSE
VCI,1D,2026-01-26 09:00:00,26.7,27.69,26.48,27.06,23942900,DNSE
VCI,1D,2026-01-27 09:00:00,27.06,27.51,26.73,27.21,15537000,DNSE
VCI,1D,2026-01-28 09:00:00,27.4,27.4,26.44,26.59,12939200,DNSE
VCI,1D,2026-01-29 09:00:00,26.7,26.88,26.51,26.59,5993000,DNSE
VCI,1D,2026-01-30 09:00:00,26.59,26.95,26.48,26.95,9459900,DNSE
VCI,1D,2026-02-02 09:00:00,26.84,26.84,26.03,26.48,13525700,DNSE
VCI,1D,2026-02-03 09:00:00,26.51,27.06,26.4,26.7,9322700,DNSE
VCI,1D,2026-02-04 09:00:00,27.1,27.69,27.03,27.03,15591900,DNSE
VCI,1D,2026-02-05 09:00:00,27.03,27.1,26.55,26.55,7685400,DNSE
VCI,1D,2026-02-06 09:00:00,26.33,26.48,25.19,25.19,14180300,DNSE
VCI,1D,2026-02-09 09:00:00,25.63,25.63,25.12,25.34,4853800,DNSE
VCI,1D,2026-02-10 09:00:00,25.41,25.63,25.12,25.56,4436000,DNSE
VCI,1D,2026-02-11 09:00:00,25.56,26.33,25.56,26.15,6361500,DNSE
VCI,1D,2026-02-12 09:00:00,26.15,26.7,26.11,26.4,5971500,DNSE
VCI,1D,2026-02-13 09:00:00,26.33,26.84,26.33,26.84,5806100,DNSE
VCI,1D,2026-02-23 09:00:00,27.21,27.29,26.95,27.17,7835300,DNSE
VCI,1D,2026-02-24 09:00:00,27.17,27.58,26.88,27.21,10105300,DNSE
VCI,1D,2026-02-25 09:00:00,27.32,27.36,26.84,26.84,9208900,DNSE
VCI,1D,2026-02-26 09:00:00,26.88,27.4,26.66,27.32,8548700,DNSE
VCI,1D,2026-02-27 09:00:00,27.32,28.54,27.25,28.31,22486400,DNSE
VCI,1D,2026-03-02 09:00:00,27.91,29.34,27.62,28.31,22914100,DNSE
VCI,1D,2026-03-03 09:00:00,28.68,29.34,28.06,28.09,18540100,DNSE
VCI,1D,2026-03-04 09:00:00,28.09,30.04,27.91,30.04,33928700,DNSE
VCI,1D,2026-03-05 09:00:00,30.85,31.18,29.79,29.79,20145700,DNSE
VCI,1D,2026-03-06 09:00:00,29.42,29.75,27.95,27.95,25516300,DNSE
VCI,1D,2026-03-09 09:00:00,26.0,26.55,26.0,26.0,7186100,DNSE
VCI,1D,2026-03-10 09:00:00,26.48,26.84,25.63,26.26,26393700,DNSE
VCI,1D,2026-03-11 09:00:00,26.26,27.95,26.07,27.36,14451000,DNSE
VCI,1D,2026-03-12 09:00:00,26.99,27.32,26.22,26.92,12441500,DNSE
VCI,1D,2026-03-13 09:00:00,26.44,27.69,25.96,27.17,14180900,DNSE
VCI,1D,2026-03-16 09:00:00,27.29,27.73,26.99,27.17,8928300,DNSE
VCI,1D,2026-03-17 09:00:00,27.47,28.13,27.25,27.4,10014300,DNSE
VCI,1D,2026-03-18 09:00:00,27.51,27.54,26.15,26.48,16462500,DNSE
VCI,1D,2026-03-19 09:00:00,26.11,26.11,25.48,25.78,15175000,DNSE
VCI,1D,2026-03-20 09:00:00,25.74,26.33,25.41,26.26,14291900,DNSE
VCI,1D,2026-03-23 09:00:00,25.67,26.03,24.45,24.45,16127700,DNSE
VCI,1D,2026-03-24 09:00:00,25.08,25.59,24.86,25.01,9586800,DNSE
VCI,1D,2026-03-25 09:00:00,25.48,26.15,25.37,25.74,12468000,DNSE
VCI,1D,2026-03-26 09:00:00,26.2,26.55,26.0,26.4,10722500,DNSE
VCI,1D,2026-03-27 09:00:00,26.3,26.9,26.2,26.7,8167000,DNSE
VCI,1D,2026-03-30 09:00:00,26.0,26.6,25.7,26.15,6253100,DNSE
VCI,1D,2026-03-31 09:00:00,26.25,26.95,26.25,26.7,13442800,DNSE
VCI,1D,2026-04-01 09:00:00,27.45,27.95,27.15,27.35,14401800,DNSE
VCI,1D,2026-04-02 09:00:00,27.05,27.5,26.65,26.95,10863400,DNSE
VCI,1D,2026-04-03 09:00:00,26.95,27.2,26.25,26.5,10407900,DNSE
VCI,1D,2026-04-06 09:00:00,26.5,26.9,26.3,26.3,6428700,DNSE
VCI,1D,2026-04-07 09:00:00,26.7,27.2,26.05,27.2,7205500,DNSE
VCI,1D,2026-04-08 09:00:00,28.75,29.0,27.85,29.0,20082500,DNSE
VCI,1D,2026-04-09 09:00:00,28.5,28.75,28.0,28.0,10773500,DNSE
VCI,1D,2026-04-10 09:00:00,28.3,28.5,27.85,27.9,10573300,DNSE
VCI,1D,2026-04-13 09:00:00,27.5,28.3,27.4,28.1,9510200,DNSE
VCI,1D,2026-04-14 09:00:00,28.4,28.5,27.9,27.95,6704400,DNSE
VCI,1D,2026-04-15 09:00:00,28.1,28.3,27.7,27.7,9024400,DNSE
VCI,1D,2026-04-16 09:00:00,27.7,28.0,27.35,27.6,6633600,DNSE
VCI,1D,2026-04-17 09:00:00,27.8,27.9,27.3,27.3,5589700,DNSE
VCI,1D,2026-04-20 09:00:00,27.3,27.75,27.25,27.4,6324700,DNSE
VCI,1D,2026-04-21 09:00:00,27.55,27.7,26.8,26.8,9107000,DNSE
VCI,1D,2026-04-22 09:00:00,26.9,26.9,26.5,26.55,6501200,DNSE
VCI,1D,2026-04-23 09:00:00,26.6,27.25,26.4,27.15,7864900,DNSE
VCI,1D,2026-04-24 09:00:00,27.15,27.15,26.7,27.0,3495900,DNSE
VCI,1D,2026-04-28 09:00:00,27.0,27.05,26.25,26.25,4846200,DNSE
VCI,1D,2026-04-29 09:00:00,26.15,26.5,25.9,26.2,8995300,DNSE
VCI,1D,2026-05-04 09:00:00,26.3,26.7,26.15,26.15,6414400,DNSE
VCI,1D,2026-05-05 09:00:00,26.1,26.2,25.6,25.6,8345900,DNSE
VCI,1D,2026-05-06 09:00:00,25.8,26.7,25.6,26.5,13158800,DNSE
VCI,1D,2026-05-07 09:00:00,26.55,26.75,25.9,25.9,10042500,DNSE
VCI,1D,2026-05-08 09:00:00,25.9,26.3,25.8,25.95,6295800,DNSE
VCI,1D,2026-05-11 09:00:00,26.0,26.45,25.7,25.7,10693500,DNSE
VCI,1D,2026-05-12 09:00:00,25.7,25.9,25.4,25.5,6732300,DNSE
VCI,1D,2026-05-13 09:00:00,25.65,26.1,25.35,25.7,8199800,DNSE
VCI,1D,2026-05-14 09:00:00,25.95,26.1,25.65,25.95,3877800,DNSE
VCI,1D,2026-05-15 09:00:00,26.05,26.2,25.6,25.6,6144600,DNSE
VCI,1D,2026-05-18 09:00:00,25.55,25.9,25.35,25.75,5827400,DNSE
VCI,1D,2026-05-19 09:00:00,25.95,26.3,25.6,25.6,10422800,DNSE
VCI,1D,2026-05-20 09:00:00,25.55,25.7,24.2,24.95,13665400,DNSE
VCI,1D,2026-05-21 09:00:00,25.1,25.15,24.6,24.6,5509000,DNSE
VCI,1D,2026-05-22 09:00:00,24.55,25.8,24.3,25.0,10250000,DNSE
VCI,1D,2026-05-25 09:00:00,25.1,25.3,24.7,24.75,4388500,DNSE
VCI,1D,2026-05-26 09:00:00,24.75,25.35,24.7,25.1,6068500,DNSE
VCI,1D,2026-05-27 09:00:00,25.25,25.35,25.05,25.1,4190200,DNSE
VCI,1D,2026-05-28 09:00:00,25.2,25.55,25.0,25.0,6066100,DNSE
VCI,1D,2026-05-29 09:00:00,24.95,25.25,24.5,24.65,6273900,DNSE
VCI,1D,2026-06-01 09:00:00,24.7,25.1,24.65,24.7,3912900,DNSE
VCI,1D,2026-06-02 09:00:00,24.65,25.0,24.05,24.35,5719500,DNSE
VCI,1D,2026-06-03 09:00:00,24.3,24.85,24.05,24.5,7880500,DNSE
VCI,1D,2026-06-04 09:00:00,24.5,24.65,24.2,24.35,4656600,DNSE
VCI,1D,2026-06-05 09:00:00,24.4,24.55,24.15,24.15,3996500,DNSE
VCI,1D,2026-06-08 09:00:00,23.9,23.95,23.4,23.4,8901600,DNSE
VCI,1D,2026-06-09 09:00:00,23.6,23.7,23.15,23.4,4290900,DNSE
VCI,1D,2026-06-10 09:00:00,23.35,23.75,23.3,23.5,3793000,DNSE
VCI,1D,2026-06-11 09:00:00,23.45,23.65,23.35,23.4,3601800,DNSE
VCI,1D,2026-06-12 09:00:00,24.0,24.05,23.4,23.6,5353400,DNSE
VCI,1D,2026-06-15 09:00:00,24.05,24.55,23.9,24.45,8350100,DNSE
VCI,1D,2026-06-16 09:00:00,24.5,25.0,24.2,24.85,9096900,DNSE
VCI,1D,2026-06-17 09:00:00,24.95,25.1,24.65,24.65,7218600,DNSE
VCI,1D,2026-06-18 09:00:00,24.7,25.05,24.5,24.5,6398600,DNSE
VCI,1D,2026-06-19 09:00:00,24.5,24.9,24.4,24.6,5634600,DNSE
VCI,1D,2026-06-22 09:00:00,24.75,25.4,24.6,25.0,9119100,DNSE
VCI,1D,2026-06-23 09:00:00,25.2,25.25,24.5,24.5,8305300,DNSE
VCI,1D,2026-06-24 09:00:00,24.45,24.65,24.0,24.15,5582300,DNSE
VCI,1D,2026-06-25 09:00:00,24.15,24.5,24.05,24.05,3025200,DNSE
VCI,1D,2026-06-26 09:00:00,24.1,24.2,24.0,24.05,2958000,DNSE
VCI,1D,2026-06-29 09:00:00,24.15,24.65,24.15,24.35,3492800,DNSE
VCI,1D,2026-06-30 09:00:00,24.4,25.0,24.35,24.35,5414700,DNSE
VCI,1D,2026-07-01 09:00:00,24.4,25.1,24.4,24.9,7093000,DNSE
VCI,1D,2026-07-02 09:00:00,25.05,25.05,24.65,24.85,5871400,DNSE
VCI,1D,2026-07-03 09:00:00,24.9,25.4,24.7,25.1,10503400,DNSE
VCI,1D,2026-07-06 09:00:00,25.2,25.35,24.1,24.45,7567900,DNSE
VCI,1D,2026-07-07 09:00:00,24.55,24.9,24.2,24.9,5244900,DNSE
VCI,1D,2026-07-08 09:00:00,24.9,25.9,24.9,25.4,16228300,DNSE
VCI,1D,2026-07-09 09:00:00,25.25,25.4,25.05,25.1,5103400,DNSE
VCI,1D,2026-07-10 09:00:00,25.2,25.3,24.45,24.45,7062200,DNSE
VCI,1D,2026-07-13 09:00:00,24.3,24.4,23.1,23.7,11899600,DNSE
VCI,1D,2026-07-14 09:00:00,23.25,23.9,23.2,23.4,7708000,DNSE
VCI,1D,2026-07-15 09:00:00,23.4,23.6,22.4,22.4,8959500,DNSE
VCI,1D,2026-07-16 09:00:00,22.45,22.6,21.05,21.85,14094000,DNSE
VCI,1D,2026-07-17 09:00:00,21.85,22.3,21.25,21.25,6649700,DNSE
VCI,1D,2026-07-20 09:00:00,21.0,21.0,19.8,20.0,14313300,DNSE
VCI,1D,2026-07-21 09:00:00,19.9,20.65,19.9,20.15,9487900,DNSE
VCI,1D,2026-07-22 09:00:00,20.25,20.6,19.55,19.9,11126000,DNSE
VCI,1D,2026-07-23 09:00:00,19.8,20.95,19.05,20.5,8618800,DNSE
VCI,1D,2026-07-24 09:00:00,20.2,20.25,19.65,19.8,4991700,DNSE
VCI,1D,2026-07-27 09:00:00,20.0,20.1,18.45,18.45,8949200,DNSE
VCI,1D,2026-07-28 09:00:00,18.2,19.7,18.15,19.7,16485000,DNSE
VCI,1D,2026-07-29 09:00:00,20.05,20.8,20.05,20.8,10949300,DNSE
VCI,1D,2026-07-30 09:00:00,20.75,21.8,20.6,21.5,13140700,DNSE
VCI,1D,2026-07-31 09:00:00,21.8,21.8,21.15,21.3,9945000,DNSE
VCI,1D,2026-08-03 09:00:00,21.6,22.2,21.4,21.75,11432900,DNSE
VCI,1D,2026-08-04 09:00:00,21.85,22.1,21.5,21.85,7388400,DNSE
VCI,1D,2026-08-05 09:00:00,22.15,22.25,21.5,21.5,8223700,DNSE
VCI,1D,2026-08-06 09:00:00,21.5,22.2,21.3,21.75,11625200,DNSE
VCI,1D,2026-08-07 09:00:00,21.85,22.0,21.55,21.75,6367600,DNSE
VCI,1D,2026-08-10 09:00:00,22.0,22.25,21.8,22.1,7662200,DNSE
VCI,1D,2026-08-11 09:00:00,22.2,22.85,22.1,22.1,13388800,DNSE
VCI,1D,2026-08-12 09:00:00,22.2,22.35,21.9,22.05,7548400,DNSE
VCI,1D,2026-08-13 09:00:00,22.3,22.4,21.6,21.6,10351300,DNSE
VCI,1D,2026-08-14 09:00:00,21.6,22.1,21.45,21.8,9427900,DNSE
VCI,1D,2026-08-17 09:00:00,21.75,21.9,21.45,21.5,4339500,DNSE
VCI,1D,2026-08-18 09:00:00,21.55,21.7,20.75,21.15,8717500,DNSE
VCI,1D,2026-08-19 09:00:00,21.0,21.25,20.6,20.95,6076800,DNSE
VCI,1D,2026-08-20 09:00:00,21.15,21.25,20.65,20.7,6203200,DNSE
VCI,1D,2026-08-21 09:00:00,20.75,22.1,20.75,22.1,13297500,DNSE
VCI,1D,2026-08-24 09:00:00,22.5,22.7,22.1,22.1,11333600,DNSE
VCI,1D,2026-08-25 09:00:00,22.1,22.8,22.05,22.4,17433900,DNSE
VCI,1D,2026-08-26 09:00:00,22.4,22.6,22.05,22.5,10283400,DNSE
VCI,1D,2026-08-27 09:00:00,22.55,22.85,22.45,22.6,8727300,DNSE
VCI,1D,2026-08-28 09:00:00,22.6,23.15,22.5,22.85,11701200,DNSE
VCI,1D,2026-09-03 09:00:00,22.6,22.85,22.25,22.25,8837000,DNSE
VCI,1D,2026-09-04 09:00:00,22.35,22.6,22.25,22.3,5496100,DNSE
VCI,1D,2026-09-07 09:00:00,22.25,22.55,21.55,21.7,12109300,DNSE
VCI,1D,2026-09-08 09:00:00,21.65,22.05,21.6,21.7,5096700,DNSE
VCI,1D,2026-09-09 09:00:00,21.7,21.75,21.2,21.2,7442100,DNSE
VCI,1D,2026-09-10 09:00:00,21.1,21.6,21.0,21.3,4738000,DNSE
VCI,1D,2026-09-11 09:00:00,21.15,21.15,20.0,20.05,18681700,DNSE
VCI,1D,2026-09-14 09:00:00,20.0,20.2,19.45,19.6,13099900,DNSE
VCI,1D,2026-09-15 09:00:00,19.75,20.2,19.75,19.8,6922100,DNSE
VCI,1D,2026-09-16 09:00:00,19.9,20.1,19.25,19.25,8853200,DNSE
VCI,1D,2026-09-17 09:00:00,19.2,20.55,19.15,20.0,18343400,DNSE
VCI,1D,2026-09-18 09:00:00,20.4,20.9,20.2,20.65,14508300,DNSE
VHM,1D,2025-10-01 09:00:00,49.6,50.32,48.54,48.73,3503500,DNSE
VHM,1D,2025-10-02 09:00:00,48.73,49.11,47.48,47.48,5821100,DNSE
VHM,1D,2025-10-03 09:00:00,47.48,48.15,46.22,48.15,4683200,DNSE
VHM,1D,2025-10-06 09:00:00,50.03,50.03,48.39,49.45,5972800,DNSE
VHM,1D,2025-10-07 09:00:00,49.6,50.37,49.21,49.64,6428600,DNSE
VHM,1D,2025-10-08 09:00:00,49.84,51.76,48.73,51.76,8989300,DNSE
VHM,1D,2025-10-09 09:00:00,52.15,55.37,52.05,55.37,12892200,DNSE
VHM,1D,2025-10-10 09:00:00,56.82,59.22,55.85,59.22,9026200,DNSE
VHM,1D,2025-10-13 09:00:00,59.22,60.67,58.79,59.8,12312200,DNSE
VHM,1D,2025-10-14 09:00:00,59.95,63.32,59.95,61.15,13660200,DNSE
VHM,1D,2025-10-15 09:00:00,61.39,61.44,59.03,59.71,7059300,DNSE
VHM,1D,2025-10-16 09:00:00,59.61,59.61,57.97,58.74,9475900,DNSE
VHM,1D,2025-10-17 09:00:00,58.74,58.74,55.18,55.85,12213500,DNSE
VHM,1D,2025-10-20 09:00:00,54.89,55.37,52.0,52.0,11634800,DNSE
VHM,1D,2025-10-21 09:00:00,52.48,55.37,51.47,53.4,8238300,DNSE
VHM,1D,2025-10-22 09:00:00,53.93,54.41,50.08,54.41,7701600,DNSE
VHM,1D,2025-10-23 09:00:00,54.41,56.38,53.54,55.37,6383900,DNSE
VHM,1D,2025-10-24 09:00:00,55.18,56.24,54.17,55.13,5136500,DNSE
VHM,1D,2025-10-27 09:00:00,55.37,55.85,51.28,51.28,7164300,DNSE
VHM,1D,2025-10-28 09:00:00,50.17,51.52,47.72,51.52,13561200,DNSE
VHM,1D,2025-10-29 09:00:00,51.57,51.57,49.45,49.98,3681700,DNSE
VHM,1D,2025-10-30 09:00:00,49.98,50.56,48.54,50.08,3691300,DNSE
VHM,1D,2025-10-31 09:00:00,49.98,49.98,47.77,47.77,6461300,DNSE
VHM,1D,2025-11-03 09:00:00,47.96,48.82,47.09,47.43,5083100,DNSE
VHM,1D,2025-11-04 09:00:00,47.38,49.11,47.38,48.25,4564100,DNSE
VHM,1D,2025-11-05 09:00:00,48.73,48.97,47.91,47.96,3054600,DNSE
VHM,1D,2025-11-06 09:00:00,47.96,48.87,47.0,47.62,4590300,DNSE
VHM,1D,2025-11-07 09:00:00,46.95,47.19,44.3,44.3,9791200,DNSE
VHM,1D,2025-11-10 09:00:00,43.43,44.3,41.84,41.84,6349200,DNSE
VHM,1D,2025-11-11 09:00:00,41.84,44.01,41.84,43.34,8465600,DNSE
VHM,1D,2025-11-12 09:00:00,43.38,45.74,43.38,45.26,4720500,DNSE
VHM,1D,2025-11-13 09:00:00,45.5,45.7,44.11,44.92,4292000,DNSE
VHM,1D,2025-11-14 09:00:00,44.78,45.21,43.58,45.21,3280400,DNSE
VHM,1D,2025-11-17 09:00:00,45.26,46.37,45.26,45.74,4096000,DNSE
VHM,1D,2025-11-18 09:00:00,46.08,46.71,45.26,46.71,3666000,DNSE
VHM,1D,2025-11-19 09:00:00,46.66,46.66,45.89,46.66,3741200,DNSE
VHM,1D,2025-11-20 09:00:00,46.56,47.38,46.22,47.09,3350300,DNSE
VHM,1D,2025-11-21 09:00:00,46.27,47.81,46.27,47.81,3947400,DNSE
VHM,1D,2025-11-24 09:00:00,47.81,50.08,47.52,49.45,6062300,DNSE
VHM,1D,2025-11-25 09:00:00,49.79,50.08,48.73,49.4,4457800,DNSE
VHM,1D,2025-11-26 09:00:00,49.5,49.55,48.2,49.16,4375200,DNSE
VHM,1D,2025-11-27 09:00:00,49.35,49.88,48.78,49.35,3140200,DNSE
VHM,1D,2025-11-28 09:00:00,49.11,49.74,48.78,49.55,3434700,DNSE
VHM,1D,2025-12-01 09:00:00,50.08,51.67,49.6,50.9,5879600,DNSE
VHM,1D,2025-12-02 09:00:00,50.99,51.42,49.88,51.42,4533700,DNSE
VHM,1D,2025-12-03 09:00:00,51.47,51.52,50.46,51.42,4477200,DNSE
VHM,1D,2025-12-04 09:00:00,51.14,51.14,50.17,50.65,4584800,DNSE
VHM,1D,2025-12-05 09:00:00,50.56,52.24,50.46,51.52,5143500,DNSE
VHM,1D,2025-12-08 09:00:00,51.52,52.97,51.04,52.97,4603000,DNSE
VHM,1D,2025-12-09 09:00:00,53.35,53.64,50.41,51.76,7599600,DNSE
VHM,1D,2025-12-10 09:00:00,51.52,51.52,48.25,49.84,7908400,DNSE
VHM,1D,2025-12-11 09:00:00,49.02,49.74,48.68,48.68,3117200,DNSE
VHM,1D,2025-12-12 09:00:00,48.63,48.63,45.31,45.31,6638700,DNSE
VHM,1D,2025-12-15 09:00:00,45.65,46.22,43.87,44.54,5413200,DNSE
VHM,1D,2025-12-16 09:00:00,43.96,46.08,43.58,45.74,5672700,DNSE
VHM,1D,2025-12-17 09:00:00,45.7,45.89,44.64,45.7,3306500,DNSE
VHM,1D,2025-12-18 09:00:00,45.7,45.74,45.02,45.7,3362700,DNSE
VHM,1D,2025-12-19 09:00:00,45.89,48.87,45.79,48.87,5348700,DNSE
VHM,1D,2025-12-22 09:00:00,50.08,51.71,49.21,51.71,4779100,DNSE
VHM,1D,2025-12-23 09:00:00,52.24,55.32,51.81,55.32,7781700,DNSE
VHM,1D,2025-12-24 09:00:00,56.48,59.18,55.13,59.13,9949600,DNSE
VHM,1D,2025-12-25 09:00:00,59.71,63.22,55.04,55.04,10699900,DNSE
VHM,1D,2025-12-26 09:00:00,51.18,53.45,51.18,52.97,16551200,DNSE
VHM,1D,2025-12-29 09:00:00,53.88,56.67,53.45,56.67,7324300,DNSE
VHM,1D,2025-12-30 09:00:00,57.78,58.07,54.41,56.58,6669000,DNSE
VHM,1D,2025-12-31 09:00:00,56.58,60.52,55.76,59.71,6830500,DNSE
VHM,1D,2026-01-05 09:00:00,61.05,63.85,60.28,63.85,10136200,DNSE
VHM,1D,2026-01-06 09:00:00,66.69,68.28,65.72,68.28,8459900,DNSE
VHM,1D,2026-01-07 09:00:00,72.22,72.66,67.89,71.98,9511500,DNSE
VHM,1D,2026-01-08 09:00:00,72.37,72.66,66.98,66.98,15234400,DNSE
VHM,1D,2026-01-09 09:00:00,66.74,68.76,63.85,67.41,9789300,DNSE
VHM,1D,2026-01-12 09:00:00,66.93,66.93,62.69,62.69,9143600,DNSE
VHM,1D,2026-01-13 09:00:00,60.52,64.95,60.52,64.52,9148500,DNSE
VHM,1D,2026-01-14 09:00:00,64.95,64.95,60.04,60.81,11385300,DNSE
VHM,1D,2026-01-15 09:00:00,59.71,59.71,56.58,57.78,19255700,DNSE
VHM,1D,2026-01-16 09:00:00,58.31,61.05,58.31,59.75,5774400,DNSE
VHM,1D,2026-01-19 09:00:00,61.1,61.1,58.02,60.19,5284700,DNSE
VHM,1D,2026-01-20 09:00:00,59.75,59.95,57.64,59.22,7006400,DNSE
VHM,1D,2026-01-21 09:00:00,58.26,60.67,57.92,59.18,9321600,DNSE
VHM,1D,2026-01-22 09:00:00,57.83,59.18,57.06,58.02,7971100,DNSE
VHM,1D,2026-01-23 09:00:00,58.79,61.39,58.31,58.98,7272600,DNSE
VHM,1D,2026-01-26 09:00:00,59.71,59.75,55.9,57.25,4159000,DNSE
VHM,1D,2026-01-27 09:00:00,56.58,56.82,53.25,53.25,10162000,DNSE
VHM,1D,2026-01-28 09:00:00,52.05,52.48,49.55,50.22,15508700,DNSE
VHM,1D,2026-01-29 09:00:00,50.32,51.71,50.12,51.52,6368800,DNSE
VHM,1D,2026-01-30 09:00:00,51.52,51.71,50.08,51.04,4714200,DNSE
VHM,1D,2026-02-02 09:00:00,51.57,51.67,47.48,47.48,9144500,DNSE
VHM,1D,2026-02-03 09:00:00,46.27,49.11,45.98,46.85,9348800,DNSE
VHM,1D,2026-02-04 09:00:00,46.95,47.19,43.72,43.96,13582800,DNSE
VHM,1D,2026-02-05 09:00:00,43.91,47.0,43.91,47.0,9429200,DNSE
VHM,1D,2026-02-06 09:00:00,47.0,49.02,45.79,46.95,8492200,DNSE
VHM,1D,2026-02-09 09:00:00,47.14,47.14,44.83,45.74,4463200,DNSE
VHM,1D,2026-02-10 09:00:00,45.55,48.92,45.26,48.78,8656800,DNSE
VHM,1D,2026-02-11 09:00:00,49.35,50.32,49.31,49.6,6203200,DNSE
VHM,1D,2026-02-12 09:00:00,49.88,52.63,49.16,52.48,6584900,DNSE
VHM,1D,2026-02-13 09:00:00,52.82,52.87,50.7,52.48,6244700,DNSE
VHM,1D,2026-02-23 09:00:00,52.53,53.64,52.0,53.3,3679400,DNSE
VHM,1D,2026-02-24 09:00:00,53.21,53.45,51.57,53.45,4723800,DNSE
VHM,1D,2026-02-25 09:00:00,53.25,53.25,51.23,51.52,5547800,DNSE
VHM,1D,2026-02-26 09:00:00,51.04,54.36,50.85,51.81,6157600,DNSE
VHM,1D,2026-02-27 09:00:00,52.0,52.72,50.37,52.0,4915000,DNSE
VHM,1D,2026-03-02 09:00:00,49.35,50.61,48.39,48.39,6578000,DNSE
VHM,1D,2026-03-03 09:00:00,46.75,48.05,45.02,45.02,11710100,DNSE
VHM,1D,2026-03-04 09:00:00,44.01,45.7,41.89,45.02,12722700,DNSE
VHM,1D,2026-03-05 09:00:00,45.94,47.67,44.92,45.74,8978700,DNSE
VHM,1D,2026-03-06 09:00:00,45.74,46.47,44.78,45.74,6979200,DNSE
VHM,1D,2026-03-09 09:00:00,42.61,43.87,42.57,42.57,17232900,DNSE
VHM,1D,2026-03-10 09:00:00,43.48,44.73,42.52,43.24,5665600,DNSE
VHM,1D,2026-03-11 09:00:00,42.95,46.18,42.95,46.18,6734300,DNSE
VHM,1D,2026-03-12 09:00:00,45.12,46.18,45.02,46.18,4137400,DNSE
VHM,1D,2026-03-13 09:00:00,45.5,47.19,45.21,47.19,3989100,DNSE
VHM,1D,2026-03-16 09:00:00,47.19,49.31,46.66,48.15,4947300,DNSE
VHM,1D,2026-03-17 09:00:00,49.07,50.27,48.54,49.11,4359000,DNSE
VHM,1D,2026-03-18 09:00:00,49.21,50.8,48.87,49.11,4511300,DNSE
VHM,1D,2026-03-19 09:00:00,49.07,49.84,48.39,49.26,4596600,DNSE
VHM,1D,2026-03-20 09:00:00,49.11,49.11,46.71,48.15,6142200,DNSE
VHM,1D,2026-03-23 09:00:00,47.67,47.67,44.78,47.19,6595700,DNSE
VHM,1D,2026-03-24 09:00:00,47.86,47.96,46.47,47.67,2699500,DNSE
VHM,1D,2026-03-25 09:00:00,48.58,50.17,47.77,50.17,4327400,DNSE
VHM,1D,2026-03-26 09:00:00,50.22,50.22,48.68,48.68,2742600,DNSE
VHM,1D,2026-03-27 09:00:00,49.11,49.84,48.25,49.6,2547500,DNSE
VHM,1D,2026-03-30 09:00:00,48.54,49.88,48.25,49.6,2582200,DNSE
VHM,1D,2026-03-31 09:00:00,49.31,49.98,49.11,49.6,1487400,DNSE
VHM,1D,2026-04-01 09:00:00,53.06,53.06,53.06,53.06,2031500,DNSE
VHM,1D,2026-04-02 09:00:00,56.77,56.77,55.9,56.77,16320300,DNSE
VHM,1D,2026-04-03 09:00:00,58.17,60.19,56.72,57.4,6023000,DNSE
VHM,1D,2026-04-06 09:00:00,56.82,58.12,55.85,56.34,3208900,DNSE
VHM,1D,2026-04-07 09:00:00,56.34,56.82,54.65,55.37,3160700,DNSE
VHM,1D,2026-04-08 09:00:00,56.77,59.22,56.62,59.22,5534000,DNSE
VHM,1D,2026-04-09 09:00:00,59.47,61.39,58.7,58.74,5205200,DNSE
VHM,1D,2026-04-10 09:00:00,59.71,59.71,58.07,58.31,2500900,DNSE
VHM,1D,2026-04-13 09:00:00,57.35,59.8,56.91,59.18,3679400,DNSE
VHM,1D,2026-04-14 09:00:00,60.24,62.07,59.18,62.07,5575500,DNSE
VHM,1D,2026-04-15 09:00:00,62.74,66.4,62.26,65.97,6586300,DNSE
VHM,1D,2026-04-16 09:00:00,65.97,70.3,65.97,68.9,8240500,DNSE
VHM,1D,2026-04-17 09:00:00,69.62,70.54,65.24,65.34,9354800,DNSE
VHM,1D,2026-04-20 09:00:00,65.77,69.87,63.32,69.87,6841800,DNSE
VHM,1D,2026-04-21 09:00:00,71.74,74.63,70.2,70.2,5254300,DNSE
VHM,1D,2026-04-22 09:00:00,69.14,74.54,68.04,72.37,8653100,DNSE
VHM,1D,2026-04-23 09:00:00,73.19,73.52,70.4,71.74,5700100,DNSE
VHM,1D,2026-04-24 09:00:00,71.31,71.55,67.99,67.99,6047900,DNSE
VHM,1D,2026-04-28 09:00:00,67.75,72.71,67.41,72.71,9348000,DNSE
VHM,1D,2026-04-29 09:00:00,74.54,75.07,70.3,70.3,6990600,DNSE
VHM,1D,2026-05-04 09:00:00,71.5,71.74,68.23,68.37,5533800,DNSE
VHM,1D,2026-05-05 09:00:00,68.37,73.14,68.28,72.8,6715300,DNSE
VHM,1D,2026-05-06 09:00:00,73.67,74.63,70.88,72.71,5595200,DNSE
VHM,1D,2026-05-07 09:00:00,73.48,77.76,72.75,77.76,8652100,DNSE
VHM,1D,2026-05-08 09:00:00,78.0,78.97,75.4,78.97,7042400,DNSE
VHM,1D,2026-05-11 09:00:00,79.93,83.44,77.52,77.52,8375800,DNSE
VHM,1D,2026-05-12 09:00:00,76.56,78.48,75.4,77.14,6467100,DNSE
VHM,1D,2026-05-13 09:00:00,78.05,78.24,71.74,73.43,11413400,DNSE
VHM,1D,2026-05-14 09:00:00,73.62,75.6,71.6,75.6,5542500,DNSE
VHM,1D,2026-05-15 09:00:00,75.6,76.46,74.01,76.08,4836400,DNSE
VHM,1D,2026-05-18 09:00:00,75.88,77.14,73.67,74.15,5253200,DNSE
VHM,1D,2026-05-19 09:00:00,74.15,76.85,73.24,75.6,4738200,DNSE
VHM,1D,2026-05-20 09:00:00,75.11,78.44,74.39,76.99,6820100,DNSE
VHM,1D,2026-05-21 09:00:00,77.67,78.53,75.6,76.94,4504400,DNSE
VHM,1D,2026-05-22 09:00:00,76.37,76.37,72.47,74.05,6965000,DNSE
VHM,1D,2026-05-25 09:00:00,74.63,76.99,73.72,76.41,3693400,DNSE
VHM,1D,2026-05-26 09:00:00,76.03,76.17,74.05,74.05,3224000,DNSE
VHM,1D,2026-05-27 09:00:00,74.05,74.49,70.97,70.97,7371600,DNSE
VHM,1D,2026-05-28 09:00:00,70.3,75.93,69.91,75.93,8918500,DNSE
VHM,1D,2026-05-29 09:00:00,76.94,77.81,75.02,75.11,5608600,DNSE
VHM,1D,2026-06-01 09:00:00,75.6,76.08,72.37,73.19,4638800,DNSE
VHM,1D,2026-06-02 09:00:00,73.19,74.44,72.61,72.61,4005700,DNSE
VHM,1D,2026-06-03 09:00:00,72.32,72.71,68.47,71.45,6310300,DNSE
VHM,1D,2026-06-04 09:00:00,71.94,72.61,70.44,72.22,3277300,DNSE
VHM,1D,2026-06-05 09:00:00,71.74,73.96,71.74,73.19,3712700,DNSE
VHM,1D,2026-06-08 09:00:00,71.74,72.47,69.91,70.64,4226300,DNSE
VHM,1D,2026-06-09 09:00:00,70.88,71.12,69.29,70.3,2221500,DNSE
VHM,1D,2026-06-10 09:00:00,70.4,71.02,69.48,70.68,1569400,DNSE
VHM,1D,2026-06-11 09:00:00,70.11,70.64,69.34,69.58,1708400,DNSE
VHM,1D,2026-06-12 09:00:00,70.54,70.88,66.78,66.78,4342000,DNSE
VHM,1D,2026-06-15 09:00:00,67.41,68.47,62.11,65.53,8140900,DNSE
VHM,1D,2026-06-16 09:00:00,65.97,66.21,64.62,65.72,2728600,DNSE
VHM,1D,2026-06-17 09:00:00,63.17,65.58,62.84,65.0,7336800,DNSE
VHM,1D,2026-06-18 09:00:00,69.53,69.53,69.53,69.53,2390500,DNSE
VHM,1D,2026-06-19 09:00:00,71.98,72.13,69.96,69.96,10117600,DNSE
VHM,1D,2026-06-22 09:00:00,70.83,74.82,70.01,74.82,5473400,DNSE
VHM,1D,2026-06-23 09:00:00,76.03,78.0,74.82,75.11,6542100,DNSE
VHM,1D,2026-06-24 09:00:00,75.11,77.28,74.15,76.85,5424600,DNSE
VHM,1D,2026-06-25 09:00:00,77.04,77.09,74.44,75.35,4579200,DNSE
VHM,1D,2026-06-26 09:00:00,75.84,78.92,75.35,78.0,10448300,DNSE
VHM,1D,2026-06-29 09:00:00,79.0,79.05,75.05,75.15,6007200,DNSE
VHM,1D,2026-06-30 09:00:00,75.15,75.9,73.45,75.9,3112700,DNSE
VHM,1D,2026-07-01 09:00:00,75.9,75.9,74.1,74.35,2994000,DNSE
VHM,1D,2026-07-02 09:00:00,74.1,75.75,74.1,75.2,2224600,DNSE
VHM,1D,2026-07-03 09:00:00,75.5,77.7,75.3,75.8,4051400,DNSE
VHM,1D,2026-07-06 09:00:00,79.35,79.35,76.05,77.05,7156200,DNSE
VHM,1D,2026-07-07 09:00:00,77.0,77.0,75.05,75.05,3878500,DNSE
VHM,1D,2026-07-08 09:00:00,75.0,75.95,74.25,75.0,2798300,DNSE
VHM,1D,2026-07-09 09:00:00,74.9,75.5,74.05,74.35,1904300,DNSE
VHM,1D,2026-07-10 09:00:00,74.05,75.15,73.35,73.5,3156900,DNSE
VHM,1D,2026-07-13 09:00:00,73.5,73.5,69.6,71.5,6075800,DNSE
VHM,1D,2026-07-14 09:00:00,71.45,71.45,69.25,70.4,4386200,DNSE
VHM,1D,2026-07-15 09:00:00,70.4,70.4,68.0,68.0,4540200,DNSE
VHM,1D,2026-07-16 09:00:00,66.75,71.4,66.75,71.4,4671100,DNSE
VHM,1D,2026-07-17 09:00:00,71.4,72.4,70.25,70.25,2146600,DNSE
VHM,1D,2026-07-20 09:00:00,69.6,71.0,68.15,68.45,2992800,DNSE
VHM,1D,2026-07-21 09:00:00,68.4,69.15,67.65,68.2,2669700,DNSE
VHM,1D,2026-07-22 09:00:00,68.1,68.2,63.45,63.45,8235300,DNSE
VHM,1D,2026-07-23 09:00:00,63.35,66.75,63.3,66.0,4573000,DNSE
VHM,1D,2026-07-24 09:00:00,64.75,65.95,64.25,65.0,2883200,DNSE
VHM,1D,2026-07-27 09:00:00,65.3,66.95,64.5,65.5,3707500,DNSE
VHM,1D,2026-07-28 09:00:00,65.0,66.15,64.45,65.95,2674400,DNSE
VHM,1D,2026-07-29 09:00:00,66.25,70.55,65.95,70.0,6570600,DNSE
VHM,1D,2026-07-30 09:00:00,71.2,73.95,70.05,73.95,5883600,DNSE
VHM,1D,2026-07-31 09:00:00,77.0,77.0,72.3,74.05,5810400,DNSE
VHM,1D,2026-08-03 09:00:00,74.35,74.85,72.55,74.0,5312800,DNSE
VHM,1D,2026-08-04 09:00:00,74.1,76.65,73.4,76.45,6338600,DNSE
VHM,1D,2026-08-05 09:00:00,77.1,79.4,76.5,76.5,10681100,DNSE
VHM,1D,2026-08-06 09:00:00,81.7,81.7,76.8,77.1,16808100,DNSE
VHM,1D,2026-08-07 09:00:00,75.3,76.8,73.0,73.0,9117200,DNSE
VHM,1D,2026-08-10 09:00:00,72.8,72.8,70.8,71.6,8267400,DNSE
VHM,1D,2026-08-11 09:00:00,71.6,74.0,71.2,72.1,8286300,DNSE
VHM,1D,2026-08-12 09:00:00,72.9,75.5,72.0,73.8,6525700,DNSE
VHM,1D,2026-08-13 09:00:00,74.0,74.0,71.8,71.8,7785200,DNSE
VHM,1D,2026-08-14 09:00:00,71.8,71.8,68.0,68.2,12131200,DNSE
VHM,1D,2026-08-17 09:00:00,68.0,69.8,66.6,68.2,4964300,DNSE
VHM,1D,2026-08-18 09:00:00,68.5,70.6,68.3,69.2,4816300,DNSE
VHM,1D,2026-08-19 09:00:00,69.4,69.8,68.6,69.1,2613600,DNSE
VHM,1D,2026-08-20 09:00:00,69.6,70.5,69.1,69.5,4626100,DNSE
VHM,1D,2026-08-21 09:00:00,69.5,71.9,68.9,71.7,5100800,DNSE
VHM,1D,2026-08-24 09:00:00,72.9,73.5,72.4,73.4,6124500,DNSE
VHM,1D,2026-08-25 09:00:00,73.5,75.2,72.8,73.6,9252600,DNSE
VHM,1D,2026-08-26 09:00:00,73.3,73.8,72.1,73.6,5343200,DNSE
VHM,1D,2026-08-27 09:00:00,74.2,75.2,73.6,73.8,4595500,DNSE
VHM,1D,2026-08-28 09:00:00,74.0,74.0,72.9,73.0,4565600,DNSE
VHM,1D,2026-09-03 09:00:00,72.5,73.5,71.6,73.4,5307700,DNSE
VHM,1D,2026-09-04 09:00:00,73.1,77.0,73.1,75.2,14079600,DNSE
VHM,1D,2026-09-07 09:00:00,76.4,79.5,74.5,74.5,11741100,DNSE
VHM,1D,2026-09-08 09:00:00,74.5,75.5,72.9,73.6,6827700,DNSE
VHM,1D,2026-09-09 09:00:00,73.2,74.5,72.1,72.1,13952300,DNSE
VHM,1D,2026-09-10 09:00:00,71.8,74.2,69.5,73.1,16074200,DNSE
VHM,1D,2026-09-11 09:00:00,72.6,73.2,71.7,72.0,6700800,DNSE
VHM,1D,2026-09-14 09:00:00,71.0,73.9,71.0,71.7,10116200,DNSE
VHM,1D,2026-09-15 09:00:00,72.1,72.8,71.1,71.4,7917400,DNSE
VHM,1D,2026-09-16 09:00:00,71.2,72.0,71.0,71.0,7021900,DNSE
VHM,1D,2026-09-17 09:00:00,70.5,73.0,70.5,71.3,8187400,DNSE
VHM,1D,2026-09-18 09:00:00,72.2,72.9,71.0,71.0,18774600,DNSE
VIC,1D,2025-10-01 09:00:00,87.45,87.5,83.9,85.0,2643100,DNSE
VIC,1D,2025-10-02 09:00:00,84.4,87.85,84.4,85.5,2381100,DNSE
VIC,1D,2025-10-03 09:00:00,86.0,89.65,85.55,88.25,4892400,DNSE
VIC,1D,2025-10-06 09:00:00,93.4,93.4,88.25,89.85,2398200,DNSE
VIC,1D,2025-10-07 09:00:00,90.55,91.0,89.0,90.0,2368100,DNSE
VIC,1D,2025-10-08 09:00:00,89.5,90.45,87.6,89.05,3256600,DNSE
VIC,1D,2025-10-09 09:00:00,88.5,90.8,88.15,89.75,4131300,DNSE
VIC,1D,2025-10-10 09:00:00,89.25,96.0,89.25,96.0,4294700,DNSE
VIC,1D,2025-10-13 09:00:00,96.95,102.7,96.95,102.7,7178300,DNSE
VIC,1D,2025-10-14 09:00:00,107.95,109.85,103.45,105.95,8065500,DNSE
VIC,1D,2025-10-15 09:00:00,107.05,107.45,103.0,104.75,3752400,DNSE
VIC,1D,2025-10-16 09:00:00,105.0,108.8,102.95,106.55,5217400,DNSE
VIC,1D,2025-10-17 09:00:00,107.05,107.3,99.95,102.0,5615100,DNSE
VIC,1D,2025-10-20 09:00:00,100.0,102.25,95.0,97.45,5671000,DNSE
VIC,1D,2025-10-21 09:00:00,101.0,102.45,96.85,101.7,3700400,DNSE
VIC,1D,2025-10-22 09:00:00,102.0,102.0,96.5,101.5,4196300,DNSE
VIC,1D,2025-10-23 09:00:00,101.45,107.75,100.0,107.5,4761200,DNSE
VIC,1D,2025-10-24 09:00:00,107.7,111.45,107.55,109.5,3412900,DNSE
VIC,1D,2025-10-27 09:00:00,111.45,113.25,107.0,107.0,3889100,DNSE
VIC,1D,2025-10-28 09:00:00,106.75,110.3,99.55,110.05,5205500,DNSE
VIC,1D,2025-10-29 09:00:00,109.5,109.5,105.95,106.0,2739200,DNSE
VIC,1D,2025-10-30 09:00:00,105.25,105.9,100.75,102.05,3772500,DNSE
VIC,1D,2025-10-31 09:00:00,101.0,101.85,95.5,95.5,7461600,DNSE
VIC,1D,2025-11-03 09:00:00,95.55,99.75,93.0,97.7,3627000,DNSE
VIC,1D,2025-11-04 09:00:00,99.0,102.45,98.05,100.5,2514100,DNSE
VIC,1D,2025-11-05 09:00:00,100.5,104.0,99.25,103.25,2136600,DNSE
VIC,1D,2025-11-06 09:00:00,103.0,105.75,101.9,103.9,4605200,DNSE
VIC,1D,2025-11-07 09:00:00,102.5,103.95,99.85,99.85,3701700,DNSE
VIC,1D,2025-11-10 09:00:00,99.4,102.0,96.65,99.5,2785800,DNSE
VIC,1D,2025-11-11 09:00:00,99.5,101.95,99.35,100.5,4226300,DNSE
VIC,1D,2025-11-12 09:00:00,99.8,105.6,99.8,105.6,3885100,DNSE
VIC,1D,2025-11-13 09:00:00,105.0,107.9,104.6,105.6,3061500,DNSE
VIC,1D,2025-11-14 09:00:00,105.4,105.65,104.05,105.5,2083100,DNSE
VIC,1D,2025-11-17 09:00:00,106.0,110.55,106.0,108.5,3889800,DNSE
VIC,1D,2025-11-18 09:00:00,108.5,110.5,107.75,110.0,3027200,DNSE
VIC,1D,2025-11-19 09:00:00,110.0,112.5,109.5,110.25,2328900,DNSE
VIC,1D,2025-11-20 09:00:00,110.45,115.0,110.0,114.0,2828600,DNSE
VIC,1D,2025-11-21 09:00:00,113.1,115.55,111.0,114.85,2778400,DNSE
VIC,1D,2025-11-24 09:00:00,114.65,121.95,114.65,119.75,3203000,DNSE
VIC,1D,2025-11-25 09:00:00,121.5,124.4,120.0,121.5,3425500,DNSE
VIC,1D,2025-11-26 09:00:00,123.5,123.5,118.75,122.5,4196800,DNSE
VIC,1D,2025-11-27 09:00:00,123.1,126.55,122.7,124.0,2348000,DNSE
VIC,1D,2025-11-28 09:00:00,124.1,131.4,124.1,130.2,3844800,DNSE
VIC,1D,2025-12-01 09:00:00,133.05,139.3,133.0,134.95,4500600,DNSE
VIC,1D,2025-12-02 09:00:00,135.0,138.75,131.5,137.5,4093500,DNSE
VIC,1D,2025-12-03 09:00:00,139.45,139.45,134.6,134.7,3328700,DNSE
VIC,1D,2025-12-04 09:00:00,134.0,135.4,131.0,133.5,3902000,DNSE
VIC,1D,2025-12-05 09:00:00,142.8,142.8,139.4,142.8,7001500,DNSE
VIC,1D,2025-12-08 09:00:00,152.0,152.7,149.1,152.7,4606600,DNSE
VIC,1D,2025-12-09 09:00:00,163.3,163.3,153.0,160.0,12839300,DNSE
VIC,1D,2025-12-10 09:00:00,160.0,160.0,148.8,148.8,6592900,DNSE
VIC,1D,2025-12-11 09:00:00,143.0,147.6,138.4,146.0,7957600,DNSE
VIC,1D,2025-12-12 09:00:00,147.8,147.8,140.0,144.0,4622400,DNSE
VIC,1D,2025-12-15 09:00:00,143.8,147.0,140.0,142.9,5214800,DNSE
VIC,1D,2025-12-16 09:00:00,142.9,149.3,140.4,142.9,5330200,DNSE
VIC,1D,2025-12-17 09:00:00,143.7,146.8,142.6,142.9,2867800,DNSE
VIC,1D,2025-12-18 09:00:00,143.0,143.0,139.7,142.7,5429000,DNSE
VIC,1D,2025-12-19 09:00:00,142.7,152.1,142.0,148.5,12784300,DNSE
VIC,1D,2025-12-22 09:00:00,153.8,158.8,151.8,158.8,4500800,DNSE
VIC,1D,2025-12-23 09:00:00,165.0,169.9,163.0,169.9,6615800,DNSE
VIC,1D,2025-12-24 09:00:00,174.0,176.6,164.0,169.8,8749100,DNSE
VIC,1D,2025-12-25 09:00:00,167.6,174.5,158.0,158.0,6373600,DNSE
VIC,1D,2025-12-26 09:00:00,147.0,155.2,147.0,155.0,15336300,DNSE
VIC,1D,2025-12-29 09:00:00,155.0,159.9,155.0,159.7,6667000,DNSE
VIC,1D,2025-12-30 09:00:00,159.7,163.0,151.6,163.0,8091800,DNSE
VIC,1D,2025-12-31 09:00:00,163.0,172.0,158.8,169.6,9438700,DNSE
VIC,1D,2026-01-05 09:00:00,169.6,174.5,166.8,173.1,6644800,DNSE
VIC,1D,2026-01-06 09:00:00,173.6,176.0,171.4,173.1,7681000,DNSE
VIC,1D,2026-01-07 09:00:00,173.1,179.5,168.6,179.0,7674800,DNSE
VIC,1D,2026-01-08 09:00:00,183.5,190.0,176.6,176.6,6593700,DNSE
VIC,1D,2026-01-09 09:00:00,176.0,180.2,172.6,176.0,5389600,DNSE
VIC,1D,2026-01-12 09:00:00,174.6,175.4,163.7,163.7,9379500,DNSE
VIC,1D,2026-01-13 09:00:00,159.0,173.3,158.0,167.9,5382600,DNSE
VIC,1D,2026-01-14 09:00:00,171.2,171.2,159.0,160.2,4416000,DNSE
VIC,1D,2026-01-15 09:00:00,160.1,160.2,150.9,153.0,8278800,DNSE
VIC,1D,2026-01-16 09:00:00,153.0,163.0,153.0,159.9,3824600,DNSE
VIC,1D,2026-01-19 09:00:00,164.9,164.9,159.0,162.0,2282900,DNSE
VIC,1D,2026-01-20 09:00:00,162.0,162.0,154.6,161.0,5147800,DNSE
VIC,1D,2026-01-21 09:00:00,159.0,164.2,158.9,160.5,3238000,DNSE
VIC,1D,2026-01-22 09:00:00,157.0,161.4,157.0,161.1,3404000,DNSE
VIC,1D,2026-01-23 09:00:00,163.8,167.7,162.5,165.4,3317300,DNSE
VIC,1D,2026-01-26 09:00:00,167.0,167.5,159.6,159.9,2315400,DNSE
VIC,1D,2026-01-27 09:00:00,160.0,160.0,150.1,151.0,6581300,DNSE
VIC,1D,2026-01-28 09:00:00,151.0,154.5,140.5,140.5,10028300,DNSE
VIC,1D,2026-01-29 09:00:00,138.9,142.0,138.5,140.5,6992500,DNSE
VIC,1D,2026-01-30 09:00:00,140.5,141.9,135.9,140.5,6881400,DNSE
VIC,1D,2026-02-02 09:00:00,138.5,140.0,130.7,130.7,10401600,DNSE
VIC,1D,2026-02-03 09:00:00,125.3,133.1,125.3,130.7,8884500,DNSE
VIC,1D,2026-02-04 09:00:00,129.6,129.8,121.6,121.6,11704000,DNSE
VIC,1D,2026-02-05 09:00:00,119.0,130.1,118.9,130.1,7413900,DNSE
VIC,1D,2026-02-06 09:00:00,130.1,137.3,128.0,131.0,7311200,DNSE
VIC,1D,2026-02-09 09:00:00,132.8,133.3,129.5,132.3,2803700,DNSE
VIC,1D,2026-02-10 09:00:00,132.5,141.5,132.3,141.5,6103600,DNSE
VIC,1D,2026-02-11 09:00:00,148.0,151.3,147.0,150.8,5289000,DNSE
VIC,1D,2026-02-12 09:00:00,154.8,160.8,152.0,159.0,4346600,DNSE
VIC,1D,2026-02-13 09:00:00,161.9,164.1,152.0,160.0,5436200,DNSE
VIC,1D,2026-02-23 09:00:00,160.0,166.8,159.2,162.3,3711300,DNSE
VIC,1D,2026-02-24 09:00:00,162.3,163.6,159.0,162.9,1947400,DNSE
VIC,1D,2026-02-25 09:00:00,160.0,162.0,155.0,158.0,5289800,DNSE
VIC,1D,2026-02-26 09:00:00,157.0,169.0,157.0,168.9,6775200,DNSE
VIC,1D,2026-02-27 09:00:00,169.1,178.5,168.0,172.0,3624400,DNSE
VIC,1D,2026-03-02 09:00:00,171.0,177.8,166.0,167.2,4989000,DNSE
VIC,1D,2026-03-03 09:00:00,164.0,167.0,155.5,155.5,6378300,DNSE
VIC,1D,2026-03-04 09:00:00,150.6,161.0,150.6,155.6,4387500,DNSE
VIC,1D,2026-03-05 09:00:00,159.0,166.4,157.2,164.8,5615500,DNSE
VIC,1D,2026-03-06 09:00:00,163.5,165.0,156.0,156.5,2975400,DNSE
VIC,1D,2026-03-09 09:00:00,151.4,156.0,145.6,145.6,6353700,DNSE
VIC,1D,2026-03-10 09:00:00,154.8,154.8,141.0,141.8,4203800,DNSE
VIC,1D,2026-03-11 09:00:00,143.0,148.5,143.0,146.0,2974500,DNSE
VIC,1D,2026-03-12 09:00:00,144.8,149.7,142.9,145.0,3036100,DNSE
VIC,1D,2026-03-13 09:00:00,143.9,148.0,141.2,144.6,2665200,DNSE
VIC,1D,2026-03-16 09:00:00,146.2,147.6,141.4,144.7,2480300,DNSE
VIC,1D,2026-03-17 09:00:00,145.0,150.9,145.0,146.2,2810700,DNSE
VIC,1D,2026-03-18 09:00:00,148.3,156.0,146.0,146.0,4966200,DNSE
VIC,1D,2026-03-19 09:00:00,146.6,151.0,145.0,145.0,5611400,DNSE
VIC,1D,2026-03-20 09:00:00,148.0,148.0,135.0,135.0,10346200,DNSE
VIC,1D,2026-03-23 09:00:00,135.6,138.0,125.6,125.6,4671100,DNSE
VIC,1D,2026-03-24 09:00:00,132.0,132.4,122.8,124.0,3901200,DNSE
VIC,1D,2026-03-25 09:00:00,128.0,132.3,126.0,128.7,3013400,DNSE
VIC,1D,2026-03-26 09:00:00,129.9,130.9,125.9,130.0,2435600,DNSE
VIC,1D,2026-03-27 09:00:00,130.5,133.9,128.6,132.6,2124700,DNSE
VIC,1D,2026-03-30 09:00:00,128.9,132.2,127.5,129.5,2042500,DNSE
VIC,1D,2026-03-31 09:00:00,130.2,135.0,130.0,135.0,3316700,DNSE
VIC,1D,2026-04-01 09:00:00,143.0,144.3,139.3,141.0,3637400,DNSE
VIC,1D,2026-04-02 09:00:00,142.8,142.8,137.8,139.9,4153300,DNSE
VIC,1D,2026-04-03 09:00:00,140.0,144.9,139.3,141.0,2869800,DNSE
VIC,1D,2026-04-06 09:00:00,141.0,142.5,139.0,141.6,2024600,DNSE
VIC,1D,2026-04-07 09:00:00,141.6,146.9,139.9,143.4,3077600,DNSE
VIC,1D,2026-04-08 09:00:00,150.0,153.4,147.1,153.4,4034100,DNSE
VIC,1D,2026-04-09 09:00:00,154.0,154.0,149.2,149.2,2623100,DNSE
VIC,1D,2026-04-10 09:00:00,151.6,154.0,151.5,151.7,2195500,DNSE
VIC,1D,2026-04-13 09:00:00,151.7,162.0,149.3,160.0,4051300,DNSE
VIC,1D,2026-04-14 09:00:00,162.0,165.9,161.9,165.5,3658000,DNSE
VIC,1D,2026-04-15 09:00:00,166.2,177.0,166.2,177.0,6640600,DNSE
VIC,1D,2026-04-16 09:00:00,180.0,189.3,178.9,189.3,7573800,DNSE
VIC,1D,2026-04-17 09:00:00,194.9,200.0,187.5,187.9,6747900,DNSE
VIC,1D,2026-04-20 09:00:00,186.5,191.0,178.1,191.0,5425000,DNSE
VIC,1D,2026-04-21 09:00:00,194.0,201.9,192.4,193.7,3340700,DNSE
VIC,1D,2026-04-22 09:00:00,193.6,207.2,191.2,207.2,4713700,DNSE
VIC,1D,2026-04-23 09:00:00,212.0,218.9,209.1,214.5,4258100,DNSE
VIC,1D,2026-04-24 09:00:00,215.2,221.9,208.0,212.1,4235200,DNSE
VIC,1D,2026-04-28 09:00:00,210.0,226.9,209.8,225.5,5194900,DNSE
VIC,1D,2026-04-29 09:00:00,227.8,227.8,213.8,214.0,5786200,DNSE
VIC,1D,2026-05-04 09:00:00,217.0,220.0,204.0,212.0,3884000,DNSE
VIC,1D,2026-05-05 09:00:00,211.9,224.8,210.3,219.5,2877500,DNSE
VIC,1D,2026-05-06 09:00:00,220.5,223.0,214.5,219.5,3130600,DNSE
VIC,1D,2026-05-07 09:00:00,219.5,231.0,218.0,224.0,4299400,DNSE
VIC,1D,2026-05-08 09:00:00,223.6,227.3,218.0,226.0,3703600,DNSE
VIC,1D,2026-05-11 09:00:00,225.9,230.0,219.5,223.0,4626200,DNSE
VIC,1D,2026-05-12 09:00:00,222.0,225.6,215.1,222.0,4023400,DNSE
VIC,1D,2026-05-13 09:00:00,223.0,224.0,206.5,221.0,6456000,DNSE
VIC,1D,2026-05-14 09:00:00,218.0,232.0,211.5,229.8,3746700,DNSE
VIC,1D,2026-05-15 09:00:00,229.8,231.8,224.0,228.0,3910800,DNSE
VIC,1D,2026-05-18 09:00:00,226.8,228.8,221.7,225.0,2674600,DNSE
VIC,1D,2026-05-19 09:00:00,225.0,227.0,221.0,225.1,3376900,DNSE
VIC,1D,2026-05-20 09:00:00,225.1,230.2,222.2,226.7,3788300,DNSE
VIC,1D,2026-05-21 09:00:00,227.2,228.5,216.4,218.7,5372600,DNSE
VIC,1D,2026-05-22 09:00:00,218.5,218.5,209.3,216.5,4167600,DNSE
VIC,1D,2026-05-25 09:00:00,216.6,221.2,216.5,218.8,2333800,DNSE
VIC,1D,2026-05-26 09:00:00,218.8,218.8,212.5,213.0,2400500,DNSE
VIC,1D,2026-05-27 09:00:00,213.0,214.0,204.9,210.8,4515900,DNSE
VIC,1D,2026-05-28 09:00:00,209.1,217.5,206.1,210.8,3051200,DNSE
VIC,1D,2026-05-29 09:00:00,211.0,214.3,209.5,211.3,2017000,DNSE
VIC,1D,2026-06-01 09:00:00,211.4,212.5,204.5,204.9,2098200,DNSE
VIC,1D,2026-06-02 09:00:00,204.9,210.9,202.0,204.9,1679300,DNSE
VIC,1D,2026-06-03 09:00:00,204.7,204.9,191.0,197.6,5110300,DNSE
VIC,1D,2026-06-04 09:00:00,197.6,200.6,193.3,200.2,2507200,DNSE
VIC,1D,2026-06-05 09:00:00,200.3,210.3,200.3,207.0,3581100,DNSE
VIC,1D,2026-06-08 09:00:00,204.9,204.9,195.0,195.0,3271900,DNSE
VIC,1D,2026-06-09 09:00:00,198.0,198.0,192.7,193.2,1810400,DNSE
VIC,1D,2026-06-10 09:00:00,193.0,196.5,190.8,196.0,1395000,DNSE
VIC,1D,2026-06-11 09:00:00,193.0,196.1,191.9,196.0,1716200,DNSE
VIC,1D,2026-06-12 09:00:00,198.5,198.7,192.9,195.5,3276100,DNSE
VIC,1D,2026-06-15 09:00:00,196.1,197.5,184.7,192.6,4609900,DNSE
VIC,1D,2026-06-16 09:00:00,192.8,195.7,190.8,194.0,2893300,DNSE
VIC,1D,2026-06-17 09:00:00,190.0,192.9,186.7,192.0,3936100,DNSE
VIC,1D,2026-06-18 09:00:00,196.0,205.4,195.1,205.4,6434200,DNSE
VIC,1D,2026-06-19 09:00:00,206.7,207.5,203.0,205.5,4093100,DNSE
VIC,1D,2026-06-22 09:00:00,205.5,219.8,203.1,219.8,3513400,DNSE
VIC,1D,2026-06-23 09:00:00,224.2,230.0,223.6,229.0,5016500,DNSE
VIC,1D,2026-06-24 09:00:00,229.0,242.0,227.1,230.5,3746800,DNSE
VIC,1D,2026-06-25 09:00:00,230.5,232.0,221.1,225.0,3049700,DNSE
VIC,1D,2026-06-26 09:00:00,221.5,228.9,221.5,228.0,2571200,DNSE
VIC,1D,2026-06-29 09:00:00,227.0,227.7,217.0,217.2,3602500,DNSE
VIC,1D,2026-06-30 09:00:00,216.0,221.0,212.0,220.0,3900200,DNSE
VIC,1D,2026-07-01 09:00:00,220.0,220.2,216.7,217.1,1760600,DNSE
VIC,1D,2026-07-02 09:00:00,217.1,221.2,216.1,220.3,2543800,DNSE
VIC,1D,2026-07-03 09:00:00,219.9,222.9,219.3,220.3,2086300,DNSE
VIC,1D,2026-07-06 09:00:00,222.5,222.7,217.1,220.3,3093000,DNSE
VIC,1D,2026-07-07 09:00:00,218.5,220.3,215.2,220.3,2948800,DNSE
VIC,1D,2026-07-08 09:00:00,218.0,221.2,218.0,220.7,1934000,DNSE
VIC,1D,2026-07-09 09:00:00,218.5,221.3,218.5,221.0,2366400,DNSE
VIC,1D,2026-07-10 09:00:00,221.0,224.7,220.8,223.0,3999100,DNSE
VIC,1D,2026-07-13 09:00:00,223.6,223.6,218.1,221.5,3795000,DNSE
VIC,1D,2026-07-14 09:00:00,219.0,219.7,212.5,219.0,3450700,DNSE
VIC,1D,2026-07-15 09:00:00,218.4,218.4,211.5,217.0,3687900,DNSE
VIC,1D,2026-07-16 09:00:00,212.0,223.0,212.0,223.0,4074700,DNSE
VIC,1D,2026-07-17 09:00:00,223.0,224.0,220.0,220.0,2845200,DNSE
VIC,1D,2026-07-20 09:00:00,219.9,220.2,218.9,220.0,2732800,DNSE
VIC,1D,2026-07-21 09:00:00,216.3,220.0,214.4,217.3,2839700,DNSE
VIC,1D,2026-07-22 09:00:00,216.0,217.0,202.1,202.1,5736200,DNSE
VIC,1D,2026-07-23 09:00:00,201.0,214.7,200.0,214.0,4235400,DNSE
VIC,1D,2026-07-24 09:00:00,209.5,213.6,208.9,213.1,2599400,DNSE
VIC,1D,2026-07-27 09:00:00,215.0,215.0,210.9,213.5,2911700,DNSE
VIC,1D,2026-07-28 09:00:00,210.0,213.8,209.7,213.8,2751800,DNSE
VIC,1D,2026-07-29 09:00:00,214.1,222.5,210.4,219.4,4951600,DNSE
VIC,1D,2026-07-30 09:00:00,216.5,220.7,216.5,220.0,4809100,DNSE
VIC,1D,2026-07-31 09:00:00,223.8,223.8,214.1,214.1,4372800,DNSE
VIC,1D,2026-08-03 09:00:00,216.0,216.3,212.0,213.0,4179900,DNSE
VIC,1D,2026-08-04 09:00:00,214.0,221.5,212.4,218.0,5187600,DNSE
VIC,1D,2026-08-05 09:00:00,218.6,221.6,218.6,220.0,6228400,DNSE
VIC,1D,2026-08-06 09:00:00,219.0,222.0,218.6,218.8,4794300,DNSE
VIC,1D,2026-08-07 09:00:00,218.4,218.4,212.3,215.0,5350500,DNSE
VIC,1D,2026-08-10 09:00:00,213.6,215.1,208.1,208.5,4429400,DNSE
VIC,1D,2026-08-11 09:00:00,209.2,211.5,205.5,208.5,4985100,DNSE
VIC,1D,2026-08-12 09:00:00,208.7,215.8,207.5,215.5,5299800,DNSE
VIC,1D,2026-08-13 09:00:00,215.0,215.6,207.5,207.9,5537700,DNSE
VIC,1D,2026-08-14 09:00:00,208.0,208.1,195.0,200.4,7976400,DNSE
VIC,1D,2026-08-17 09:00:00,200.4,200.4,194.6,198.0,6484400,DNSE
VIC,1D,2026-08-18 09:00:00,198.0,203.9,197.5,200.0,4301900,DNSE
VIC,1D,2026-08-19 09:00:00,200.0,200.9,199.2,200.0,5248400,DNSE
VIC,1D,2026-08-20 09:00:00,201.8,204.2,201.0,202.0,5246400,DNSE
VIC,1D,2026-08-21 09:00:00,201.4,205.7,199.9,205.0,3196900,DNSE
VIC,1D,2026-08-24 09:00:00,208.0,214.9,208.0,214.5,3586200,DNSE
VIC,1D,2026-08-25 09:00:00,216.5,227.3,215.3,220.5,10310200,DNSE
VIC,1D,2026-08-26 09:00:00,219.1,230.0,219.1,230.0,9982600,DNSE
VIC,1D,2026-08-27 09:00:00,228.9,237.8,227.9,236.0,8567700,DNSE
VIC,1D,2026-08-28 09:00:00,236.0,237.1,230.1,236.0,8553100,DNSE
VIC,1D,2026-09-03 09:00:00,232.9,244.5,226.0,244.5,7676800,DNSE
VIC,1D,2026-09-04 09:00:00,244.7,260.0,244.7,256.1,7518600,DNSE
VIC,1D,2026-09-07 09:00:00,256.1,265.0,245.0,245.0,6063900,DNSE
VIC,1D,2026-09-08 09:00:00,243.5,249.8,240.8,249.6,6268500,DNSE
VIC,1D,2026-09-09 09:00:00,252.0,255.8,244.6,247.7,4857800,DNSE
VIC,1D,2026-09-10 09:00:00,247.7,249.5,244.4,247.7,4481800,DNSE
VIC,1D,2026-09-11 09:00:00,244.3,248.3,243.3,243.3,4264000,DNSE
VIC,1D,2026-09-14 09:00:00,242.3,243.3,235.6,241.4,4144700,DNSE
VIC,1D,2026-09-15 09:00:00,242.0,243.2,240.8,241.3,4196100,DNSE
VIC,1D,2026-09-16 09:00:00,240.9,243.8,237.6,241.2,4014000,DNSE
VIC,1D,2026-09-17 09:00:00,240.9,244.1,239.8,241.2,3951500,DNSE
VIC,1D,2026-09-18 09:00:00,244.5,244.5,240.3,241.2,13251500,DNSE
VND,1D,2025-10-01 09:00:00,22.11,22.45,21.92,21.97,16958900,DNSE
VND,1D,2025-10-02 09:00:00,22.21,22.31,21.53,21.53,13030500,DNSE
VND,1D,2025-10-03 09:00:00,21.38,21.87,21.24,21.38,17538400,DNSE
VND,1D,2025-10-06 09:00:00,21.77,22.84,21.67,22.84,34583200,DNSE
VND,1D,2025-10-07 09:00:00,23.33,23.57,23.03,23.03,38612600,DNSE
VND,1D,2025-10-08 09:00:00,23.96,23.96,22.94,23.18,40698200,DNSE
VND,1D,2025-10-09 09:00:00,23.33,23.33,22.69,22.84,26791500,DNSE
VND,1D,2025-10-10 09:00:00,23.08,23.57,22.84,22.99,24181500,DNSE
VND,1D,2025-10-13 09:00:00,22.79,23.23,22.45,23.03,28622300,DNSE
VND,1D,2025-10-14 09:00:00,23.57,23.86,22.65,22.69,43197000,DNSE
VND,1D,2025-10-15 09:00:00,22.84,23.13,22.65,22.84,19137300,DNSE
VND,1D,2025-10-16 09:00:00,23.03,23.23,22.69,23.13,27751600,DNSE
VND,1D,2025-10-17 09:00:00,23.37,23.81,22.84,22.89,39797600,DNSE
VND,1D,2025-10-20 09:00:00,22.84,23.13,21.33,21.33,33639500,DNSE
VND,1D,2025-10-21 09:00:00,21.19,21.77,19.88,20.46,52873100,DNSE
VND,1D,2025-10-22 09:00:00,20.8,20.8,19.44,20.36,32394700,DNSE
VND,1D,2025-10-23 09:00:00,20.51,20.7,19.92,19.92,18295700,DNSE
VND,1D,2025-10-24 09:00:00,19.73,20.07,19.29,19.63,30195100,DNSE
VND,1D,2025-10-27 09:00:00,20.02,20.41,19.39,19.54,19760300,DNSE
VND,1D,2025-10-28 09:00:00,19.58,20.22,19.44,20.17,17415200,DNSE
VND,1D,2025-10-29 09:00:00,20.26,20.31,19.92,19.92,14111600,DNSE
VND,1D,2025-10-30 09:00:00,20.12,20.12,19.44,19.44,17970700,DNSE
VND,1D,2025-10-31 09:00:00,19.44,19.78,19.34,19.49,15033600,DNSE
VND,1D,2025-11-03 09:00:00,19.49,19.63,18.27,18.27,29549500,DNSE
VND,1D,2025-11-04 09:00:00,18.27,19.54,18.27,19.54,26953700,DNSE
VND,1D,2025-11-05 09:00:00,19.58,19.78,19.39,19.39,10954000,DNSE
VND,1D,2025-11-06 09:00:00,19.49,19.49,18.95,19.05,11663500,DNSE
VND,1D,2025-11-07 09:00:00,19.0,19.2,18.32,18.37,17842900,DNSE
VND,1D,2025-11-10 09:00:00,18.37,19.15,18.22,18.51,16717900,DNSE
VND,1D,2025-11-11 09:00:00,18.86,18.95,18.51,18.86,9953400,DNSE
VND,1D,2025-11-12 09:00:00,19.05,19.54,18.86,19.34,19016600,DNSE
VND,1D,2025-11-13 09:00:00,19.39,19.39,18.95,19.05,9059900,DNSE
VND,1D,2025-11-14 09:00:00,19.0,19.39,18.86,19.1,11523700,DNSE
VND,1D,2025-11-17 09:00:00,19.2,19.39,19.05,19.34,13473800,DNSE
VND,1D,2025-11-18 09:00:00,19.49,19.92,19.44,19.58,22820500,DNSE
VND,1D,2025-11-19 09:00:00,19.58,19.63,18.86,18.86,24710400,DNSE
VND,1D,2025-11-20 09:00:00,19.0,19.05,18.76,18.81,8631000,DNSE
VND,1D,2025-11-21 09:00:00,18.76,18.76,18.42,18.56,11627300,DNSE
VND,1D,2025-11-24 09:00:00,18.71,18.9,18.27,18.27,10557300,DNSE
VND,1D,2025-11-25 09:00:00,18.47,18.56,17.64,17.69,21919800,DNSE
VND,1D,2025-11-26 09:00:00,17.88,18.66,17.79,18.27,16306700,DNSE
VND,1D,2025-11-27 09:00:00,18.37,18.61,18.22,18.22,11455300,DNSE
VND,1D,2025-11-28 09:00:00,18.27,18.32,17.88,17.88,8872800,DNSE
VND,1D,2025-12-01 09:00:00,18.08,18.08,17.69,17.69,9607400,DNSE
VND,1D,2025-12-02 09:00:00,17.74,18.37,17.69,18.17,13453100,DNSE
VND,1D,2025-12-03 09:00:00,18.27,18.56,18.17,18.47,10171200,DNSE
VND,1D,2025-12-04 09:00:00,18.66,19.15,18.61,18.76,15517800,DNSE
VND,1D,2025-12-05 09:00:00,18.86,18.9,18.47,18.47,11084900,DNSE
VND,1D,2025-12-08 09:00:00,18.47,18.61,18.17,18.17,7743000,DNSE
VND,1D,2025-12-09 09:00:00,18.17,18.32,17.74,18.08,14823700,DNSE
VND,1D,2025-12-10 09:00:00,18.17,18.47,18.03,18.08,7770200,DNSE
VND,1D,2025-12-11 09:00:00,18.17,18.37,17.98,18.08,7543600,DNSE
VND,1D,2025-12-12 09:00:00,18.13,18.27,17.01,17.01,16560100,DNSE
VND,1D,2025-12-15 09:00:00,17.2,17.45,17.01,17.2,9804800,DNSE
VND,1D,2025-12-16 09:00:00,17.2,18.37,16.96,18.37,17912200,DNSE
VND,1D,2025-12-17 09:00:00,18.37,18.66,18.22,18.32,16161700,DNSE
VND,1D,2025-12-18 09:00:00,18.37,18.95,18.27,18.81,21201100,DNSE
VND,1D,2025-12-19 09:00:00,18.86,19.29,18.71,19.29,26362600,DNSE
VND,1D,2025-12-22 09:00:00,19.44,19.44,19.05,19.44,20667800,DNSE
VND,1D,2025-12-23 09:00:00,19.44,19.54,18.95,19.39,18711700,DNSE
VND,1D,2025-12-24 09:00:00,19.29,19.83,19.1,19.83,21899400,DNSE
VND,1D,2025-12-25 09:00:00,19.73,19.97,19.44,19.44,16156400,DNSE
VND,1D,2025-12-26 09:00:00,19.2,19.58,18.71,19.44,22010800,DNSE
VND,1D,2025-12-29 09:00:00,19.44,19.49,19.0,19.24,8883400,DNSE
VND,1D,2025-12-30 09:00:00,19.2,19.44,18.95,19.15,8305800,DNSE
VND,1D,2025-12-31 09:00:00,19.15,19.24,18.81,18.9,9532900,DNSE
VND,1D,2026-01-05 09:00:00,18.9,19.0,17.79,18.17,21102600,DNSE
VND,1D,2026-01-06 09:00:00,18.27,18.51,17.79,18.13,12230300,DNSE
VND,1D,2026-01-07 09:00:00,18.27,18.76,18.17,18.76,11587900,DNSE
VND,1D,2026-01-08 09:00:00,19.05,19.29,18.76,19.24,17977800,DNSE
VND,1D,2026-01-09 09:00:00,19.39,19.44,18.76,18.76,13044800,DNSE
VND,1D,2026-01-12 09:00:00,18.76,20.07,18.76,20.07,30436300,DNSE
VND,1D,2026-01-13 09:00:00,20.56,20.85,20.07,20.22,23794900,DNSE
VND,1D,2026-01-14 09:00:00,20.26,20.41,19.49,20.02,25980200,DNSE
VND,1D,2026-01-15 09:00:00,19.92,20.36,19.63,20.22,24731400,DNSE
VND,1D,2026-01-16 09:00:00,20.26,20.41,19.73,19.92,17012900,DNSE
VND,1D,2026-01-19 09:00:00,19.92,20.22,19.63,19.97,13499500,DNSE
VND,1D,2026-01-20 09:00:00,20.17,20.22,19.05,19.05,27635600,DNSE
VND,1D,2026-01-21 09:00:00,18.86,19.05,18.22,18.47,30839400,DNSE
VND,1D,2026-01-22 09:00:00,18.76,19.05,18.47,18.66,11001500,DNSE
VND,1D,2026-01-23 09:00:00,18.76,19.15,18.56,18.86,15567300,DNSE
VND,1D,2026-01-26 09:00:00,18.71,19.0,17.98,17.98,19080400,DNSE
VND,1D,2026-01-27 09:00:00,17.98,18.32,17.93,18.13,7018100,DNSE
VND,1D,2026-01-28 09:00:00,18.13,18.32,17.79,18.08,13287200,DNSE
VND,1D,2026-01-29 09:00:00,18.13,18.37,17.88,17.93,5707300,DNSE
VND,1D,2026-01-30 09:00:00,17.93,18.17,17.88,17.98,10447600,DNSE
VND,1D,2026-02-02 09:00:00,17.98,17.98,17.49,17.59,13233700,DNSE
VND,1D,2026-02-03 09:00:00,17.79,18.22,17.79,17.98,10521300,DNSE
VND,1D,2026-02-04 09:00:00,18.27,18.61,17.98,18.03,11490300,DNSE
VND,1D,2026-02-05 09:00:00,18.08,18.17,17.69,17.69,6963300,DNSE
VND,1D,2026-02-06 09:00:00,17.59,17.64,17.15,17.15,14092000,DNSE
VND,1D,2026-02-09 09:00:00,17.45,17.49,17.15,17.15,5759200,DNSE
VND,1D,2026-02-10 09:00:00,17.25,17.45,17.06,17.25,5095100,DNSE
VND,1D,2026-02-11 09:00:00,17.35,17.93,17.35,17.88,9377800,DNSE
VND,1D,2026-02-12 09:00:00,17.93,17.98,17.79,17.79,3246200,DNSE
VND,1D,2026-02-13 09:00:00,17.74,18.17,17.64,18.08,7090800,DNSE
VND,1D,2026-02-23 09:00:00,18.22,18.32,18.08,18.32,7314500,DNSE
VND,1D,2026-02-24 09:00:00,18.27,18.86,18.13,18.47,14489100,DNSE
VND,1D,2026-02-25 09:00:00,18.56,18.66,18.32,18.37,8705600,DNSE
VND,1D,2026-02-26 09:00:00,18.51,18.56,18.13,18.27,5989000,DNSE
VND,1D,2026-02-27 09:00:00,18.37,18.66,18.17,18.17,9077200,DNSE
VND,1D,2026-03-02 09:00:00,17.49,18.08,17.3,17.59,15643900,DNSE
VND,1D,2026-03-03 09:00:00,17.59,18.37,17.59,17.83,14862000,DNSE
VND,1D,2026-03-04 09:00:00,17.93,18.27,17.01,18.27,19568400,DNSE
VND,1D,2026-03-05 09:00:00,18.51,19.34,18.37,18.37,31279500,DNSE
VND,1D,2026-03-06 09:00:00,18.37,18.37,17.54,17.64,13557300,DNSE
VND,1D,2026-03-09 09:00:00,16.43,16.62,16.43,16.43,10451200,DNSE
VND,1D,2026-03-10 09:00:00,16.52,16.86,15.84,16.09,28908300,DNSE
VND,1D,2026-03-11 09:00:00,16.13,16.81,16.09,16.43,12652800,DNSE
VND,1D,2026-03-12 09:00:00,16.38,16.57,16.04,16.09,10043900,DNSE
VND,1D,2026-03-13 09:00:00,15.89,16.23,15.74,15.79,11781200,DNSE
VND,1D,2026-03-16 09:00:00,15.84,16.13,15.6,15.74,11060000,DNSE
VND,1D,2026-03-17 09:00:00,15.94,16.43,15.89,15.99,9171900,DNSE
VND,1D,2026-03-18 09:00:00,16.04,16.13,15.55,15.7,8675400,DNSE
VND,1D,2026-03-19 09:00:00,15.36,15.5,15.06,15.16,15592000,DNSE
VND,1D,2026-03-20 09:00:00,15.21,15.36,14.87,14.92,13818400,DNSE
VND,1D,2026-03-23 09:00:00,14.63,14.68,13.9,13.9,28234400,DNSE
VND,1D,2026-03-24 09:00:00,14.58,14.77,14.09,14.63,15530100,DNSE
VND,1D,2026-03-25 09:00:00,14.77,15.36,14.68,15.06,15438700,DNSE
VND,1D,2026-03-26 09:00:00,15.11,15.21,14.82,15.06,8430400,DNSE
VND,1D,2026-03-27 09:00:00,15.06,15.5,15.02,15.4,12891700,DNSE
VND,1D,2026-03-30 09:00:00,14.92,15.21,14.72,15.06,10246100,DNSE
VND,1D,2026-03-31 09:00:00,15.11,15.65,15.02,15.36,16215300,DNSE
VND,1D,2026-04-01 09:00:00,15.74,16.04,15.7,15.79,13014900,DNSE
VND,1D,2026-04-02 09:00:00,15.6,15.74,15.4,15.45,10279300,DNSE
VND,1D,2026-04-03 09:00:00,15.5,15.65,15.21,15.21,9668300,DNSE
VND,1D,2026-04-06 09:00:00,15.21,15.5,15.16,15.21,7656700,DNSE
VND,1D,2026-04-07 09:00:00,15.21,15.6,15.06,15.6,6904900,DNSE
VND,1D,2026-04-08 09:00:00,16.52,16.67,16.13,16.67,27424100,DNSE
VND,1D,2026-04-09 09:00:00,16.52,16.67,16.33,16.38,12273000,DNSE
VND,1D,2026-04-10 09:00:00,16.62,16.67,16.23,16.28,7562000,DNSE
VND,1D,2026-04-13 09:00:00,16.04,16.43,15.94,16.18,9619300,DNSE
VND,1D,2026-04-14 09:00:00,16.52,16.67,16.28,16.38,9758300,DNSE
VND,1D,2026-04-15 09:00:00,16.52,16.72,16.33,16.33,13163100,DNSE
VND,1D,2026-04-16 09:00:00,16.38,16.47,16.04,16.09,11229500,DNSE
VND,1D,2026-04-17 09:00:00,16.13,16.33,16.04,16.09,7095600,DNSE
VND,1D,2026-04-20 09:00:00,16.09,16.33,16.09,16.23,7920700,DNSE
VND,1D,2026-04-21 09:00:00,16.43,16.57,16.13,16.18,9627900,DNSE
VND,1D,2026-04-22 09:00:00,16.18,16.28,16.04,16.09,5953000,DNSE
VND,1D,2026-04-23 09:00:00,16.09,16.18,15.65,15.79,9167300,DNSE
VND,1D,2026-04-24 09:00:00,15.79,15.94,15.7,15.74,5029800,DNSE
VND,1D,2026-04-28 09:00:00,15.74,15.84,15.6,15.6,5025900,DNSE
VND,1D,2026-04-29 09:00:00,15.65,15.89,15.45,15.65,9045600,DNSE
VND,1D,2026-05-04 09:00:00,15.84,15.99,15.74,15.74,3483800,DNSE
VND,1D,2026-05-05 09:00:00,15.6,15.74,15.5,15.55,5826000,DNSE
VND,1D,2026-05-06 09:00:00,15.7,16.52,15.5,16.18,16810200,DNSE
VND,1D,2026-05-07 09:00:00,16.38,16.47,16.13,16.18,7435500,DNSE
VND,1D,2026-05-08 09:00:00,16.13,16.38,15.94,15.99,11764600,DNSE
VND,1D,2026-05-11 09:00:00,15.99,16.33,15.89,15.99,11875600,DNSE
VND,1D,2026-05-12 09:00:00,15.94,16.18,15.89,15.94,6997300,DNSE
VND,1D,2026-05-13 09:00:00,15.94,16.18,15.7,15.84,10108300,DNSE
VND,1D,2026-05-14 09:00:00,15.89,16.04,15.79,15.94,5858800,DNSE
VND,1D,2026-05-15 09:00:00,15.99,16.13,15.84,15.99,5929500,DNSE
VND,1D,2026-05-18 09:00:00,15.94,16.33,15.79,16.18,11696300,DNSE
VND,1D,2026-05-19 09:00:00,16.43,16.96,16.38,16.47,31697600,DNSE
VND,1D,2026-05-20 09:00:00,16.38,16.52,15.6,15.99,12728500,DNSE
VND,1D,2026-05-21 09:00:00,16.09,16.28,15.79,15.89,10248800,DNSE
VND,1D,2026-05-22 09:00:00,15.94,16.96,15.79,16.96,45467800,DNSE
VND,1D,2026-05-25 09:00:00,17.3,17.49,17.01,17.11,19439700,DNSE
VND,1D,2026-05-26 09:00:00,17.06,17.88,17.01,17.59,28385300,DNSE
VND,1D,2026-05-27 09:00:00,17.59,17.64,17.2,17.25,15984300,DNSE
VND,1D,2026-05-28 09:00:00,17.35,17.79,17.3,17.3,29145900,DNSE
VND,1D,2026-05-29 09:00:00,17.45,17.5,16.85,16.85,14705200,DNSE
VND,1D,2026-06-01 09:00:00,16.8,18.0,16.8,17.55,19756500,DNSE
VND,1D,2026-06-02 09:00:00,17.6,17.8,16.95,17.15,17293600,DNSE
VND,1D,2026-06-03 09:00:00,17.15,18.1,17.0,17.95,29136400,DNSE
VND,1D,2026-06-04 09:00:00,17.95,18.25,17.65,17.8,12783000,DNSE
VND,1D,2026-06-05 09:00:00,17.8,17.95,17.45,17.6,12323500,DNSE
VND,1D,2026-06-08 09:00:00,17.35,17.4,16.7,16.85,27306500,DNSE
VND,1D,2026-06-09 09:00:00,16.95,17.5,16.65,17.3,16875300,DNSE
VND,1D,2026-06-10 09:00:00,17.25,17.7,17.15,17.35,10708100,DNSE
VND,1D,2026-06-11 09:00:00,17.1,17.45,17.05,17.2,11655200,DNSE
VND,1D,2026-06-12 09:00:00,17.6,17.6,17.05,17.1,11877500,DNSE
VND,1D,2026-06-15 09:00:00,17.5,18.1,17.45,17.7,25966000,DNSE
VND,1D,2026-06-16 09:00:00,17.8,18.35,17.7,18.25,21677200,DNSE
VND,1D,2026-06-17 09:00:00,18.35,18.55,17.9,18.15,17582100,DNSE
VND,1D,2026-06-18 09:00:00,18.05,18.35,17.85,17.85,13246900,DNSE
VND,1D,2026-06-19 09:00:00,17.8,18.05,17.65,17.7,13531200,DNSE
VND,1D,2026-06-22 09:00:00,17.7,18.15,17.5,18.05,18663900,DNSE
VND,1D,2026-06-23 09:00:00,18.1,18.3,17.65,17.75,22082900,DNSE
VND,1D,2026-06-24 09:00:00,17.75,17.85,17.35,17.6,15118200,DNSE
VND,1D,2026-06-25 09:00:00,17.5,17.75,17.3,17.35,11408500,DNSE
VND,1D,2026-06-26 09:00:00,17.3,17.6,17.1,17.6,12825100,DNSE
VND,1D,2026-06-29 09:00:00,17.6,17.75,17.35,17.6,5953000,DNSE
VND,1D,2026-06-30 09:00:00,17.6,18.0,17.6,17.7,12045400,DNSE
VND,1D,2026-07-01 09:00:00,17.75,18.15,17.7,18.0,10982000,DNSE
VND,1D,2026-07-02 09:00:00,18.1,18.25,17.9,18.0,12634600,DNSE
VND,1D,2026-07-03 09:00:00,18.05,18.7,17.9,18.4,30793400,DNSE
VND,1D,2026-07-06 09:00:00,18.4,18.65,17.65,18.2,20392800,DNSE
VND,1D,2026-07-07 09:00:00,18.2,18.75,18.0,18.75,20950900,DNSE
VND,1D,2026-07-08 09:00:00,18.75,19.1,18.65,18.7,21401300,DNSE
VND,1D,2026-07-09 09:00:00,18.45,18.6,18.25,18.35,18336800,DNSE
VND,1D,2026-07-10 09:00:00,18.3,18.45,17.85,18.0,17714300,DNSE
VND,1D,2026-07-13 09:00:00,17.75,17.9,16.9,17.5,24913000,DNSE
VND,1D,2026-07-14 09:00:00,17.1,17.8,17.1,17.7,9105100,DNSE
VND,1D,2026-07-15 09:00:00,17.5,17.75,17.2,17.25,10187500,DNSE
VND,1D,2026-07-16 09:00:00,17.15,17.7,16.5,17.65,24205900,DNSE
VND,1D,2026-07-17 09:00:00,17.55,17.85,17.5,17.85,10947700,DNSE
VND,1D,2026-07-20 09:00:00,17.8,17.8,16.65,17.2,19656000,DNSE
VND,1D,2026-07-21 09:00:00,17.1,17.5,17.1,17.15,11165800,DNSE
VND,1D,2026-07-22 09:00:00,17.3,17.4,16.35,16.6,21110400,DNSE
VND,1D,2026-07-23 09:00:00,16.6,17.5,16.0,17.15,17090900,DNSE
VND,1D,2026-07-24 09:00:00,16.95,17.05,16.5,16.5,6603000,DNSE
VND,1D,2026-07-27 09:00:00,16.7,16.7,15.35,15.35,15564100,DNSE
VND,1D,2026-07-28 09:00:00,15.2,16.4,14.9,16.4,18132300,DNSE
VND,1D,2026-07-29 09:00:00,16.5,16.55,16.2,16.4,6460100,DNSE
VND,1D,2026-07-30 09:00:00,16.4,17.2,16.3,17.05,14256200,DNSE
VND,1D,2026-07-31 09:00:00,17.1,17.1,16.55,16.6,10605700,DNSE
VND,1D,2026-08-03 09:00:00,16.75,17.2,16.65,16.85,9090000,DNSE
VND,1D,2026-08-04 09:00:00,17.0,17.0,16.75,16.95,8201500,DNSE
VND,1D,2026-08-05 09:00:00,17.15,17.2,16.8,16.95,11208400,DNSE
VND,1D,2026-08-06 09:00:00,16.95,17.1,16.65,16.7,8951200,DNSE
VND,1D,2026-08-07 09:00:00,16.6,16.9,16.6,16.65,6884600,DNSE
VND,1D,2026-08-10 09:00:00,16.8,17.1,16.7,17.05,9064700,DNSE
VND,1D,2026-08-11 09:00:00,17.1,17.35,16.9,16.9,12925900,DNSE
VND,1D,2026-08-12 09:00:00,16.9,17.1,16.8,16.8,6608700,DNSE
VND,1D,2026-08-13 09:00:00,16.85,17.15,16.55,16.55,14224400,DNSE
VND,1D,2026-08-14 09:00:00,16.55,16.65,16.15,16.25,11543500,DNSE
VND,1D,2026-08-17 09:00:00,16.3,16.45,16.05,16.15,6125900,DNSE
VND,1D,2026-08-18 09:00:00,16.15,16.35,15.9,16.0,8592700,DNSE
VND,1D,2026-08-19 09:00:00,16.0,16.05,15.65,15.75,7321500,DNSE
VND,1D,2026-08-20 09:00:00,15.95,16.05,15.7,15.8,4533600,DNSE
VND,1D,2026-08-21 09:00:00,15.9,16.9,15.85,16.9,20529500,DNSE
VND,1D,2026-08-24 09:00:00,17.15,17.2,16.8,16.8,11124100,DNSE
VND,1D,2026-08-25 09:00:00,16.8,17.0,16.7,16.75,13291200,DNSE
VND,1D,2026-08-26 09:00:00,16.75,16.9,16.55,16.9,10075100,DNSE
VND,1D,2026-08-27 09:00:00,17.0,17.05,16.65,16.75,6999300,DNSE
VND,1D,2026-08-28 09:00:00,16.8,17.0,16.6,16.65,11012700,DNSE
VND,1D,2026-09-03 09:00:00,16.55,16.6,16.35,16.4,8993800,DNSE
VND,1D,2026-09-04 09:00:00,16.45,16.55,16.3,16.35,5488100,DNSE
VND,1D,2026-09-07 09:00:00,16.35,16.45,16.0,16.0,8296900,DNSE
VND,1D,2026-09-08 09:00:00,16.0,16.3,16.0,16.05,5912400,DNSE
VND,1D,2026-09-09 09:00:00,16.05,16.15,15.85,15.85,5956600,DNSE
VND,1D,2026-09-10 09:00:00,15.85,16.0,15.6,15.85,9677400,DNSE
VND,1D,2026-09-11 09:00:00,15.75,15.8,15.15,15.15,12527400,DNSE
VND,1D,2026-09-14 09:00:00,15.2,15.35,14.5,14.6,17848500,DNSE
VND,1D,2026-09-15 09:00:00,14.7,15.0,14.6,14.7,12825700,DNSE
VND,1D,2026-09-16 09:00:00,14.8,14.9,14.5,14.5,7105600,DNSE
VND,1D,2026-09-17 09:00:00,14.4,15.3,14.4,14.8,14298800,DNSE
VND,1D,2026-09-18 09:00:00,15.1,15.3,14.9,15.2,16031500,DNSE
VNM,1D,2025-10-01 09:00:00,56.14,57.81,55.68,57.44,4526400,DNSE
VNM,1D,2025-10-02 09:00:00,57.81,57.89,56.6,56.6,3398700,DNSE
VNM,1D,2025-10-03 09:00:00,56.69,57.62,56.6,56.69,3998500,DNSE
VNM,1D,2025-10-06 09:00:00,57.99,57.99,57.16,57.71,4051900,DNSE
VNM,1D,2025-10-07 09:00:00,57.99,57.99,56.79,56.79,3715300,DNSE
VNM,1D,2025-10-08 09:00:00,57.62,58.73,57.07,58.64,5919700,DNSE
VNM,1D,2025-10-09 09:00:00,58.64,58.73,57.89,58.17,3297300,DNSE
VNM,1D,2025-10-10 09:00:00,58.64,58.64,57.71,57.71,4972200,DNSE
VNM,1D,2025-10-13 09:00:00,57.52,59.29,57.16,59.19,6305000,DNSE
VNM,1D,2025-10-14 09:00:00,59.56,59.56,58.54,58.73,5359800,DNSE
VNM,1D,2025-10-15 09:00:00,59.01,59.56,58.82,58.82,4645400,DNSE
VNM,1D,2025-10-16 09:00:00,58.87,59.26,58.29,59.26,5158400,DNSE
VNM,1D,2025-10-17 09:00:00,59.06,59.26,56.93,56.93,6041500,DNSE
VNM,1D,2025-10-20 09:00:00,57.03,57.52,53.25,53.25,8737700,DNSE
VNM,1D,2025-10-21 09:00:00,54.32,56.16,54.32,54.71,7068100,DNSE
VNM,1D,2025-10-22 09:00:00,55.29,55.48,53.93,54.51,3846700,DNSE
VNM,1D,2025-10-23 09:00:00,54.71,55.29,54.51,54.8,2327300,DNSE
VNM,1D,2025-10-24 09:00:00,55.09,56.26,54.32,56.26,3959900,DNSE
VNM,1D,2025-10-27 09:00:00,56.55,56.55,55.19,55.19,2998800,DNSE
VNM,1D,2025-10-28 09:00:00,55.38,55.58,55.0,55.58,2079100,DNSE
VNM,1D,2025-10-29 09:00:00,55.68,56.06,55.29,55.68,1973000,DNSE
VNM,1D,2025-10-30 09:00:00,55.97,56.06,55.19,55.29,1905200,DNSE
VNM,1D,2025-10-31 09:00:00,55.58,55.87,55.29,55.77,2641500,DNSE
VNM,1D,2025-11-03 09:00:00,55.87,56.45,55.48,55.48,2642700,DNSE
VNM,1D,2025-11-04 09:00:00,55.77,56.06,54.51,55.48,4175200,DNSE
VNM,1D,2025-11-05 09:00:00,55.48,56.64,55.29,56.16,3831600,DNSE
VNM,1D,2025-11-06 09:00:00,56.16,56.64,55.77,56.16,2241200,DNSE
VNM,1D,2025-11-07 09:00:00,55.77,56.55,55.68,55.77,3251100,DNSE
VNM,1D,2025-11-10 09:00:00,55.87,56.06,55.19,55.19,2675800,DNSE
VNM,1D,2025-11-11 09:00:00,55.19,57.13,55.19,57.03,5152700,DNSE
VNM,1D,2025-11-12 09:00:00,56.93,58.1,56.64,57.9,5161900,DNSE
VNM,1D,2025-11-13 09:00:00,57.9,60.03,57.81,59.84,9741800,DNSE
VNM,1D,2025-11-14 09:00:00,59.74,61.29,59.65,60.81,10146900,DNSE
VNM,1D,2025-11-17 09:00:00,60.9,61.29,59.84,60.13,4198400,DNSE
VNM,1D,2025-11-18 09:00:00,60.03,60.32,58.58,58.77,5559900,DNSE
VNM,1D,2025-11-19 09:00:00,58.77,59.94,58.58,58.97,4458500,DNSE
VNM,1D,2025-11-20 09:00:00,59.45,59.65,58.58,58.77,2656100,DNSE
VNM,1D,2025-11-21 09:00:00,58.39,58.77,57.81,58.0,4191100,DNSE
VNM,1D,2025-11-24 09:00:00,58.19,61.39,58.19,61.0,9900300,DNSE
VNM,1D,2025-11-25 09:00:00,61.0,61.19,59.94,59.94,4907900,DNSE
VNM,1D,2025-11-26 09:00:00,60.32,61.19,60.32,60.81,3651000,DNSE
VNM,1D,2025-11-27 09:00:00,61.0,61.39,60.03,60.03,3962300,DNSE
VNM,1D,2025-11-28 09:00:00,60.23,62.45,60.23,61.97,11898300,DNSE
VNM,1D,2025-12-01 09:00:00,62.26,63.81,62.26,62.84,9107300,DNSE
VNM,1D,2025-12-02 09:00:00,62.74,63.52,62.45,62.94,6764300,DNSE
VNM,1D,2025-12-03 09:00:00,63.03,63.13,61.97,62.55,5383600,DNSE
VNM,1D,2025-12-04 09:00:00,62.94,63.03,61.39,61.39,5918000,DNSE
VNM,1D,2025-12-05 09:00:00,61.58,62.45,61.39,61.39,3598900,DNSE
VNM,1D,2025-12-08 09:00:00,61.29,62.45,61.19,61.48,3322000,DNSE
VNM,1D,2025-12-09 09:00:00,61.48,62.07,60.52,60.52,5389200,DNSE
VNM,1D,2025-12-10 09:00:00,60.42,62.45,60.32,61.1,3470500,DNSE
VNM,1D,2025-12-11 09:00:00,61.0,61.48,59.55,59.55,4852300,DNSE
VNM,1D,2025-12-12 09:00:00,59.74,60.03,58.29,58.29,4396400,DNSE
VNM,1D,2025-12-15 09:00:00,58.39,60.61,58.39,60.03,4242600,DNSE
VNM,1D,2025-12-16 09:00:00,60.03,62.36,59.74,62.16,6863300,DNSE
VNM,1D,2025-12-17 09:00:00,62.07,62.07,60.9,60.9,2090400,DNSE
VNM,1D,2025-12-18 09:00:00,61.58,61.97,60.9,61.87,3065000,DNSE
VNM,1D,2025-12-19 09:00:00,61.68,61.97,61.0,61.97,2685700,DNSE
VNM,1D,2025-12-22 09:00:00,61.87,61.87,61.1,61.19,2650700,DNSE
VNM,1D,2025-12-23 09:00:00,61.48,62.07,60.32,60.61,4394700,DNSE
VNM,1D,2025-12-24 09:00:00,60.81,60.9,59.55,59.55,4870200,DNSE
VNM,1D,2025-12-25 09:00:00,59.65,60.32,59.35,59.35,2059600,DNSE
VNM,1D,2025-12-26 09:00:00,59.65,60.32,59.26,59.55,2399200,DNSE
VNM,1D,2025-12-29 09:00:00,59.55,60.23,59.45,60.13,1943000,DNSE
VNM,1D,2025-12-30 09:00:00,60.13,60.32,59.74,59.84,1581000,DNSE
VNM,1D,2025-12-31 09:00:00,59.94,60.03,59.26,59.26,1879600,DNSE
VNM,1D,2026-01-05 09:00:00,59.35,59.55,58.1,58.39,2814700,DNSE
VNM,1D,2026-01-06 09:00:00,58.58,58.97,58.39,58.87,2963300,DNSE
VNM,1D,2026-01-07 09:00:00,58.87,59.55,58.58,58.97,3228100,DNSE
VNM,1D,2026-01-08 09:00:00,59.16,61.39,59.16,60.23,5636400,DNSE
VNM,1D,2026-01-09 09:00:00,60.42,60.52,59.06,59.06,4184100,DNSE
VNM,1D,2026-01-12 09:00:00,59.16,60.71,59.16,60.71,4146300,DNSE
VNM,1D,2026-01-13 09:00:00,60.9,62.84,60.81,61.29,6761300,DNSE
VNM,1D,2026-01-14 09:00:00,61.58,65.55,61.39,65.55,24838300,DNSE
VNM,1D,2026-01-15 09:00:00,67.78,70.1,67.29,68.75,19260600,DNSE
VNM,1D,2026-01-16 09:00:00,68.84,70.68,66.91,67.39,13372500,DNSE
VNM,1D,2026-01-19 09:00:00,67.59,68.75,66.13,68.36,10385300,DNSE
VNM,1D,2026-01-20 09:00:00,69.23,73.1,68.84,71.07,21521900,DNSE
VNM,1D,2026-01-21 09:00:00,70.68,70.68,67.78,68.07,11234100,DNSE
VNM,1D,2026-01-22 09:00:00,68.84,70.49,67.78,68.65,8055200,DNSE
VNM,1D,2026-01-23 09:00:00,67.2,67.88,65.07,65.07,16050400,DNSE
VNM,1D,2026-01-26 09:00:00,65.26,67.1,65.26,66.71,8864800,DNSE
VNM,1D,2026-01-27 09:00:00,66.23,66.42,64.0,65.55,8357800,DNSE
VNM,1D,2026-01-28 09:00:00,65.55,67.29,65.07,65.55,9816800,DNSE
VNM,1D,2026-01-29 09:00:00,66.33,68.84,65.75,68.84,10036800,DNSE
VNM,1D,2026-01-30 09:00:00,69.23,70.2,68.26,68.36,7844800,DNSE
VNM,1D,2026-02-02 09:00:00,68.65,70.3,68.07,70.3,10777700,DNSE
VNM,1D,2026-02-03 09:00:00,70.59,71.26,69.04,69.33,7261000,DNSE
VNM,1D,2026-02-04 09:00:00,69.52,70.3,68.55,69.72,7672500,DNSE
VNM,1D,2026-02-05 09:00:00,69.62,69.91,66.91,66.91,8057000,DNSE
VNM,1D,2026-02-06 09:00:00,66.13,68.46,66.04,66.91,6695900,DNSE
VNM,1D,2026-02-09 09:00:00,67.2,68.17,67.1,67.39,2573300,DNSE
VNM,1D,2026-02-10 09:00:00,67.39,68.26,65.94,66.23,5090400,DNSE
VNM,1D,2026-02-11 09:00:00,66.23,67.68,66.23,66.91,2672900,DNSE
VNM,1D,2026-02-12 09:00:00,67.1,67.59,66.81,66.81,1951100,DNSE
VNM,1D,2026-02-13 09:00:00,66.81,67.59,66.42,67.29,3341400,DNSE
VNM,1D,2026-02-23 09:00:00,67.78,69.04,67.59,68.36,4211800,DNSE
VNM,1D,2026-02-24 09:00:00,68.36,69.04,67.97,67.97,3552500,DNSE
VNM,1D,2026-02-25 09:00:00,68.17,71.07,68.17,70.01,9804200,DNSE
VNM,1D,2026-02-26 09:00:00,68.94,69.13,67.39,68.36,14298200,DNSE
VNM,1D,2026-02-27 09:00:00,67.97,68.36,65.84,66.04,13371400,DNSE
VNM,1D,2026-03-02 09:00:00,64.78,67.59,64.39,64.49,12468700,DNSE
VNM,1D,2026-03-03 09:00:00,64.49,65.16,61.39,61.39,17815700,DNSE
VNM,1D,2026-03-04 09:00:00,61.39,62.84,60.03,62.84,13382500,DNSE
VNM,1D,2026-03-05 09:00:00,62.94,63.13,61.0,61.19,8165700,DNSE
VNM,1D,2026-03-06 09:00:00,61.0,61.0,60.23,60.42,6471800,DNSE
VNM,1D,2026-03-09 09:00:00,57.13,57.22,56.26,56.26,18046300,DNSE
VNM,1D,2026-03-10 09:00:00,58.1,60.13,57.61,60.13,10762100,DNSE
VNM,1D,2026-03-11 09:00:00,59.74,61.68,59.65,61.0,7507500,DNSE
VNM,1D,2026-03-12 09:00:00,60.03,60.71,59.35,59.65,6298800,DNSE
VNM,1D,2026-03-13 09:00:00,60.03,61.19,59.65,61.1,5388500,DNSE
VNM,1D,2026-03-16 09:00:00,60.61,60.9,59.74,59.84,2965000,DNSE
VNM,1D,2026-03-17 09:00:00,60.71,61.0,59.55,59.55,3816100,DNSE
VNM,1D,2026-03-18 09:00:00,59.84,60.71,59.65,59.74,2596400,DNSE
VNM,1D,2026-03-19 09:00:00,59.45,60.03,58.87,59.06,6400100,DNSE
VNM,1D,2026-03-20 09:00:00,59.06,59.55,58.1,58.1,5734800,DNSE
VNM,1D,2026-03-23 09:00:00,57.32,59.06,57.32,58.87,5908000,DNSE
VNM,1D,2026-03-24 09:00:00,59.84,59.84,58.97,59.26,2689900,DNSE
VNM,1D,2026-03-25 09:00:00,59.55,60.23,59.45,60.13,3445600,DNSE
VNM,1D,2026-03-26 09:00:00,60.13,60.13,59.06,59.06,2044000,DNSE
VNM,1D,2026-03-27 09:00:00,59.06,59.94,58.97,59.55,2137400,DNSE
VNM,1D,2026-03-30 09:00:00,58.68,59.55,58.29,58.68,4075600,DNSE
VNM,1D,2026-03-31 09:00:00,59.06,59.55,58.58,58.58,5323200,DNSE
VNM,1D,2026-04-01 09:00:00,59.35,60.23,59.06,59.35,5446200,DNSE
VNM,1D,2026-04-02 09:00:00,59.55,59.74,58.87,58.87,2855300,DNSE
VNM,1D,2026-04-03 09:00:00,59.06,59.74,58.1,58.1,3788600,DNSE
VNM,1D,2026-04-06 09:00:00,58.1,59.06,58.1,58.97,2587400,DNSE
VNM,1D,2026-04-07 09:00:00,58.97,59.26,58.39,59.06,1825200,DNSE
VNM,1D,2026-04-08 09:00:00,60.23,60.71,59.74,60.61,5568500,DNSE
VNM,1D,2026-04-09 09:00:00,59.84,60.13,59.45,59.84,2921000,DNSE
VNM,1D,2026-04-10 09:00:00,60.61,61.97,60.52,60.81,6158400,DNSE
VNM,1D,2026-04-13 09:00:00,60.42,60.81,60.23,60.81,3418300,DNSE
VNM,1D,2026-04-14 09:00:00,61.39,61.48,60.03,60.03,4247700,DNSE
VNM,1D,2026-04-15 09:00:00,60.13,60.61,59.26,59.35,4403200,DNSE
VNM,1D,2026-04-16 09:00:00,59.55,59.74,59.16,59.16,2272100,DNSE
VNM,1D,2026-04-17 09:00:00,59.35,60.71,59.35,59.35,3115500,DNSE
VNM,1D,2026-04-20 09:00:00,59.45,60.42,59.35,59.55,3251900,DNSE
VNM,1D,2026-04-21 09:00:00,59.94,60.71,59.55,59.65,5306600,DNSE
VNM,1D,2026-04-22 09:00:00,59.65,60.32,59.55,59.84,3939900,DNSE
VNM,1D,2026-04-23 09:00:00,60.03,60.52,59.06,60.03,4234100,DNSE
VNM,1D,2026-04-24 09:00:00,60.13,60.13,58.58,59.45,5855700,DNSE
VNM,1D,2026-04-28 09:00:00,59.26,59.35,58.58,59.26,3220800,DNSE
VNM,1D,2026-04-29 09:00:00,58.39,59.35,58.39,58.97,2407200,DNSE
VNM,1D,2026-05-04 09:00:00,59.16,59.65,58.77,58.97,1873800,DNSE
VNM,1D,2026-05-05 09:00:00,59.16,59.26,58.48,59.16,2751900,DNSE
VNM,1D,2026-05-06 09:00:00,59.26,59.74,58.77,59.55,2590900,DNSE
VNM,1D,2026-05-07 09:00:00,59.65,59.84,59.16,59.55,4751300,DNSE
VNM,1D,2026-05-08 09:00:00,59.84,59.84,58.97,58.97,2787000,DNSE
VNM,1D,2026-05-11 09:00:00,59.16,59.16,58.58,58.68,3875800,DNSE
VNM,1D,2026-05-12 09:00:00,58.68,58.77,58.0,58.19,4102800,DNSE
VNM,1D,2026-05-13 09:00:00,58.19,58.19,56.84,57.42,8534300,DNSE
VNM,1D,2026-05-14 09:00:00,57.42,58.19,57.42,58.19,3058300,DNSE
VNM,1D,2026-05-15 09:00:00,58.19,58.39,57.9,57.9,2010300,DNSE
VNM,1D,2026-05-18 09:00:00,57.61,58.77,57.61,58.58,4850600,DNSE
VNM,1D,2026-05-19 09:00:00,58.58,58.77,57.81,57.9,2739700,DNSE
VNM,1D,2026-05-20 09:00:00,57.9,58.0,56.74,57.22,5727600,DNSE
VNM,1D,2026-05-21 09:00:00,57.61,57.71,56.93,57.13,3271300,DNSE
VNM,1D,2026-05-22 09:00:00,57.22,57.81,56.84,57.61,6005000,DNSE
VNM,1D,2026-05-25 09:00:00,57.61,57.9,57.22,57.22,1587500,DNSE
VNM,1D,2026-05-26 09:00:00,57.22,57.52,57.13,57.22,1880800,DNSE
VNM,1D,2026-05-27 09:00:00,57.22,57.32,56.84,56.93,2976500,DNSE
VNM,1D,2026-05-28 09:00:00,57.13,57.9,57.13,57.13,3798600,DNSE
VNM,1D,2026-05-29 09:00:00,57.13,57.42,57.03,57.32,1960700,DNSE
VNM,1D,2026-06-01 09:00:00,57.32,57.42,56.93,57.22,2259500,DNSE
VNM,1D,2026-06-02 09:00:00,57.22,57.32,56.74,56.74,2961900,DNSE
VNM,1D,2026-06-03 09:00:00,56.74,56.93,56.26,56.45,3814300,DNSE
VNM,1D,2026-06-04 09:00:00,56.74,56.93,56.35,56.74,2126500,DNSE
VNM,1D,2026-06-05 09:00:00,56.93,57.03,56.45,56.55,1866100,DNSE
VNM,1D,2026-06-08 09:00:00,56.35,56.93,55.97,56.16,3179800,DNSE
VNM,1D,2026-06-09 09:00:00,56.26,56.64,56.16,56.45,1228000,DNSE
VNM,1D,2026-06-10 09:00:00,56.55,57.03,56.35,57.03,2353200,DNSE
VNM,1D,2026-06-11 09:00:00,56.93,57.71,56.64,57.32,1804500,DNSE
VNM,1D,2026-06-12 09:00:00,57.42,57.9,57.13,57.13,3489300,DNSE
VNM,1D,2026-06-15 09:00:00,57.42,57.9,57.42,57.81,2021700,DNSE
VNM,1D,2026-06-16 09:00:00,57.9,57.9,57.22,57.22,2029500,DNSE
VNM,1D,2026-06-17 09:00:00,57.22,57.81,57.13,57.13,2838900,DNSE
VNM,1D,2026-06-18 09:00:00,57.61,57.81,57.22,57.32,2482800,DNSE
VNM,1D,2026-06-19 09:00:00,57.32,57.52,57.03,57.13,3349900,DNSE
VNM,1D,2026-06-22 09:00:00,57.61,57.71,56.74,56.74,2997800,DNSE
VNM,1D,2026-06-23 09:00:00,56.84,57.13,56.55,56.55,2295600,DNSE
VNM,1D,2026-06-24 09:00:00,56.74,56.84,56.26,56.45,1532100,DNSE
VNM,1D,2026-06-25 09:00:00,56.64,56.74,56.35,56.45,1803300,DNSE
VNM,1D,2026-06-26 09:00:00,56.8,56.8,55.9,56.3,3173400,DNSE
VNM,1D,2026-06-29 09:00:00,56.5,56.5,56.0,56.1,1470900,DNSE
VNM,1D,2026-06-30 09:00:00,56.1,56.2,54.7,54.8,9320000,DNSE
VNM,1D,2026-07-01 09:00:00,55.0,55.5,54.8,55.2,2357300,DNSE
VNM,1D,2026-07-02 09:00:00,55.3,56.0,55.3,55.5,3669400,DNSE
VNM,1D,2026-07-03 09:00:00,55.5,55.7,54.7,54.9,4133600,DNSE
VNM,1D,2026-07-06 09:00:00,55.0,55.4,54.6,55.3,3211000,DNSE
VNM,1D,2026-07-07 09:00:00,55.2,55.3,54.9,55.1,1611400,DNSE
VNM,1D,2026-07-08 09:00:00,55.0,55.7,55.0,55.7,3705000,DNSE
VNM,1D,2026-07-09 09:00:00,55.6,55.9,55.4,55.7,2469400,DNSE
VNM,1D,2026-07-10 09:00:00,55.9,56.7,55.8,56.6,5573700,DNSE
VNM,1D,2026-07-13 09:00:00,56.6,56.6,55.3,55.4,1951400,DNSE
VNM,1D,2026-07-14 09:00:00,55.5,56.0,55.2,56.0,1755100,DNSE
VNM,1D,2026-07-15 09:00:00,56.0,56.4,55.5,56.2,2491200,DNSE
VNM,1D,2026-07-16 09:00:00,56.1,56.3,55.3,56.2,1991100,DNSE
VNM,1D,2026-07-17 09:00:00,56.3,59.4,56.2,59.0,12982500,DNSE
VNM,1D,2026-07-20 09:00:00,58.8,58.8,57.7,58.5,4583900,DNSE
VNM,1D,2026-07-21 09:00:00,58.1,58.8,58.1,58.4,3543700,DNSE
VNM,1D,2026-07-22 09:00:00,58.7,60.1,58.4,59.1,10506300,DNSE
VNM,1D,2026-07-23 09:00:00,59.1,59.1,56.9,57.8,4827500,DNSE
VNM,1D,2026-07-24 09:00:00,58.5,59.5,58.3,58.9,4176800,DNSE
VNM,1D,2026-07-27 09:00:00,59.2,59.8,57.9,57.9,3671400,DNSE
VNM,1D,2026-07-28 09:00:00,57.7,59.6,57.7,59.6,5256600,DNSE
VNM,1D,2026-07-29 09:00:00,59.9,61.0,59.4,60.0,6199800,DNSE
VNM,1D,2026-07-30 09:00:00,60.3,61.4,59.8,61.2,6944300,DNSE
VNM,1D,2026-07-31 09:00:00,61.2,61.3,60.1,60.9,4479800,DNSE
VNM,1D,2026-08-03 09:00:00,60.9,61.0,60.0,60.3,6377600,DNSE
VNM,1D,2026-08-04 09:00:00,60.4,60.4,59.0,59.5,5531900,DNSE
VNM,1D,2026-08-05 09:00:00,59.4,60.1,58.6,58.6,5288700,DNSE
VNM,1D,2026-08-06 09:00:00,58.7,59.6,58.6,59.0,3231300,DNSE
VNM,1D,2026-08-07 09:00:00,59.0,63.1,59.0,62.0,13239500,DNSE
VNM,1D,2026-08-10 09:00:00,61.6,62.7,61.6,62.1,3480200,DNSE
VNM,1D,2026-08-11 09:00:00,62.5,63.3,61.8,62.0,4475100,DNSE
VNM,1D,2026-08-12 09:00:00,61.9,62.5,61.4,61.8,2755600,DNSE
VNM,1D,2026-08-13 09:00:00,61.8,63.0,61.5,61.6,4257000,DNSE
VNM,1D,2026-08-14 09:00:00,61.6,62.6,61.0,61.6,3663300,DNSE
VNM,1D,2026-08-17 09:00:00,61.7,63.0,61.7,62.2,2965800,DNSE
VNM,1D,2026-08-18 09:00:00,62.2,62.6,61.8,62.1,1844100,DNSE
VNM,1D,2026-08-19 09:00:00,61.9,63.2,61.6,63.1,4664900,DNSE
VNM,1D,2026-08-20 09:00:00,63.1,64.3,62.7,64.0,6309900,DNSE
VNM,1D,2026-08-21 09:00:00,64.1,64.1,63.4,63.8,3581800,DNSE
VNM,1D,2026-08-24 09:00:00,64.0,64.4,63.2,63.2,3332500,DNSE
VNM,1D,2026-08-25 09:00:00,63.1,63.8,62.5,62.6,3343900,DNSE
VNM,1D,2026-08-26 09:00:00,62.7,63.5,62.4,62.8,2402700,DNSE
VNM,1D,2026-08-27 09:00:00,62.7,63.2,62.3,62.5,2651300,DNSE
VNM,1D,2026-08-28 09:00:00,62.9,63.0,62.3,62.3,2385900,DNSE
VNM,1D,2026-09-03 09:00:00,62.2,62.3,61.2,61.2,3947400,DNSE
VNM,1D,2026-09-04 09:00:00,61.4,62.1,61.2,61.9,1906600,DNSE
VNM,1D,2026-09-07 09:00:00,61.9,62.2,60.6,60.7,3004700,DNSE
VNM,1D,2026-09-08 09:00:00,60.7,61.1,60.4,61.0,1874400,DNSE
VNM,1D,2026-09-09 09:00:00,61.0,61.8,61.0,61.3,1620000,DNSE
VNM,1D,2026-09-10 09:00:00,61.3,61.9,61.1,61.6,1890400,DNSE
VNM,1D,2026-09-11 09:00:00,61.2,61.3,59.8,59.9,4047300,DNSE
VNM,1D,2026-09-14 09:00:00,59.7,60.1,58.6,59.3,3853000,DNSE
VNM,1D,2026-09-15 09:00:00,59.5,60.2,59.4,59.7,1835300,DNSE
VNM,1D,2026-09-16 09:00:00,59.8,60.3,59.6,59.6,1737400,DNSE
VNM,1D,2026-09-17 09:00:00,59.4,60.7,59.4,60.2,2437100,DNSE
VNM,1D,2026-09-18 09:00:00,60.4,61.2,60.3,61.2,4517300,DNSE
