symbol,resolution,time,open,high,low,close,volume,source
ACB,15,2026-09-14 09:15:00,22.05,22.1,22.0,22.05,245700,DNSE
ACB,15,2026-09-14 09:30:00,22.05,22.05,22.0,22.05,86700,DNSE
ACB,15,2026-09-14 09:45:00,22.05,22.1,22.0,22.1,170200,DNSE
ACB,15,2026-09-14 10:00:00,22.1,22.1,22.0,22.05,173600,DNSE
ACB,15,2026-09-14 10:15:00,22.0,22.15,22.0,22.1,663800,DNSE
ACB,15,2026-09-14 10:30:00,22.1,22.1,22.05,22.1,27800,DNSE
ACB,15,2026-09-14 10:45:00,22.1,22.1,22.05,22.1,204200,DNSE
ACB,15,2026-09-14 11:00:00,22.1,22.1,22.05,22.1,115600,DNSE
ACB,15,2026-09-14 11:15:00,22.05,22.1,22.05,22.1,49600,DNSE
ACB,15,2026-09-14 13:00:00,22.1,22.1,22.05,22.1,728000,DNSE
ACB,15,2026-09-14 13:15:00,22.05,22.1,22.05,22.05,181900,DNSE
ACB,15,2026-09-14 13:30:00,22.05,22.1,22.0,22.05,601300,DNSE
ACB,15,2026-09-14 13:45:00,22.05,22.1,22.0,22.05,1102900,DNSE
ACB,15,2026-09-14 14:00:00,22.05,22.1,22.0,22.0,327500,DNSE
ACB,15,2026-09-14 14:15:00,22.0,22.1,21.95,22.1,964400,DNSE
ACB,15,2026-09-14 14:45:00,22.05,22.05,22.05,22.05,264300,DNSE
ACB,15,2026-09-15 09:15:00,22.2,22.2,22.0,22.05,703900,DNSE
ACB,15,2026-09-15 09:30:00,22.05,22.1,22.05,22.1,167400,DNSE
ACB,15,2026-09-15 09:45:00,22.1,22.1,22.05,22.1,115700,DNSE
ACB,15,2026-09-15 10:00:00,22.05,22.1,22.0,22.05,1024900,DNSE
ACB,15,2026-09-15 10:15:00,22.05,22.1,22.0,22.05,521100,DNSE
ACB,15,2026-09-15 10:30:00,22.05,22.1,22.0,22.1,187700,DNSE
ACB,15,2026-09-15 10:45:00,22.1,22.1,22.0,22.0,562400,DNSE
ACB,15,2026-09-15 11:00:00,22.0,22.05,22.0,22.05,142800,DNSE
ACB,15,2026-09-15 11:15:00,22.05,22.1,22.0,22.05,97400,DNSE
ACB,15,2026-09-15 13:00:00,22.05,22.1,22.05,22.1,556600,DNSE
ACB,15,2026-09-15 13:15:00,22.1,22.15,22.05,22.1,475700,DNSE
ACB,15,2026-09-15 13:30:00,22.1,22.1,22.05,22.1,96300,DNSE
ACB,15,2026-09-15 13:45:00,22.1,22.15,22.05,22.15,502500,DNSE
ACB,15,2026-09-15 14:00:00,22.15,22.2,22.1,22.2,298000,DNSE
ACB,15,2026-09-15 14:15:00,22.2,22.3,22.1,22.15,859900,DNSE
ACB,15,2026-09-15 14:45:00,22.1,22.1,22.1,22.1,565000,DNSE
ACB,15,2026-09-16 09:15:00,22.1,22.15,22.1,22.1,111100,DNSE
ACB,15,2026-09-16 09:30:00,22.15,22.15,22.1,22.15,86700,DNSE
ACB,15,2026-09-16 09:45:00,22.1,22.15,22.1,22.1,129900,DNSE
ACB,15,2026-09-16 10:00:00,22.1,22.15,22.05,22.1,233600,DNSE
ACB,15,2026-09-16 10:15:00,22.1,22.15,22.05,22.1,337800,DNSE
ACB,15,2026-09-16 10:30:00,22.1,22.15,22.1,22.1,95600,DNSE
ACB,15,2026-09-16 10:45:00,22.1,22.15,22.05,22.05,84900,DNSE
ACB,15,2026-09-16 11:00:00,22.05,22.1,22.05,22.1,59200,DNSE
ACB,15,2026-09-16 11:15:00,22.1,22.1,22.05,22.05,186800,DNSE
ACB,15,2026-09-16 13:00:00,22.05,22.15,22.05,22.15,334700,DNSE
ACB,15,2026-09-16 13:15:00,22.1,22.2,22.1,22.15,372000,DNSE
ACB,15,2026-09-16 13:30:00,22.15,22.25,22.15,22.2,527200,DNSE
ACB,15,2026-09-16 13:45:00,22.2,22.3,22.15,22.25,710000,DNSE
ACB,15,2026-09-16 14:00:00,22.3,22.4,22.2,22.4,779900,DNSE
ACB,15,2026-09-16 14:15:00,22.4,22.4,22.25,22.35,817700,DNSE
ACB,15,2026-09-16 14:45:00,22.6,22.6,22.6,22.6,3150700,DNSE
ACB,15,2026-09-17 09:15:00,22.45,22.55,22.35,22.45,682000,DNSE
ACB,15,2026-09-17 09:30:00,22.45,22.45,22.4,22.4,88600,DNSE
ACB,15,2026-09-17 09:45:00,22.4,22.5,22.4,22.45,154400,DNSE
ACB,15,2026-09-17 10:00:00,22.45,22.5,22.4,22.45,182600,DNSE
ACB,15,2026-09-17 10:15:00,22.45,22.6,22.45,22.55,339500,DNSE
ACB,15,2026-09-17 10:30:00,22.6,22.6,22.5,22.5,278700,DNSE
ACB,15,2026-09-17 10:45:00,22.5,22.55,22.45,22.55,205000,DNSE
ACB,15,2026-09-17 11:00:00,22.55,22.6,22.5,22.55,217300,DNSE
ACB,15,2026-09-17 11:15:00,22.55,22.6,22.5,22.6,140300,DNSE
ACB,15,2026-09-17 13:00:00,22.55,22.6,22.5,22.55,392100,DNSE
ACB,15,2026-09-17 13:15:00,22.55,22.55,22.5,22.5,122900,DNSE
ACB,15,2026-09-17 13:30:00,22.55,22.6,22.45,22.55,830400,DNSE
ACB,15,2026-09-17 13:45:00,22.6,22.6,22.45,22.45,335700,DNSE
ACB,15,2026-09-17 14:00:00,22.5,22.6,22.45,22.6,238100,DNSE
ACB,15,2026-09-17 14:15:00,22.6,22.65,22.5,22.65,1584200,DNSE
ACB,15,2026-09-17 14:45:00,22.8,22.8,22.8,22.8,3447400,DNSE
ACB,15,2026-09-18 09:15:00,22.8,22.85,22.75,22.75,360200,DNSE
ACB,15,2026-09-18 09:30:00,22.75,22.75,22.7,22.75,76100,DNSE
ACB,15,2026-09-18 09:45:00,22.7,22.7,22.65,22.65,199500,DNSE
ACB,15,2026-09-18 10:00:00,22.65,22.7,22.6,22.65,72200,DNSE
ACB,15,2026-09-18 10:15:00,22.65,22.8,22.65,22.7,288400,DNSE
ACB,15,2026-09-18 10:30:00,22.7,22.75,22.65,22.7,137600,DNSE
ACB,15,2026-09-18 10:45:00,22.75,22.8,22.7,22.75,282000,DNSE
ACB,15,2026-09-18 11:00:00,22.8,22.8,22.75,22.8,162900,DNSE
ACB,15,2026-09-18 11:15:00,22.75,22.8,22.75,22.75,124400,DNSE
ACB,15,2026-09-18 13:00:00,22.75,22.8,22.7,22.7,300300,DNSE
ACB,15,2026-09-18 13:15:00,22.7,22.75,22.65,22.65,186600,DNSE
ACB,15,2026-09-18 13:30:00,22.65,22.7,22.65,22.65,196800,DNSE
ACB,15,2026-09-18 13:45:00,22.65,22.7,22.6,22.6,96500,DNSE
ACB,15,2026-09-18 14:00:00,22.65,22.65,22.6,22.6,248800,DNSE
ACB,15,2026-09-18 14:15:00,22.6,22.7,22.6,22.7,361500,DNSE
ACB,15,2026-09-18 14:45:00,21.9,21.9,21.9,21.9,7382100,DNSE
ACB,15,2026-09-21 09:15:00,22.3,22.35,22.15,22.2,1073900,DNSE
ACB,15,2026-09-21 09:30:00,22.25,22.35,22.2,22.3,326200,DNSE
ACB,15,2026-09-21 09:45:00,22.3,22.3,22.15,22.2,432000,DNSE
ACB,15,2026-09-21 10:00:00,22.2,22.25,22.15,22.15,323500,DNSE
ACB,15,2026-09-21 10:15:00,22.2,22.2,22.15,22.15,53600,DNSE
ACB,15,2026-09-21 10:30:00,22.15,22.2,22.15,22.15,83000,DNSE
ACB,15,2026-09-21 10:45:00,22.15,22.2,22.15,22.15,167300,DNSE
ACB,15,2026-09-21 11:00:00,22.15,22.2,22.1,22.15,293900,DNSE
ACB,15,2026-09-21 11:15:00,22.1,22.15,22.1,22.15,105500,DNSE
ACB,15,2026-09-21 13:00:00,22.1,22.15,22.05,22.05,359500,DNSE
ACB,15,2026-09-21 13:15:00,22.05,22.1,22.05,22.05,265900,DNSE
ACB,15,2026-09-21 13:30:00,22.05,22.1,22.05,22.1,383400,DNSE
ACB,15,2026-09-21 13:45:00,22.05,22.1,22.0,22.0,315200,DNSE
ACB,15,2026-09-21 14:00:00,22.0,22.05,21.95,22.0,596800,DNSE
ACB,15,2026-09-21 14:15:00,22.0,22.05,21.9,22.0,1062200,DNSE
ACB,15,2026-09-21 14:45:00,22.4,22.4,22.4,22.4,3370400,DNSE
BID,15,2026-09-14 09:15:00,35.25,35.65,35.2,35.35,310600,DNSE
BID,15,2026-09-14 09:30:00,35.35,35.45,35.35,35.35,132200,DNSE
BID,15,2026-09-14 09:45:00,35.3,35.35,35.25,35.3,246600,DNSE
BID,15,2026-09-14 10:00:00,35.3,35.35,35.2,35.35,226000,DNSE
BID,15,2026-09-14 10:15:00,35.35,35.45,35.25,35.4,304900,DNSE
BID,15,2026-09-14 10:30:00,35.4,35.5,35.4,35.5,114100,DNSE
BID,15,2026-09-14 10:45:00,35.5,35.85,35.5,35.8,342300,DNSE
BID,15,2026-09-14 11:00:00,35.8,35.8,35.65,35.65,182800,DNSE
BID,15,2026-09-14 11:15:00,35.7,35.75,35.65,35.7,81800,DNSE
BID,15,2026-09-14 13:00:00,35.75,35.75,35.65,35.7,129700,DNSE
BID,15,2026-09-14 13:15:00,35.7,35.75,35.65,35.65,143200,DNSE
BID,15,2026-09-14 13:30:00,35.7,35.7,35.5,35.5,236200,DNSE
BID,15,2026-09-14 13:45:00,35.5,35.6,35.45,35.55,356600,DNSE
BID,15,2026-09-14 14:00:00,35.5,35.6,35.45,35.5,316200,DNSE
BID,15,2026-09-14 14:15:00,35.5,35.7,35.45,35.7,351800,DNSE
BID,15,2026-09-14 14:45:00,35.75,35.75,35.75,35.75,128300,DNSE
BID,15,2026-09-15 09:15:00,35.8,36.2,35.8,36.1,229100,DNSE
BID,15,2026-09-15 09:30:00,36.1,36.4,36.0,36.4,317300,DNSE
BID,15,2026-09-15 09:45:00,36.35,36.4,36.3,36.3,292700,DNSE
BID,15,2026-09-15 10:00:00,36.3,36.4,36.3,36.4,241700,DNSE
BID,15,2026-09-15 10:15:00,36.4,36.6,36.35,36.6,437100,DNSE
BID,15,2026-09-15 10:30:00,36.55,36.6,36.45,36.55,263100,DNSE
BID,15,2026-09-15 10:45:00,36.5,36.55,36.45,36.5,78900,DNSE
BID,15,2026-09-15 11:00:00,36.5,36.5,36.45,36.5,51200,DNSE
BID,15,2026-09-15 11:15:00,36.5,36.5,36.45,36.5,74300,DNSE
BID,15,2026-09-15 13:00:00,36.5,36.5,36.35,36.4,168300,DNSE
BID,15,2026-09-15 13:15:00,36.35,36.5,36.35,36.5,235600,DNSE
BID,15,2026-09-15 13:30:00,36.45,36.5,36.45,36.45,112000,DNSE
BID,15,2026-09-15 13:45:00,36.45,36.9,36.45,36.75,1661500,DNSE
BID,15,2026-09-15 14:00:00,36.75,36.85,36.7,36.8,315500,DNSE
BID,15,2026-09-15 14:15:00,36.8,37.0,36.8,36.95,1046600,DNSE
BID,15,2026-09-15 14:45:00,36.8,36.8,36.8,36.8,285100,DNSE
BID,15,2026-09-16 09:15:00,36.95,36.95,36.65,36.75,150800,DNSE
BID,15,2026-09-16 09:30:00,36.75,36.8,36.7,36.75,55900,DNSE
BID,15,2026-09-16 09:45:00,36.75,36.75,36.65,36.7,55600,DNSE
BID,15,2026-09-16 10:00:00,36.7,36.7,36.6,36.65,95600,DNSE
BID,15,2026-09-16 10:15:00,36.6,36.65,36.55,36.6,119500,DNSE
BID,15,2026-09-16 10:30:00,36.6,36.7,36.55,36.7,85500,DNSE
BID,15,2026-09-16 10:45:00,36.7,36.7,36.55,36.65,117300,DNSE
BID,15,2026-09-16 11:00:00,36.65,36.7,36.55,36.65,69200,DNSE
BID,15,2026-09-16 11:15:00,36.65,36.65,36.55,36.6,56900,DNSE
BID,15,2026-09-16 13:00:00,36.6,36.6,36.5,36.55,145500,DNSE
BID,15,2026-09-16 13:15:00,36.55,36.55,36.45,36.45,219700,DNSE
BID,15,2026-09-16 13:30:00,36.5,36.5,36.35,36.4,211700,DNSE
BID,15,2026-09-16 13:45:00,36.35,36.4,36.3,36.4,167400,DNSE
BID,15,2026-09-16 14:00:00,36.35,36.4,36.35,36.4,138000,DNSE
BID,15,2026-09-16 14:15:00,36.4,36.5,36.35,36.45,271200,DNSE
BID,15,2026-09-16 14:45:00,36.35,36.35,36.35,36.35,296500,DNSE
BID,15,2026-09-17 09:15:00,36.2,36.65,36.15,36.5,224200,DNSE
BID,15,2026-09-17 09:30:00,36.5,36.55,36.35,36.4,95300,DNSE
BID,15,2026-09-17 09:45:00,36.35,36.5,36.35,36.5,98800,DNSE
BID,15,2026-09-17 10:00:00,36.5,36.6,36.5,36.55,111800,DNSE
BID,15,2026-09-17 10:15:00,36.55,36.75,36.5,36.7,285300,DNSE
BID,15,2026-09-17 10:30:00,36.7,36.75,36.5,36.65,174100,DNSE
BID,15,2026-09-17 10:45:00,36.65,36.65,36.6,36.65,70900,DNSE
BID,15,2026-09-17 11:00:00,36.65,36.65,36.55,36.65,94300,DNSE
BID,15,2026-09-17 11:15:00,36.65,36.65,36.55,36.65,82600,DNSE
BID,15,2026-09-17 13:00:00,36.65,36.75,36.55,36.7,319000,DNSE
BID,15,2026-09-17 13:15:00,36.7,36.7,36.6,36.65,103800,DNSE
BID,15,2026-09-17 13:30:00,36.65,36.95,36.6,36.85,600300,DNSE
BID,15,2026-09-17 13:45:00,36.85,36.9,36.55,36.55,301900,DNSE
BID,15,2026-09-17 14:00:00,36.55,36.75,36.5,36.6,184800,DNSE
BID,15,2026-09-17 14:15:00,36.6,36.75,36.55,36.7,376800,DNSE
BID,15,2026-09-17 14:45:00,36.7,36.7,36.7,36.7,273100,DNSE
BID,15,2026-09-18 09:15:00,36.85,37.25,36.85,37.05,486500,DNSE
BID,15,2026-09-18 09:30:00,37.05,37.05,36.9,36.95,179500,DNSE
BID,15,2026-09-18 09:45:00,36.95,36.95,36.85,36.95,88400,DNSE
BID,15,2026-09-18 10:00:00,36.95,36.95,36.9,36.95,107700,DNSE
BID,15,2026-09-18 10:15:00,36.9,37.15,36.9,37.15,351800,DNSE
BID,15,2026-09-18 10:30:00,37.15,37.5,37.1,37.5,1112200,DNSE
BID,15,2026-09-18 10:45:00,37.5,37.85,37.45,37.75,1831400,DNSE
BID,15,2026-09-18 11:00:00,37.75,37.75,37.65,37.75,400800,DNSE
BID,15,2026-09-18 11:15:00,37.75,37.75,37.7,37.7,321000,DNSE
BID,15,2026-09-18 13:00:00,37.65,37.7,37.5,37.6,462400,DNSE
BID,15,2026-09-18 13:15:00,37.6,37.65,37.55,37.6,233800,DNSE
BID,15,2026-09-18 13:30:00,37.6,37.65,37.5,37.6,270500,DNSE
BID,15,2026-09-18 13:45:00,37.6,37.6,37.4,37.45,333500,DNSE
BID,15,2026-09-18 14:00:00,37.4,37.45,37.2,37.3,479500,DNSE
BID,15,2026-09-18 14:15:00,37.3,37.3,37.05,37.2,557400,DNSE
BID,15,2026-09-18 14:45:00,35.75,35.75,35.75,35.75,5310200,DNSE
BID,15,2026-09-21 09:15:00,36.5,36.85,36.4,36.55,689600,DNSE
BID,15,2026-09-21 09:30:00,36.6,36.7,36.5,36.7,217900,DNSE
BID,15,2026-09-21 09:45:00,36.7,36.7,36.4,36.45,425600,DNSE
BID,15,2026-09-21 10:00:00,36.45,36.55,36.45,36.5,120000,DNSE
BID,15,2026-09-21 10:15:00,36.55,36.55,36.45,36.45,90800,DNSE
BID,15,2026-09-21 10:30:00,36.45,36.55,36.45,36.5,79600,DNSE
BID,15,2026-09-21 10:45:00,36.45,36.6,36.45,36.55,110000,DNSE
BID,15,2026-09-21 11:00:00,36.55,36.55,36.45,36.45,167800,DNSE
BID,15,2026-09-21 11:15:00,36.45,36.5,36.4,36.45,141600,DNSE
BID,15,2026-09-21 13:00:00,36.45,36.5,36.3,36.4,397100,DNSE
BID,15,2026-09-21 13:15:00,36.4,36.4,36.3,36.35,301200,DNSE
BID,15,2026-09-21 13:30:00,36.35,36.4,36.3,36.4,197800,DNSE
BID,15,2026-09-21 13:45:00,36.4,36.4,36.25,36.25,154900,DNSE
BID,15,2026-09-21 14:00:00,36.25,36.3,36.15,36.25,240300,DNSE
BID,15,2026-09-21 14:15:00,36.25,36.3,36.15,36.15,520300,DNSE
BID,15,2026-09-21 14:45:00,36.2,36.2,36.2,36.2,135200,DNSE
CMG,15,2026-09-14 09:15:00,23.35,23.35,23.35,23.35,2300,DNSE
CMG,15,2026-09-14 09:30:00,23.35,23.35,23.25,23.3,2300,DNSE
CMG,15,2026-09-14 09:45:00,23.3,23.35,23.3,23.35,1800,DNSE
CMG,15,2026-09-14 10:00:00,23.35,23.4,23.35,23.35,11700,DNSE
CMG,15,2026-09-14 10:15:00,23.35,23.35,23.2,23.35,5700,DNSE
CMG,15,2026-09-14 10:30:00,23.35,23.35,23.35,23.35,800,DNSE
CMG,15,2026-09-14 10:45:00,23.4,23.4,23.3,23.4,1700,DNSE
CMG,15,2026-09-14 11:15:00,23.35,23.35,23.35,23.35,4000,DNSE
CMG,15,2026-09-14 13:00:00,23.35,23.4,23.35,23.4,3100,DNSE
CMG,15,2026-09-14 13:15:00,23.35,23.35,23.35,23.35,6300,DNSE
CMG,15,2026-09-14 13:30:00,23.35,23.35,23.15,23.25,46200,DNSE
CMG,15,2026-09-14 13:45:00,23.15,23.25,23.0,23.25,15500,DNSE
CMG,15,2026-09-14 14:00:00,23.25,23.25,23.05,23.05,7100,DNSE
CMG,15,2026-09-14 14:15:00,23.05,23.05,23.0,23.05,6100,DNSE
CMG,15,2026-09-14 14:45:00,22.5,22.5,22.5,22.5,37400,DNSE
CMG,15,2026-09-15 09:15:00,22.55,23.65,22.55,23.1,18600,DNSE
CMG,15,2026-09-15 09:30:00,23.1,23.1,22.9,23.0,6100,DNSE
CMG,15,2026-09-15 09:45:00,23.0,23.1,22.7,22.8,17800,DNSE
CMG,15,2026-09-15 10:00:00,22.8,23.1,22.75,23.1,18700,DNSE
CMG,15,2026-09-15 10:15:00,22.8,22.8,22.8,22.8,200,DNSE
CMG,15,2026-09-15 10:30:00,23.0,23.05,23.0,23.05,2000,DNSE
CMG,15,2026-09-15 10:45:00,23.05,23.05,23.0,23.0,600,DNSE
CMG,15,2026-09-15 11:00:00,23.0,23.1,23.0,23.1,9400,DNSE
CMG,15,2026-09-15 13:00:00,22.9,23.1,22.9,23.0,1400,DNSE
CMG,15,2026-09-15 13:15:00,22.95,23.0,22.95,23.0,1700,DNSE
CMG,15,2026-09-15 13:30:00,22.95,23.0,22.95,22.95,1300,DNSE
CMG,15,2026-09-15 13:45:00,23.0,23.0,23.0,23.0,2400,DNSE
CMG,15,2026-09-15 14:00:00,23.0,23.0,22.9,22.9,4700,DNSE
CMG,15,2026-09-15 14:15:00,23.0,23.05,22.9,23.0,15800,DNSE
CMG,15,2026-09-15 14:45:00,22.8,22.8,22.8,22.8,23700,DNSE
CMG,15,2026-09-16 09:15:00,22.8,22.9,22.8,22.9,3400,DNSE
CMG,15,2026-09-16 09:30:00,22.9,22.95,22.9,22.95,5600,DNSE
CMG,15,2026-09-16 09:45:00,23.0,23.1,22.95,23.1,1700,DNSE
CMG,15,2026-09-16 10:00:00,22.95,23.0,22.9,22.9,5300,DNSE
CMG,15,2026-09-16 10:15:00,22.9,22.95,22.9,22.9,5700,DNSE
CMG,15,2026-09-16 10:30:00,22.9,22.9,22.85,22.85,3000,DNSE
CMG,15,2026-09-16 10:45:00,22.85,22.9,22.85,22.9,1100,DNSE
CMG,15,2026-09-16 11:00:00,22.85,22.9,22.8,22.9,5800,DNSE
CMG,15,2026-09-16 11:15:00,22.85,22.85,22.85,22.85,200,DNSE
CMG,15,2026-09-16 13:00:00,22.85,22.85,22.85,22.85,6200,DNSE
CMG,15,2026-09-16 13:15:00,22.85,22.95,22.85,22.95,3900,DNSE
CMG,15,2026-09-16 13:30:00,22.85,22.9,22.8,22.9,12200,DNSE
CMG,15,2026-09-16 13:45:00,22.9,22.9,22.8,22.85,6200,DNSE
CMG,15,2026-09-16 14:00:00,22.9,22.9,22.9,22.9,5600,DNSE
CMG,15,2026-09-16 14:15:00,22.9,22.95,22.9,22.95,2600,DNSE
CMG,15,2026-09-16 14:45:00,22.8,22.8,22.8,22.8,3500,DNSE
CMG,15,2026-09-17 09:15:00,22.85,23.0,22.85,22.95,7300,DNSE
CMG,15,2026-09-17 09:30:00,22.95,23.0,22.95,23.0,1500,DNSE
CMG,15,2026-09-17 09:45:00,23.0,23.05,23.0,23.05,2500,DNSE
CMG,15,2026-09-17 10:00:00,23.0,23.05,22.95,23.05,4400,DNSE
CMG,15,2026-09-17 10:15:00,23.0,23.2,23.0,23.2,4000,DNSE
CMG,15,2026-09-17 10:30:00,23.1,23.2,23.05,23.05,2600,DNSE
CMG,15,2026-09-17 10:45:00,23.05,23.15,23.05,23.1,3300,DNSE
CMG,15,2026-09-17 11:00:00,23.1,23.1,23.05,23.05,4300,DNSE
CMG,15,2026-09-17 13:00:00,23.05,23.1,23.05,23.1,3600,DNSE
CMG,15,2026-09-17 13:15:00,23.1,23.2,23.1,23.2,3600,DNSE
CMG,15,2026-09-17 13:30:00,23.1,23.1,23.1,23.1,800,DNSE
CMG,15,2026-09-17 13:45:00,23.05,23.05,23.0,23.0,9400,DNSE
CMG,15,2026-09-17 14:00:00,23.1,23.1,23.1,23.1,5600,DNSE
CMG,15,2026-09-17 14:15:00,23.0,23.1,23.0,23.1,7700,DNSE
CMG,15,2026-09-17 14:45:00,23.0,23.0,23.0,23.0,14600,DNSE
CMG,15,2026-09-18 09:15:00,23.15,23.55,23.15,23.25,13500,DNSE
CMG,15,2026-09-18 09:30:00,23.3,23.3,23.2,23.2,2400,DNSE
CMG,15,2026-09-18 09:45:00,23.2,23.2,23.0,23.05,17900,DNSE
CMG,15,2026-09-18 10:00:00,23.2,23.2,23.1,23.1,9600,DNSE
CMG,15,2026-09-18 10:15:00,23.1,23.1,23.1,23.1,1000,DNSE
CMG,15,2026-09-18 10:30:00,23.15,23.15,23.1,23.1,1300,DNSE
CMG,15,2026-09-18 10:45:00,23.1,23.2,23.1,23.2,5400,DNSE
CMG,15,2026-09-18 11:00:00,23.2,23.2,23.2,23.2,12300,DNSE
CMG,15,2026-09-18 11:15:00,23.2,23.2,23.2,23.2,6000,DNSE
CMG,15,2026-09-18 13:00:00,23.2,23.25,23.2,23.25,6300,DNSE
CMG,15,2026-09-18 13:15:00,23.25,23.25,23.2,23.25,2300,DNSE
CMG,15,2026-09-18 13:30:00,23.2,23.2,23.2,23.2,1500,DNSE
CMG,15,2026-09-18 13:45:00,23.2,23.2,23.15,23.2,1700,DNSE
CMG,15,2026-09-18 14:00:00,23.25,23.25,23.2,23.2,1600,DNSE
CMG,15,2026-09-18 14:15:00,23.15,23.15,23.1,23.1,5700,DNSE
CMG,15,2026-09-18 14:45:00,23.1,23.1,23.1,23.1,2000,DNSE
CMG,15,2026-09-21 09:15:00,23.0,23.15,23.0,23.15,9400,DNSE
CMG,15,2026-09-21 09:30:00,23.15,23.15,23.1,23.1,6300,DNSE
CMG,15,2026-09-21 09:45:00,23.1,23.1,23.1,23.1,6800,DNSE
CMG,15,2026-09-21 10:00:00,23.1,23.1,23.1,23.1,2000,DNSE
CMG,15,2026-09-21 10:15:00,23.1,23.1,23.0,23.0,10900,DNSE
CMG,15,2026-09-21 10:30:00,23.05,23.1,23.05,23.1,500,DNSE
CMG,15,2026-09-21 10:45:00,23.0,23.0,23.0,23.0,2400,DNSE
CMG,15,2026-09-21 11:00:00,23.0,23.0,23.0,23.0,2700,DNSE
CMG,15,2026-09-21 11:15:00,23.0,23.0,22.9,22.9,7700,DNSE
CMG,15,2026-09-21 13:00:00,22.9,22.95,22.8,22.8,11500,DNSE
CMG,15,2026-09-21 13:15:00,22.8,22.85,22.65,22.7,14900,DNSE
CMG,15,2026-09-21 13:30:00,22.8,22.8,22.7,22.8,5700,DNSE
CMG,15,2026-09-21 13:45:00,22.8,22.8,22.65,22.65,10000,DNSE
CMG,15,2026-09-21 14:00:00,22.7,22.7,22.65,22.65,3600,DNSE
CMG,15,2026-09-21 14:15:00,22.65,22.7,22.5,22.7,46700,DNSE
CMG,15,2026-09-21 14:45:00,22.7,22.7,22.7,22.7,1000,DNSE
CTG,15,2026-09-14 09:15:00,30.0,30.0,29.85,29.95,620800,DNSE
CTG,15,2026-09-14 09:30:00,29.95,30.0,29.95,30.0,55900,DNSE
CTG,15,2026-09-14 09:45:00,30.0,30.0,29.9,29.9,153700,DNSE
CTG,15,2026-09-14 10:00:00,29.9,29.95,29.9,29.95,71000,DNSE
CTG,15,2026-09-14 10:15:00,29.9,29.95,29.85,29.95,352900,DNSE
CTG,15,2026-09-14 10:30:00,29.95,29.95,29.9,29.95,101800,DNSE
CTG,15,2026-09-14 10:45:00,29.9,30.25,29.9,30.15,976000,DNSE
CTG,15,2026-09-14 11:00:00,30.1,30.2,30.05,30.1,253800,DNSE
CTG,15,2026-09-14 11:15:00,30.1,30.15,29.95,30.0,340300,DNSE
CTG,15,2026-09-14 13:00:00,30.0,30.1,29.95,30.0,350200,DNSE
CTG,15,2026-09-14 13:15:00,30.0,30.05,29.95,29.95,853600,DNSE
CTG,15,2026-09-14 13:30:00,29.95,30.0,29.9,29.9,868600,DNSE
CTG,15,2026-09-14 13:45:00,29.85,29.9,29.8,29.8,1015200,DNSE
CTG,15,2026-09-14 14:00:00,29.8,29.9,29.75,29.8,763200,DNSE
CTG,15,2026-09-14 14:15:00,29.75,30.0,29.7,30.0,1573000,DNSE
CTG,15,2026-09-14 14:45:00,29.85,29.85,29.85,29.85,229100,DNSE
CTG,15,2026-09-15 09:15:00,30.0,30.45,30.0,30.25,866900,DNSE
CTG,15,2026-09-15 09:30:00,30.2,30.5,30.2,30.35,706500,DNSE
CTG,15,2026-09-15 09:45:00,30.4,30.4,30.2,30.3,368500,DNSE
CTG,15,2026-09-15 10:00:00,30.25,30.6,30.25,30.55,611800,DNSE
CTG,15,2026-09-15 10:15:00,30.6,30.6,30.55,30.6,380700,DNSE
CTG,15,2026-09-15 10:30:00,30.55,30.6,30.45,30.55,621100,DNSE
CTG,15,2026-09-15 10:45:00,30.55,30.55,30.5,30.5,98900,DNSE
CTG,15,2026-09-15 11:00:00,30.5,30.55,30.5,30.55,218500,DNSE
CTG,15,2026-09-15 11:15:00,30.5,30.55,30.5,30.5,140500,DNSE
CTG,15,2026-09-15 13:00:00,30.55,30.55,30.5,30.5,453900,DNSE
CTG,15,2026-09-15 13:15:00,30.5,30.55,30.45,30.5,394600,DNSE
CTG,15,2026-09-15 13:30:00,30.5,30.55,30.45,30.5,479600,DNSE
CTG,15,2026-09-15 13:45:00,30.55,30.6,30.5,30.5,899900,DNSE
CTG,15,2026-09-15 14:00:00,30.5,30.6,30.5,30.55,396800,DNSE
CTG,15,2026-09-15 14:15:00,30.55,30.65,30.55,30.55,895800,DNSE
CTG,15,2026-09-15 14:45:00,30.55,30.55,30.55,30.55,170000,DNSE
CTG,15,2026-09-16 09:15:00,30.65,30.65,30.5,30.5,272100,DNSE
CTG,15,2026-09-16 09:30:00,30.55,30.6,30.5,30.5,30700,DNSE
CTG,15,2026-09-16 09:45:00,30.5,30.6,30.5,30.5,172300,DNSE
CTG,15,2026-09-16 10:00:00,30.5,30.55,30.3,30.35,276300,DNSE
CTG,15,2026-09-16 10:15:00,30.35,30.45,30.3,30.35,165800,DNSE
CTG,15,2026-09-16 10:30:00,30.35,30.4,30.3,30.3,76200,DNSE
CTG,15,2026-09-16 10:45:00,30.4,30.4,30.3,30.3,150700,DNSE
CTG,15,2026-09-16 11:00:00,30.35,30.35,30.3,30.3,53500,DNSE
CTG,15,2026-09-16 11:15:00,30.35,30.35,30.25,30.25,71700,DNSE
CTG,15,2026-09-16 13:00:00,30.25,30.3,30.2,30.3,173300,DNSE
CTG,15,2026-09-16 13:15:00,30.3,30.3,30.25,30.3,149500,DNSE
CTG,15,2026-09-16 13:30:00,30.3,30.4,30.25,30.3,331000,DNSE
CTG,15,2026-09-16 13:45:00,30.3,30.3,30.2,30.2,189400,DNSE
CTG,15,2026-09-16 14:00:00,30.25,30.3,30.2,30.25,352200,DNSE
CTG,15,2026-09-16 14:15:00,30.25,30.35,30.2,30.35,232600,DNSE
CTG,15,2026-09-16 14:45:00,30.85,30.85,30.85,30.85,1648700,DNSE
CTG,15,2026-09-17 09:15:00,30.4,30.6,30.35,30.55,240100,DNSE
CTG,15,2026-09-17 09:30:00,30.6,30.65,30.45,30.5,351300,DNSE
CTG,15,2026-09-17 09:45:00,30.5,30.65,30.5,30.6,179600,DNSE
CTG,15,2026-09-17 10:00:00,30.6,30.7,30.55,30.7,175500,DNSE
CTG,15,2026-09-17 10:15:00,30.7,30.9,30.7,30.8,446000,DNSE
CTG,15,2026-09-17 10:30:00,30.8,30.95,30.8,30.9,725200,DNSE
CTG,15,2026-09-17 10:45:00,30.9,30.95,30.85,30.95,351500,DNSE
CTG,15,2026-09-17 11:00:00,30.9,30.95,30.85,30.95,338500,DNSE
CTG,15,2026-09-17 11:15:00,30.95,30.95,30.9,30.9,317900,DNSE
CTG,15,2026-09-17 13:00:00,30.9,31.1,30.85,31.0,1042900,DNSE
CTG,15,2026-09-17 13:15:00,31.0,31.05,30.95,31.0,543700,DNSE
CTG,15,2026-09-17 13:30:00,31.0,31.2,30.95,31.2,1007000,DNSE
CTG,15,2026-09-17 13:45:00,31.15,31.2,31.0,31.05,1047700,DNSE
CTG,15,2026-09-17 14:00:00,31.05,31.15,30.95,31.15,571200,DNSE
CTG,15,2026-09-17 14:15:00,31.15,31.25,31.0,31.15,1611600,DNSE
CTG,15,2026-09-17 14:45:00,31.4,31.4,31.4,31.4,2301500,DNSE
CTG,15,2026-09-18 09:15:00,31.4,31.55,31.4,31.5,545500,DNSE
CTG,15,2026-09-18 09:30:00,31.5,31.5,31.4,31.4,153200,DNSE
CTG,15,2026-09-18 09:45:00,31.4,31.4,31.3,31.35,179400,DNSE
CTG,15,2026-09-18 10:00:00,31.35,31.45,31.3,31.4,150600,DNSE
CTG,15,2026-09-18 10:15:00,31.35,31.45,31.35,31.4,336600,DNSE
CTG,15,2026-09-18 10:30:00,31.4,31.5,31.4,31.45,309300,DNSE
CTG,15,2026-09-18 10:45:00,31.45,31.7,31.4,31.6,886100,DNSE
CTG,15,2026-09-18 11:00:00,31.6,31.6,31.5,31.55,363200,DNSE
CTG,15,2026-09-18 11:15:00,31.55,31.6,31.5,31.55,360100,DNSE
CTG,15,2026-09-18 13:00:00,31.5,31.55,31.45,31.45,571600,DNSE
CTG,15,2026-09-18 13:15:00,31.4,31.5,31.4,31.4,390000,DNSE
CTG,15,2026-09-18 13:30:00,31.4,31.45,31.35,31.35,440400,DNSE
CTG,15,2026-09-18 13:45:00,31.35,31.4,31.3,31.35,433000,DNSE
CTG,15,2026-09-18 14:00:00,31.35,31.35,31.2,31.2,538500,DNSE
CTG,15,2026-09-18 14:15:00,31.2,31.45,31.1,31.4,1195200,DNSE
CTG,15,2026-09-18 14:45:00,30.25,30.25,30.25,30.25,7317300,DNSE
CTG,15,2026-09-21 09:15:00,30.75,30.9,30.65,30.7,1060900,DNSE
CTG,15,2026-09-21 09:30:00,30.7,30.85,30.7,30.8,393000,DNSE
CTG,15,2026-09-21 09:45:00,30.8,30.85,30.7,30.75,218000,DNSE
CTG,15,2026-09-21 10:00:00,30.75,30.8,30.7,30.7,126900,DNSE
CTG,15,2026-09-21 10:15:00,30.7,30.7,30.6,30.7,241800,DNSE
CTG,15,2026-09-21 10:30:00,30.65,30.7,30.55,30.6,156700,DNSE
CTG,15,2026-09-21 10:45:00,30.65,30.7,30.6,30.6,56800,DNSE
CTG,15,2026-09-21 11:00:00,30.65,30.65,30.5,30.55,228500,DNSE
CTG,15,2026-09-21 11:15:00,30.5,30.55,30.45,30.5,296500,DNSE
CTG,15,2026-09-21 13:00:00,30.55,30.55,30.45,30.45,323600,DNSE
CTG,15,2026-09-21 13:15:00,30.45,30.5,30.4,30.4,279500,DNSE
CTG,15,2026-09-21 13:30:00,30.4,30.45,30.4,30.45,256700,DNSE
CTG,15,2026-09-21 13:45:00,30.45,30.45,30.35,30.35,201500,DNSE
CTG,15,2026-09-21 14:00:00,30.35,30.5,30.3,30.45,700000,DNSE
CTG,15,2026-09-21 14:15:00,30.45,30.65,30.4,30.55,780800,DNSE
CTG,15,2026-09-21 14:45:00,31.0,31.0,31.0,31.0,2610700,DNSE
FPT,15,2026-09-14 09:15:00,66.18,66.91,66.09,66.36,293500,DNSE
FPT,15,2026-09-14 09:30:00,66.27,66.45,66.0,66.09,251300,DNSE
FPT,15,2026-09-14 09:45:00,66.0,66.73,66.0,66.64,303100,DNSE
FPT,15,2026-09-14 10:00:00,66.64,66.64,66.27,66.36,186700,DNSE
FPT,15,2026-09-14 10:15:00,66.27,66.36,66.18,66.27,165200,DNSE
FPT,15,2026-09-14 10:30:00,66.27,66.36,66.18,66.27,118800,DNSE
FPT,15,2026-09-14 10:45:00,66.27,66.36,66.27,66.27,49300,DNSE
FPT,15,2026-09-14 11:00:00,66.36,66.36,66.18,66.27,124800,DNSE
FPT,15,2026-09-14 11:15:00,66.18,66.27,66.18,66.18,97700,DNSE
FPT,15,2026-09-14 13:00:00,66.18,66.27,66.0,66.0,406200,DNSE
FPT,15,2026-09-14 13:15:00,66.0,66.09,65.82,65.91,323500,DNSE
FPT,15,2026-09-14 13:30:00,65.91,66.0,65.55,65.73,689500,DNSE
FPT,15,2026-09-14 13:45:00,65.73,65.82,65.45,65.64,941300,DNSE
FPT,15,2026-09-14 14:00:00,65.64,65.91,65.55,65.64,361100,DNSE
FPT,15,2026-09-14 14:15:00,65.64,65.82,65.64,65.64,393600,DNSE
FPT,15,2026-09-14 14:45:00,65.82,65.82,65.82,65.82,154700,DNSE
FPT,15,2026-09-15 09:15:00,66.09,66.45,66.0,66.45,230800,DNSE
FPT,15,2026-09-15 09:30:00,66.45,66.64,66.18,66.55,270600,DNSE
FPT,15,2026-09-15 09:45:00,66.55,66.64,66.45,66.45,226700,DNSE
FPT,15,2026-09-15 10:00:00,66.45,66.64,66.36,66.64,217600,DNSE
FPT,15,2026-09-15 10:15:00,66.64,66.73,66.45,66.55,266400,DNSE
FPT,15,2026-09-15 10:30:00,66.55,66.55,66.36,66.36,116400,DNSE
FPT,15,2026-09-15 10:45:00,66.45,66.55,66.27,66.36,208600,DNSE
FPT,15,2026-09-15 11:00:00,66.36,66.36,66.27,66.36,30400,DNSE
FPT,15,2026-09-15 11:15:00,66.36,66.36,66.27,66.27,107200,DNSE
FPT,15,2026-09-15 13:00:00,66.27,66.36,66.18,66.27,214200,DNSE
FPT,15,2026-09-15 13:15:00,66.36,66.36,66.18,66.18,281300,DNSE
FPT,15,2026-09-15 13:30:00,66.18,66.27,66.09,66.09,324500,DNSE
FPT,15,2026-09-15 13:45:00,66.09,66.18,66.0,66.09,351800,DNSE
FPT,15,2026-09-15 14:00:00,66.09,66.18,66.0,66.09,469600,DNSE
FPT,15,2026-09-15 14:15:00,66.18,66.18,65.91,66.0,477500,DNSE
FPT,15,2026-09-15 14:45:00,66.09,66.09,66.09,66.09,183900,DNSE
FPT,15,2026-09-16 09:15:00,66.18,66.45,66.09,66.18,138900,DNSE
FPT,15,2026-09-16 09:30:00,66.18,66.18,66.0,66.0,286200,DNSE
FPT,15,2026-09-16 09:45:00,66.09,66.18,65.73,65.73,228500,DNSE
FPT,15,2026-09-16 10:00:00,65.73,65.82,65.27,65.45,478500,DNSE
FPT,15,2026-09-16 10:15:00,65.45,65.55,65.27,65.45,490300,DNSE
FPT,15,2026-09-16 10:30:00,65.36,65.45,65.18,65.27,489800,DNSE
FPT,15,2026-09-16 10:45:00,65.27,65.36,65.18,65.27,377500,DNSE
FPT,15,2026-09-16 11:00:00,65.27,65.27,65.09,65.18,331200,DNSE
FPT,15,2026-09-16 11:15:00,65.18,65.18,65.09,65.18,215700,DNSE
FPT,15,2026-09-16 13:00:00,65.18,65.27,65.0,65.27,474900,DNSE
FPT,15,2026-09-16 13:15:00,65.27,65.45,65.18,65.45,196600,DNSE
FPT,15,2026-09-16 13:30:00,65.45,65.73,65.27,65.64,268400,DNSE
FPT,15,2026-09-16 13:45:00,65.64,65.73,65.45,65.73,264300,DNSE
FPT,15,2026-09-16 14:00:00,65.73,66.09,65.55,66.09,454700,DNSE
FPT,15,2026-09-16 14:15:00,66.09,66.36,66.0,66.27,912000,DNSE
FPT,15,2026-09-16 14:45:00,67.09,67.09,67.09,67.09,2140600,DNSE
FPT,15,2026-09-17 09:15:00,66.64,66.73,66.0,66.55,293000,DNSE
FPT,15,2026-09-17 09:30:00,66.64,66.64,66.45,66.45,115300,DNSE
FPT,15,2026-09-17 09:45:00,66.45,66.73,66.36,66.45,221800,DNSE
FPT,15,2026-09-17 10:00:00,66.45,66.73,66.36,66.64,208600,DNSE
FPT,15,2026-09-17 10:15:00,66.55,67.0,66.55,66.91,318300,DNSE
FPT,15,2026-09-17 10:30:00,66.91,67.09,66.82,66.82,238500,DNSE
FPT,15,2026-09-17 10:45:00,66.82,66.91,66.73,66.73,176000,DNSE
FPT,15,2026-09-17 11:00:00,66.73,66.82,66.64,66.64,126000,DNSE
FPT,15,2026-09-17 11:15:00,66.73,66.91,66.64,66.91,158300,DNSE
FPT,15,2026-09-17 13:00:00,66.82,66.91,66.64,66.64,282500,DNSE
FPT,15,2026-09-17 13:15:00,66.73,66.73,66.55,66.55,239400,DNSE
FPT,15,2026-09-17 13:30:00,66.64,67.09,66.55,66.91,459700,DNSE
FPT,15,2026-09-17 13:45:00,66.91,67.0,66.64,66.64,285900,DNSE
FPT,15,2026-09-17 14:00:00,66.73,66.82,66.55,66.82,356500,DNSE
FPT,15,2026-09-17 14:15:00,66.82,67.27,66.73,67.27,1259900,DNSE
FPT,15,2026-09-17 14:45:00,67.55,67.55,67.55,67.55,1887000,DNSE
FPT,15,2026-09-18 09:15:00,67.73,67.91,67.0,67.36,553000,DNSE
FPT,15,2026-09-18 09:30:00,67.45,67.45,67.18,67.27,217000,DNSE
FPT,15,2026-09-18 09:45:00,67.27,67.45,67.27,67.36,173700,DNSE
FPT,15,2026-09-18 10:00:00,67.36,67.64,67.36,67.64,327500,DNSE
FPT,15,2026-09-18 10:15:00,67.64,67.73,67.55,67.64,344500,DNSE
FPT,15,2026-09-18 10:30:00,67.64,67.82,67.55,67.73,439400,DNSE
FPT,15,2026-09-18 10:45:00,67.73,68.0,67.73,67.91,736000,DNSE
FPT,15,2026-09-18 11:00:00,67.91,67.91,67.73,67.82,297200,DNSE
FPT,15,2026-09-18 11:15:00,67.82,67.91,67.73,67.73,232100,DNSE
FPT,15,2026-09-18 13:00:00,67.73,67.82,67.64,67.64,554200,DNSE
FPT,15,2026-09-18 13:15:00,67.64,67.73,67.45,67.45,583100,DNSE
FPT,15,2026-09-18 13:30:00,67.45,67.55,67.36,67.45,400500,DNSE
FPT,15,2026-09-18 13:45:00,67.45,67.55,67.36,67.36,612400,DNSE
FPT,15,2026-09-18 14:00:00,67.45,67.55,67.36,67.36,618000,DNSE
FPT,15,2026-09-18 14:15:00,67.36,67.45,67.09,67.18,892000,DNSE
FPT,15,2026-09-18 14:45:00,65.18,65.18,65.18,65.18,8520100,DNSE
FPT,15,2026-09-21 09:15:00,66.5,66.8,66.1,66.3,1001200,DNSE
FPT,15,2026-09-21 09:30:00,66.3,66.5,66.2,66.3,302500,DNSE
FPT,15,2026-09-21 09:45:00,66.3,66.4,66.0,66.3,472000,DNSE
FPT,15,2026-09-21 10:00:00,66.3,66.4,66.2,66.3,223600,DNSE
FPT,15,2026-09-21 10:15:00,66.2,66.3,66.2,66.3,246200,DNSE
FPT,15,2026-09-21 10:30:00,66.2,66.3,66.2,66.3,121700,DNSE
FPT,15,2026-09-21 10:45:00,66.3,66.3,66.1,66.2,342900,DNSE
FPT,15,2026-09-21 11:00:00,66.2,66.3,66.0,66.1,272800,DNSE
FPT,15,2026-09-21 11:15:00,66.0,66.3,66.0,66.3,169400,DNSE
FPT,15,2026-09-21 13:00:00,66.2,66.3,65.9,65.9,670500,DNSE
FPT,15,2026-09-21 13:15:00,66.0,66.0,65.7,65.8,365400,DNSE
FPT,15,2026-09-21 13:30:00,65.8,66.0,65.5,65.6,468100,DNSE
FPT,15,2026-09-21 13:45:00,65.6,65.8,65.2,65.3,790700,DNSE
FPT,15,2026-09-21 14:00:00,65.2,65.6,65.2,65.4,533400,DNSE
FPT,15,2026-09-21 14:15:00,65.5,65.5,65.0,65.5,953200,DNSE
FPT,15,2026-09-21 14:45:00,66.4,66.4,66.4,66.4,1468000,DNSE
FRT,15,2026-09-14 09:15:00,137.0,137.3,137.0,137.0,7800,DNSE
FRT,15,2026-09-14 09:30:00,137.1,137.8,137.1,137.5,7000,DNSE
FRT,15,2026-09-14 09:45:00,137.1,137.1,136.3,136.3,8800,DNSE
FRT,15,2026-09-14 10:00:00,136.4,136.4,134.9,135.0,16400,DNSE
FRT,15,2026-09-14 10:15:00,135.2,135.6,135.1,135.6,12400,DNSE
FRT,15,2026-09-14 10:30:00,135.4,135.6,135.4,135.6,1700,DNSE
FRT,15,2026-09-14 10:45:00,135.6,136.5,135.6,136.3,12200,DNSE
FRT,15,2026-09-14 11:00:00,136.3,136.3,135.6,135.7,3700,DNSE
FRT,15,2026-09-14 11:15:00,135.7,135.8,135.7,135.8,5700,DNSE
FRT,15,2026-09-14 13:00:00,135.7,135.7,132.2,132.6,48900,DNSE
FRT,15,2026-09-14 13:15:00,133.0,133.0,132.1,132.7,43400,DNSE
FRT,15,2026-09-14 13:30:00,132.6,132.7,127.5,129.7,243600,DNSE
FRT,15,2026-09-14 13:45:00,129.7,135.8,129.0,131.1,99200,DNSE
FRT,15,2026-09-14 14:00:00,132.0,132.0,129.0,129.2,54100,DNSE
FRT,15,2026-09-14 14:15:00,129.2,138.5,129.2,136.0,167400,DNSE
FRT,15,2026-09-14 14:45:00,133.0,133.0,133.0,133.0,99400,DNSE
FRT,15,2026-09-15 09:15:00,131.6,136.0,131.6,135.5,5900,DNSE
FRT,15,2026-09-15 09:30:00,135.5,136.0,135.5,136.0,7200,DNSE
FRT,15,2026-09-15 09:45:00,135.8,135.8,135.0,135.4,1500,DNSE
FRT,15,2026-09-15 10:00:00,135.0,135.0,134.1,134.4,6200,DNSE
FRT,15,2026-09-15 10:15:00,134.7,134.8,134.4,134.4,6900,DNSE
FRT,15,2026-09-15 10:30:00,134.4,134.4,134.0,134.0,8800,DNSE
FRT,15,2026-09-15 10:45:00,134.0,134.0,133.0,133.0,6000,DNSE
FRT,15,2026-09-15 11:00:00,133.4,133.4,133.4,133.4,1100,DNSE
FRT,15,2026-09-15 11:15:00,133.2,134.0,133.2,134.0,3800,DNSE
FRT,15,2026-09-15 13:00:00,134.0,134.2,133.1,134.2,8600,DNSE
FRT,15,2026-09-15 13:15:00,134.2,135.6,134.2,134.9,17500,DNSE
FRT,15,2026-09-15 13:30:00,135.1,135.2,134.6,134.6,5600,DNSE
FRT,15,2026-09-15 13:45:00,134.5,134.6,134.2,134.5,24800,DNSE
FRT,15,2026-09-15 14:00:00,134.8,134.9,134.8,134.9,5000,DNSE
FRT,15,2026-09-15 14:15:00,134.9,135.0,134.4,134.6,8500,DNSE
FRT,15,2026-09-15 14:45:00,129.0,129.0,129.0,129.0,168300,DNSE
FRT,15,2026-09-16 09:15:00,129.5,133.3,129.5,132.9,29400,DNSE
FRT,15,2026-09-16 09:30:00,132.8,132.9,132.2,132.8,17700,DNSE
FRT,15,2026-09-16 09:45:00,132.7,132.7,132.3,132.6,5900,DNSE
FRT,15,2026-09-16 10:00:00,132.5,132.5,131.6,131.9,11600,DNSE
FRT,15,2026-09-16 10:15:00,132.1,132.2,131.2,132.0,4500,DNSE
FRT,15,2026-09-16 10:30:00,132.0,132.0,131.0,132.0,9000,DNSE
FRT,15,2026-09-16 10:45:00,132.0,133.0,131.8,132.9,10200,DNSE
FRT,15,2026-09-16 11:00:00,132.9,133.3,132.7,132.7,11500,DNSE
FRT,15,2026-09-16 11:15:00,132.7,133.0,132.7,132.8,4800,DNSE
FRT,15,2026-09-16 13:00:00,132.7,132.7,130.4,130.4,35300,DNSE
FRT,15,2026-09-16 13:15:00,130.4,131.5,130.2,131.1,13300,DNSE
FRT,15,2026-09-16 13:30:00,131.0,131.0,129.8,130.6,27500,DNSE
FRT,15,2026-09-16 13:45:00,130.6,130.8,130.3,130.5,8600,DNSE
FRT,15,2026-09-16 14:00:00,130.6,130.9,130.5,130.6,13300,DNSE
FRT,15,2026-09-16 14:15:00,130.7,130.7,130.4,130.5,10700,DNSE
FRT,15,2026-09-16 14:45:00,128.0,128.0,128.0,128.0,188500,DNSE
FRT,15,2026-09-17 09:15:00,128.1,130.5,128.1,130.1,16500,DNSE
FRT,15,2026-09-17 09:30:00,130.1,130.2,129.6,130.0,8500,DNSE
FRT,15,2026-09-17 09:45:00,129.8,130.1,129.4,130.0,14200,DNSE
FRT,15,2026-09-17 10:00:00,129.7,130.0,129.5,129.8,16600,DNSE
FRT,15,2026-09-17 10:15:00,129.9,130.4,129.8,130.1,40400,DNSE
FRT,15,2026-09-17 10:30:00,130.1,130.8,130.1,130.8,23400,DNSE
FRT,15,2026-09-17 10:45:00,130.5,132.3,130.4,132.0,25100,DNSE
FRT,15,2026-09-17 11:00:00,132.0,132.0,131.4,132.0,4900,DNSE
FRT,15,2026-09-17 11:15:00,131.9,132.2,131.7,132.2,9400,DNSE
FRT,15,2026-09-17 13:00:00,132.1,132.1,130.9,130.9,5800,DNSE
FRT,15,2026-09-17 13:15:00,130.8,131.0,130.3,130.4,16200,DNSE
FRT,15,2026-09-17 13:30:00,130.1,130.7,129.8,130.7,10200,DNSE
FRT,15,2026-09-17 13:45:00,130.5,130.8,130.0,130.1,10500,DNSE
FRT,15,2026-09-17 14:00:00,129.9,130.0,129.5,129.8,5600,DNSE
FRT,15,2026-09-17 14:15:00,129.9,130.0,129.6,129.8,11100,DNSE
FRT,15,2026-09-17 14:45:00,130.0,130.0,130.0,130.0,189700,DNSE
FRT,15,2026-09-18 09:15:00,131.5,131.9,131.4,131.8,4600,DNSE
FRT,15,2026-09-18 09:30:00,131.8,132.2,131.6,132.0,14800,DNSE
FRT,15,2026-09-18 09:45:00,131.6,131.9,131.5,131.8,2300,DNSE
FRT,15,2026-09-18 10:00:00,131.7,132.1,131.7,132.1,11000,DNSE
FRT,15,2026-09-18 10:15:00,132.0,133.5,132.0,133.5,28400,DNSE
FRT,15,2026-09-18 10:30:00,133.6,133.7,132.8,133.0,8500,DNSE
FRT,15,2026-09-18 10:45:00,132.7,132.8,132.5,132.7,2600,DNSE
FRT,15,2026-09-18 11:00:00,132.3,132.5,132.0,132.5,1400,DNSE
FRT,15,2026-09-18 11:15:00,132.5,132.7,132.5,132.6,3100,DNSE
FRT,15,2026-09-18 13:00:00,132.6,132.8,132.0,132.7,13800,DNSE
FRT,15,2026-09-18 13:15:00,132.7,132.8,132.5,132.8,3400,DNSE
FRT,15,2026-09-18 13:30:00,132.6,132.7,131.2,131.7,29500,DNSE
FRT,15,2026-09-18 13:45:00,131.3,131.7,130.7,131.5,41000,DNSE
FRT,15,2026-09-18 14:00:00,131.4,131.6,130.2,130.9,35800,DNSE
FRT,15,2026-09-18 14:15:00,130.9,132.2,130.1,131.3,24000,DNSE
FRT,15,2026-09-18 14:45:00,130.9,130.9,130.9,130.9,219600,DNSE
FRT,15,2026-09-21 09:15:00,131.0,132.0,131.0,131.8,4100,DNSE
FRT,15,2026-09-21 09:30:00,131.8,132.0,131.8,131.9,2800,DNSE
FRT,15,2026-09-21 09:45:00,131.9,131.9,131.0,131.3,12500,DNSE
FRT,15,2026-09-21 10:00:00,131.6,131.6,131.3,131.5,3600,DNSE
FRT,15,2026-09-21 10:15:00,131.3,131.5,131.0,131.5,3700,DNSE
FRT,15,2026-09-21 10:30:00,131.5,131.7,131.5,131.5,2600,DNSE
FRT,15,2026-09-21 10:45:00,131.5,131.8,131.5,131.8,5300,DNSE
FRT,15,2026-09-21 11:00:00,132.0,132.0,131.5,131.5,5000,DNSE
FRT,15,2026-09-21 11:15:00,131.4,131.4,131.0,131.1,12600,DNSE
FRT,15,2026-09-21 13:00:00,131.1,131.9,131.1,131.7,17700,DNSE
FRT,15,2026-09-21 13:15:00,131.2,131.5,131.2,131.2,8600,DNSE
FRT,15,2026-09-21 13:30:00,131.2,131.3,130.9,131.1,7200,DNSE
FRT,15,2026-09-21 13:45:00,131.4,131.8,130.8,130.8,9600,DNSE
FRT,15,2026-09-21 14:00:00,130.7,130.7,130.1,130.7,6100,DNSE
FRT,15,2026-09-21 14:15:00,130.6,131.5,130.0,131.5,21500,DNSE
FRT,15,2026-09-21 14:45:00,130.1,130.1,130.1,130.1,114400,DNSE
GAS,15,2026-09-14 09:15:00,85.1,86.2,84.0,86.2,305000,DNSE
GAS,15,2026-09-14 09:30:00,86.1,86.4,85.3,86.2,198900,DNSE
GAS,15,2026-09-14 09:45:00,86.2,86.8,85.6,86.4,354800,DNSE
GAS,15,2026-09-14 10:00:00,86.4,86.8,85.8,85.9,76000,DNSE
GAS,15,2026-09-14 10:15:00,85.9,86.0,85.4,85.4,23800,DNSE
GAS,15,2026-09-14 10:30:00,85.5,86.0,85.5,85.9,22800,DNSE
GAS,15,2026-09-14 10:45:00,85.9,86.1,85.7,85.7,16400,DNSE
GAS,15,2026-09-14 11:00:00,85.7,85.8,85.3,85.3,7100,DNSE
GAS,15,2026-09-14 11:15:00,85.4,85.4,85.2,85.2,8400,DNSE
GAS,15,2026-09-14 13:00:00,85.1,85.3,84.6,85.1,79400,DNSE
GAS,15,2026-09-14 13:15:00,85.1,85.1,84.8,84.9,26300,DNSE
GAS,15,2026-09-14 13:30:00,84.9,85.1,84.8,84.9,48200,DNSE
GAS,15,2026-09-14 13:45:00,85.0,85.4,84.5,85.3,132900,DNSE
GAS,15,2026-09-14 14:00:00,85.3,85.6,84.7,85.2,94700,DNSE
GAS,15,2026-09-14 14:15:00,85.1,85.8,84.7,85.3,163200,DNSE
GAS,15,2026-09-14 14:45:00,85.7,85.7,85.7,85.7,76200,DNSE
GAS,15,2026-09-15 09:15:00,86.5,86.5,85.3,85.4,62000,DNSE
GAS,15,2026-09-15 09:30:00,85.6,86.8,85.4,85.8,99000,DNSE
GAS,15,2026-09-15 09:45:00,85.8,86.7,85.4,86.5,113100,DNSE
GAS,15,2026-09-15 10:00:00,86.2,86.5,86.1,86.3,36500,DNSE
GAS,15,2026-09-15 10:15:00,86.3,86.5,86.2,86.2,28300,DNSE
GAS,15,2026-09-15 10:30:00,86.2,86.2,86.0,86.0,19500,DNSE
GAS,15,2026-09-15 10:45:00,86.0,86.0,85.6,85.7,34500,DNSE
GAS,15,2026-09-15 11:00:00,85.7,86.7,85.7,86.4,95900,DNSE
GAS,15,2026-09-15 11:15:00,86.3,88.9,86.2,88.7,786600,DNSE
GAS,15,2026-09-15 13:00:00,88.7,90.0,88.0,89.6,484600,DNSE
GAS,15,2026-09-15 13:15:00,89.6,90.2,89.5,89.8,370300,DNSE
GAS,15,2026-09-15 13:30:00,89.8,89.9,89.5,89.7,197500,DNSE
GAS,15,2026-09-15 13:45:00,89.7,91.0,89.7,90.7,404400,DNSE
GAS,15,2026-09-15 14:00:00,90.7,91.5,90.3,91.2,511000,DNSE
GAS,15,2026-09-15 14:15:00,91.2,91.5,91.0,91.4,398200,DNSE
GAS,15,2026-09-15 14:45:00,91.4,91.4,91.4,91.4,91800,DNSE
GAS,15,2026-09-16 09:15:00,91.6,91.8,90.8,91.0,121000,DNSE
GAS,15,2026-09-16 09:30:00,91.1,91.5,90.9,91.0,123700,DNSE
GAS,15,2026-09-16 09:45:00,91.0,91.6,90.9,91.2,178000,DNSE
GAS,15,2026-09-16 10:00:00,91.1,93.0,91.0,91.9,413600,DNSE
GAS,15,2026-09-16 10:15:00,91.9,92.2,91.2,91.4,237000,DNSE
GAS,15,2026-09-16 10:30:00,91.4,91.9,91.0,91.1,250100,DNSE
GAS,15,2026-09-16 10:45:00,91.1,91.5,91.0,91.4,84500,DNSE
GAS,15,2026-09-16 11:00:00,91.4,91.5,91.3,91.5,45600,DNSE
GAS,15,2026-09-16 11:15:00,91.5,91.6,91.3,91.3,91600,DNSE
GAS,15,2026-09-16 13:00:00,91.3,91.3,90.0,90.5,252800,DNSE
GAS,15,2026-09-16 13:15:00,90.4,90.5,89.6,90.3,179000,DNSE
GAS,15,2026-09-16 13:30:00,90.3,90.7,89.9,90.5,94100,DNSE
GAS,15,2026-09-16 13:45:00,90.6,91.0,90.0,90.0,151800,DNSE
GAS,15,2026-09-16 14:00:00,90.1,91.3,90.0,90.9,94600,DNSE
GAS,15,2026-09-16 14:15:00,90.9,90.9,89.5,89.7,232400,DNSE
GAS,15,2026-09-16 14:45:00,89.4,89.4,89.4,89.4,103900,DNSE
GAS,15,2026-09-17 09:15:00,89.3,89.9,88.0,89.5,119200,DNSE
GAS,15,2026-09-17 09:30:00,89.5,89.5,89.0,89.4,86300,DNSE
GAS,15,2026-09-17 09:45:00,89.4,89.7,89.4,89.5,86600,DNSE
GAS,15,2026-09-17 10:00:00,89.6,89.9,89.6,89.8,47900,DNSE
GAS,15,2026-09-17 10:15:00,89.8,90.0,88.4,88.5,159200,DNSE
GAS,15,2026-09-17 10:30:00,88.5,89.4,88.5,89.2,33400,DNSE
GAS,15,2026-09-17 10:45:00,89.0,89.1,88.4,89.0,51300,DNSE
GAS,15,2026-09-17 11:00:00,89.0,89.0,88.3,88.4,59200,DNSE
GAS,15,2026-09-17 11:15:00,88.4,88.6,88.0,88.6,175100,DNSE
GAS,15,2026-09-17 13:00:00,88.5,90.0,87.8,89.8,452900,DNSE
GAS,15,2026-09-17 13:15:00,89.7,90.7,89.2,89.2,316600,DNSE
GAS,15,2026-09-17 13:30:00,89.3,89.4,88.7,88.7,136300,DNSE
GAS,15,2026-09-17 13:45:00,88.7,88.7,87.8,88.0,305600,DNSE
GAS,15,2026-09-17 14:00:00,87.9,88.6,87.5,88.3,234700,DNSE
GAS,15,2026-09-17 14:15:00,88.3,89.4,88.3,89.3,302800,DNSE
GAS,15,2026-09-17 14:45:00,88.6,88.6,88.6,88.6,54400,DNSE
GAS,15,2026-09-18 09:15:00,88.5,88.6,88.0,88.3,73200,DNSE
GAS,15,2026-09-18 09:30:00,88.3,88.6,88.2,88.2,26200,DNSE
GAS,15,2026-09-18 09:45:00,88.2,88.7,87.8,87.9,62700,DNSE
GAS,15,2026-09-18 10:00:00,87.9,88.0,87.3,87.7,137900,DNSE
GAS,15,2026-09-18 10:15:00,87.8,88.4,87.7,87.7,36200,DNSE
GAS,15,2026-09-18 10:30:00,87.7,87.9,87.6,87.7,36600,DNSE
GAS,15,2026-09-18 10:45:00,87.7,87.9,87.4,87.4,62200,DNSE
GAS,15,2026-09-18 11:00:00,87.5,87.7,87.4,87.6,34800,DNSE
GAS,15,2026-09-18 11:15:00,87.7,87.9,87.7,87.8,46200,DNSE
GAS,15,2026-09-18 13:00:00,87.7,87.9,87.6,87.8,83700,DNSE
GAS,15,2026-09-18 13:15:00,87.9,88.5,87.8,88.0,115500,DNSE
GAS,15,2026-09-18 13:30:00,88.0,88.3,87.8,87.8,70500,DNSE
GAS,15,2026-09-18 13:45:00,87.9,88.1,87.9,87.9,60500,DNSE
GAS,15,2026-09-18 14:00:00,87.8,87.9,87.2,87.5,236000,DNSE
GAS,15,2026-09-18 14:15:00,87.6,88.1,87.2,87.9,182900,DNSE
GAS,15,2026-09-18 14:45:00,88.0,88.0,88.0,88.0,146900,DNSE
GAS,15,2026-09-21 09:15:00,87.5,87.7,87.4,87.6,72000,DNSE
GAS,15,2026-09-21 09:30:00,87.6,88.4,87.5,88.1,45600,DNSE
GAS,15,2026-09-21 09:45:00,88.1,88.4,87.6,87.7,62900,DNSE
GAS,15,2026-09-21 10:00:00,87.7,88.0,87.7,87.7,57700,DNSE
GAS,15,2026-09-21 10:15:00,87.9,88.0,87.7,87.9,10700,DNSE
GAS,15,2026-09-21 10:30:00,87.9,87.9,87.7,87.8,19300,DNSE
GAS,15,2026-09-21 10:45:00,87.7,89.2,87.7,89.2,58900,DNSE
GAS,15,2026-09-21 11:00:00,89.2,89.4,88.8,89.1,67400,DNSE
GAS,15,2026-09-21 11:15:00,89.3,89.5,89.0,89.1,58000,DNSE
GAS,15,2026-09-21 13:00:00,89.0,89.2,88.7,88.9,166400,DNSE
GAS,15,2026-09-21 13:15:00,89.0,89.7,88.9,89.3,227100,DNSE
GAS,15,2026-09-21 13:30:00,89.3,89.4,88.5,89.0,127700,DNSE
GAS,15,2026-09-21 13:45:00,89.0,89.3,88.6,89.1,116400,DNSE
GAS,15,2026-09-21 14:00:00,88.7,89.2,88.6,88.8,96300,DNSE
GAS,15,2026-09-21 14:15:00,89.0,89.1,88.3,88.3,189900,DNSE
GAS,15,2026-09-21 14:45:00,88.6,88.6,88.6,88.6,76400,DNSE
GMD,15,2026-09-14 09:15:00,74.6,75.5,74.6,74.9,7300,DNSE
GMD,15,2026-09-14 09:30:00,74.9,75.0,74.9,74.9,19100,DNSE
GMD,15,2026-09-14 09:45:00,74.8,74.9,74.5,74.5,22200,DNSE
GMD,15,2026-09-14 10:00:00,74.4,74.6,74.4,74.5,12300,DNSE
GMD,15,2026-09-14 10:15:00,74.6,74.7,74.5,74.7,5200,DNSE
GMD,15,2026-09-14 10:30:00,74.7,74.8,74.7,74.8,2400,DNSE
GMD,15,2026-09-14 10:45:00,74.8,74.9,74.8,74.8,8400,DNSE
GMD,15,2026-09-14 11:00:00,74.8,74.8,74.7,74.7,4800,DNSE
GMD,15,2026-09-14 11:15:00,74.7,74.7,74.5,74.5,9700,DNSE
GMD,15,2026-09-14 13:00:00,74.7,74.7,74.4,74.4,33000,DNSE
GMD,15,2026-09-14 13:15:00,74.4,74.4,74.1,74.2,49700,DNSE
GMD,15,2026-09-14 13:30:00,74.2,74.2,74.1,74.1,46000,DNSE
GMD,15,2026-09-14 13:45:00,74.0,74.0,73.5,73.7,151700,DNSE
GMD,15,2026-09-14 14:00:00,73.7,73.9,73.6,73.8,39800,DNSE
GMD,15,2026-09-14 14:15:00,73.7,74.1,73.6,74.1,34600,DNSE
GMD,15,2026-09-14 14:45:00,74.6,74.6,74.6,74.6,71900,DNSE
GMD,15,2026-09-15 09:15:00,75.0,75.4,74.9,75.2,29600,DNSE
GMD,15,2026-09-15 09:30:00,75.2,75.7,75.1,75.7,53900,DNSE
GMD,15,2026-09-15 09:45:00,75.7,75.7,75.2,75.6,58200,DNSE
GMD,15,2026-09-15 10:00:00,75.6,76.0,75.6,75.9,75200,DNSE
GMD,15,2026-09-15 10:15:00,75.9,76.2,75.6,76.1,66900,DNSE
GMD,15,2026-09-15 10:30:00,76.1,76.2,76.1,76.2,31700,DNSE
GMD,15,2026-09-15 10:45:00,76.2,76.2,76.0,76.1,27400,DNSE
GMD,15,2026-09-15 11:00:00,76.1,76.2,75.9,76.1,45700,DNSE
GMD,15,2026-09-15 11:15:00,76.2,76.2,76.1,76.2,24000,DNSE
GMD,15,2026-09-15 13:00:00,76.1,76.3,76.0,76.3,84400,DNSE
GMD,15,2026-09-15 13:15:00,76.3,76.4,76.1,76.2,35200,DNSE
GMD,15,2026-09-15 13:30:00,76.2,76.3,76.1,76.3,30200,DNSE
GMD,15,2026-09-15 13:45:00,76.3,76.3,76.1,76.2,72800,DNSE
GMD,15,2026-09-15 14:00:00,76.2,76.2,76.1,76.2,27900,DNSE
GMD,15,2026-09-15 14:15:00,76.2,76.4,76.2,76.2,66000,DNSE
GMD,15,2026-09-15 14:45:00,76.5,76.5,76.5,76.5,106600,DNSE
GMD,15,2026-09-16 09:15:00,76.5,76.5,76.0,76.0,19900,DNSE
GMD,15,2026-09-16 09:30:00,75.9,76.0,75.9,76.0,8000,DNSE
GMD,15,2026-09-16 09:45:00,76.0,76.1,75.8,75.9,21300,DNSE
GMD,15,2026-09-16 10:00:00,76.0,76.1,75.9,75.9,27200,DNSE
GMD,15,2026-09-16 10:15:00,75.9,76.5,75.9,76.1,70200,DNSE
GMD,15,2026-09-16 10:30:00,76.2,76.4,75.9,76.0,72100,DNSE
GMD,15,2026-09-16 10:45:00,76.1,76.4,76.1,76.1,22100,DNSE
GMD,15,2026-09-16 11:00:00,76.1,76.5,76.1,76.1,47100,DNSE
GMD,15,2026-09-16 11:15:00,76.2,76.5,76.1,76.5,17100,DNSE
GMD,15,2026-09-16 13:00:00,76.5,76.5,76.1,76.2,50600,DNSE
GMD,15,2026-09-16 13:15:00,76.5,76.6,76.3,76.3,28800,DNSE
GMD,15,2026-09-16 13:30:00,76.3,76.7,76.3,76.6,98700,DNSE
GMD,15,2026-09-16 13:45:00,76.6,76.6,76.3,76.4,39200,DNSE
GMD,15,2026-09-16 14:00:00,76.5,76.6,76.3,76.5,121300,DNSE
GMD,15,2026-09-16 14:15:00,76.5,76.6,76.3,76.6,172800,DNSE
GMD,15,2026-09-16 14:45:00,76.6,76.6,76.6,76.6,50700,DNSE
GMD,15,2026-09-17 09:15:00,76.3,76.7,76.2,76.7,33600,DNSE
GMD,15,2026-09-17 09:30:00,76.7,76.7,76.5,76.6,13100,DNSE
GMD,15,2026-09-17 09:45:00,76.6,76.7,76.6,76.7,16700,DNSE
GMD,15,2026-09-17 10:00:00,76.6,76.9,76.5,76.9,51000,DNSE
GMD,15,2026-09-17 10:15:00,76.9,77.0,76.7,76.7,23200,DNSE
GMD,15,2026-09-17 10:30:00,76.7,76.8,76.6,76.7,21000,DNSE
GMD,15,2026-09-17 10:45:00,76.6,76.8,76.6,76.8,21600,DNSE
GMD,15,2026-09-17 11:00:00,76.7,76.8,76.6,76.8,16900,DNSE
GMD,15,2026-09-17 11:15:00,76.6,76.7,76.4,76.4,23900,DNSE
GMD,15,2026-09-17 13:00:00,76.5,76.5,76.2,76.3,71100,DNSE
GMD,15,2026-09-17 13:15:00,76.3,76.7,76.3,76.7,34600,DNSE
GMD,15,2026-09-17 13:30:00,76.7,76.8,76.6,76.8,111600,DNSE
GMD,15,2026-09-17 13:45:00,76.6,76.8,76.5,76.5,58900,DNSE
GMD,15,2026-09-17 14:00:00,76.5,76.6,76.1,76.4,66200,DNSE
GMD,15,2026-09-17 14:15:00,76.4,76.6,76.3,76.4,26000,DNSE
GMD,15,2026-09-17 14:45:00,76.6,76.6,76.6,76.6,31100,DNSE
GMD,15,2026-09-18 09:15:00,76.8,77.2,76.8,77.0,65600,DNSE
GMD,15,2026-09-18 09:30:00,77.0,77.0,76.8,76.8,7600,DNSE
GMD,15,2026-09-18 09:45:00,76.8,76.9,76.7,76.9,13100,DNSE
GMD,15,2026-09-18 10:00:00,76.9,77.0,76.9,77.0,65200,DNSE
GMD,15,2026-09-18 10:15:00,77.0,77.2,77.0,77.2,28700,DNSE
GMD,15,2026-09-18 10:30:00,77.2,77.2,77.1,77.2,28500,DNSE
GMD,15,2026-09-18 10:45:00,77.2,77.3,77.0,77.3,23200,DNSE
GMD,15,2026-09-18 11:00:00,77.3,77.4,77.2,77.4,41300,DNSE
GMD,15,2026-09-18 11:15:00,77.5,77.5,77.3,77.3,21400,DNSE
GMD,15,2026-09-18 13:00:00,77.3,77.4,77.2,77.4,30800,DNSE
GMD,15,2026-09-18 13:15:00,77.4,77.6,77.2,77.6,106800,DNSE
GMD,15,2026-09-18 13:30:00,77.6,77.6,77.4,77.6,28000,DNSE
GMD,15,2026-09-18 13:45:00,77.6,77.6,77.2,77.4,57500,DNSE
GMD,15,2026-09-18 14:00:00,77.4,77.4,77.1,77.2,104200,DNSE
GMD,15,2026-09-18 14:15:00,77.2,77.3,77.1,77.1,81000,DNSE
GMD,15,2026-09-18 14:45:00,77.3,77.3,77.3,77.3,75200,DNSE
GMD,15,2026-09-21 09:15:00,77.3,77.8,77.3,77.6,23500,DNSE
GMD,15,2026-09-21 09:30:00,77.7,77.7,77.3,77.4,29800,DNSE
GMD,15,2026-09-21 09:45:00,77.4,77.4,77.2,77.2,14900,DNSE
GMD,15,2026-09-21 10:00:00,77.2,77.2,77.1,77.2,15800,DNSE
GMD,15,2026-09-21 10:15:00,77.2,77.5,77.2,77.5,40400,DNSE
GMD,15,2026-09-21 10:30:00,77.5,77.6,77.3,77.5,63000,DNSE
GMD,15,2026-09-21 10:45:00,77.5,77.6,77.4,77.5,26400,DNSE
GMD,15,2026-09-21 11:00:00,77.5,77.6,77.3,77.6,47600,DNSE
GMD,15,2026-09-21 11:15:00,77.6,77.6,77.3,77.3,49300,DNSE
GMD,15,2026-09-21 13:00:00,77.3,77.6,77.3,77.5,14700,DNSE
GMD,15,2026-09-21 13:15:00,77.5,77.5,77.2,77.3,15900,DNSE
GMD,15,2026-09-21 13:30:00,77.3,77.4,77.3,77.4,27700,DNSE
GMD,15,2026-09-21 13:45:00,77.4,77.5,77.0,77.2,65400,DNSE
GMD,15,2026-09-21 14:00:00,77.3,77.3,76.6,76.7,42700,DNSE
GMD,15,2026-09-21 14:15:00,76.7,77.0,76.5,76.5,68300,DNSE
GMD,15,2026-09-21 14:45:00,77.0,77.0,77.0,77.0,99100,DNSE
HCM,15,2026-09-14 09:15:00,25.2,25.5,25.2,25.45,123600,DNSE
HCM,15,2026-09-14 09:30:00,25.45,25.5,25.35,25.35,85300,DNSE
HCM,15,2026-09-14 09:45:00,25.35,25.35,25.25,25.25,151900,DNSE
HCM,15,2026-09-14 10:00:00,25.25,25.35,25.2,25.25,153700,DNSE
HCM,15,2026-09-14 10:15:00,25.2,25.35,25.2,25.35,139900,DNSE
HCM,15,2026-09-14 10:30:00,25.35,25.4,25.3,25.4,77300,DNSE
HCM,15,2026-09-14 10:45:00,25.4,25.5,25.4,25.4,66500,DNSE
HCM,15,2026-09-14 11:00:00,25.4,25.45,25.4,25.4,21200,DNSE
HCM,15,2026-09-14 11:15:00,25.4,25.4,25.35,25.35,68400,DNSE
HCM,15,2026-09-14 13:00:00,25.35,25.35,25.25,25.3,90800,DNSE
HCM,15,2026-09-14 13:15:00,25.3,25.35,25.15,25.15,176700,DNSE
HCM,15,2026-09-14 13:30:00,25.15,25.15,24.95,24.95,803300,DNSE
HCM,15,2026-09-14 13:45:00,24.95,25.05,24.65,25.0,951300,DNSE
HCM,15,2026-09-14 14:00:00,24.95,25.1,24.65,24.95,421200,DNSE
HCM,15,2026-09-14 14:15:00,24.95,25.15,24.7,25.05,542900,DNSE
HCM,15,2026-09-14 14:45:00,24.75,24.75,24.75,24.75,429400,DNSE
HCM,15,2026-09-15 09:15:00,24.8,25.15,24.75,25.1,298100,DNSE
HCM,15,2026-09-15 09:30:00,25.1,25.1,25.0,25.0,131600,DNSE
HCM,15,2026-09-15 09:45:00,25.0,25.0,24.9,24.9,97900,DNSE
HCM,15,2026-09-15 10:00:00,24.9,25.15,24.9,25.15,117800,DNSE
HCM,15,2026-09-15 10:15:00,25.15,25.15,25.0,25.0,93800,DNSE
HCM,15,2026-09-15 10:30:00,25.05,25.1,25.0,25.05,130700,DNSE
HCM,15,2026-09-15 10:45:00,25.05,25.05,24.95,24.95,76400,DNSE
HCM,15,2026-09-15 11:00:00,25.0,25.05,24.95,25.0,110800,DNSE
HCM,15,2026-09-15 11:15:00,25.0,25.05,25.0,25.0,25300,DNSE
HCM,15,2026-09-15 13:00:00,25.05,25.1,25.0,25.05,131200,DNSE
HCM,15,2026-09-15 13:15:00,25.1,25.15,25.05,25.1,137400,DNSE
HCM,15,2026-09-15 13:30:00,25.1,25.15,25.05,25.05,133600,DNSE
HCM,15,2026-09-15 13:45:00,25.05,25.2,25.05,25.15,157100,DNSE
HCM,15,2026-09-15 14:00:00,25.15,25.15,25.1,25.15,81400,DNSE
HCM,15,2026-09-15 14:15:00,25.1,25.3,25.1,25.25,293300,DNSE
HCM,15,2026-09-15 14:45:00,25.15,25.15,25.15,25.15,198500,DNSE
HCM,15,2026-09-16 09:15:00,25.25,25.25,25.1,25.2,156800,DNSE
HCM,15,2026-09-16 09:30:00,25.2,25.2,25.05,25.15,82800,DNSE
HCM,15,2026-09-16 09:45:00,25.1,25.1,25.05,25.05,150000,DNSE
HCM,15,2026-09-16 10:00:00,25.05,25.05,24.9,24.95,260100,DNSE
HCM,15,2026-09-16 10:15:00,24.9,25.0,24.9,25.0,114900,DNSE
HCM,15,2026-09-16 10:30:00,25.0,25.0,24.95,25.0,70000,DNSE
HCM,15,2026-09-16 10:45:00,25.0,25.0,24.9,25.0,164200,DNSE
HCM,15,2026-09-16 11:00:00,25.0,25.0,24.9,24.95,63200,DNSE
HCM,15,2026-09-16 11:15:00,24.95,24.95,24.9,24.9,136200,DNSE
HCM,15,2026-09-16 13:00:00,24.9,24.9,24.75,24.8,354600,DNSE
HCM,15,2026-09-16 13:15:00,24.8,24.8,24.7,24.7,303300,DNSE
HCM,15,2026-09-16 13:30:00,24.7,24.9,24.7,24.85,310900,DNSE
HCM,15,2026-09-16 13:45:00,24.85,24.85,24.7,24.8,298400,DNSE
HCM,15,2026-09-16 14:00:00,24.8,24.9,24.75,24.9,110400,DNSE
HCM,15,2026-09-16 14:15:00,24.9,24.9,24.8,24.85,204700,DNSE
HCM,15,2026-09-16 14:45:00,24.9,24.9,24.9,24.9,292300,DNSE
HCM,15,2026-09-17 09:15:00,24.7,25.15,24.2,25.15,540500,DNSE
HCM,15,2026-09-17 09:30:00,25.15,25.15,24.9,24.95,146900,DNSE
HCM,15,2026-09-17 09:45:00,25.0,25.5,24.95,25.2,609500,DNSE
HCM,15,2026-09-17 10:00:00,25.2,25.5,25.2,25.4,241400,DNSE
HCM,15,2026-09-17 10:15:00,25.4,25.9,25.35,25.75,801800,DNSE
HCM,15,2026-09-17 10:30:00,25.75,25.75,25.55,25.65,152200,DNSE
HCM,15,2026-09-17 10:45:00,25.65,25.65,25.55,25.65,61800,DNSE
HCM,15,2026-09-17 11:00:00,25.65,25.7,25.6,25.6,79700,DNSE
HCM,15,2026-09-17 11:15:00,25.6,25.65,25.55,25.55,88200,DNSE
HCM,15,2026-09-17 13:00:00,25.55,25.65,25.5,25.6,82200,DNSE
HCM,15,2026-09-17 13:15:00,25.6,25.65,25.4,25.5,166900,DNSE
HCM,15,2026-09-17 13:30:00,25.5,25.5,25.4,25.5,92600,DNSE
HCM,15,2026-09-17 13:45:00,25.5,25.5,25.2,25.25,173500,DNSE
HCM,15,2026-09-17 14:00:00,25.25,25.3,25.2,25.3,117700,DNSE
HCM,15,2026-09-17 14:15:00,25.3,25.35,25.2,25.2,174000,DNSE
HCM,15,2026-09-17 14:45:00,25.3,25.3,25.3,25.3,85600,DNSE
HCM,15,2026-09-18 09:15:00,25.7,25.7,25.35,25.35,319800,DNSE
HCM,15,2026-09-18 09:30:00,25.35,25.45,25.3,25.4,116800,DNSE
HCM,15,2026-09-18 09:45:00,25.4,25.7,25.35,25.65,142900,DNSE
HCM,15,2026-09-18 10:00:00,25.65,25.85,25.6,25.8,284900,DNSE
HCM,15,2026-09-18 10:15:00,25.8,25.85,25.65,25.65,145500,DNSE
HCM,15,2026-09-18 10:30:00,25.65,25.65,25.55,25.55,135700,DNSE
HCM,15,2026-09-18 10:45:00,25.65,25.7,25.6,25.65,88500,DNSE
HCM,15,2026-09-18 11:00:00,25.65,25.7,25.65,25.7,80500,DNSE
HCM,15,2026-09-18 11:15:00,25.7,25.75,25.65,25.7,97400,DNSE
HCM,15,2026-09-18 13:00:00,25.65,25.7,25.6,25.6,112000,DNSE
HCM,15,2026-09-18 13:15:00,25.6,25.65,25.5,25.5,97200,DNSE
HCM,15,2026-09-18 13:30:00,25.55,25.6,25.4,25.5,224900,DNSE
HCM,15,2026-09-18 13:45:00,25.5,25.55,25.35,25.5,147000,DNSE
HCM,15,2026-09-18 14:00:00,25.5,25.5,25.35,25.45,152400,DNSE
HCM,15,2026-09-18 14:15:00,25.5,25.5,25.35,25.5,177600,DNSE
HCM,15,2026-09-18 14:45:00,25.5,25.5,25.5,25.5,2142800,DNSE
HCM,15,2026-09-21 09:15:00,25.8,25.8,25.45,25.5,219700,DNSE
HCM,15,2026-09-21 09:30:00,25.5,25.5,25.4,25.45,50600,DNSE
HCM,15,2026-09-21 09:45:00,25.45,25.45,25.4,25.45,74700,DNSE
HCM,15,2026-09-21 10:00:00,25.45,25.45,25.3,25.35,88100,DNSE
HCM,15,2026-09-21 10:15:00,25.35,25.45,25.35,25.4,26100,DNSE
HCM,15,2026-09-21 10:30:00,25.35,25.35,25.3,25.3,50200,DNSE
HCM,15,2026-09-21 10:45:00,25.3,25.3,25.1,25.1,134200,DNSE
HCM,15,2026-09-21 11:00:00,25.15,25.25,25.1,25.1,62700,DNSE
HCM,15,2026-09-21 11:15:00,25.1,25.2,25.1,25.15,63200,DNSE
HCM,15,2026-09-21 13:00:00,25.15,25.2,25.05,25.05,295900,DNSE
HCM,15,2026-09-21 13:15:00,25.05,25.05,24.95,25.0,295400,DNSE
HCM,15,2026-09-21 13:30:00,25.0,25.05,24.95,25.0,135700,DNSE
HCM,15,2026-09-21 13:45:00,25.0,25.05,24.95,24.95,176500,DNSE
HCM,15,2026-09-21 14:00:00,25.0,25.1,24.95,25.05,189100,DNSE
HCM,15,2026-09-21 14:15:00,25.1,25.1,24.95,25.0,485100,DNSE
HCM,15,2026-09-21 14:45:00,25.0,25.0,25.0,25.0,97600,DNSE
HDB,15,2026-09-14 09:15:00,26.7,26.75,26.6,26.65,759300,DNSE
HDB,15,2026-09-14 09:30:00,26.65,26.85,26.6,26.75,426700,DNSE
HDB,15,2026-09-14 09:45:00,26.75,26.75,26.65,26.65,486400,DNSE
HDB,15,2026-09-14 10:00:00,26.65,26.7,26.55,26.55,278500,DNSE
HDB,15,2026-09-14 10:15:00,26.55,26.55,26.5,26.5,259300,DNSE
HDB,15,2026-09-14 10:30:00,26.55,26.6,26.5,26.55,182200,DNSE
HDB,15,2026-09-14 10:45:00,26.55,26.9,26.55,26.85,1229300,DNSE
HDB,15,2026-09-14 11:00:00,26.85,26.85,26.8,26.8,173600,DNSE
HDB,15,2026-09-14 11:15:00,26.8,26.9,26.8,26.9,120400,DNSE
HDB,15,2026-09-14 13:00:00,26.9,27.0,26.85,26.95,915900,DNSE
HDB,15,2026-09-14 13:15:00,26.95,27.0,26.75,26.8,768300,DNSE
HDB,15,2026-09-14 13:30:00,26.8,26.8,26.65,26.75,1054200,DNSE
HDB,15,2026-09-14 13:45:00,26.7,26.75,26.55,26.55,928800,DNSE
HDB,15,2026-09-14 14:00:00,26.6,26.75,26.55,26.55,1094100,DNSE
HDB,15,2026-09-14 14:15:00,26.55,26.8,26.55,26.75,638800,DNSE
HDB,15,2026-09-14 14:45:00,26.8,26.8,26.8,26.8,437800,DNSE
HDB,15,2026-09-15 09:15:00,26.8,27.0,26.75,26.9,1174400,DNSE
HDB,15,2026-09-15 09:30:00,26.85,26.95,26.85,26.85,373600,DNSE
HDB,15,2026-09-15 09:45:00,26.9,26.95,26.85,26.85,53300,DNSE
HDB,15,2026-09-15 10:00:00,26.85,27.05,26.85,27.05,1102000,DNSE
HDB,15,2026-09-15 10:15:00,27.05,27.1,26.95,26.95,482600,DNSE
HDB,15,2026-09-15 10:30:00,26.95,26.95,26.85,26.9,228000,DNSE
HDB,15,2026-09-15 10:45:00,26.9,26.9,26.8,26.85,174800,DNSE
HDB,15,2026-09-15 11:00:00,26.85,26.9,26.85,26.9,502900,DNSE
HDB,15,2026-09-15 11:15:00,26.9,26.95,26.9,26.95,98800,DNSE
HDB,15,2026-09-15 13:00:00,26.95,26.95,26.85,26.85,327000,DNSE
HDB,15,2026-09-15 13:15:00,26.9,27.0,26.85,26.95,247300,DNSE
HDB,15,2026-09-15 13:30:00,26.95,27.0,26.9,26.95,923800,DNSE
HDB,15,2026-09-15 13:45:00,26.95,26.95,26.9,26.95,152100,DNSE
HDB,15,2026-09-15 14:00:00,26.95,27.05,26.9,27.0,890800,DNSE
HDB,15,2026-09-15 14:15:00,27.05,27.1,27.0,27.05,594700,DNSE
HDB,15,2026-09-15 14:45:00,27.1,27.1,27.1,27.1,537800,DNSE
HDB,15,2026-09-16 09:15:00,27.0,27.1,26.9,26.9,767400,DNSE
HDB,15,2026-09-16 09:30:00,26.9,26.95,26.9,26.9,296500,DNSE
HDB,15,2026-09-16 09:45:00,26.9,26.95,26.9,26.9,261700,DNSE
HDB,15,2026-09-16 10:00:00,26.95,26.95,26.85,26.85,359900,DNSE
HDB,15,2026-09-16 10:15:00,26.9,26.95,26.85,26.9,479300,DNSE
HDB,15,2026-09-16 10:30:00,26.9,26.95,26.85,26.85,211600,DNSE
HDB,15,2026-09-16 10:45:00,26.9,26.9,26.8,26.8,678700,DNSE
HDB,15,2026-09-16 11:00:00,26.8,26.9,26.8,26.85,61400,DNSE
HDB,15,2026-09-16 11:15:00,26.85,26.9,26.8,26.85,65500,DNSE
HDB,15,2026-09-16 13:00:00,26.85,26.9,26.8,26.85,262700,DNSE
HDB,15,2026-09-16 13:15:00,26.9,26.9,26.8,26.8,781700,DNSE
HDB,15,2026-09-16 13:30:00,26.85,26.95,26.8,26.9,1862600,DNSE
HDB,15,2026-09-16 13:45:00,26.9,26.9,26.8,26.9,393000,DNSE
HDB,15,2026-09-16 14:00:00,26.85,26.95,26.85,26.9,355300,DNSE
HDB,15,2026-09-16 14:15:00,26.9,27.05,26.85,27.0,642100,DNSE
HDB,15,2026-09-16 14:45:00,27.1,27.1,27.1,27.1,2146200,DNSE
HDB,15,2026-09-17 09:15:00,27.0,27.1,26.9,27.05,837800,DNSE
HDB,15,2026-09-17 09:30:00,27.1,27.2,26.95,27.05,472700,DNSE
HDB,15,2026-09-17 09:45:00,27.05,27.15,27.0,27.15,952700,DNSE
HDB,15,2026-09-17 10:00:00,27.1,27.3,27.1,27.2,780300,DNSE
HDB,15,2026-09-17 10:15:00,27.2,27.3,27.2,27.25,646400,DNSE
HDB,15,2026-09-17 10:30:00,27.25,27.3,27.15,27.3,569700,DNSE
HDB,15,2026-09-17 10:45:00,27.25,27.3,27.2,27.2,599500,DNSE
HDB,15,2026-09-17 11:00:00,27.25,27.35,27.2,27.25,980200,DNSE
HDB,15,2026-09-17 11:15:00,27.25,27.3,27.2,27.25,332800,DNSE
HDB,15,2026-09-17 13:00:00,27.25,27.3,27.2,27.25,253400,DNSE
HDB,15,2026-09-17 13:15:00,27.3,27.3,27.2,27.2,158600,DNSE
HDB,15,2026-09-17 13:30:00,27.25,27.4,27.2,27.35,1394900,DNSE
HDB,15,2026-09-17 13:45:00,27.4,27.45,27.25,27.25,969000,DNSE
HDB,15,2026-09-17 14:00:00,27.3,27.4,27.25,27.35,471200,DNSE
HDB,15,2026-09-17 14:15:00,27.35,27.5,27.35,27.5,2415300,DNSE
HDB,15,2026-09-17 14:45:00,27.6,27.6,27.6,27.6,2938100,DNSE
HDB,15,2026-09-18 09:15:00,27.75,27.9,27.7,27.8,1177300,DNSE
HDB,15,2026-09-18 09:30:00,27.8,27.8,27.7,27.75,560200,DNSE
HDB,15,2026-09-18 09:45:00,27.7,27.8,27.7,27.8,710600,DNSE
HDB,15,2026-09-18 10:00:00,27.8,27.8,27.65,27.7,356200,DNSE
HDB,15,2026-09-18 10:15:00,27.75,27.8,27.7,27.8,1002800,DNSE
HDB,15,2026-09-18 10:30:00,27.85,27.95,27.75,27.95,2151200,DNSE
HDB,15,2026-09-18 10:45:00,27.95,28.05,27.9,27.95,4532500,DNSE
HDB,15,2026-09-18 11:00:00,27.95,28.05,27.9,28.0,2358100,DNSE
HDB,15,2026-09-18 11:15:00,27.95,28.0,27.9,28.0,685600,DNSE
HDB,15,2026-09-18 13:00:00,27.95,28.0,27.9,28.0,734500,DNSE
HDB,15,2026-09-18 13:15:00,28.0,28.0,27.9,27.95,425600,DNSE
HDB,15,2026-09-18 13:30:00,27.95,28.0,27.85,27.85,781900,DNSE
HDB,15,2026-09-18 13:45:00,27.85,27.9,27.75,27.75,1080900,DNSE
HDB,15,2026-09-18 14:00:00,27.8,27.8,27.7,27.8,664300,DNSE
HDB,15,2026-09-18 14:15:00,27.75,27.8,27.65,27.7,576300,DNSE
HDB,15,2026-09-18 14:45:00,27.5,27.5,27.5,27.5,7921400,DNSE
HDB,15,2026-09-21 09:15:00,27.65,27.7,27.3,27.3,1132700,DNSE
HDB,15,2026-09-21 09:30:00,27.35,27.45,27.3,27.45,228600,DNSE
HDB,15,2026-09-21 09:45:00,27.4,27.5,27.25,27.45,1003500,DNSE
HDB,15,2026-09-21 10:00:00,27.45,27.5,27.35,27.35,331600,DNSE
HDB,15,2026-09-21 10:15:00,27.35,27.4,27.35,27.4,202600,DNSE
HDB,15,2026-09-21 10:30:00,27.35,27.4,27.3,27.35,145700,DNSE
HDB,15,2026-09-21 10:45:00,27.4,27.4,27.3,27.3,668700,DNSE
HDB,15,2026-09-21 11:00:00,27.3,27.45,27.25,27.3,996500,DNSE
HDB,15,2026-09-21 11:15:00,27.3,27.35,27.25,27.25,197400,DNSE
HDB,15,2026-09-21 13:00:00,27.3,27.35,27.2,27.2,504500,DNSE
HDB,15,2026-09-21 13:15:00,27.2,27.25,27.15,27.2,296400,DNSE
HDB,15,2026-09-21 13:30:00,27.2,27.25,27.1,27.2,246900,DNSE
HDB,15,2026-09-21 13:45:00,27.2,27.4,27.15,27.2,566600,DNSE
HDB,15,2026-09-21 14:00:00,27.2,27.5,27.15,27.4,1368900,DNSE
HDB,15,2026-09-21 14:15:00,27.4,27.5,27.2,27.25,888800,DNSE
HDB,15,2026-09-21 14:45:00,27.6,27.6,27.6,27.6,2700100,DNSE
HPG,15,2026-09-14 09:15:00,21.3,21.4,21.25,21.35,1402000,DNSE
HPG,15,2026-09-14 09:30:00,21.35,21.35,21.25,21.3,922900,DNSE
HPG,15,2026-09-14 09:45:00,21.25,21.3,21.2,21.25,1219000,DNSE
HPG,15,2026-09-14 10:00:00,21.2,21.25,21.15,21.2,1671400,DNSE
HPG,15,2026-09-14 10:15:00,21.2,21.25,21.15,21.2,865000,DNSE
HPG,15,2026-09-14 10:30:00,21.2,21.25,21.2,21.2,278200,DNSE
HPG,15,2026-09-14 10:45:00,21.2,21.25,21.2,21.25,723200,DNSE
HPG,15,2026-09-14 11:00:00,21.25,21.25,21.2,21.2,782000,DNSE
HPG,15,2026-09-14 11:15:00,21.2,21.25,21.2,21.2,593900,DNSE
HPG,15,2026-09-14 13:00:00,21.25,21.25,21.1,21.15,1870600,DNSE
HPG,15,2026-09-14 13:15:00,21.1,21.15,21.05,21.05,1103100,DNSE
HPG,15,2026-09-14 13:30:00,21.05,21.1,21.0,21.0,2539600,DNSE
HPG,15,2026-09-14 13:45:00,21.0,21.05,20.9,20.95,3337300,DNSE
HPG,15,2026-09-14 14:00:00,20.95,21.0,20.85,20.9,2202600,DNSE
HPG,15,2026-09-14 14:15:00,20.9,21.1,20.85,21.1,2611300,DNSE
HPG,15,2026-09-14 14:45:00,20.9,20.9,20.9,20.9,1923900,DNSE
HPG,15,2026-09-15 09:15:00,21.0,21.05,21.0,21.05,643100,DNSE
HPG,15,2026-09-15 09:30:00,21.0,21.1,21.0,21.05,962100,DNSE
HPG,15,2026-09-15 09:45:00,21.1,21.1,21.0,21.0,595300,DNSE
HPG,15,2026-09-15 10:00:00,21.0,21.1,21.0,21.1,483200,DNSE
HPG,15,2026-09-15 10:15:00,21.05,21.1,21.05,21.1,272500,DNSE
HPG,15,2026-09-15 10:30:00,21.1,21.1,21.05,21.1,315600,DNSE
HPG,15,2026-09-15 10:45:00,21.1,21.1,21.0,21.05,1101100,DNSE
HPG,15,2026-09-15 11:00:00,21.05,21.05,21.0,21.05,290600,DNSE
HPG,15,2026-09-15 11:15:00,21.05,21.05,21.0,21.05,290900,DNSE
HPG,15,2026-09-15 13:00:00,21.05,21.05,21.0,21.05,654600,DNSE
HPG,15,2026-09-15 13:15:00,21.05,21.15,21.0,21.1,1225300,DNSE
HPG,15,2026-09-15 13:30:00,21.15,21.15,21.05,21.1,592000,DNSE
HPG,15,2026-09-15 13:45:00,21.1,21.2,21.1,21.1,1077600,DNSE
HPG,15,2026-09-15 14:00:00,21.1,21.15,21.05,21.1,684500,DNSE
HPG,15,2026-09-15 14:15:00,21.15,21.2,21.1,21.15,1317500,DNSE
HPG,15,2026-09-15 14:45:00,21.2,21.2,21.2,21.2,1431300,DNSE
HPG,15,2026-09-16 09:15:00,21.2,21.25,21.1,21.15,330400,DNSE
HPG,15,2026-09-16 09:30:00,21.15,21.2,21.1,21.2,273200,DNSE
HPG,15,2026-09-16 09:45:00,21.2,21.2,21.15,21.15,189400,DNSE
HPG,15,2026-09-16 10:00:00,21.2,21.2,21.05,21.05,926900,DNSE
HPG,15,2026-09-16 10:15:00,21.0,21.15,21.0,21.05,546500,DNSE
HPG,15,2026-09-16 10:30:00,21.05,21.1,21.0,21.05,458400,DNSE
HPG,15,2026-09-16 10:45:00,21.05,21.1,21.0,21.05,897500,DNSE
HPG,15,2026-09-16 11:00:00,21.05,21.1,21.0,21.0,501800,DNSE
HPG,15,2026-09-16 11:15:00,21.05,21.1,21.0,21.1,144700,DNSE
HPG,15,2026-09-16 13:00:00,21.1,21.1,21.05,21.1,604400,DNSE
HPG,15,2026-09-16 13:15:00,21.05,21.1,21.05,21.05,667200,DNSE
HPG,15,2026-09-16 13:30:00,21.1,21.1,21.0,21.05,710600,DNSE
HPG,15,2026-09-16 13:45:00,21.0,21.05,20.95,20.95,1774000,DNSE
HPG,15,2026-09-16 14:00:00,20.95,21.1,20.95,21.05,1033100,DNSE
HPG,15,2026-09-16 14:15:00,21.1,21.15,21.0,21.1,1751300,DNSE
HPG,15,2026-09-16 14:45:00,20.95,20.95,20.95,20.95,1468100,DNSE
HPG,15,2026-09-17 09:15:00,20.8,21.2,20.75,21.1,1816200,DNSE
HPG,15,2026-09-17 09:30:00,21.1,21.1,21.0,21.0,462100,DNSE
HPG,15,2026-09-17 09:45:00,21.0,21.15,21.0,21.1,647500,DNSE
HPG,15,2026-09-17 10:00:00,21.15,21.2,21.05,21.15,853200,DNSE
HPG,15,2026-09-17 10:15:00,21.2,21.4,21.15,21.35,2497900,DNSE
HPG,15,2026-09-17 10:30:00,21.4,21.4,21.25,21.35,1078200,DNSE
HPG,15,2026-09-17 10:45:00,21.3,21.4,21.3,21.4,807900,DNSE
HPG,15,2026-09-17 11:00:00,21.35,21.4,21.3,21.3,528900,DNSE
HPG,15,2026-09-17 11:15:00,21.35,21.35,21.25,21.3,418300,DNSE
HPG,15,2026-09-17 13:00:00,21.3,21.4,21.25,21.3,1097400,DNSE
HPG,15,2026-09-17 13:15:00,21.3,21.3,21.2,21.25,456800,DNSE
HPG,15,2026-09-17 13:30:00,21.25,21.3,21.2,21.2,1625700,DNSE
HPG,15,2026-09-17 13:45:00,21.25,21.3,21.15,21.15,620200,DNSE
HPG,15,2026-09-17 14:00:00,21.15,21.25,21.15,21.2,574900,DNSE
HPG,15,2026-09-17 14:15:00,21.2,21.35,21.15,21.3,3087400,DNSE
HPG,15,2026-09-17 14:45:00,21.2,21.2,21.2,21.2,1001500,DNSE
HPG,15,2026-09-18 09:15:00,21.45,21.45,21.3,21.35,798500,DNSE
HPG,15,2026-09-18 09:30:00,21.35,21.4,21.3,21.35,324700,DNSE
HPG,15,2026-09-18 09:45:00,21.35,21.4,21.35,21.4,425800,DNSE
HPG,15,2026-09-18 10:00:00,21.35,21.4,21.35,21.4,241200,DNSE
HPG,15,2026-09-18 10:15:00,21.4,21.55,21.35,21.5,2953200,DNSE
HPG,15,2026-09-18 10:30:00,21.5,21.5,21.45,21.5,586300,DNSE
HPG,15,2026-09-18 10:45:00,21.45,21.55,21.45,21.55,951200,DNSE
HPG,15,2026-09-18 11:00:00,21.5,21.55,21.5,21.5,930500,DNSE
HPG,15,2026-09-18 11:15:00,21.5,21.55,21.45,21.45,513800,DNSE
HPG,15,2026-09-18 13:00:00,21.45,21.55,21.45,21.45,1124700,DNSE
HPG,15,2026-09-18 13:15:00,21.45,21.5,21.4,21.45,699900,DNSE
HPG,15,2026-09-18 13:30:00,21.4,21.45,21.4,21.4,488900,DNSE
HPG,15,2026-09-18 13:45:00,21.4,21.45,21.35,21.35,1696500,DNSE
HPG,15,2026-09-18 14:00:00,21.4,21.4,21.3,21.35,1076100,DNSE
HPG,15,2026-09-18 14:15:00,21.35,21.45,21.3,21.4,1473100,DNSE
HPG,15,2026-09-18 14:45:00,21.55,21.55,21.55,21.55,16840500,DNSE
HPG,15,2026-09-21 09:15:00,21.55,21.6,21.35,21.35,1284400,DNSE
HPG,15,2026-09-21 09:30:00,21.4,21.45,21.35,21.35,353200,DNSE
HPG,15,2026-09-21 09:45:00,21.35,21.4,21.3,21.3,797900,DNSE
HPG,15,2026-09-21 10:00:00,21.3,21.35,21.25,21.3,771800,DNSE
HPG,15,2026-09-21 10:15:00,21.25,21.3,21.25,21.25,214500,DNSE
HPG,15,2026-09-21 10:30:00,21.25,21.3,21.25,21.25,359200,DNSE
HPG,15,2026-09-21 10:45:00,21.25,21.3,21.15,21.2,1487600,DNSE
HPG,15,2026-09-21 11:00:00,21.2,21.25,21.15,21.15,753200,DNSE
HPG,15,2026-09-21 11:15:00,21.15,21.25,21.15,21.2,603700,DNSE
HPG,15,2026-09-21 13:00:00,21.2,21.25,21.15,21.2,1564600,DNSE
HPG,15,2026-09-21 13:15:00,21.15,21.25,21.15,21.25,1099700,DNSE
HPG,15,2026-09-21 13:30:00,21.2,21.25,21.2,21.2,562800,DNSE
HPG,15,2026-09-21 13:45:00,21.2,21.25,21.15,21.15,991800,DNSE
HPG,15,2026-09-21 14:00:00,21.15,21.2,21.1,21.15,1766300,DNSE
HPG,15,2026-09-21 14:15:00,21.15,21.2,21.1,21.15,2178400,DNSE
HPG,15,2026-09-21 14:45:00,21.1,21.1,21.1,21.1,1034900,DNSE
HSG,15,2026-09-14 09:15:00,10.25,10.3,10.2,10.25,295000,DNSE
HSG,15,2026-09-14 09:30:00,10.25,10.25,10.2,10.2,52100,DNSE
HSG,15,2026-09-14 09:45:00,10.2,10.25,10.2,10.2,44300,DNSE
HSG,15,2026-09-14 10:00:00,10.25,10.25,10.2,10.2,107700,DNSE
HSG,15,2026-09-14 10:15:00,10.2,10.25,10.15,10.25,60100,DNSE
HSG,15,2026-09-14 10:30:00,10.25,10.25,10.2,10.2,28300,DNSE
HSG,15,2026-09-14 10:45:00,10.2,10.25,10.2,10.2,65100,DNSE
HSG,15,2026-09-14 11:00:00,10.25,10.25,10.2,10.25,27300,DNSE
HSG,15,2026-09-14 11:15:00,10.2,10.25,10.2,10.2,28200,DNSE
HSG,15,2026-09-14 13:00:00,10.25,10.25,10.15,10.2,117100,DNSE
HSG,15,2026-09-14 13:15:00,10.2,10.2,10.1,10.15,238400,DNSE
HSG,15,2026-09-14 13:30:00,10.15,10.2,10.1,10.15,291100,DNSE
HSG,15,2026-09-14 13:45:00,10.15,10.15,10.0,10.05,415700,DNSE
HSG,15,2026-09-14 14:00:00,10.05,10.1,10.0,10.05,108600,DNSE
HSG,15,2026-09-14 14:15:00,10.05,10.1,10.0,10.1,767700,DNSE
HSG,15,2026-09-14 14:45:00,10.1,10.1,10.1,10.1,83100,DNSE
HSG,15,2026-09-15 09:15:00,10.1,10.2,10.1,10.2,187400,DNSE
HSG,15,2026-09-15 09:30:00,10.2,10.25,10.2,10.25,100400,DNSE
HSG,15,2026-09-15 09:45:00,10.25,10.25,10.2,10.25,299900,DNSE
HSG,15,2026-09-15 10:00:00,10.2,10.25,10.2,10.25,83600,DNSE
HSG,15,2026-09-15 10:15:00,10.25,10.25,10.2,10.2,14600,DNSE
HSG,15,2026-09-15 10:30:00,10.25,10.25,10.2,10.25,60000,DNSE
HSG,15,2026-09-15 10:45:00,10.2,10.25,10.2,10.25,24600,DNSE
HSG,15,2026-09-15 11:00:00,10.25,10.25,10.2,10.25,35500,DNSE
HSG,15,2026-09-15 11:15:00,10.2,10.25,10.05,10.1,546200,DNSE
HSG,15,2026-09-15 13:00:00,10.15,10.2,10.05,10.1,357800,DNSE
HSG,15,2026-09-15 13:15:00,10.1,10.15,10.05,10.1,385600,DNSE
HSG,15,2026-09-15 13:30:00,10.1,10.15,10.0,10.1,795600,DNSE
HSG,15,2026-09-15 13:45:00,10.1,10.15,10.1,10.15,130900,DNSE
HSG,15,2026-09-15 14:00:00,10.15,10.15,10.1,10.15,180500,DNSE
HSG,15,2026-09-15 14:15:00,10.15,10.2,10.15,10.15,244400,DNSE
HSG,15,2026-09-15 14:45:00,10.15,10.15,10.15,10.15,33800,DNSE
HSG,15,2026-09-16 09:15:00,10.15,10.15,10.1,10.1,255500,DNSE
HSG,15,2026-09-16 09:30:00,10.1,10.15,10.1,10.1,35500,DNSE
HSG,15,2026-09-16 09:45:00,10.1,10.15,10.1,10.15,10400,DNSE
HSG,15,2026-09-16 10:00:00,10.1,10.15,10.1,10.1,140100,DNSE
HSG,15,2026-09-16 10:15:00,10.1,10.15,10.1,10.1,326900,DNSE
HSG,15,2026-09-16 10:30:00,10.1,10.1,10.05,10.1,77500,DNSE
HSG,15,2026-09-16 10:45:00,10.1,10.1,10.05,10.1,34800,DNSE
HSG,15,2026-09-16 11:00:00,10.1,10.1,10.05,10.1,44600,DNSE
HSG,15,2026-09-16 11:15:00,10.1,10.1,10.05,10.1,11600,DNSE
HSG,15,2026-09-16 13:00:00,10.1,10.1,10.05,10.05,30700,DNSE
HSG,15,2026-09-16 13:15:00,10.05,10.1,10.05,10.1,67000,DNSE
HSG,15,2026-09-16 13:30:00,10.1,10.1,10.05,10.1,49100,DNSE
HSG,15,2026-09-16 13:45:00,10.05,10.1,10.05,10.1,98800,DNSE
HSG,15,2026-09-16 14:00:00,10.1,10.1,10.05,10.05,99600,DNSE
HSG,15,2026-09-16 14:15:00,10.05,10.1,10.05,10.1,48200,DNSE
HSG,15,2026-09-16 14:45:00,10.05,10.05,10.05,10.05,105200,DNSE
HSG,15,2026-09-17 09:15:00,10.0,10.15,10.0,10.15,297400,DNSE
HSG,15,2026-09-17 09:30:00,10.15,10.2,10.1,10.15,98600,DNSE
HSG,15,2026-09-17 09:45:00,10.15,10.15,10.1,10.1,56400,DNSE
HSG,15,2026-09-17 10:00:00,10.15,10.25,10.1,10.25,184000,DNSE
HSG,15,2026-09-17 10:15:00,10.2,10.3,10.2,10.25,100500,DNSE
HSG,15,2026-09-17 10:30:00,10.25,10.25,10.2,10.25,55500,DNSE
HSG,15,2026-09-17 10:45:00,10.25,10.25,10.2,10.2,45100,DNSE
HSG,15,2026-09-17 11:00:00,10.2,10.25,10.2,10.2,23900,DNSE
HSG,15,2026-09-17 11:15:00,10.2,10.2,10.1,10.15,369100,DNSE
HSG,15,2026-09-17 13:00:00,10.2,10.2,10.15,10.15,57800,DNSE
HSG,15,2026-09-17 13:15:00,10.2,10.2,10.15,10.15,38400,DNSE
HSG,15,2026-09-17 13:30:00,10.15,10.15,10.1,10.15,272800,DNSE
HSG,15,2026-09-17 13:45:00,10.15,10.15,10.1,10.1,227900,DNSE
HSG,15,2026-09-17 14:00:00,10.1,10.15,10.05,10.1,136000,DNSE
HSG,15,2026-09-17 14:15:00,10.15,10.15,10.1,10.1,75900,DNSE
HSG,15,2026-09-17 14:45:00,10.1,10.1,10.1,10.1,61100,DNSE
HSG,15,2026-09-18 09:15:00,10.15,10.3,10.1,10.15,270900,DNSE
HSG,15,2026-09-18 09:30:00,10.15,10.2,10.1,10.2,267800,DNSE
HSG,15,2026-09-18 09:45:00,10.2,10.2,10.15,10.15,31300,DNSE
HSG,15,2026-09-18 10:00:00,10.15,10.2,10.15,10.2,201300,DNSE
HSG,15,2026-09-18 10:15:00,10.2,10.25,10.2,10.25,98900,DNSE
HSG,15,2026-09-18 10:30:00,10.25,10.25,10.2,10.2,35000,DNSE
HSG,15,2026-09-18 10:45:00,10.2,10.25,10.2,10.25,121700,DNSE
HSG,15,2026-09-18 11:00:00,10.2,10.25,10.2,10.25,23200,DNSE
HSG,15,2026-09-18 11:15:00,10.25,10.25,10.2,10.25,8900,DNSE
HSG,15,2026-09-18 13:00:00,10.25,10.25,10.2,10.25,70700,DNSE
HSG,15,2026-09-18 13:15:00,10.25,10.25,10.2,10.25,46900,DNSE
HSG,15,2026-09-18 13:30:00,10.2,10.25,10.2,10.2,28600,DNSE
HSG,15,2026-09-18 13:45:00,10.2,10.25,10.2,10.2,220000,DNSE
HSG,15,2026-09-18 14:00:00,10.15,10.2,10.15,10.15,72700,DNSE
HSG,15,2026-09-18 14:15:00,10.15,10.2,10.15,10.15,81100,DNSE
HSG,15,2026-09-18 14:45:00,10.15,10.15,10.15,10.15,206800,DNSE
HSG,15,2026-09-21 09:15:00,10.25,10.25,10.15,10.2,253700,DNSE
HSG,15,2026-09-21 09:30:00,10.2,10.2,10.15,10.2,39100,DNSE
HSG,15,2026-09-21 09:45:00,10.2,10.2,10.15,10.2,102400,DNSE
HSG,15,2026-09-21 10:00:00,10.2,10.2,10.15,10.2,48400,DNSE
HSG,15,2026-09-21 10:15:00,10.2,10.2,10.15,10.2,38700,DNSE
HSG,15,2026-09-21 10:30:00,10.15,10.2,10.15,10.2,9300,DNSE
HSG,15,2026-09-21 10:45:00,10.2,10.2,10.15,10.2,20600,DNSE
HSG,15,2026-09-21 11:00:00,10.2,10.2,10.15,10.15,58100,DNSE
HSG,15,2026-09-21 11:15:00,10.2,10.2,10.15,10.15,33700,DNSE
HSG,15,2026-09-21 13:00:00,10.15,10.2,10.15,10.15,35000,DNSE
HSG,15,2026-09-21 13:15:00,10.15,10.2,10.1,10.15,419700,DNSE
HSG,15,2026-09-21 13:30:00,10.15,10.15,10.1,10.1,138200,DNSE
HSG,15,2026-09-21 13:45:00,10.15,10.15,10.1,10.15,30700,DNSE
HSG,15,2026-09-21 14:00:00,10.1,10.15,10.1,10.15,58000,DNSE
HSG,15,2026-09-21 14:15:00,10.1,10.15,10.1,10.15,169900,DNSE
HSG,15,2026-09-21 14:45:00,10.1,10.1,10.1,10.1,13600,DNSE
KDH,15,2026-09-14 09:15:00,16.3,16.3,16.1,16.3,260100,DNSE
KDH,15,2026-09-14 09:30:00,16.3,16.3,16.2,16.2,134700,DNSE
KDH,15,2026-09-14 09:45:00,16.2,16.25,16.15,16.2,91000,DNSE
KDH,15,2026-09-14 10:00:00,16.2,16.2,15.95,16.0,643400,DNSE
KDH,15,2026-09-14 10:15:00,16.0,16.0,15.9,16.0,294500,DNSE
KDH,15,2026-09-14 10:30:00,16.0,16.0,15.9,15.95,213000,DNSE
KDH,15,2026-09-14 10:45:00,15.95,16.05,15.9,16.0,417200,DNSE
KDH,15,2026-09-14 11:00:00,16.0,16.0,15.9,15.95,142400,DNSE
KDH,15,2026-09-14 11:15:00,15.9,16.0,15.9,16.0,137100,DNSE
KDH,15,2026-09-14 13:00:00,16.0,16.0,15.9,15.95,155500,DNSE
KDH,15,2026-09-14 13:15:00,15.95,15.95,15.9,15.9,124700,DNSE
KDH,15,2026-09-14 13:30:00,15.9,15.95,15.75,15.75,608100,DNSE
KDH,15,2026-09-14 13:45:00,15.75,15.8,15.6,15.7,659200,DNSE
KDH,15,2026-09-14 14:00:00,15.75,15.75,15.55,15.55,397700,DNSE
KDH,15,2026-09-14 14:15:00,15.55,15.8,15.45,15.75,881300,DNSE
KDH,15,2026-09-14 14:45:00,15.7,15.7,15.7,15.7,295600,DNSE
KDH,15,2026-09-15 09:15:00,15.55,15.85,15.55,15.8,235800,DNSE
KDH,15,2026-09-15 09:30:00,15.75,15.85,15.75,15.8,120400,DNSE
KDH,15,2026-09-15 09:45:00,15.8,15.8,15.7,15.7,162300,DNSE
KDH,15,2026-09-15 10:00:00,15.7,15.75,15.5,15.7,324700,DNSE
KDH,15,2026-09-15 10:15:00,15.65,15.8,15.65,15.75,332400,DNSE
KDH,15,2026-09-15 10:30:00,15.75,15.8,15.7,15.8,92200,DNSE
KDH,15,2026-09-15 10:45:00,15.8,15.8,15.75,15.75,49500,DNSE
KDH,15,2026-09-15 11:00:00,15.75,15.75,15.7,15.75,32800,DNSE
KDH,15,2026-09-15 11:15:00,15.75,15.8,15.7,15.75,118300,DNSE
KDH,15,2026-09-15 13:00:00,15.7,15.8,15.7,15.75,264300,DNSE
KDH,15,2026-09-15 13:15:00,15.7,15.75,15.7,15.75,93200,DNSE
KDH,15,2026-09-15 13:30:00,15.75,15.75,15.7,15.75,89400,DNSE
KDH,15,2026-09-15 13:45:00,15.7,15.75,15.65,15.65,261800,DNSE
KDH,15,2026-09-15 14:00:00,15.65,15.7,15.65,15.7,310100,DNSE
KDH,15,2026-09-15 14:15:00,15.7,15.75,15.65,15.7,271300,DNSE
KDH,15,2026-09-15 14:45:00,15.6,15.6,15.6,15.6,1235800,DNSE
KDH,15,2026-09-16 09:15:00,15.6,15.7,15.6,15.6,85900,DNSE
KDH,15,2026-09-16 09:30:00,15.6,15.7,15.6,15.65,90500,DNSE
KDH,15,2026-09-16 09:45:00,15.65,15.7,15.5,15.55,204500,DNSE
KDH,15,2026-09-16 10:00:00,15.55,15.55,15.5,15.5,155800,DNSE
KDH,15,2026-09-16 10:15:00,15.5,15.6,15.5,15.5,94900,DNSE
KDH,15,2026-09-16 10:30:00,15.5,15.55,15.5,15.5,101000,DNSE
KDH,15,2026-09-16 10:45:00,15.5,15.55,15.45,15.45,101500,DNSE
KDH,15,2026-09-16 11:00:00,15.5,15.55,15.45,15.5,80000,DNSE
KDH,15,2026-09-16 11:15:00,15.5,15.55,15.4,15.55,202700,DNSE
KDH,15,2026-09-16 13:00:00,15.55,15.55,15.4,15.4,127100,DNSE
KDH,15,2026-09-16 13:15:00,15.4,15.45,15.3,15.35,358200,DNSE
KDH,15,2026-09-16 13:30:00,15.35,15.4,15.3,15.4,151800,DNSE
KDH,15,2026-09-16 13:45:00,15.4,15.4,15.25,15.3,411200,DNSE
KDH,15,2026-09-16 14:00:00,15.3,15.4,15.25,15.35,524700,DNSE
KDH,15,2026-09-16 14:15:00,15.3,15.35,15.3,15.35,333800,DNSE
KDH,15,2026-09-16 14:45:00,15.3,15.3,15.3,15.3,1264000,DNSE
KDH,15,2026-09-17 09:15:00,15.2,15.65,15.2,15.55,801400,DNSE
KDH,15,2026-09-17 09:30:00,15.55,15.6,15.4,15.55,452100,DNSE
KDH,15,2026-09-17 09:45:00,15.55,15.7,15.55,15.6,366000,DNSE
KDH,15,2026-09-17 10:00:00,15.6,15.9,15.6,15.85,979400,DNSE
KDH,15,2026-09-17 10:15:00,15.85,16.25,15.85,16.15,779500,DNSE
KDH,15,2026-09-17 10:30:00,16.1,16.15,15.95,16.0,240200,DNSE
KDH,15,2026-09-17 10:45:00,15.95,16.05,15.95,15.95,148100,DNSE
KDH,15,2026-09-17 11:00:00,15.95,16.0,15.9,15.95,148400,DNSE
KDH,15,2026-09-17 11:15:00,15.95,15.95,15.85,15.9,136100,DNSE
KDH,15,2026-09-17 13:00:00,15.85,15.9,15.85,15.9,186500,DNSE
KDH,15,2026-09-17 13:15:00,15.9,15.9,15.75,15.8,352300,DNSE
KDH,15,2026-09-17 13:30:00,15.8,15.85,15.8,15.85,175300,DNSE
KDH,15,2026-09-17 13:45:00,15.85,15.85,15.65,15.7,362900,DNSE
KDH,15,2026-09-17 14:00:00,15.7,15.75,15.65,15.75,184600,DNSE
KDH,15,2026-09-17 14:15:00,15.7,15.8,15.7,15.7,242800,DNSE
KDH,15,2026-09-17 14:45:00,15.6,15.6,15.6,15.6,1235200,DNSE
KDH,15,2026-09-18 09:15:00,15.95,15.95,15.75,15.8,335000,DNSE
KDH,15,2026-09-18 09:30:00,15.75,15.9,15.75,15.85,380400,DNSE
KDH,15,2026-09-18 09:45:00,15.8,15.85,15.8,15.85,33000,DNSE
KDH,15,2026-09-18 10:00:00,15.85,15.95,15.8,15.9,291300,DNSE
KDH,15,2026-09-18 10:15:00,15.9,16.05,15.9,16.05,234900,DNSE
KDH,15,2026-09-18 10:30:00,16.05,16.05,15.95,16.0,128700,DNSE
KDH,15,2026-09-18 10:45:00,16.0,16.1,16.0,16.0,404700,DNSE
KDH,15,2026-09-18 11:00:00,16.0,16.0,15.95,15.95,66700,DNSE
KDH,15,2026-09-18 11:15:00,15.95,16.0,15.85,15.9,108800,DNSE
KDH,15,2026-09-18 13:00:00,15.9,15.95,15.85,15.9,89600,DNSE
KDH,15,2026-09-18 13:15:00,15.9,15.95,15.8,15.85,245000,DNSE
KDH,15,2026-09-18 13:30:00,15.85,15.85,15.8,15.8,195000,DNSE
KDH,15,2026-09-18 13:45:00,15.8,15.95,15.8,15.85,304300,DNSE
KDH,15,2026-09-18 14:00:00,15.85,15.9,15.75,15.75,275300,DNSE
KDH,15,2026-09-18 14:15:00,15.75,15.85,15.75,15.8,528300,DNSE
KDH,15,2026-09-18 14:45:00,15.8,15.8,15.8,15.8,1511600,DNSE
KDH,15,2026-09-21 09:15:00,15.9,16.1,15.9,15.95,157200,DNSE
KDH,15,2026-09-21 09:30:00,15.95,16.2,15.95,16.2,386000,DNSE
KDH,15,2026-09-21 09:45:00,16.15,16.25,16.1,16.2,408400,DNSE
KDH,15,2026-09-21 10:00:00,16.2,16.2,16.1,16.15,123000,DNSE
KDH,15,2026-09-21 10:15:00,16.1,16.15,16.05,16.1,118800,DNSE
KDH,15,2026-09-21 10:30:00,16.1,16.15,16.05,16.1,61100,DNSE
KDH,15,2026-09-21 10:45:00,16.1,16.15,16.05,16.1,79300,DNSE
KDH,15,2026-09-21 11:00:00,16.05,16.1,16.0,16.05,66200,DNSE
KDH,15,2026-09-21 11:15:00,16.0,16.05,16.0,16.05,198700,DNSE
KDH,15,2026-09-21 13:00:00,16.0,16.0,15.9,15.9,466300,DNSE
KDH,15,2026-09-21 13:15:00,15.9,15.95,15.85,15.9,405500,DNSE
KDH,15,2026-09-21 13:30:00,15.9,15.95,15.85,15.85,89500,DNSE
KDH,15,2026-09-21 13:45:00,15.9,15.95,15.8,15.85,268200,DNSE
KDH,15,2026-09-21 14:00:00,15.85,15.9,15.8,15.9,169800,DNSE
KDH,15,2026-09-21 14:15:00,15.85,15.9,15.75,15.8,455000,DNSE
KDH,15,2026-09-21 14:45:00,15.85,15.85,15.85,15.85,815300,DNSE
MBB,15,2026-09-14 09:15:00,19.75,19.8,19.7,19.8,629900,DNSE
MBB,15,2026-09-14 09:30:00,19.8,19.85,19.75,19.8,541600,DNSE
MBB,15,2026-09-14 09:45:00,19.8,19.8,19.75,19.75,724300,DNSE
MBB,15,2026-09-14 10:00:00,19.75,19.8,19.7,19.75,471900,DNSE
MBB,15,2026-09-14 10:15:00,19.8,19.85,19.7,19.85,890600,DNSE
MBB,15,2026-09-14 10:30:00,19.8,19.85,19.8,19.85,445700,DNSE
MBB,15,2026-09-14 10:45:00,19.85,19.9,19.8,19.85,654700,DNSE
MBB,15,2026-09-14 11:00:00,19.9,19.95,19.85,19.95,320200,DNSE
MBB,15,2026-09-14 11:15:00,19.95,19.95,19.85,19.9,466300,DNSE
MBB,15,2026-09-14 13:00:00,19.9,19.95,19.85,19.9,918500,DNSE
MBB,15,2026-09-14 13:15:00,19.85,19.9,19.8,19.8,1213200,DNSE
MBB,15,2026-09-14 13:30:00,19.8,19.85,19.7,19.75,2857800,DNSE
MBB,15,2026-09-14 13:45:00,19.75,19.75,19.7,19.75,909000,DNSE
MBB,15,2026-09-14 14:00:00,19.75,19.75,19.6,19.65,2221900,DNSE
MBB,15,2026-09-14 14:15:00,19.65,19.8,19.65,19.8,2065800,DNSE
MBB,15,2026-09-14 14:45:00,19.7,19.7,19.7,19.7,1014000,DNSE
MBB,15,2026-09-15 09:15:00,19.75,19.85,19.75,19.8,1582500,DNSE
MBB,15,2026-09-15 09:30:00,19.8,19.85,19.75,19.8,1074900,DNSE
MBB,15,2026-09-15 09:45:00,19.8,19.85,19.75,19.8,1159100,DNSE
MBB,15,2026-09-15 10:00:00,19.75,19.95,19.75,19.95,1140800,DNSE
MBB,15,2026-09-15 10:15:00,19.9,20.0,19.9,19.9,919600,DNSE
MBB,15,2026-09-15 10:30:00,19.9,19.95,19.9,19.95,397700,DNSE
MBB,15,2026-09-15 10:45:00,19.95,20.0,19.9,19.95,854900,DNSE
MBB,15,2026-09-15 11:00:00,19.95,19.95,19.9,19.9,502200,DNSE
MBB,15,2026-09-15 11:15:00,19.9,19.95,19.85,19.9,568700,DNSE
MBB,15,2026-09-15 13:00:00,19.9,19.95,19.85,19.9,666800,DNSE
MBB,15,2026-09-15 13:15:00,19.95,19.95,19.9,19.95,607200,DNSE
MBB,15,2026-09-15 13:30:00,19.95,20.0,19.9,19.95,927700,DNSE
MBB,15,2026-09-15 13:45:00,19.95,20.0,19.95,19.95,909700,DNSE
MBB,15,2026-09-15 14:00:00,19.95,20.1,19.95,20.05,1937900,DNSE
MBB,15,2026-09-15 14:15:00,20.1,20.15,20.0,20.1,1974600,DNSE
MBB,15,2026-09-15 14:45:00,20.0,20.0,20.0,20.0,701200,DNSE
MBB,15,2026-09-16 09:15:00,20.05,20.1,20.05,20.1,302300,DNSE
MBB,15,2026-09-16 09:30:00,20.1,20.15,20.05,20.15,344100,DNSE
MBB,15,2026-09-16 09:45:00,20.15,20.15,20.1,20.15,291900,DNSE
MBB,15,2026-09-16 10:00:00,20.15,20.15,20.05,20.1,469300,DNSE
MBB,15,2026-09-16 10:15:00,20.1,20.1,20.05,20.1,323600,DNSE
MBB,15,2026-09-16 10:30:00,20.1,20.1,20.05,20.1,137900,DNSE
MBB,15,2026-09-16 10:45:00,20.1,20.15,20.05,20.1,540400,DNSE
MBB,15,2026-09-16 11:00:00,20.15,20.15,20.05,20.1,123900,DNSE
MBB,15,2026-09-16 11:15:00,20.1,20.1,20.05,20.05,184800,DNSE
MBB,15,2026-09-16 13:00:00,20.05,20.1,20.0,20.05,377800,DNSE
MBB,15,2026-09-16 13:15:00,20.05,20.1,20.0,20.1,328200,DNSE
MBB,15,2026-09-16 13:30:00,20.1,20.1,20.05,20.1,300400,DNSE
MBB,15,2026-09-16 13:45:00,20.1,20.1,20.05,20.1,447400,DNSE
MBB,15,2026-09-16 14:00:00,20.1,20.15,20.05,20.1,1346400,DNSE
MBB,15,2026-09-16 14:15:00,20.15,20.2,20.1,20.2,1276500,DNSE
MBB,15,2026-09-16 14:45:00,20.3,20.3,20.3,20.3,2303700,DNSE
MBB,15,2026-09-17 09:15:00,20.15,20.3,20.1,20.3,827600,DNSE
MBB,15,2026-09-17 09:30:00,20.3,20.3,20.2,20.25,428000,DNSE
MBB,15,2026-09-17 09:45:00,20.25,20.3,20.2,20.3,761700,DNSE
MBB,15,2026-09-17 10:00:00,20.3,20.45,20.3,20.4,976600,DNSE
MBB,15,2026-09-17 10:15:00,20.4,20.45,20.35,20.45,816200,DNSE
MBB,15,2026-09-17 10:30:00,20.45,20.5,20.4,20.45,1024600,DNSE
MBB,15,2026-09-17 10:45:00,20.45,20.5,20.4,20.45,827700,DNSE
MBB,15,2026-09-17 11:00:00,20.45,20.5,20.4,20.45,459000,DNSE
MBB,15,2026-09-17 11:15:00,20.4,20.45,20.4,20.45,370900,DNSE
MBB,15,2026-09-17 13:00:00,20.4,20.5,20.35,20.35,1430800,DNSE
MBB,15,2026-09-17 13:15:00,20.4,20.45,20.35,20.4,842500,DNSE
MBB,15,2026-09-17 13:30:00,20.4,20.45,20.35,20.4,1303700,DNSE
MBB,15,2026-09-17 13:45:00,20.4,20.45,20.4,20.4,840400,DNSE
MBB,15,2026-09-17 14:00:00,20.4,20.45,20.35,20.4,612500,DNSE
MBB,15,2026-09-17 14:15:00,20.4,20.5,20.3,20.45,2093600,DNSE
MBB,15,2026-09-17 14:45:00,20.55,20.55,20.55,20.55,2882400,DNSE
MBB,15,2026-09-18 09:15:00,20.55,20.6,20.55,20.55,773800,DNSE
MBB,15,2026-09-18 09:30:00,20.55,20.6,20.5,20.55,494200,DNSE
MBB,15,2026-09-18 09:45:00,20.55,20.55,20.45,20.5,422500,DNSE
MBB,15,2026-09-18 10:00:00,20.45,20.5,20.45,20.5,348300,DNSE
MBB,15,2026-09-18 10:15:00,20.5,20.55,20.45,20.5,424800,DNSE
MBB,15,2026-09-18 10:30:00,20.55,20.55,20.5,20.55,290800,DNSE
MBB,15,2026-09-18 10:45:00,20.55,20.6,20.5,20.6,520100,DNSE
MBB,15,2026-09-18 11:00:00,20.6,20.6,20.55,20.55,523700,DNSE
MBB,15,2026-09-18 11:15:00,20.6,20.6,20.55,20.55,321200,DNSE
MBB,15,2026-09-18 13:00:00,20.6,20.6,20.5,20.5,909500,DNSE
MBB,15,2026-09-18 13:15:00,20.5,20.55,20.5,20.55,482000,DNSE
MBB,15,2026-09-18 13:30:00,20.5,20.55,20.5,20.5,695100,DNSE
MBB,15,2026-09-18 13:45:00,20.5,20.55,20.45,20.45,572000,DNSE
MBB,15,2026-09-18 14:00:00,20.5,20.5,20.4,20.4,682700,DNSE
MBB,15,2026-09-18 14:15:00,20.4,20.45,20.4,20.45,1171200,DNSE
MBB,15,2026-09-18 14:45:00,19.9,19.9,19.9,19.9,8211800,DNSE
MBB,15,2026-09-21 09:15:00,20.15,20.2,20.05,20.05,1569400,DNSE
MBB,15,2026-09-21 09:30:00,20.1,20.2,20.05,20.15,497200,DNSE
MBB,15,2026-09-21 09:45:00,20.15,20.2,20.1,20.1,414800,DNSE
MBB,15,2026-09-21 10:00:00,20.1,20.2,20.1,20.15,567900,DNSE
MBB,15,2026-09-21 10:15:00,20.1,20.15,20.1,20.1,381200,DNSE
MBB,15,2026-09-21 10:30:00,20.15,20.15,20.1,20.15,106000,DNSE
MBB,15,2026-09-21 10:45:00,20.15,20.15,20.05,20.1,365800,DNSE
MBB,15,2026-09-21 11:00:00,20.1,20.15,20.05,20.05,768400,DNSE
MBB,15,2026-09-21 11:15:00,20.05,20.1,20.0,20.1,418900,DNSE
MBB,15,2026-09-21 13:00:00,20.1,20.1,20.0,20.05,995100,DNSE
MBB,15,2026-09-21 13:15:00,20.0,20.05,19.95,20.0,1275300,DNSE
MBB,15,2026-09-21 13:30:00,19.95,20.0,19.95,19.95,544400,DNSE
MBB,15,2026-09-21 13:45:00,19.95,20.0,19.95,19.95,510200,DNSE
MBB,15,2026-09-21 14:00:00,19.95,20.0,19.9,19.95,1289100,DNSE
MBB,15,2026-09-21 14:15:00,19.95,20.0,19.9,20.0,1315300,DNSE
MBB,15,2026-09-21 14:45:00,20.2,20.2,20.2,20.2,2878400,DNSE
MSN,15,2026-09-14 09:15:00,66.7,66.9,66.5,66.8,196000,DNSE
MSN,15,2026-09-14 09:30:00,66.8,66.9,66.5,66.7,157500,DNSE
MSN,15,2026-09-14 09:45:00,66.7,67.0,66.6,66.6,291900,DNSE
MSN,15,2026-09-14 10:00:00,66.7,66.7,66.4,66.5,165000,DNSE
MSN,15,2026-09-14 10:15:00,66.5,66.8,66.4,66.8,160100,DNSE
MSN,15,2026-09-14 10:30:00,66.7,66.8,66.6,66.6,34500,DNSE
MSN,15,2026-09-14 10:45:00,66.6,66.8,66.6,66.8,47400,DNSE
MSN,15,2026-09-14 11:00:00,66.7,66.8,66.5,66.6,89700,DNSE
MSN,15,2026-09-14 11:15:00,66.6,66.6,66.5,66.5,62600,DNSE
MSN,15,2026-09-14 13:00:00,66.5,66.6,66.4,66.4,197200,DNSE
MSN,15,2026-09-14 13:15:00,66.3,66.4,66.2,66.3,166600,DNSE
MSN,15,2026-09-14 13:30:00,66.4,66.4,65.7,65.7,601900,DNSE
MSN,15,2026-09-14 13:45:00,65.8,66.0,65.5,65.9,355300,DNSE
MSN,15,2026-09-14 14:00:00,65.9,65.9,65.4,65.5,363500,DNSE
MSN,15,2026-09-14 14:15:00,65.5,66.6,65.3,66.5,879700,DNSE
MSN,15,2026-09-14 14:45:00,66.6,66.6,66.6,66.6,481600,DNSE
MSN,15,2026-09-15 09:15:00,66.6,67.0,66.6,66.8,276400,DNSE
MSN,15,2026-09-15 09:30:00,66.8,66.9,66.7,66.8,115500,DNSE
MSN,15,2026-09-15 09:45:00,66.8,66.9,66.4,66.4,194500,DNSE
MSN,15,2026-09-15 10:00:00,66.4,66.8,66.4,66.8,100400,DNSE
MSN,15,2026-09-15 10:15:00,66.7,67.0,66.7,67.0,137800,DNSE
MSN,15,2026-09-15 10:30:00,67.1,67.1,67.0,67.1,87100,DNSE
MSN,15,2026-09-15 10:45:00,67.1,67.1,66.8,66.8,98400,DNSE
MSN,15,2026-09-15 11:00:00,66.9,66.9,66.8,66.9,47800,DNSE
MSN,15,2026-09-15 11:15:00,66.9,67.0,66.8,66.9,54100,DNSE
MSN,15,2026-09-15 13:00:00,66.9,67.0,66.7,66.9,147800,DNSE
MSN,15,2026-09-15 13:15:00,67.0,67.2,66.9,67.2,139400,DNSE
MSN,15,2026-09-15 13:30:00,67.2,67.2,66.9,67.0,98700,DNSE
MSN,15,2026-09-15 13:45:00,66.9,67.3,66.9,67.3,136100,DNSE
MSN,15,2026-09-15 14:00:00,67.3,67.3,67.2,67.3,55000,DNSE
MSN,15,2026-09-15 14:15:00,67.3,67.4,67.2,67.3,192000,DNSE
MSN,15,2026-09-15 14:45:00,67.4,67.4,67.4,67.4,223100,DNSE
MSN,15,2026-09-16 09:15:00,67.4,67.6,67.2,67.3,120700,DNSE
MSN,15,2026-09-16 09:30:00,67.2,67.3,67.1,67.1,32800,DNSE
MSN,15,2026-09-16 09:45:00,67.1,67.2,66.9,67.0,62000,DNSE
MSN,15,2026-09-16 10:00:00,67.0,67.0,66.7,66.9,97900,DNSE
MSN,15,2026-09-16 10:15:00,66.9,67.3,66.8,67.0,169700,DNSE
MSN,15,2026-09-16 10:30:00,67.0,67.0,66.8,66.8,43200,DNSE
MSN,15,2026-09-16 10:45:00,66.8,67.1,66.8,66.9,59500,DNSE
MSN,15,2026-09-16 11:00:00,66.9,67.0,66.8,66.8,52700,DNSE
MSN,15,2026-09-16 11:15:00,66.9,67.0,66.8,67.0,92500,DNSE
MSN,15,2026-09-16 13:00:00,66.9,67.0,66.7,66.9,92300,DNSE
MSN,15,2026-09-16 13:15:00,66.9,67.0,66.7,66.8,86100,DNSE
MSN,15,2026-09-16 13:30:00,66.9,67.0,66.7,66.8,114300,DNSE
MSN,15,2026-09-16 13:45:00,66.8,66.9,66.7,66.9,98100,DNSE
MSN,15,2026-09-16 14:00:00,66.9,67.0,66.7,67.0,250500,DNSE
MSN,15,2026-09-16 14:15:00,67.0,67.5,66.9,67.3,660000,DNSE
MSN,15,2026-09-16 14:45:00,67.4,67.4,67.4,67.4,567800,DNSE
MSN,15,2026-09-17 09:15:00,67.1,67.6,66.9,67.5,205500,DNSE
MSN,15,2026-09-17 09:30:00,67.4,67.5,67.2,67.3,70500,DNSE
MSN,15,2026-09-17 09:45:00,67.3,67.6,67.3,67.5,132600,DNSE
MSN,15,2026-09-17 10:00:00,67.5,67.6,67.5,67.6,79000,DNSE
MSN,15,2026-09-17 10:15:00,67.7,68.2,67.6,68.0,441700,DNSE
MSN,15,2026-09-17 10:30:00,68.0,68.0,67.8,67.9,98300,DNSE
MSN,15,2026-09-17 10:45:00,67.9,68.1,67.8,68.1,144300,DNSE
MSN,15,2026-09-17 11:00:00,68.1,68.2,68.0,68.0,98500,DNSE
MSN,15,2026-09-17 11:15:00,68.1,68.1,67.9,67.9,95100,DNSE
MSN,15,2026-09-17 13:00:00,68.0,68.1,67.9,68.0,186600,DNSE
MSN,15,2026-09-17 13:15:00,68.1,68.1,67.8,67.9,105700,DNSE
MSN,15,2026-09-17 13:30:00,67.9,68.2,67.8,68.1,318100,DNSE
MSN,15,2026-09-17 13:45:00,68.2,68.2,67.7,67.7,203200,DNSE
MSN,15,2026-09-17 14:00:00,67.7,68.0,67.7,68.0,83400,DNSE
MSN,15,2026-09-17 14:15:00,68.0,68.2,67.9,68.2,664300,DNSE
MSN,15,2026-09-17 14:45:00,67.7,67.7,67.7,67.7,373200,DNSE
MSN,15,2026-09-18 09:15:00,68.2,68.7,68.2,68.5,267900,DNSE
MSN,15,2026-09-18 09:30:00,68.5,68.6,68.4,68.4,74600,DNSE
MSN,15,2026-09-18 09:45:00,68.4,69.3,68.4,69.2,622000,DNSE
MSN,15,2026-09-18 10:00:00,69.1,69.3,69.0,69.2,285500,DNSE
MSN,15,2026-09-18 10:15:00,69.2,69.5,69.2,69.2,356300,DNSE
MSN,15,2026-09-18 10:30:00,69.4,69.4,68.9,69.1,293900,DNSE
MSN,15,2026-09-18 10:45:00,69.1,69.3,69.0,69.1,173700,DNSE
MSN,15,2026-09-18 11:00:00,69.1,69.4,69.0,69.3,333000,DNSE
MSN,15,2026-09-18 11:15:00,69.3,69.4,69.1,69.2,122600,DNSE
MSN,15,2026-09-18 13:00:00,69.2,69.3,69.0,69.0,185700,DNSE
MSN,15,2026-09-18 13:15:00,69.1,69.2,69.0,69.1,364500,DNSE
MSN,15,2026-09-18 13:30:00,69.0,69.1,68.9,68.9,305800,DNSE
MSN,15,2026-09-18 13:45:00,68.9,69.0,68.8,68.9,101200,DNSE
MSN,15,2026-09-18 14:00:00,68.9,69.0,68.8,68.8,344300,DNSE
MSN,15,2026-09-18 14:15:00,68.8,68.9,68.6,68.9,333900,DNSE
MSN,15,2026-09-18 14:45:00,68.4,68.4,68.4,68.4,3319900,DNSE
MSN,15,2026-09-21 09:15:00,69.2,69.3,68.5,68.5,259900,DNSE
MSN,15,2026-09-21 09:30:00,68.5,68.6,68.3,68.5,159400,DNSE
MSN,15,2026-09-21 09:45:00,68.5,68.8,68.3,68.4,312400,DNSE
MSN,15,2026-09-21 10:00:00,68.4,68.6,68.4,68.4,118100,DNSE
MSN,15,2026-09-21 10:15:00,68.4,68.8,68.3,68.6,248000,DNSE
MSN,15,2026-09-21 10:30:00,68.6,68.6,68.4,68.4,62400,DNSE
MSN,15,2026-09-21 10:45:00,68.4,68.6,68.4,68.5,56500,DNSE
MSN,15,2026-09-21 11:00:00,68.5,68.6,68.3,68.3,122400,DNSE
MSN,15,2026-09-21 11:15:00,68.3,68.4,68.3,68.3,64200,DNSE
MSN,15,2026-09-21 13:00:00,68.3,68.4,68.0,68.0,242000,DNSE
MSN,15,2026-09-21 13:15:00,68.0,68.0,67.7,68.0,240600,DNSE
MSN,15,2026-09-21 13:30:00,67.9,68.0,67.6,67.7,188900,DNSE
MSN,15,2026-09-21 13:45:00,67.7,67.8,67.5,67.6,287800,DNSE
MSN,15,2026-09-21 14:00:00,67.5,67.8,67.4,67.6,260200,DNSE
MSN,15,2026-09-21 14:15:00,67.6,68.3,67.1,67.7,612400,DNSE
MSN,15,2026-09-21 14:45:00,67.7,67.7,67.7,67.7,396700,DNSE
MWG,15,2026-09-14 09:15:00,71.3,71.4,71.3,71.4,74800,DNSE
MWG,15,2026-09-14 09:30:00,71.4,71.5,71.2,71.2,52200,DNSE
MWG,15,2026-09-14 09:45:00,71.2,71.4,71.2,71.3,81500,DNSE
MWG,15,2026-09-14 10:00:00,71.3,71.3,71.0,71.1,160600,DNSE
MWG,15,2026-09-14 10:15:00,71.1,71.1,70.8,70.9,137200,DNSE
MWG,15,2026-09-14 10:30:00,70.9,71.0,70.8,70.9,119500,DNSE
MWG,15,2026-09-14 10:45:00,70.9,71.0,70.8,70.9,105200,DNSE
MWG,15,2026-09-14 11:00:00,70.9,71.0,70.6,70.7,108400,DNSE
MWG,15,2026-09-14 11:15:00,70.6,70.8,70.6,70.7,37800,DNSE
MWG,15,2026-09-14 13:00:00,70.7,70.8,70.5,70.5,116900,DNSE
MWG,15,2026-09-14 13:15:00,70.6,70.7,70.5,70.5,78800,DNSE
MWG,15,2026-09-14 13:30:00,70.6,70.7,69.5,69.7,447400,DNSE
MWG,15,2026-09-14 13:45:00,69.7,70.0,69.5,69.8,324800,DNSE
MWG,15,2026-09-14 14:00:00,69.8,70.0,68.6,68.7,487800,DNSE
MWG,15,2026-09-14 14:15:00,68.7,70.8,68.7,70.6,556900,DNSE
MWG,15,2026-09-14 14:45:00,69.8,69.8,69.8,69.8,356700,DNSE
MWG,15,2026-09-15 09:15:00,69.8,70.5,69.8,70.1,154000,DNSE
MWG,15,2026-09-15 09:30:00,70.1,70.3,69.9,70.0,130000,DNSE
MWG,15,2026-09-15 09:45:00,70.1,70.2,69.8,70.0,157500,DNSE
MWG,15,2026-09-15 10:00:00,69.9,70.5,69.8,70.4,117200,DNSE
MWG,15,2026-09-15 10:15:00,70.4,70.5,70.3,70.3,64000,DNSE
MWG,15,2026-09-15 10:30:00,70.4,70.4,70.3,70.3,43100,DNSE
MWG,15,2026-09-15 10:45:00,70.3,70.4,70.1,70.1,150000,DNSE
MWG,15,2026-09-15 11:00:00,70.1,70.3,70.1,70.3,56600,DNSE
MWG,15,2026-09-15 11:15:00,70.3,70.3,70.1,70.3,33800,DNSE
MWG,15,2026-09-15 13:00:00,70.3,70.4,70.1,70.4,93200,DNSE
MWG,15,2026-09-15 13:15:00,70.2,70.5,70.2,70.3,82500,DNSE
MWG,15,2026-09-15 13:30:00,70.3,70.3,70.1,70.1,112600,DNSE
MWG,15,2026-09-15 13:45:00,70.1,70.5,70.1,70.4,113100,DNSE
MWG,15,2026-09-15 14:00:00,70.4,70.8,70.3,70.6,101900,DNSE
MWG,15,2026-09-15 14:15:00,70.6,70.8,70.3,70.7,114200,DNSE
MWG,15,2026-09-15 14:45:00,71.2,71.2,71.2,71.2,369400,DNSE
MWG,15,2026-09-16 09:15:00,71.0,71.4,70.9,71.0,113000,DNSE
MWG,15,2026-09-16 09:30:00,71.1,71.2,71.0,71.1,18000,DNSE
MWG,15,2026-09-16 09:45:00,71.1,71.2,70.9,70.9,50000,DNSE
MWG,15,2026-09-16 10:00:00,70.9,71.0,70.4,70.4,104900,DNSE
MWG,15,2026-09-16 10:15:00,70.4,70.8,70.3,70.8,130900,DNSE
MWG,15,2026-09-16 10:30:00,70.8,70.8,70.6,70.7,56500,DNSE
MWG,15,2026-09-16 10:45:00,70.6,70.9,70.6,70.7,64000,DNSE
MWG,15,2026-09-16 11:00:00,70.7,70.8,70.6,70.6,52200,DNSE
MWG,15,2026-09-16 11:15:00,70.6,70.8,70.5,70.8,65800,DNSE
MWG,15,2026-09-16 13:00:00,70.7,70.8,70.6,70.7,58500,DNSE
MWG,15,2026-09-16 13:15:00,70.6,70.7,70.5,70.7,91000,DNSE
MWG,15,2026-09-16 13:30:00,70.6,70.7,70.4,70.6,113200,DNSE
MWG,15,2026-09-16 13:45:00,70.6,70.6,70.3,70.5,117100,DNSE
MWG,15,2026-09-16 14:00:00,70.4,71.0,70.4,71.0,163400,DNSE
MWG,15,2026-09-16 14:15:00,70.9,71.6,70.6,71.5,475800,DNSE
MWG,15,2026-09-16 14:45:00,71.5,71.5,71.5,71.5,343400,DNSE
MWG,15,2026-09-17 09:15:00,71.0,71.7,70.8,71.6,181300,DNSE
MWG,15,2026-09-17 09:30:00,71.6,72.0,71.6,71.9,186500,DNSE
MWG,15,2026-09-17 09:45:00,71.9,72.2,71.7,71.8,235000,DNSE
MWG,15,2026-09-17 10:00:00,71.8,72.1,71.7,72.1,100700,DNSE
MWG,15,2026-09-17 10:15:00,72.0,72.7,72.0,72.5,195500,DNSE
MWG,15,2026-09-17 10:30:00,72.5,72.6,72.4,72.4,107400,DNSE
MWG,15,2026-09-17 10:45:00,72.4,72.4,72.1,72.3,150000,DNSE
MWG,15,2026-09-17 11:00:00,72.3,72.6,72.2,72.5,102600,DNSE
MWG,15,2026-09-17 11:15:00,72.5,72.8,72.5,72.7,173000,DNSE
MWG,15,2026-09-17 13:00:00,72.6,73.5,72.6,72.8,596100,DNSE
MWG,15,2026-09-17 13:15:00,72.9,72.9,72.6,72.9,139300,DNSE
MWG,15,2026-09-17 13:30:00,72.9,73.3,72.8,73.1,363200,DNSE
MWG,15,2026-09-17 13:45:00,73.1,73.2,72.8,72.8,210800,DNSE
MWG,15,2026-09-17 14:00:00,72.8,73.0,72.8,72.9,161600,DNSE
MWG,15,2026-09-17 14:15:00,72.9,73.4,72.9,73.4,618000,DNSE
MWG,15,2026-09-17 14:45:00,73.1,73.1,73.1,73.1,558900,DNSE
MWG,15,2026-09-18 09:15:00,73.1,73.5,73.1,73.2,65700,DNSE
MWG,15,2026-09-18 09:30:00,73.2,73.2,73.0,73.2,39600,DNSE
MWG,15,2026-09-18 09:45:00,73.2,73.2,72.9,73.0,43200,DNSE
MWG,15,2026-09-18 10:00:00,73.0,73.1,72.9,73.1,63500,DNSE
MWG,15,2026-09-18 10:15:00,73.1,73.3,73.1,73.3,143200,DNSE
MWG,15,2026-09-18 10:30:00,73.2,73.3,73.1,73.1,96900,DNSE
MWG,15,2026-09-18 10:45:00,73.2,73.3,73.1,73.3,66500,DNSE
MWG,15,2026-09-18 11:00:00,73.3,73.3,73.1,73.1,64700,DNSE
MWG,15,2026-09-18 11:15:00,73.2,73.2,73.1,73.1,47800,DNSE
MWG,15,2026-09-18 13:00:00,73.1,73.1,73.0,73.1,33800,DNSE
MWG,15,2026-09-18 13:15:00,73.1,73.1,72.8,72.8,192500,DNSE
MWG,15,2026-09-18 13:30:00,72.8,73.0,72.8,72.8,174300,DNSE
MWG,15,2026-09-18 13:45:00,72.8,73.0,72.8,72.8,144100,DNSE
MWG,15,2026-09-18 14:00:00,72.8,72.9,72.5,72.5,205600,DNSE
MWG,15,2026-09-18 14:15:00,72.5,72.7,72.4,72.7,199000,DNSE
MWG,15,2026-09-18 14:45:00,72.5,72.5,72.5,72.5,328600,DNSE
MWG,15,2026-09-21 09:15:00,72.5,72.5,72.1,72.1,77600,DNSE
MWG,15,2026-09-21 09:30:00,72.1,72.3,71.9,71.9,120900,DNSE
MWG,15,2026-09-21 09:45:00,71.9,72.0,71.5,71.7,219700,DNSE
MWG,15,2026-09-21 10:00:00,71.7,71.9,71.6,71.6,40900,DNSE
MWG,15,2026-09-21 10:15:00,71.6,71.7,71.6,71.6,68800,DNSE
MWG,15,2026-09-21 10:30:00,71.6,71.9,71.6,71.8,28700,DNSE
MWG,15,2026-09-21 10:45:00,71.8,71.9,71.7,71.8,33700,DNSE
MWG,15,2026-09-21 11:00:00,71.8,71.9,71.6,71.7,69100,DNSE
MWG,15,2026-09-21 11:15:00,71.7,71.8,71.6,71.7,34000,DNSE
MWG,15,2026-09-21 13:00:00,71.7,71.8,71.6,71.6,72600,DNSE
MWG,15,2026-09-21 13:15:00,71.6,71.7,71.5,71.6,126300,DNSE
MWG,15,2026-09-21 13:30:00,71.6,71.8,71.5,71.6,191800,DNSE
MWG,15,2026-09-21 13:45:00,71.7,71.7,71.2,71.2,185300,DNSE
MWG,15,2026-09-21 14:00:00,71.2,71.6,71.1,71.3,142200,DNSE
MWG,15,2026-09-21 14:15:00,71.3,71.7,71.0,71.7,384200,DNSE
MWG,15,2026-09-21 14:45:00,71.7,71.7,71.7,71.7,458600,DNSE
NKG,15,2026-09-14 09:15:00,10.2,10.3,10.2,10.25,63000,DNSE
NKG,15,2026-09-14 09:30:00,10.25,10.25,10.2,10.25,56800,DNSE
NKG,15,2026-09-14 09:45:00,10.25,10.25,10.1,10.15,164500,DNSE
NKG,15,2026-09-14 10:00:00,10.15,10.2,10.05,10.1,134100,DNSE
NKG,15,2026-09-14 10:15:00,10.1,10.15,10.05,10.15,142700,DNSE
NKG,15,2026-09-14 10:30:00,10.15,10.15,10.1,10.1,65800,DNSE
NKG,15,2026-09-14 10:45:00,10.15,10.15,10.1,10.15,49300,DNSE
NKG,15,2026-09-14 11:00:00,10.1,10.2,10.1,10.15,44400,DNSE
NKG,15,2026-09-14 11:15:00,10.15,10.15,10.1,10.15,25400,DNSE
NKG,15,2026-09-14 13:00:00,10.15,10.2,10.1,10.15,62500,DNSE
NKG,15,2026-09-14 13:15:00,10.15,10.15,10.1,10.15,73700,DNSE
NKG,15,2026-09-14 13:30:00,10.15,10.15,10.05,10.05,234900,DNSE
NKG,15,2026-09-14 13:45:00,10.05,10.1,10.0,10.05,337500,DNSE
NKG,15,2026-09-14 14:00:00,10.05,10.1,9.99,10.0,368600,DNSE
NKG,15,2026-09-14 14:15:00,10.0,10.1,9.98,10.1,423800,DNSE
NKG,15,2026-09-14 14:45:00,10.1,10.1,10.1,10.1,32800,DNSE
NKG,15,2026-09-15 09:15:00,10.0,10.2,10.0,10.15,107700,DNSE
NKG,15,2026-09-15 09:30:00,10.1,10.3,10.1,10.25,109900,DNSE
NKG,15,2026-09-15 09:45:00,10.25,10.25,10.2,10.2,99600,DNSE
NKG,15,2026-09-15 10:00:00,10.2,10.25,10.2,10.2,60700,DNSE
NKG,15,2026-09-15 10:15:00,10.25,10.25,10.2,10.25,59300,DNSE
NKG,15,2026-09-15 10:30:00,10.25,10.25,10.2,10.25,295700,DNSE
NKG,15,2026-09-15 10:45:00,10.25,10.25,10.15,10.15,29700,DNSE
NKG,15,2026-09-15 11:00:00,10.2,10.2,10.15,10.2,6700,DNSE
NKG,15,2026-09-15 11:15:00,10.2,10.2,10.15,10.15,92600,DNSE
NKG,15,2026-09-15 13:00:00,10.15,10.2,10.15,10.15,39000,DNSE
NKG,15,2026-09-15 13:15:00,10.15,10.2,10.1,10.1,421900,DNSE
NKG,15,2026-09-15 13:30:00,10.1,10.1,10.0,10.05,369000,DNSE
NKG,15,2026-09-15 13:45:00,10.1,10.1,10.0,10.05,347100,DNSE
NKG,15,2026-09-15 14:00:00,10.1,10.15,10.05,10.15,59300,DNSE
NKG,15,2026-09-15 14:15:00,10.1,10.2,10.1,10.15,51900,DNSE
NKG,15,2026-09-15 14:45:00,10.1,10.1,10.1,10.1,60800,DNSE
NKG,15,2026-09-16 09:15:00,9.92,10.2,9.92,10.0,335500,DNSE
NKG,15,2026-09-16 09:30:00,10.0,10.05,10.0,10.05,78800,DNSE
NKG,15,2026-09-16 09:45:00,10.05,10.05,10.0,10.05,52000,DNSE
NKG,15,2026-09-16 10:00:00,10.05,10.05,10.0,10.0,40400,DNSE
NKG,15,2026-09-16 10:15:00,10.05,10.05,10.0,10.0,29800,DNSE
NKG,15,2026-09-16 10:30:00,10.0,10.05,10.0,10.05,17400,DNSE
NKG,15,2026-09-16 10:45:00,10.05,10.05,9.99,10.05,72900,DNSE
NKG,15,2026-09-16 11:00:00,10.0,10.0,9.99,10.0,54800,DNSE
NKG,15,2026-09-16 11:15:00,10.0,10.05,9.99,10.0,60000,DNSE
NKG,15,2026-09-16 13:00:00,10.0,10.05,10.0,10.0,47700,DNSE
NKG,15,2026-09-16 13:15:00,10.0,10.0,9.99,10.0,94300,DNSE
NKG,15,2026-09-16 13:30:00,10.0,10.05,9.97,9.97,83400,DNSE
NKG,15,2026-09-16 13:45:00,9.98,10.0,9.98,9.99,103900,DNSE
NKG,15,2026-09-16 14:00:00,9.99,10.0,9.97,9.99,126500,DNSE
NKG,15,2026-09-16 14:15:00,10.0,10.0,9.98,9.98,204800,DNSE
NKG,15,2026-09-16 14:45:00,9.98,9.98,9.98,9.98,63900,DNSE
NKG,15,2026-09-17 09:15:00,9.96,10.05,9.96,10.05,221100,DNSE
NKG,15,2026-09-17 09:30:00,10.05,10.05,10.0,10.05,44300,DNSE
NKG,15,2026-09-17 09:45:00,10.05,10.15,10.05,10.1,109600,DNSE
NKG,15,2026-09-17 10:00:00,10.1,10.15,10.1,10.15,127700,DNSE
NKG,15,2026-09-17 10:15:00,10.15,10.25,10.15,10.2,159100,DNSE
NKG,15,2026-09-17 10:30:00,10.25,10.25,10.15,10.15,41500,DNSE
NKG,15,2026-09-17 10:45:00,10.15,10.15,10.1,10.1,69800,DNSE
NKG,15,2026-09-17 11:00:00,10.1,10.15,10.1,10.1,17600,DNSE
NKG,15,2026-09-17 11:15:00,10.15,10.15,10.1,10.15,13500,DNSE
NKG,15,2026-09-17 13:00:00,10.15,10.2,10.1,10.2,91700,DNSE
NKG,15,2026-09-17 13:15:00,10.2,10.2,10.1,10.1,29600,DNSE
NKG,15,2026-09-17 13:30:00,10.1,10.15,10.1,10.15,9900,DNSE
NKG,15,2026-09-17 13:45:00,10.15,10.15,10.05,10.05,134800,DNSE
NKG,15,2026-09-17 14:00:00,10.05,10.1,10.0,10.05,133200,DNSE
NKG,15,2026-09-17 14:15:00,10.05,10.05,10.0,10.05,225600,DNSE
NKG,15,2026-09-17 14:45:00,10.0,10.0,10.0,10.0,50100,DNSE
NKG,15,2026-09-18 09:15:00,10.1,10.15,10.1,10.15,52600,DNSE
NKG,15,2026-09-18 09:30:00,10.15,10.15,10.1,10.1,42400,DNSE
NKG,15,2026-09-18 09:45:00,10.1,10.1,10.05,10.1,18300,DNSE
NKG,15,2026-09-18 10:00:00,10.1,10.15,10.1,10.1,22800,DNSE
NKG,15,2026-09-18 10:15:00,10.15,10.15,10.1,10.1,65400,DNSE
NKG,15,2026-09-18 10:30:00,10.1,10.15,10.05,10.1,80700,DNSE
NKG,15,2026-09-18 10:45:00,10.1,10.1,10.05,10.05,117100,DNSE
NKG,15,2026-09-18 11:00:00,10.15,10.15,10.1,10.1,38200,DNSE
NKG,15,2026-09-18 11:15:00,10.1,10.15,10.1,10.1,41800,DNSE
NKG,15,2026-09-18 13:00:00,10.1,10.1,10.05,10.05,83300,DNSE
NKG,15,2026-09-18 13:15:00,10.05,10.1,10.05,10.1,32200,DNSE
NKG,15,2026-09-18 13:30:00,10.1,10.1,10.0,10.05,212600,DNSE
NKG,15,2026-09-18 13:45:00,10.05,10.1,10.0,10.05,152700,DNSE
NKG,15,2026-09-18 14:00:00,10.0,10.05,10.0,10.0,134900,DNSE
NKG,15,2026-09-18 14:15:00,10.0,10.05,10.0,10.0,179100,DNSE
NKG,15,2026-09-18 14:45:00,9.89,9.89,9.89,9.89,915000,DNSE
NKG,15,2026-09-21 09:15:00,9.99,10.1,9.98,10.0,278800,DNSE
NKG,15,2026-09-21 09:30:00,10.05,10.05,9.99,10.0,56300,DNSE
NKG,15,2026-09-21 09:45:00,10.0,10.05,10.0,10.0,49700,DNSE
NKG,15,2026-09-21 10:00:00,10.05,10.05,10.0,10.0,40200,DNSE
NKG,15,2026-09-21 10:15:00,10.0,10.05,9.99,10.0,40700,DNSE
NKG,15,2026-09-21 10:30:00,10.0,10.05,10.0,10.0,19000,DNSE
NKG,15,2026-09-21 10:45:00,10.0,10.0,10.0,10.0,65500,DNSE
NKG,15,2026-09-21 11:00:00,9.99,10.0,9.97,9.97,82100,DNSE
NKG,15,2026-09-21 11:15:00,9.98,10.0,9.98,10.0,30300,DNSE
NKG,15,2026-09-21 13:00:00,10.0,10.0,9.97,9.98,95000,DNSE
NKG,15,2026-09-21 13:15:00,9.98,9.98,9.96,9.97,65000,DNSE
NKG,15,2026-09-21 13:30:00,9.97,9.97,9.96,9.97,36500,DNSE
NKG,15,2026-09-21 13:45:00,9.96,9.98,9.94,9.94,120800,DNSE
NKG,15,2026-09-21 14:00:00,9.95,9.97,9.91,9.94,112600,DNSE
NKG,15,2026-09-21 14:15:00,9.94,9.96,9.9,9.94,122900,DNSE
NKG,15,2026-09-21 14:45:00,9.98,9.98,9.98,9.98,54800,DNSE
NLG,15,2026-09-14 09:15:00,24.2,24.5,24.2,24.4,59100,DNSE
NLG,15,2026-09-14 09:30:00,24.4,24.45,24.35,24.35,63100,DNSE
NLG,15,2026-09-14 09:45:00,24.35,24.4,24.2,24.3,238400,DNSE
NLG,15,2026-09-14 10:00:00,24.25,24.3,24.2,24.2,128700,DNSE
NLG,15,2026-09-14 10:15:00,24.2,24.25,24.15,24.2,158800,DNSE
NLG,15,2026-09-14 10:30:00,24.2,24.3,24.15,24.25,138500,DNSE
NLG,15,2026-09-14 10:45:00,24.25,24.25,24.15,24.25,214900,DNSE
NLG,15,2026-09-14 11:00:00,24.2,24.25,24.0,24.05,401300,DNSE
NLG,15,2026-09-14 11:15:00,24.05,24.1,24.0,24.0,143400,DNSE
NLG,15,2026-09-14 13:00:00,24.05,24.1,23.95,24.0,199700,DNSE
NLG,15,2026-09-14 13:15:00,24.0,24.1,24.0,24.05,57000,DNSE
NLG,15,2026-09-14 13:30:00,24.05,24.1,24.0,24.0,123400,DNSE
NLG,15,2026-09-14 13:45:00,24.0,24.05,23.9,24.0,329900,DNSE
NLG,15,2026-09-14 14:00:00,24.0,24.05,23.9,24.0,202600,DNSE
NLG,15,2026-09-14 14:15:00,23.95,24.05,23.9,24.0,207500,DNSE
NLG,15,2026-09-14 14:45:00,23.75,23.75,23.75,23.75,244600,DNSE
NLG,15,2026-09-15 09:15:00,23.7,24.1,23.7,24.0,35300,DNSE
NLG,15,2026-09-15 09:30:00,24.05,24.05,24.0,24.05,28500,DNSE
NLG,15,2026-09-15 09:45:00,24.0,24.0,23.9,23.9,28100,DNSE
NLG,15,2026-09-15 10:00:00,23.9,23.95,23.85,23.9,22000,DNSE
NLG,15,2026-09-15 10:15:00,23.9,23.95,23.9,23.9,67100,DNSE
NLG,15,2026-09-15 10:30:00,23.9,23.9,23.85,23.85,26400,DNSE
NLG,15,2026-09-15 10:45:00,23.85,23.9,23.8,23.8,47600,DNSE
NLG,15,2026-09-15 11:00:00,23.85,23.85,23.8,23.8,87900,DNSE
NLG,15,2026-09-15 11:15:00,23.8,23.8,23.75,23.75,120700,DNSE
NLG,15,2026-09-15 13:00:00,23.75,23.8,23.7,23.75,121600,DNSE
NLG,15,2026-09-15 13:15:00,23.75,23.8,23.7,23.8,137100,DNSE
NLG,15,2026-09-15 13:30:00,23.8,23.8,23.7,23.7,62500,DNSE
NLG,15,2026-09-15 13:45:00,23.75,23.8,23.75,23.8,135900,DNSE
NLG,15,2026-09-15 14:00:00,23.8,23.85,23.75,23.85,200400,DNSE
NLG,15,2026-09-15 14:15:00,23.85,24.05,23.85,23.95,203200,DNSE
NLG,15,2026-09-15 14:45:00,23.85,23.85,23.85,23.85,60500,DNSE
NLG,15,2026-09-16 09:15:00,23.85,24.0,23.85,23.95,3700,DNSE
NLG,15,2026-09-16 09:30:00,23.9,23.9,23.85,23.85,13800,DNSE
NLG,15,2026-09-16 09:45:00,23.85,23.85,23.85,23.85,2300,DNSE
NLG,15,2026-09-16 10:00:00,23.85,23.85,23.5,23.55,163100,DNSE
NLG,15,2026-09-16 10:15:00,23.55,23.75,23.5,23.7,78200,DNSE
NLG,15,2026-09-16 10:30:00,23.65,23.65,23.6,23.6,17400,DNSE
NLG,15,2026-09-16 10:45:00,23.6,23.7,23.6,23.7,9500,DNSE
NLG,15,2026-09-16 11:00:00,23.65,23.7,23.65,23.7,2300,DNSE
NLG,15,2026-09-16 11:15:00,23.7,23.85,23.65,23.8,37500,DNSE
NLG,15,2026-09-16 13:00:00,23.75,23.8,23.6,23.65,31300,DNSE
NLG,15,2026-09-16 13:15:00,23.65,23.8,23.65,23.7,40400,DNSE
NLG,15,2026-09-16 13:30:00,23.7,23.8,23.7,23.75,22800,DNSE
NLG,15,2026-09-16 13:45:00,23.75,23.8,23.7,23.75,150600,DNSE
NLG,15,2026-09-16 14:00:00,23.75,23.8,23.75,23.75,49800,DNSE
NLG,15,2026-09-16 14:15:00,23.75,23.85,23.75,23.8,130800,DNSE
NLG,15,2026-09-16 14:45:00,23.7,23.7,23.7,23.7,54100,DNSE
NLG,15,2026-09-17 09:15:00,23.5,23.95,23.5,23.9,57900,DNSE
NLG,15,2026-09-17 09:30:00,23.9,23.95,23.85,23.85,67300,DNSE
NLG,15,2026-09-17 09:45:00,23.9,23.95,23.9,23.95,33800,DNSE
NLG,15,2026-09-17 10:00:00,23.95,24.1,23.95,24.05,187700,DNSE
NLG,15,2026-09-17 10:15:00,24.1,24.25,24.05,24.2,152200,DNSE
NLG,15,2026-09-17 10:30:00,24.2,24.2,24.05,24.05,96600,DNSE
NLG,15,2026-09-17 10:45:00,24.05,24.1,24.05,24.1,30700,DNSE
NLG,15,2026-09-17 11:00:00,24.1,24.1,24.05,24.05,23700,DNSE
NLG,15,2026-09-17 11:15:00,24.05,24.05,24.0,24.05,29400,DNSE
NLG,15,2026-09-17 13:00:00,24.0,24.05,24.0,24.0,109500,DNSE
NLG,15,2026-09-17 13:15:00,24.0,24.0,23.9,23.9,95400,DNSE
NLG,15,2026-09-17 13:30:00,23.9,23.95,23.85,23.95,179000,DNSE
NLG,15,2026-09-17 13:45:00,23.95,23.95,23.85,23.85,99100,DNSE
NLG,15,2026-09-17 14:00:00,23.85,23.9,23.75,23.8,126500,DNSE
NLG,15,2026-09-17 14:15:00,23.75,23.9,23.75,23.85,126700,DNSE
NLG,15,2026-09-17 14:45:00,23.75,23.75,23.75,23.75,76200,DNSE
NLG,15,2026-09-18 09:15:00,23.95,24.15,23.95,24.1,31800,DNSE
NLG,15,2026-09-18 09:30:00,24.1,24.1,24.05,24.05,7700,DNSE
NLG,15,2026-09-18 09:45:00,24.05,24.05,23.95,24.0,99000,DNSE
NLG,15,2026-09-18 10:00:00,24.0,24.05,24.0,24.0,38800,DNSE
NLG,15,2026-09-18 10:15:00,24.05,24.1,24.05,24.1,78400,DNSE
NLG,15,2026-09-18 10:30:00,24.1,24.2,24.1,24.2,94800,DNSE
NLG,15,2026-09-18 10:45:00,24.2,24.3,24.15,24.3,93200,DNSE
NLG,15,2026-09-18 11:00:00,24.3,24.3,24.25,24.25,3900,DNSE
NLG,15,2026-09-18 11:15:00,24.25,24.3,24.25,24.25,33000,DNSE
NLG,15,2026-09-18 13:00:00,24.25,24.3,24.2,24.2,55300,DNSE
NLG,15,2026-09-18 13:15:00,24.2,24.3,24.2,24.25,94400,DNSE
NLG,15,2026-09-18 13:30:00,24.25,24.25,24.15,24.15,118800,DNSE
NLG,15,2026-09-18 13:45:00,24.15,24.2,24.15,24.2,17600,DNSE
NLG,15,2026-09-18 14:00:00,24.2,24.2,24.15,24.15,52600,DNSE
NLG,15,2026-09-18 14:15:00,24.15,24.2,24.1,24.15,142500,DNSE
NLG,15,2026-09-18 14:45:00,24.1,24.1,24.1,24.1,16500,DNSE
NLG,15,2026-09-21 09:15:00,24.2,24.2,24.0,24.2,18200,DNSE
NLG,15,2026-09-21 09:30:00,24.2,24.5,24.15,24.45,99500,DNSE
NLG,15,2026-09-21 09:45:00,24.45,24.45,24.25,24.3,30200,DNSE
NLG,15,2026-09-21 10:00:00,24.3,24.35,24.25,24.3,16100,DNSE
NLG,15,2026-09-21 10:15:00,24.3,24.35,24.25,24.35,21000,DNSE
NLG,15,2026-09-21 10:30:00,24.35,24.35,24.3,24.35,22100,DNSE
NLG,15,2026-09-21 10:45:00,24.35,24.4,24.3,24.35,55600,DNSE
NLG,15,2026-09-21 11:00:00,24.35,24.35,24.25,24.25,63900,DNSE
NLG,15,2026-09-21 11:15:00,24.25,24.3,24.25,24.3,49500,DNSE
NLG,15,2026-09-21 13:00:00,24.25,24.3,24.2,24.25,74200,DNSE
NLG,15,2026-09-21 13:15:00,24.2,24.25,24.0,24.15,187500,DNSE
NLG,15,2026-09-21 13:30:00,24.15,24.2,24.15,24.2,27400,DNSE
NLG,15,2026-09-21 13:45:00,24.2,24.2,24.1,24.15,33500,DNSE
NLG,15,2026-09-21 14:00:00,24.1,24.15,24.1,24.1,45300,DNSE
NLG,15,2026-09-21 14:15:00,24.1,24.2,24.1,24.15,138300,DNSE
NLG,15,2026-09-21 14:45:00,24.1,24.1,24.1,24.1,43600,DNSE
PLX,15,2026-09-14 09:15:00,35.2,35.7,35.2,35.6,210600,DNSE
PLX,15,2026-09-14 09:30:00,35.7,35.8,35.5,35.8,259100,DNSE
PLX,15,2026-09-14 09:45:00,35.8,35.95,35.55,35.65,773700,DNSE
PLX,15,2026-09-14 10:00:00,35.7,35.95,35.6,35.6,372100,DNSE
PLX,15,2026-09-14 10:15:00,35.6,35.7,35.55,35.65,135700,DNSE
PLX,15,2026-09-14 10:30:00,35.65,35.7,35.6,35.65,52500,DNSE
PLX,15,2026-09-14 10:45:00,35.6,35.6,35.5,35.5,126100,DNSE
PLX,15,2026-09-14 11:00:00,35.55,35.55,35.4,35.4,81600,DNSE
PLX,15,2026-09-14 11:15:00,35.4,35.45,35.35,35.4,118600,DNSE
PLX,15,2026-09-14 13:00:00,35.4,35.45,35.3,35.4,203400,DNSE
PLX,15,2026-09-14 13:15:00,35.4,35.4,35.2,35.25,274900,DNSE
PLX,15,2026-09-14 13:30:00,35.25,35.25,35.2,35.2,338400,DNSE
PLX,15,2026-09-14 13:45:00,35.2,35.2,34.85,35.0,522800,DNSE
PLX,15,2026-09-14 14:00:00,35.0,35.25,35.0,35.05,217000,DNSE
PLX,15,2026-09-14 14:15:00,35.1,35.35,35.0,35.3,356200,DNSE
PLX,15,2026-09-14 14:45:00,35.25,35.25,35.25,35.25,140300,DNSE
PLX,15,2026-09-15 09:15:00,35.4,35.55,35.3,35.3,232700,DNSE
PLX,15,2026-09-15 09:30:00,35.35,35.8,35.3,35.55,754700,DNSE
PLX,15,2026-09-15 09:45:00,35.55,35.6,35.45,35.6,340100,DNSE
PLX,15,2026-09-15 10:00:00,35.6,35.8,35.6,35.65,576700,DNSE
PLX,15,2026-09-15 10:15:00,35.7,35.7,35.6,35.6,151900,DNSE
PLX,15,2026-09-15 10:30:00,35.6,35.6,35.5,35.5,243800,DNSE
PLX,15,2026-09-15 10:45:00,35.55,35.55,35.45,35.5,308500,DNSE
PLX,15,2026-09-15 11:00:00,35.5,35.5,35.45,35.45,90800,DNSE
PLX,15,2026-09-15 11:15:00,35.45,36.35,35.45,36.35,1071300,DNSE
PLX,15,2026-09-15 13:00:00,36.3,36.65,36.1,36.5,1526800,DNSE
PLX,15,2026-09-15 13:15:00,36.5,37.35,36.5,36.9,1905700,DNSE
PLX,15,2026-09-15 13:30:00,36.9,37.0,36.7,36.75,586200,DNSE
PLX,15,2026-09-15 13:45:00,36.7,37.5,36.7,37.15,1636400,DNSE
PLX,15,2026-09-15 14:00:00,37.15,37.5,37.05,37.4,997200,DNSE
PLX,15,2026-09-15 14:15:00,37.4,37.4,37.2,37.25,589600,DNSE
PLX,15,2026-09-15 14:45:00,37.35,37.35,37.35,37.35,231600,DNSE
PLX,15,2026-09-16 09:15:00,37.55,37.95,37.5,37.85,874200,DNSE
PLX,15,2026-09-16 09:30:00,37.85,38.2,37.85,38.0,1345400,DNSE
PLX,15,2026-09-16 09:45:00,38.0,38.7,37.95,38.45,1539300,DNSE
PLX,15,2026-09-16 10:00:00,38.45,39.5,38.4,39.2,2352100,DNSE
PLX,15,2026-09-16 10:15:00,39.15,39.2,38.75,38.85,739500,DNSE
PLX,15,2026-09-16 10:30:00,38.85,38.9,38.45,38.45,449200,DNSE
PLX,15,2026-09-16 10:45:00,38.4,38.75,38.4,38.65,315000,DNSE
PLX,15,2026-09-16 11:00:00,38.65,38.8,38.65,38.75,259600,DNSE
PLX,15,2026-09-16 11:15:00,38.75,38.8,38.5,38.5,245400,DNSE
PLX,15,2026-09-16 13:00:00,38.5,38.7,38.3,38.6,672500,DNSE
PLX,15,2026-09-16 13:15:00,38.55,38.6,38.25,38.4,711800,DNSE
PLX,15,2026-09-16 13:30:00,38.4,38.45,38.2,38.3,367900,DNSE
PLX,15,2026-09-16 13:45:00,38.3,38.45,38.15,38.45,640000,DNSE
PLX,15,2026-09-16 14:00:00,38.4,38.5,38.4,38.5,414600,DNSE
PLX,15,2026-09-16 14:15:00,38.45,38.5,38.25,38.25,652800,DNSE
PLX,15,2026-09-16 14:45:00,38.2,38.2,38.2,38.2,165900,DNSE
PLX,15,2026-09-17 09:15:00,38.0,38.5,38.0,38.35,750000,DNSE
PLX,15,2026-09-17 09:30:00,38.35,38.35,38.0,38.15,233300,DNSE
PLX,15,2026-09-17 09:45:00,38.1,38.35,38.1,38.35,211800,DNSE
PLX,15,2026-09-17 10:00:00,38.35,38.45,38.15,38.2,192200,DNSE
PLX,15,2026-09-17 10:15:00,38.2,38.2,37.9,37.9,383400,DNSE
PLX,15,2026-09-17 10:30:00,37.9,38.0,37.8,37.85,199500,DNSE
PLX,15,2026-09-17 10:45:00,37.85,37.95,37.85,37.9,51900,DNSE
PLX,15,2026-09-17 11:00:00,37.85,37.9,37.75,37.8,164000,DNSE
PLX,15,2026-09-17 11:15:00,37.8,37.8,37.6,37.65,210200,DNSE
PLX,15,2026-09-17 13:00:00,37.65,37.9,37.5,37.9,951000,DNSE
PLX,15,2026-09-17 13:15:00,37.9,38.35,37.85,37.9,606100,DNSE
PLX,15,2026-09-17 13:30:00,37.9,38.05,37.8,37.8,364800,DNSE
PLX,15,2026-09-17 13:45:00,37.8,37.8,37.5,37.6,646200,DNSE
PLX,15,2026-09-17 14:00:00,37.6,37.7,37.4,37.4,786700,DNSE
PLX,15,2026-09-17 14:15:00,37.4,37.95,37.35,37.75,698500,DNSE
PLX,15,2026-09-17 14:45:00,37.8,37.8,37.8,37.8,193600,DNSE
PLX,15,2026-09-18 09:15:00,38.0,38.05,37.45,37.55,229400,DNSE
PLX,15,2026-09-18 09:30:00,37.55,37.75,37.5,37.65,146200,DNSE
PLX,15,2026-09-18 09:45:00,37.6,37.6,37.5,37.55,165100,DNSE
PLX,15,2026-09-18 10:00:00,37.55,37.55,37.35,37.35,403000,DNSE
PLX,15,2026-09-18 10:15:00,37.35,37.6,37.35,37.45,174100,DNSE
PLX,15,2026-09-18 10:30:00,37.5,37.5,37.4,37.45,148800,DNSE
PLX,15,2026-09-18 10:45:00,37.5,37.5,37.05,37.25,576700,DNSE
PLX,15,2026-09-18 11:00:00,37.2,37.35,37.2,37.3,105000,DNSE
PLX,15,2026-09-18 11:15:00,37.3,37.35,37.25,37.3,108500,DNSE
PLX,15,2026-09-18 13:00:00,37.25,37.3,37.1,37.3,721700,DNSE
PLX,15,2026-09-18 13:15:00,37.25,37.45,37.2,37.3,319400,DNSE
PLX,15,2026-09-18 13:30:00,37.3,37.3,37.25,37.3,102400,DNSE
PLX,15,2026-09-18 13:45:00,37.25,37.3,37.15,37.15,228800,DNSE
PLX,15,2026-09-18 14:00:00,37.15,37.15,36.8,36.9,1181700,DNSE
PLX,15,2026-09-18 14:15:00,36.9,37.7,36.9,37.55,613500,DNSE
PLX,15,2026-09-18 14:45:00,37.4,37.4,37.4,37.4,267500,DNSE
PLX,15,2026-09-21 09:15:00,37.1,37.4,36.95,37.15,411500,DNSE
PLX,15,2026-09-21 09:30:00,37.25,37.55,37.1,37.4,192500,DNSE
PLX,15,2026-09-21 09:45:00,37.4,37.4,37.2,37.2,216000,DNSE
PLX,15,2026-09-21 10:00:00,37.2,37.3,37.2,37.25,62700,DNSE
PLX,15,2026-09-21 10:15:00,37.25,37.3,37.25,37.3,48200,DNSE
PLX,15,2026-09-21 10:30:00,37.3,37.3,37.2,37.25,72500,DNSE
PLX,15,2026-09-21 10:45:00,37.25,37.6,37.2,37.5,304500,DNSE
PLX,15,2026-09-21 11:00:00,37.55,37.55,37.4,37.4,272100,DNSE
PLX,15,2026-09-21 11:15:00,37.4,37.55,37.4,37.5,99300,DNSE
PLX,15,2026-09-21 13:00:00,37.5,37.6,37.3,37.55,419600,DNSE
PLX,15,2026-09-21 13:15:00,37.55,37.8,37.45,37.5,623300,DNSE
PLX,15,2026-09-21 13:30:00,37.5,37.5,37.15,37.25,327200,DNSE
PLX,15,2026-09-21 13:45:00,37.25,37.4,36.9,37.05,585700,DNSE
PLX,15,2026-09-21 14:00:00,37.05,37.4,36.95,37.2,277300,DNSE
PLX,15,2026-09-21 14:15:00,37.25,37.3,36.85,37.0,630200,DNSE
PLX,15,2026-09-21 14:45:00,36.85,36.85,36.85,36.85,298500,DNSE
PNJ,15,2026-09-14 09:15:00,37.45,37.5,37.15,37.2,319900,DNSE
PNJ,15,2026-09-14 09:30:00,37.15,37.3,37.1,37.25,303600,DNSE
PNJ,15,2026-09-14 09:45:00,37.25,37.25,36.95,36.95,306600,DNSE
PNJ,15,2026-09-14 10:00:00,36.95,36.95,36.3,36.6,524800,DNSE
PNJ,15,2026-09-14 10:15:00,36.6,36.85,36.4,36.75,446200,DNSE
PNJ,15,2026-09-14 10:30:00,36.75,37.0,36.55,36.55,213300,DNSE
PNJ,15,2026-09-14 10:45:00,36.55,36.7,36.55,36.7,162300,DNSE
PNJ,15,2026-09-14 11:00:00,36.65,36.75,36.65,36.65,83200,DNSE
PNJ,15,2026-09-14 11:15:00,36.65,36.75,36.5,36.55,205100,DNSE
PNJ,15,2026-09-14 13:00:00,36.55,36.55,36.3,36.35,426100,DNSE
PNJ,15,2026-09-14 13:15:00,36.35,36.45,36.25,36.35,477700,DNSE
PNJ,15,2026-09-14 13:30:00,36.35,36.45,36.15,36.25,485700,DNSE
PNJ,15,2026-09-14 13:45:00,36.25,36.35,35.95,36.15,718900,DNSE
PNJ,15,2026-09-14 14:00:00,36.1,36.2,36.0,36.05,344600,DNSE
PNJ,15,2026-09-14 14:15:00,36.05,36.45,35.0,36.05,1305000,DNSE
PNJ,15,2026-09-14 14:45:00,35.9,35.9,35.9,35.9,92200,DNSE
PNJ,15,2026-09-15 09:15:00,35.55,37.0,35.55,36.7,357000,DNSE
PNJ,15,2026-09-15 09:30:00,36.7,37.3,36.7,37.05,466700,DNSE
PNJ,15,2026-09-15 09:45:00,37.05,37.1,36.75,36.85,287800,DNSE
PNJ,15,2026-09-15 10:00:00,36.8,37.0,36.65,36.9,167900,DNSE
PNJ,15,2026-09-15 10:15:00,36.9,36.95,36.75,36.75,91200,DNSE
PNJ,15,2026-09-15 10:30:00,36.75,36.8,36.65,36.7,95500,DNSE
PNJ,15,2026-09-15 10:45:00,36.7,36.9,36.6,36.9,166000,DNSE
PNJ,15,2026-09-15 11:00:00,36.9,36.9,36.7,36.8,70000,DNSE
PNJ,15,2026-09-15 11:15:00,36.8,36.8,36.7,36.75,80400,DNSE
PNJ,15,2026-09-15 13:00:00,36.7,36.8,36.7,36.75,101000,DNSE
PNJ,15,2026-09-15 13:15:00,36.7,36.9,36.7,36.85,179600,DNSE
PNJ,15,2026-09-15 13:30:00,36.9,36.9,36.8,36.9,63600,DNSE
PNJ,15,2026-09-15 13:45:00,36.85,37.2,36.85,37.1,299400,DNSE
PNJ,15,2026-09-15 14:00:00,37.05,37.2,37.0,37.15,225200,DNSE
PNJ,15,2026-09-15 14:15:00,37.2,37.55,37.15,37.5,546200,DNSE
PNJ,15,2026-09-15 14:45:00,37.2,37.2,37.2,37.2,233200,DNSE
PNJ,15,2026-09-16 09:15:00,37.55,37.55,37.35,37.4,256600,DNSE
PNJ,15,2026-09-16 09:30:00,37.45,37.5,37.4,37.45,248600,DNSE
PNJ,15,2026-09-16 09:45:00,37.45,37.45,36.9,36.95,187300,DNSE
PNJ,15,2026-09-16 10:00:00,37.0,37.0,36.6,36.65,217300,DNSE
PNJ,15,2026-09-16 10:15:00,36.65,36.75,36.55,36.65,250100,DNSE
PNJ,15,2026-09-16 10:30:00,36.65,36.8,36.55,36.8,115100,DNSE
PNJ,15,2026-09-16 10:45:00,36.8,37.0,36.8,36.9,46600,DNSE
PNJ,15,2026-09-16 11:00:00,36.9,36.9,36.75,36.8,22300,DNSE
PNJ,15,2026-09-16 11:15:00,36.85,36.9,36.8,36.9,35700,DNSE
PNJ,15,2026-09-16 13:00:00,36.9,36.9,36.7,36.75,139900,DNSE
PNJ,15,2026-09-16 13:15:00,36.8,36.9,36.7,36.85,92000,DNSE
PNJ,15,2026-09-16 13:30:00,36.9,36.9,36.8,36.85,69700,DNSE
PNJ,15,2026-09-16 13:45:00,36.85,36.85,36.75,36.8,94000,DNSE
PNJ,15,2026-09-16 14:00:00,36.75,36.9,36.5,36.7,412200,DNSE
PNJ,15,2026-09-16 14:15:00,36.7,36.95,36.65,36.8,91600,DNSE
PNJ,15,2026-09-16 14:45:00,36.75,36.75,36.75,36.75,49600,DNSE
PNJ,15,2026-09-17 09:15:00,36.9,36.95,36.55,36.7,153500,DNSE
PNJ,15,2026-09-17 09:30:00,36.75,36.75,36.5,36.5,118300,DNSE
PNJ,15,2026-09-17 09:45:00,36.5,36.65,36.4,36.65,73600,DNSE
PNJ,15,2026-09-17 10:00:00,36.65,36.65,36.55,36.55,73200,DNSE
PNJ,15,2026-09-17 10:15:00,36.55,36.65,36.5,36.6,201800,DNSE
PNJ,15,2026-09-17 10:30:00,36.6,36.65,36.55,36.6,105100,DNSE
PNJ,15,2026-09-17 10:45:00,36.6,36.65,36.55,36.6,87200,DNSE
PNJ,15,2026-09-17 11:00:00,36.6,36.65,36.55,36.65,122200,DNSE
PNJ,15,2026-09-17 11:15:00,36.6,36.6,36.55,36.6,76200,DNSE
PNJ,15,2026-09-17 13:00:00,36.55,36.6,36.4,36.45,368600,DNSE
PNJ,15,2026-09-17 13:15:00,36.4,36.45,36.35,36.45,118100,DNSE
PNJ,15,2026-09-17 13:30:00,36.45,36.5,36.4,36.45,45800,DNSE
PNJ,15,2026-09-17 13:45:00,36.45,36.5,36.25,36.25,325800,DNSE
PNJ,15,2026-09-17 14:00:00,36.2,36.25,36.05,36.25,350300,DNSE
PNJ,15,2026-09-17 14:15:00,36.25,36.45,36.2,36.4,245500,DNSE
PNJ,15,2026-09-17 14:45:00,36.75,36.75,36.75,36.75,445600,DNSE
PNJ,15,2026-09-18 09:15:00,36.6,36.8,36.25,36.25,235700,DNSE
PNJ,15,2026-09-18 09:30:00,36.25,36.4,36.25,36.35,125400,DNSE
PNJ,15,2026-09-18 09:45:00,36.35,36.4,36.3,36.35,83100,DNSE
PNJ,15,2026-09-18 10:00:00,36.35,36.35,36.3,36.35,117100,DNSE
PNJ,15,2026-09-18 10:15:00,36.3,36.45,36.3,36.35,157100,DNSE
PNJ,15,2026-09-18 10:30:00,36.4,38.05,36.35,37.65,862400,DNSE
PNJ,15,2026-09-18 10:45:00,37.65,37.65,36.95,37.05,1283000,DNSE
PNJ,15,2026-09-18 11:00:00,37.05,37.3,37.0,37.3,828600,DNSE
PNJ,15,2026-09-18 11:15:00,37.3,37.3,37.2,37.25,132900,DNSE
PNJ,15,2026-09-18 13:00:00,37.25,37.4,37.2,37.35,457200,DNSE
PNJ,15,2026-09-18 13:15:00,37.35,37.4,37.3,37.35,319800,DNSE
PNJ,15,2026-09-18 13:30:00,37.3,37.4,36.95,36.95,625900,DNSE
PNJ,15,2026-09-18 13:45:00,37.0,37.0,36.95,36.95,202200,DNSE
PNJ,15,2026-09-18 14:00:00,36.95,37.0,36.85,36.85,263000,DNSE
PNJ,15,2026-09-18 14:15:00,36.9,37.0,36.8,36.95,397800,DNSE
PNJ,15,2026-09-18 14:45:00,36.75,36.75,36.75,36.75,265900,DNSE
PNJ,15,2026-09-21 09:15:00,37.0,37.0,36.8,36.9,197800,DNSE
PNJ,15,2026-09-21 09:30:00,36.9,36.95,36.9,36.95,40000,DNSE
PNJ,15,2026-09-21 09:45:00,36.9,36.95,36.8,36.9,79300,DNSE
PNJ,15,2026-09-21 10:00:00,36.9,36.9,36.75,36.8,100000,DNSE
PNJ,15,2026-09-21 10:15:00,36.85,36.85,36.75,36.8,85300,DNSE
PNJ,15,2026-09-21 10:30:00,36.8,36.85,36.75,36.85,110000,DNSE
PNJ,15,2026-09-21 10:45:00,36.85,36.9,36.75,36.85,102700,DNSE
PNJ,15,2026-09-21 11:00:00,36.9,36.9,36.85,36.9,76700,DNSE
PNJ,15,2026-09-21 11:15:00,36.9,36.9,36.8,36.9,61800,DNSE
PNJ,15,2026-09-21 13:00:00,36.9,36.9,36.75,36.8,131400,DNSE
PNJ,15,2026-09-21 13:15:00,36.8,36.8,36.7,36.75,138300,DNSE
PNJ,15,2026-09-21 13:30:00,36.7,36.75,36.65,36.65,127400,DNSE
PNJ,15,2026-09-21 13:45:00,36.7,36.75,36.65,36.65,89500,DNSE
PNJ,15,2026-09-21 14:00:00,36.7,36.75,36.6,36.75,158400,DNSE
PNJ,15,2026-09-21 14:15:00,36.75,36.85,36.7,36.85,191300,DNSE
PNJ,15,2026-09-21 14:45:00,36.9,36.9,36.9,36.9,64400,DNSE
POW,15,2026-09-14 09:15:00,12.6,12.75,12.55,12.6,594100,DNSE
POW,15,2026-09-14 09:30:00,12.6,12.65,12.5,12.55,265500,DNSE
POW,15,2026-09-14 09:45:00,12.55,12.6,12.5,12.5,287700,DNSE
POW,15,2026-09-14 10:00:00,12.5,12.55,12.45,12.5,770600,DNSE
POW,15,2026-09-14 10:15:00,12.5,12.55,12.35,12.45,835900,DNSE
POW,15,2026-09-14 10:30:00,12.5,12.5,12.45,12.5,161800,DNSE
POW,15,2026-09-14 10:45:00,12.45,12.5,12.45,12.5,448300,DNSE
POW,15,2026-09-14 11:00:00,12.5,12.5,12.45,12.45,173100,DNSE
POW,15,2026-09-14 11:15:00,12.45,12.5,12.45,12.5,136200,DNSE
POW,15,2026-09-14 13:00:00,12.5,12.5,12.4,12.4,452700,DNSE
POW,15,2026-09-14 13:15:00,12.45,12.45,12.35,12.35,619800,DNSE
POW,15,2026-09-14 13:30:00,12.35,12.4,12.15,12.15,1501500,DNSE
POW,15,2026-09-14 13:45:00,12.2,12.25,12.05,12.2,2037400,DNSE
POW,15,2026-09-14 14:00:00,12.2,12.25,12.1,12.15,775500,DNSE
POW,15,2026-09-14 14:15:00,12.15,12.45,12.05,12.4,2496500,DNSE
POW,15,2026-09-14 14:45:00,12.4,12.4,12.4,12.4,788900,DNSE
POW,15,2026-09-15 09:15:00,12.45,12.5,12.4,12.4,162700,DNSE
POW,15,2026-09-15 09:30:00,12.4,12.45,12.4,12.4,270100,DNSE
POW,15,2026-09-15 09:45:00,12.4,12.45,12.3,12.35,125600,DNSE
POW,15,2026-09-15 10:00:00,12.3,12.4,12.3,12.35,162400,DNSE
POW,15,2026-09-15 10:15:00,12.35,12.45,12.35,12.4,163400,DNSE
POW,15,2026-09-15 10:30:00,12.4,12.4,12.35,12.35,80900,DNSE
POW,15,2026-09-15 10:45:00,12.35,12.4,12.3,12.35,122000,DNSE
POW,15,2026-09-15 11:00:00,12.35,12.35,12.3,12.35,371900,DNSE
POW,15,2026-09-15 11:15:00,12.3,12.35,12.3,12.3,109100,DNSE
POW,15,2026-09-15 13:00:00,12.3,12.35,12.3,12.3,152900,DNSE
POW,15,2026-09-15 13:15:00,12.3,12.4,12.3,12.35,461400,DNSE
POW,15,2026-09-15 13:30:00,12.35,12.45,12.35,12.35,349200,DNSE
POW,15,2026-09-15 13:45:00,12.35,12.45,12.35,12.45,538300,DNSE
POW,15,2026-09-15 14:00:00,12.4,12.45,12.35,12.45,363600,DNSE
POW,15,2026-09-15 14:15:00,12.45,12.5,12.4,12.5,635500,DNSE
POW,15,2026-09-15 14:45:00,12.45,12.45,12.45,12.45,401900,DNSE
POW,15,2026-09-16 09:15:00,12.5,12.55,12.45,12.5,291100,DNSE
POW,15,2026-09-16 09:30:00,12.5,12.55,12.45,12.55,153000,DNSE
POW,15,2026-09-16 09:45:00,12.55,12.6,12.5,12.55,370100,DNSE
POW,15,2026-09-16 10:00:00,12.55,12.6,12.5,12.55,319700,DNSE
POW,15,2026-09-16 10:15:00,12.55,12.6,12.5,12.6,253400,DNSE
POW,15,2026-09-16 10:30:00,12.6,12.7,12.55,12.7,1025600,DNSE
POW,15,2026-09-16 10:45:00,12.7,12.7,12.6,12.6,148100,DNSE
POW,15,2026-09-16 11:00:00,12.65,12.7,12.65,12.7,365200,DNSE
POW,15,2026-09-16 11:15:00,12.65,12.7,12.65,12.7,343300,DNSE
POW,15,2026-09-16 13:00:00,12.7,12.75,12.6,12.7,1232300,DNSE
POW,15,2026-09-16 13:15:00,12.7,12.75,12.65,12.7,369000,DNSE
POW,15,2026-09-16 13:30:00,12.7,12.75,12.65,12.7,957700,DNSE
POW,15,2026-09-16 13:45:00,12.7,12.75,12.65,12.75,222000,DNSE
POW,15,2026-09-16 14:00:00,12.75,12.75,12.7,12.75,332500,DNSE
POW,15,2026-09-16 14:15:00,12.75,12.75,12.7,12.7,583800,DNSE
POW,15,2026-09-16 14:45:00,12.65,12.65,12.65,12.65,421200,DNSE
POW,15,2026-09-17 09:15:00,12.65,12.7,12.65,12.65,324000,DNSE
POW,15,2026-09-17 09:30:00,12.7,12.7,12.65,12.65,205900,DNSE
POW,15,2026-09-17 09:45:00,12.65,12.75,12.65,12.7,535200,DNSE
POW,15,2026-09-17 10:00:00,12.75,12.75,12.7,12.7,242400,DNSE
POW,15,2026-09-17 10:15:00,12.65,12.75,12.65,12.7,244500,DNSE
POW,15,2026-09-17 10:30:00,12.7,12.7,12.65,12.65,125700,DNSE
POW,15,2026-09-17 10:45:00,12.65,12.7,12.65,12.65,77300,DNSE
POW,15,2026-09-17 11:00:00,12.65,12.7,12.6,12.6,211800,DNSE
POW,15,2026-09-17 11:15:00,12.65,12.65,12.6,12.65,88000,DNSE
POW,15,2026-09-17 13:00:00,12.6,12.65,12.55,12.6,373400,DNSE
POW,15,2026-09-17 13:15:00,12.6,12.65,12.6,12.65,157100,DNSE
POW,15,2026-09-17 13:30:00,12.65,12.7,12.6,12.7,375100,DNSE
POW,15,2026-09-17 13:45:00,12.7,12.7,12.6,12.6,400800,DNSE
POW,15,2026-09-17 14:00:00,12.6,12.65,12.6,12.6,297000,DNSE
POW,15,2026-09-17 14:15:00,12.6,12.65,12.6,12.6,158800,DNSE
POW,15,2026-09-17 14:45:00,12.6,12.6,12.6,12.6,500800,DNSE
POW,15,2026-09-18 09:15:00,12.7,12.7,12.65,12.7,165300,DNSE
POW,15,2026-09-18 09:30:00,12.7,12.7,12.6,12.6,70000,DNSE
POW,15,2026-09-18 09:45:00,12.6,12.7,12.6,12.7,655700,DNSE
POW,15,2026-09-18 10:00:00,12.7,12.75,12.65,12.7,87600,DNSE
POW,15,2026-09-18 10:15:00,12.7,12.75,12.65,12.7,194800,DNSE
POW,15,2026-09-18 10:30:00,12.7,12.7,12.65,12.7,234400,DNSE
POW,15,2026-09-18 10:45:00,12.7,12.7,12.65,12.65,128200,DNSE
POW,15,2026-09-18 11:00:00,12.65,12.7,12.65,12.65,221000,DNSE
POW,15,2026-09-18 11:15:00,12.65,12.7,12.65,12.7,56600,DNSE
POW,15,2026-09-18 13:00:00,12.65,12.7,12.6,12.65,303700,DNSE
POW,15,2026-09-18 13:15:00,12.6,12.7,12.6,12.65,303200,DNSE
POW,15,2026-09-18 13:30:00,12.65,12.7,12.6,12.6,155900,DNSE
POW,15,2026-09-18 13:45:00,12.65,12.65,12.6,12.65,232000,DNSE
POW,15,2026-09-18 14:00:00,12.65,12.65,12.65,12.65,237000,DNSE
POW,15,2026-09-18 14:15:00,12.65,12.65,12.6,12.6,552000,DNSE
POW,15,2026-09-18 14:45:00,12.6,12.6,12.6,12.6,608400,DNSE
POW,15,2026-09-21 09:15:00,12.65,12.7,12.6,12.6,205600,DNSE
POW,15,2026-09-21 09:30:00,12.6,12.65,12.6,12.6,240900,DNSE
POW,15,2026-09-21 09:45:00,12.6,12.6,12.55,12.6,123800,DNSE
POW,15,2026-09-21 10:00:00,12.6,12.6,12.55,12.6,112100,DNSE
POW,15,2026-09-21 10:15:00,12.6,12.65,12.55,12.65,60500,DNSE
POW,15,2026-09-21 10:30:00,12.65,12.65,12.6,12.65,45000,DNSE
POW,15,2026-09-21 10:45:00,12.65,12.65,12.6,12.65,107200,DNSE
POW,15,2026-09-21 11:00:00,12.65,12.65,12.6,12.6,241800,DNSE
POW,15,2026-09-21 11:15:00,12.6,12.65,12.6,12.6,33400,DNSE
POW,15,2026-09-21 13:00:00,12.6,12.65,12.55,12.55,57600,DNSE
POW,15,2026-09-21 13:15:00,12.6,12.6,12.5,12.55,386900,DNSE
POW,15,2026-09-21 13:30:00,12.55,12.6,12.55,12.55,136900,DNSE
POW,15,2026-09-21 13:45:00,12.55,12.6,12.5,12.5,296300,DNSE
POW,15,2026-09-21 14:00:00,12.55,12.6,12.5,12.55,377400,DNSE
POW,15,2026-09-21 14:15:00,12.55,12.55,12.5,12.55,452100,DNSE
POW,15,2026-09-21 14:45:00,12.55,12.55,12.55,12.55,375400,DNSE
REE,15,2026-09-14 09:15:00,44.95,45.25,44.95,45.25,16400,DNSE
REE,15,2026-09-14 09:30:00,45.25,45.25,45.05,45.1,5700,DNSE
REE,15,2026-09-14 09:45:00,45.1,45.1,45.0,45.0,3800,DNSE
REE,15,2026-09-14 10:00:00,45.0,45.0,44.95,45.0,10500,DNSE
REE,15,2026-09-14 10:15:00,45.0,45.0,44.95,44.95,5800,DNSE
REE,15,2026-09-14 10:30:00,44.95,45.0,44.95,45.0,8100,DNSE
REE,15,2026-09-14 10:45:00,45.0,45.05,45.0,45.0,17700,DNSE
REE,15,2026-09-14 11:00:00,45.0,45.1,45.0,45.1,10800,DNSE
REE,15,2026-09-14 11:15:00,45.1,45.15,45.1,45.1,2300,DNSE
REE,15,2026-09-14 13:00:00,45.15,45.15,45.0,45.15,10000,DNSE
REE,15,2026-09-14 13:15:00,45.05,45.1,45.0,45.1,103300,DNSE
REE,15,2026-09-14 13:30:00,45.05,45.1,44.95,45.0,105300,DNSE
REE,15,2026-09-14 13:45:00,45.0,45.0,44.85,44.9,46200,DNSE
REE,15,2026-09-14 14:00:00,44.9,45.0,44.9,44.95,23900,DNSE
REE,15,2026-09-14 14:15:00,45.0,45.05,44.95,45.0,44400,DNSE
REE,15,2026-09-14 14:45:00,45.0,45.0,45.0,45.0,23000,DNSE
REE,15,2026-09-15 09:15:00,45.25,45.45,45.1,45.2,2900,DNSE
REE,15,2026-09-15 09:30:00,45.1,45.1,45.0,45.0,8600,DNSE
REE,15,2026-09-15 09:45:00,45.0,45.2,45.0,45.2,28900,DNSE
REE,15,2026-09-15 10:00:00,45.1,45.2,45.0,45.2,6900,DNSE
REE,15,2026-09-15 10:15:00,45.2,45.25,45.1,45.25,20900,DNSE
REE,15,2026-09-15 10:30:00,45.3,45.5,45.3,45.3,35800,DNSE
REE,15,2026-09-15 10:45:00,45.3,45.4,45.3,45.3,4300,DNSE
REE,15,2026-09-15 11:00:00,45.3,45.3,45.1,45.15,6000,DNSE
REE,15,2026-09-15 11:15:00,45.1,45.15,45.1,45.15,21100,DNSE
REE,15,2026-09-15 13:00:00,45.2,45.2,45.1,45.15,8200,DNSE
REE,15,2026-09-15 13:15:00,45.15,45.3,45.15,45.2,32200,DNSE
REE,15,2026-09-15 13:30:00,45.2,45.25,45.15,45.15,25700,DNSE
REE,15,2026-09-15 13:45:00,45.15,45.25,45.15,45.2,22800,DNSE
REE,15,2026-09-15 14:00:00,45.2,45.2,45.2,45.2,12100,DNSE
REE,15,2026-09-15 14:15:00,45.2,45.4,45.2,45.3,33700,DNSE
REE,15,2026-09-15 14:45:00,45.3,45.3,45.3,45.3,10800,DNSE
REE,15,2026-09-16 09:15:00,45.0,45.0,44.95,45.0,67800,DNSE
REE,15,2026-09-16 09:30:00,45.0,45.1,45.0,45.1,77100,DNSE
REE,15,2026-09-16 09:45:00,45.1,45.4,45.1,45.4,8700,DNSE
REE,15,2026-09-16 10:00:00,45.4,45.4,45.2,45.2,7000,DNSE
REE,15,2026-09-16 10:15:00,45.25,45.25,45.25,45.25,700,DNSE
REE,15,2026-09-16 10:30:00,45.2,45.2,45.2,45.2,1000,DNSE
REE,15,2026-09-16 10:45:00,45.2,45.2,45.2,45.2,4800,DNSE
REE,15,2026-09-16 11:00:00,45.25,45.25,45.15,45.15,6500,DNSE
REE,15,2026-09-16 11:15:00,45.1,45.15,45.1,45.15,29700,DNSE
REE,15,2026-09-16 13:00:00,45.1,45.15,45.1,45.15,19300,DNSE
REE,15,2026-09-16 13:15:00,45.15,45.15,45.1,45.15,18900,DNSE
REE,15,2026-09-16 13:30:00,45.15,45.2,45.1,45.2,43700,DNSE
REE,15,2026-09-16 13:45:00,45.2,45.35,45.2,45.35,12100,DNSE
REE,15,2026-09-16 14:00:00,45.3,45.35,45.25,45.25,2200,DNSE
REE,15,2026-09-16 14:15:00,45.3,45.3,45.2,45.2,22100,DNSE
REE,15,2026-09-16 14:45:00,45.3,45.3,45.3,45.3,10600,DNSE
REE,15,2026-09-17 09:15:00,45.3,45.3,45.2,45.3,5900,DNSE
REE,15,2026-09-17 09:30:00,45.25,45.35,45.1,45.15,18700,DNSE
REE,15,2026-09-17 09:45:00,45.15,45.35,45.15,45.35,3500,DNSE
REE,15,2026-09-17 10:00:00,45.3,45.35,45.3,45.35,6300,DNSE
REE,15,2026-09-17 10:15:00,45.3,45.45,45.25,45.45,16800,DNSE
REE,15,2026-09-17 10:30:00,45.4,45.4,45.3,45.35,14400,DNSE
REE,15,2026-09-17 10:45:00,45.35,45.4,45.35,45.4,6600,DNSE
REE,15,2026-09-17 11:00:00,45.4,45.45,45.4,45.45,12100,DNSE
REE,15,2026-09-17 11:15:00,45.45,45.45,45.4,45.4,2200,DNSE
REE,15,2026-09-17 13:00:00,45.4,45.4,45.0,45.1,92900,DNSE
REE,15,2026-09-17 13:15:00,45.35,45.35,45.0,45.15,19600,DNSE
REE,15,2026-09-17 13:30:00,45.15,45.3,45.15,45.3,4900,DNSE
REE,15,2026-09-17 13:45:00,45.25,45.3,45.25,45.25,6600,DNSE
REE,15,2026-09-17 14:00:00,45.25,45.3,45.2,45.3,12700,DNSE
REE,15,2026-09-17 14:15:00,45.3,45.3,45.25,45.3,11500,DNSE
REE,15,2026-09-17 14:45:00,45.3,45.3,45.3,45.3,6100,DNSE
REE,15,2026-09-18 09:15:00,45.7,46.35,45.6,46.1,90900,DNSE
REE,15,2026-09-18 09:30:00,46.1,46.15,45.9,46.15,47900,DNSE
REE,15,2026-09-18 09:45:00,46.1,47.3,46.05,47.1,304900,DNSE
REE,15,2026-09-18 10:00:00,47.1,47.1,46.8,46.95,93500,DNSE
REE,15,2026-09-18 10:15:00,46.95,47.0,46.85,46.9,34600,DNSE
REE,15,2026-09-18 10:30:00,46.9,47.05,46.9,47.05,44200,DNSE
REE,15,2026-09-18 10:45:00,47.05,47.1,47.0,47.05,29900,DNSE
REE,15,2026-09-18 11:00:00,47.05,47.05,46.8,46.85,31000,DNSE
REE,15,2026-09-18 11:15:00,46.85,47.0,46.85,46.95,10700,DNSE
REE,15,2026-09-18 13:00:00,46.95,47.0,46.9,46.95,22900,DNSE
REE,15,2026-09-18 13:15:00,46.95,47.0,46.7,46.75,54900,DNSE
REE,15,2026-09-18 13:30:00,46.75,46.75,46.5,46.65,53200,DNSE
REE,15,2026-09-18 13:45:00,46.65,46.75,46.65,46.7,22000,DNSE
REE,15,2026-09-18 14:00:00,46.7,46.7,46.55,46.55,21800,DNSE
REE,15,2026-09-18 14:15:00,46.55,46.8,46.55,46.8,86100,DNSE
REE,15,2026-09-18 14:45:00,47.05,47.05,47.05,47.05,52500,DNSE
REE,15,2026-09-21 09:15:00,47.35,47.35,47.0,47.1,36300,DNSE
REE,15,2026-09-21 09:30:00,47.0,47.15,47.0,47.1,27000,DNSE
REE,15,2026-09-21 09:45:00,47.1,47.15,47.05,47.05,43200,DNSE
REE,15,2026-09-21 10:00:00,47.1,47.15,47.0,47.05,17600,DNSE
REE,15,2026-09-21 10:15:00,47.1,47.1,47.0,47.05,7000,DNSE
REE,15,2026-09-21 10:30:00,47.1,47.1,47.0,47.05,10100,DNSE
REE,15,2026-09-21 10:45:00,47.0,47.05,46.4,46.9,46100,DNSE
REE,15,2026-09-21 11:00:00,46.9,47.0,46.85,47.0,11000,DNSE
REE,15,2026-09-21 11:15:00,47.0,47.0,46.85,46.95,1300,DNSE
REE,15,2026-09-21 13:00:00,46.95,46.95,46.65,46.65,16900,DNSE
REE,15,2026-09-21 13:15:00,46.65,46.7,46.6,46.65,17800,DNSE
REE,15,2026-09-21 13:30:00,46.65,46.7,46.6,46.7,15800,DNSE
REE,15,2026-09-21 13:45:00,46.7,46.8,46.65,46.65,11900,DNSE
REE,15,2026-09-21 14:00:00,46.65,46.75,46.6,46.75,17100,DNSE
REE,15,2026-09-21 14:15:00,46.75,46.8,46.6,46.7,16800,DNSE
REE,15,2026-09-21 14:45:00,46.7,46.7,46.7,46.7,11300,DNSE
SAB,15,2026-09-14 09:15:00,43.85,44.2,43.85,44.2,19500,DNSE
SAB,15,2026-09-14 09:30:00,44.15,44.2,44.0,44.15,16500,DNSE
SAB,15,2026-09-14 09:45:00,44.1,44.2,44.0,44.2,21800,DNSE
SAB,15,2026-09-14 10:00:00,44.15,44.15,44.1,44.15,19100,DNSE
SAB,15,2026-09-14 10:15:00,44.15,44.3,44.15,44.25,18000,DNSE
SAB,15,2026-09-14 10:30:00,44.25,44.3,44.2,44.3,6600,DNSE
SAB,15,2026-09-14 10:45:00,44.3,44.4,44.3,44.35,15800,DNSE
SAB,15,2026-09-14 11:00:00,44.4,44.45,44.35,44.35,13500,DNSE
SAB,15,2026-09-14 11:15:00,44.4,44.4,44.3,44.35,16400,DNSE
SAB,15,2026-09-14 13:00:00,44.4,44.4,44.2,44.2,23800,DNSE
SAB,15,2026-09-14 13:15:00,44.2,44.2,44.1,44.2,27700,DNSE
SAB,15,2026-09-14 13:30:00,44.15,44.2,43.95,44.1,37100,DNSE
SAB,15,2026-09-14 13:45:00,44.05,44.05,43.85,43.95,140800,DNSE
SAB,15,2026-09-14 14:00:00,44.0,44.0,43.85,43.9,65500,DNSE
SAB,15,2026-09-14 14:15:00,43.9,44.6,43.85,44.6,155600,DNSE
SAB,15,2026-09-14 14:45:00,44.75,44.75,44.75,44.75,80100,DNSE
SAB,15,2026-09-15 09:15:00,44.75,45.0,44.7,44.9,69200,DNSE
SAB,15,2026-09-15 09:30:00,44.9,44.9,44.85,44.9,11000,DNSE
SAB,15,2026-09-15 09:45:00,44.9,45.0,44.85,45.0,55200,DNSE
SAB,15,2026-09-15 10:00:00,45.0,45.45,44.95,45.3,166200,DNSE
SAB,15,2026-09-15 10:15:00,45.3,45.3,45.15,45.2,21300,DNSE
SAB,15,2026-09-15 10:30:00,45.2,45.25,45.1,45.1,27100,DNSE
SAB,15,2026-09-15 10:45:00,45.1,45.15,45.0,45.0,21500,DNSE
SAB,15,2026-09-15 11:00:00,45.05,45.05,44.95,45.0,35000,DNSE
SAB,15,2026-09-15 11:15:00,45.05,45.05,45.0,45.05,5600,DNSE
SAB,15,2026-09-15 13:00:00,45.05,45.05,44.9,44.95,55400,DNSE
SAB,15,2026-09-15 13:15:00,44.9,44.95,44.9,44.95,3900,DNSE
SAB,15,2026-09-15 13:30:00,44.95,45.0,44.9,45.0,14700,DNSE
SAB,15,2026-09-15 13:45:00,45.0,45.05,44.95,45.05,30600,DNSE
SAB,15,2026-09-15 14:00:00,45.05,45.1,44.9,45.0,61900,DNSE
SAB,15,2026-09-15 14:15:00,45.0,45.0,44.9,44.9,58200,DNSE
SAB,15,2026-09-15 14:45:00,44.55,44.55,44.55,44.55,73900,DNSE
SAB,15,2026-09-16 09:15:00,44.65,44.65,44.65,44.65,4400,DNSE
SAB,15,2026-09-16 09:30:00,44.75,44.85,44.75,44.8,8500,DNSE
SAB,15,2026-09-16 09:45:00,44.85,44.85,44.8,44.8,4000,DNSE
SAB,15,2026-09-16 10:00:00,44.75,44.75,44.7,44.7,2300,DNSE
SAB,15,2026-09-16 10:15:00,44.7,44.75,44.65,44.75,12700,DNSE
SAB,15,2026-09-16 10:30:00,44.7,44.7,44.7,44.7,3600,DNSE
SAB,15,2026-09-16 10:45:00,44.7,44.75,44.6,44.6,14500,DNSE
SAB,15,2026-09-16 11:00:00,44.65,44.65,44.6,44.6,7400,DNSE
SAB,15,2026-09-16 11:15:00,44.55,44.55,44.5,44.55,10200,DNSE
SAB,15,2026-09-16 13:00:00,44.55,44.55,44.45,44.5,46700,DNSE
SAB,15,2026-09-16 13:15:00,44.5,44.55,44.45,44.55,21400,DNSE
SAB,15,2026-09-16 13:30:00,44.55,44.55,44.4,44.45,11700,DNSE
SAB,15,2026-09-16 13:45:00,44.45,44.5,44.45,44.5,13600,DNSE
SAB,15,2026-09-16 14:00:00,44.5,44.55,44.45,44.55,16500,DNSE
SAB,15,2026-09-16 14:15:00,44.55,44.7,44.55,44.65,50400,DNSE
SAB,15,2026-09-16 14:45:00,44.1,44.1,44.1,44.1,67200,DNSE
SAB,15,2026-09-17 09:15:00,44.1,44.35,44.1,44.35,15100,DNSE
SAB,15,2026-09-17 09:30:00,44.3,44.35,44.3,44.35,9700,DNSE
SAB,15,2026-09-17 09:45:00,44.35,44.5,44.35,44.5,8000,DNSE
SAB,15,2026-09-17 10:00:00,44.45,44.5,44.4,44.4,5900,DNSE
SAB,15,2026-09-17 10:15:00,44.4,44.5,44.35,44.45,22100,DNSE
SAB,15,2026-09-17 10:30:00,44.5,44.5,44.45,44.5,9800,DNSE
SAB,15,2026-09-17 10:45:00,44.45,44.5,44.35,44.5,13800,DNSE
SAB,15,2026-09-17 11:00:00,44.5,44.6,44.45,44.55,9200,DNSE
SAB,15,2026-09-17 11:15:00,44.5,44.5,44.45,44.5,7900,DNSE
SAB,15,2026-09-17 13:00:00,44.5,44.5,44.35,44.5,19000,DNSE
SAB,15,2026-09-17 13:15:00,44.55,44.55,44.35,44.35,21700,DNSE
SAB,15,2026-09-17 13:30:00,44.4,44.45,44.35,44.45,58900,DNSE
SAB,15,2026-09-17 13:45:00,44.4,44.4,44.3,44.35,27300,DNSE
SAB,15,2026-09-17 14:00:00,44.35,44.5,44.35,44.4,16100,DNSE
SAB,15,2026-09-17 14:15:00,44.4,44.6,44.3,44.6,79100,DNSE
SAB,15,2026-09-17 14:45:00,44.3,44.3,44.3,44.3,51300,DNSE
SAB,15,2026-09-18 09:15:00,44.3,44.5,44.3,44.5,9700,DNSE
SAB,15,2026-09-18 09:30:00,44.5,44.5,44.5,44.5,700,DNSE
SAB,15,2026-09-18 09:45:00,44.4,44.5,44.4,44.4,6400,DNSE
SAB,15,2026-09-18 10:00:00,44.4,44.45,44.4,44.4,5700,DNSE
SAB,15,2026-09-18 10:15:00,44.4,45.5,44.4,44.75,72600,DNSE
SAB,15,2026-09-18 10:30:00,44.75,44.75,44.6,44.7,10300,DNSE
SAB,15,2026-09-18 10:45:00,44.7,44.8,44.7,44.7,5500,DNSE
SAB,15,2026-09-18 11:00:00,44.65,44.65,44.6,44.6,12200,DNSE
SAB,15,2026-09-18 11:15:00,44.7,44.8,44.7,44.7,3800,DNSE
SAB,15,2026-09-18 13:00:00,44.7,44.7,44.5,44.6,20400,DNSE
SAB,15,2026-09-18 13:15:00,44.6,44.6,44.4,44.45,12500,DNSE
SAB,15,2026-09-18 13:30:00,44.4,44.5,44.4,44.45,15000,DNSE
SAB,15,2026-09-18 13:45:00,44.5,44.5,44.45,44.45,8500,DNSE
SAB,15,2026-09-18 14:00:00,44.45,44.5,44.45,44.45,21200,DNSE
SAB,15,2026-09-18 14:15:00,44.5,44.5,44.4,44.45,20200,DNSE
SAB,15,2026-09-18 14:45:00,44.3,44.3,44.3,44.3,73100,DNSE
SAB,15,2026-09-21 09:15:00,44.3,44.4,44.3,44.3,24300,DNSE
SAB,15,2026-09-21 09:30:00,44.3,44.35,44.15,44.15,9300,DNSE
SAB,15,2026-09-21 09:45:00,44.15,44.3,44.1,44.15,69900,DNSE
SAB,15,2026-09-21 10:00:00,44.15,44.25,44.15,44.2,9800,DNSE
SAB,15,2026-09-21 10:15:00,44.2,44.25,44.15,44.15,3900,DNSE
SAB,15,2026-09-21 10:30:00,44.2,44.2,44.1,44.1,7300,DNSE
SAB,15,2026-09-21 10:45:00,44.1,44.15,44.1,44.15,26500,DNSE
SAB,15,2026-09-21 11:00:00,44.15,44.2,44.1,44.1,29900,DNSE
SAB,15,2026-09-21 11:15:00,44.15,44.15,44.1,44.15,12500,DNSE
SAB,15,2026-09-21 13:00:00,44.15,44.15,44.05,44.05,33600,DNSE
SAB,15,2026-09-21 13:15:00,44.05,44.1,44.0,44.05,11700,DNSE
SAB,15,2026-09-21 13:30:00,44.05,44.1,43.9,43.95,75900,DNSE
SAB,15,2026-09-21 13:45:00,43.95,44.05,43.95,43.95,55700,DNSE
SAB,15,2026-09-21 14:00:00,43.95,44.0,43.8,43.85,123500,DNSE
SAB,15,2026-09-21 14:15:00,43.85,43.9,43.85,43.85,64300,DNSE
SAB,15,2026-09-21 14:45:00,43.85,43.85,43.85,43.85,42700,DNSE
SSI,15,2026-09-14 09:15:00,20.25,20.4,20.25,20.3,1560600,DNSE
SSI,15,2026-09-14 09:30:00,20.35,20.4,20.3,20.35,745000,DNSE
SSI,15,2026-09-14 09:45:00,20.35,20.4,20.25,20.25,1128800,DNSE
SSI,15,2026-09-14 10:00:00,20.25,20.3,20.15,20.15,880500,DNSE
SSI,15,2026-09-14 10:15:00,20.15,20.35,20.15,20.35,1080300,DNSE
SSI,15,2026-09-14 10:30:00,20.35,20.35,20.25,20.3,477700,DNSE
SSI,15,2026-09-14 10:45:00,20.25,20.4,20.25,20.3,996500,DNSE
SSI,15,2026-09-14 11:00:00,20.35,20.35,20.3,20.35,288200,DNSE
SSI,15,2026-09-14 11:15:00,20.3,20.4,20.3,20.3,524100,DNSE
SSI,15,2026-09-14 13:00:00,20.3,20.35,20.25,20.25,928400,DNSE
SSI,15,2026-09-14 13:15:00,20.25,20.25,20.15,20.2,1201600,DNSE
SSI,15,2026-09-14 13:30:00,20.2,20.25,20.05,20.05,1718000,DNSE
SSI,15,2026-09-14 13:45:00,20.05,20.1,19.7,20.0,6120400,DNSE
SSI,15,2026-09-14 14:00:00,20.0,20.1,19.9,19.95,2490800,DNSE
SSI,15,2026-09-14 14:15:00,19.95,20.35,19.95,20.35,3466600,DNSE
SSI,15,2026-09-14 14:45:00,20.3,20.3,20.3,20.3,910500,DNSE
SSI,15,2026-09-15 09:15:00,20.3,20.55,20.25,20.5,1771300,DNSE
SSI,15,2026-09-15 09:30:00,20.5,20.5,20.35,20.35,972600,DNSE
SSI,15,2026-09-15 09:45:00,20.35,20.4,20.25,20.25,1498500,DNSE
SSI,15,2026-09-15 10:00:00,20.25,20.55,20.25,20.55,1630900,DNSE
SSI,15,2026-09-15 10:15:00,20.55,20.6,20.5,20.55,852600,DNSE
SSI,15,2026-09-15 10:30:00,20.6,20.6,20.5,20.5,539500,DNSE
SSI,15,2026-09-15 10:45:00,20.5,20.5,20.45,20.5,223400,DNSE
SSI,15,2026-09-15 11:00:00,20.45,20.5,20.4,20.45,361200,DNSE
SSI,15,2026-09-15 11:15:00,20.4,20.5,20.4,20.5,173600,DNSE
SSI,15,2026-09-15 13:00:00,20.5,20.5,20.4,20.45,1073100,DNSE
SSI,15,2026-09-15 13:15:00,20.5,20.55,20.45,20.55,933300,DNSE
SSI,15,2026-09-15 13:30:00,20.55,20.55,20.45,20.5,711700,DNSE
SSI,15,2026-09-15 13:45:00,20.55,20.6,20.5,20.55,816200,DNSE
SSI,15,2026-09-15 14:00:00,20.55,20.7,20.55,20.65,1602800,DNSE
SSI,15,2026-09-15 14:15:00,20.65,20.75,20.6,20.7,2087000,DNSE
SSI,15,2026-09-15 14:45:00,20.65,20.65,20.65,20.65,1156800,DNSE
SSI,15,2026-09-16 09:15:00,20.65,20.65,20.55,20.55,746800,DNSE
SSI,15,2026-09-16 09:30:00,20.55,20.6,20.5,20.55,517600,DNSE
SSI,15,2026-09-16 09:45:00,20.5,20.55,20.45,20.5,1052900,DNSE
SSI,15,2026-09-16 10:00:00,20.5,20.5,20.4,20.5,968600,DNSE
SSI,15,2026-09-16 10:15:00,20.5,20.55,20.45,20.5,623400,DNSE
SSI,15,2026-09-16 10:30:00,20.5,20.55,20.45,20.5,166200,DNSE
SSI,15,2026-09-16 10:45:00,20.5,20.55,20.5,20.55,257400,DNSE
SSI,15,2026-09-16 11:00:00,20.5,20.6,20.5,20.55,494900,DNSE
SSI,15,2026-09-16 11:15:00,20.5,20.55,20.45,20.5,416700,DNSE
SSI,15,2026-09-16 13:00:00,20.5,20.5,20.4,20.45,965200,DNSE
SSI,15,2026-09-16 13:15:00,20.45,20.5,20.35,20.4,1189100,DNSE
SSI,15,2026-09-16 13:30:00,20.4,20.45,20.35,20.4,882700,DNSE
SSI,15,2026-09-16 13:45:00,20.4,20.4,20.3,20.4,1193700,DNSE
SSI,15,2026-09-16 14:00:00,20.35,20.5,20.35,20.5,1138800,DNSE
SSI,15,2026-09-16 14:15:00,20.5,20.65,20.4,20.6,2105700,DNSE
SSI,15,2026-09-16 14:45:00,20.55,20.55,20.55,20.55,1228100,DNSE
SSI,15,2026-09-17 09:15:00,20.4,20.9,20.35,20.75,3685600,DNSE
SSI,15,2026-09-17 09:30:00,20.75,20.9,20.75,20.8,2123500,DNSE
SSI,15,2026-09-17 09:45:00,20.85,21.3,20.8,21.15,6010800,DNSE
SSI,15,2026-09-17 10:00:00,21.1,21.35,21.1,21.25,3490300,DNSE
SSI,15,2026-09-17 10:15:00,21.3,21.6,21.2,21.5,7084500,DNSE
SSI,15,2026-09-17 10:30:00,21.45,21.5,21.35,21.45,2044300,DNSE
SSI,15,2026-09-17 10:45:00,21.45,21.45,21.4,21.45,1018800,DNSE
SSI,15,2026-09-17 11:00:00,21.4,21.55,21.4,21.5,2718800,DNSE
SSI,15,2026-09-17 11:15:00,21.5,21.5,21.4,21.45,958500,DNSE
SSI,15,2026-09-17 13:00:00,21.4,21.45,21.35,21.4,1584900,DNSE
SSI,15,2026-09-17 13:15:00,21.4,21.4,21.15,21.15,2926100,DNSE
SSI,15,2026-09-17 13:30:00,21.15,21.25,21.1,21.25,1920000,DNSE
SSI,15,2026-09-17 13:45:00,21.25,21.25,21.1,21.1,1360000,DNSE
SSI,15,2026-09-17 14:00:00,21.1,21.2,21.1,21.2,1402200,DNSE
SSI,15,2026-09-17 14:15:00,21.2,21.25,21.1,21.25,1949700,DNSE
SSI,15,2026-09-17 14:45:00,21.15,21.15,21.15,21.15,689600,DNSE
SSI,15,2026-09-18 09:15:00,21.5,21.5,21.35,21.35,2197500,DNSE
SSI,15,2026-09-18 09:30:00,21.35,21.4,21.25,21.25,1142000,DNSE
SSI,15,2026-09-18 09:45:00,21.25,21.4,21.2,21.35,1484100,DNSE
SSI,15,2026-09-18 10:00:00,21.4,21.55,21.35,21.45,3520700,DNSE
SSI,15,2026-09-18 10:15:00,21.45,21.5,21.4,21.5,1692700,DNSE
SSI,15,2026-09-18 10:30:00,21.45,21.5,21.4,21.45,929300,DNSE
SSI,15,2026-09-18 10:45:00,21.45,21.5,21.45,21.5,771800,DNSE
SSI,15,2026-09-18 11:00:00,21.5,21.6,21.45,21.6,2532000,DNSE
SSI,15,2026-09-18 11:15:00,21.55,21.65,21.55,21.6,1989300,DNSE
SSI,15,2026-09-18 13:00:00,21.6,21.65,21.55,21.6,1985100,DNSE
SSI,15,2026-09-18 13:15:00,21.6,21.65,21.55,21.55,1877700,DNSE
SSI,15,2026-09-18 13:30:00,21.55,21.6,21.45,21.45,1219700,DNSE
SSI,15,2026-09-18 13:45:00,21.45,21.5,21.35,21.4,1600800,DNSE
SSI,15,2026-09-18 14:00:00,21.4,21.45,21.35,21.4,1883600,DNSE
SSI,15,2026-09-18 14:15:00,21.4,21.45,21.35,21.4,2459000,DNSE
SSI,15,2026-09-18 14:45:00,21.4,21.4,21.4,21.4,9114800,DNSE
SSI,15,2026-09-21 09:15:00,21.55,21.6,21.3,21.35,2832500,DNSE
SSI,15,2026-09-21 09:30:00,21.4,21.45,21.35,21.4,763700,DNSE
SSI,15,2026-09-21 09:45:00,21.45,21.45,21.3,21.35,1113600,DNSE
SSI,15,2026-09-21 10:00:00,21.3,21.35,21.25,21.25,538700,DNSE
SSI,15,2026-09-21 10:15:00,21.25,21.3,21.25,21.25,697600,DNSE
SSI,15,2026-09-21 10:30:00,21.25,21.25,21.15,21.2,1151500,DNSE
SSI,15,2026-09-21 10:45:00,21.2,21.25,21.15,21.15,831500,DNSE
SSI,15,2026-09-21 11:00:00,21.15,21.2,21.05,21.05,1154000,DNSE
SSI,15,2026-09-21 11:15:00,21.05,21.15,21.0,21.05,1635800,DNSE
SSI,15,2026-09-21 13:00:00,21.05,21.1,20.8,20.85,6372100,DNSE
SSI,15,2026-09-21 13:15:00,20.85,20.9,20.75,20.9,3856000,DNSE
SSI,15,2026-09-21 13:30:00,20.9,20.95,20.8,20.8,2350700,DNSE
SSI,15,2026-09-21 13:45:00,20.85,20.9,20.75,20.8,2995100,DNSE
SSI,15,2026-09-21 14:00:00,20.75,20.9,20.75,20.85,1963800,DNSE
SSI,15,2026-09-21 14:15:00,20.85,21.0,20.75,21.0,4120100,DNSE
SSI,15,2026-09-21 14:45:00,20.9,20.9,20.9,20.9,1133300,DNSE
TCB,15,2026-09-14 09:15:00,31.45,31.6,31.4,31.55,422100,DNSE
TCB,15,2026-09-14 09:30:00,31.55,31.8,31.45,31.65,482400,DNSE
TCB,15,2026-09-14 09:45:00,31.65,31.7,31.55,31.65,345300,DNSE
TCB,15,2026-09-14 10:00:00,31.7,31.7,31.55,31.55,207300,DNSE
TCB,15,2026-09-14 10:15:00,31.6,31.65,31.5,31.65,442900,DNSE
TCB,15,2026-09-14 10:30:00,31.65,32.2,31.6,31.9,1445100,DNSE
TCB,15,2026-09-14 10:45:00,31.9,32.05,31.85,31.9,569400,DNSE
TCB,15,2026-09-14 11:00:00,31.9,31.95,31.85,31.9,216300,DNSE
TCB,15,2026-09-14 11:15:00,31.95,32.0,31.9,31.95,252800,DNSE
TCB,15,2026-09-14 13:00:00,31.9,32.1,31.9,32.0,828300,DNSE
TCB,15,2026-09-14 13:15:00,32.0,32.05,31.85,31.9,750100,DNSE
TCB,15,2026-09-14 13:30:00,31.95,31.95,31.55,31.6,722000,DNSE
TCB,15,2026-09-14 13:45:00,31.6,31.7,31.5,31.7,1043300,DNSE
TCB,15,2026-09-14 14:00:00,31.65,31.95,31.65,31.65,1211300,DNSE
TCB,15,2026-09-14 14:15:00,31.65,32.2,31.6,32.15,2310700,DNSE
TCB,15,2026-09-14 14:45:00,31.85,31.85,31.85,31.85,527700,DNSE
TCB,15,2026-09-15 09:15:00,31.85,32.3,31.85,32.1,849400,DNSE
TCB,15,2026-09-15 09:30:00,32.1,32.2,32.1,32.15,385400,DNSE
TCB,15,2026-09-15 09:45:00,32.15,32.15,31.9,32.0,643600,DNSE
TCB,15,2026-09-15 10:00:00,32.0,32.15,31.95,32.1,618300,DNSE
TCB,15,2026-09-15 10:15:00,32.15,32.2,32.1,32.1,168800,DNSE
TCB,15,2026-09-15 10:30:00,32.15,32.25,32.1,32.25,469700,DNSE
TCB,15,2026-09-15 10:45:00,32.25,32.3,32.15,32.15,652400,DNSE
TCB,15,2026-09-15 11:00:00,32.15,32.2,32.15,32.15,262600,DNSE
TCB,15,2026-09-15 11:15:00,32.15,32.2,32.15,32.15,293200,DNSE
TCB,15,2026-09-15 13:00:00,32.15,32.2,32.1,32.15,527500,DNSE
TCB,15,2026-09-15 13:15:00,32.15,32.25,32.15,32.2,603800,DNSE
TCB,15,2026-09-15 13:30:00,32.2,32.25,32.15,32.2,938700,DNSE
TCB,15,2026-09-15 13:45:00,32.2,32.25,32.15,32.2,398200,DNSE
TCB,15,2026-09-15 14:00:00,32.25,32.25,32.2,32.2,386900,DNSE
TCB,15,2026-09-15 14:15:00,32.2,32.4,32.2,32.25,1709000,DNSE
TCB,15,2026-09-15 14:45:00,32.2,32.2,32.2,32.2,173200,DNSE
TCB,15,2026-09-16 09:15:00,32.4,32.4,32.15,32.2,258200,DNSE
TCB,15,2026-09-16 09:30:00,32.2,32.2,32.1,32.2,205600,DNSE
TCB,15,2026-09-16 09:45:00,32.2,32.25,32.1,32.15,161400,DNSE
TCB,15,2026-09-16 10:00:00,32.1,32.15,32.05,32.1,209800,DNSE
TCB,15,2026-09-16 10:15:00,32.05,32.15,32.0,32.05,563000,DNSE
TCB,15,2026-09-16 10:30:00,32.05,32.1,32.0,32.05,291700,DNSE
TCB,15,2026-09-16 10:45:00,32.05,32.1,32.0,32.05,370500,DNSE
TCB,15,2026-09-16 11:00:00,32.05,32.1,32.05,32.05,82000,DNSE
TCB,15,2026-09-16 11:15:00,32.05,32.1,32.05,32.1,140600,DNSE
TCB,15,2026-09-16 13:00:00,32.1,32.1,32.05,32.1,306600,DNSE
TCB,15,2026-09-16 13:15:00,32.05,32.1,32.0,32.1,323600,DNSE
TCB,15,2026-09-16 13:30:00,32.1,32.1,32.0,32.05,268300,DNSE
TCB,15,2026-09-16 13:45:00,32.05,32.05,31.9,31.95,942800,DNSE
TCB,15,2026-09-16 14:00:00,31.95,32.05,31.9,32.05,720100,DNSE
TCB,15,2026-09-16 14:15:00,32.05,32.4,32.0,32.25,2574300,DNSE
TCB,15,2026-09-16 14:45:00,32.45,32.45,32.45,32.45,2095900,DNSE
TCB,15,2026-09-17 09:15:00,32.2,32.5,32.2,32.5,1074300,DNSE
TCB,15,2026-09-17 09:30:00,32.55,32.6,32.35,32.4,404200,DNSE
TCB,15,2026-09-17 09:45:00,32.4,32.45,32.35,32.45,334200,DNSE
TCB,15,2026-09-17 10:00:00,32.45,32.6,32.45,32.5,891500,DNSE
TCB,15,2026-09-17 10:15:00,32.5,32.65,32.45,32.55,1020400,DNSE
TCB,15,2026-09-17 10:30:00,32.5,32.6,32.45,32.6,631600,DNSE
TCB,15,2026-09-17 10:45:00,32.6,32.7,32.5,32.6,952800,DNSE
TCB,15,2026-09-17 11:00:00,32.6,32.6,32.5,32.6,447000,DNSE
TCB,15,2026-09-17 11:15:00,32.6,32.6,32.5,32.55,204800,DNSE
TCB,15,2026-09-17 13:00:00,32.5,32.6,32.5,32.5,620000,DNSE
TCB,15,2026-09-17 13:15:00,32.5,32.5,32.4,32.4,626800,DNSE
TCB,15,2026-09-17 13:30:00,32.4,32.6,32.4,32.6,595800,DNSE
TCB,15,2026-09-17 13:45:00,32.6,32.6,32.35,32.35,695400,DNSE
TCB,15,2026-09-17 14:00:00,32.35,32.5,32.3,32.45,448000,DNSE
TCB,15,2026-09-17 14:15:00,32.45,32.65,32.45,32.65,1758900,DNSE
TCB,15,2026-09-17 14:45:00,32.65,32.65,32.65,32.65,1783200,DNSE
TCB,15,2026-09-18 09:15:00,32.8,33.0,32.75,32.9,1099000,DNSE
TCB,15,2026-09-18 09:30:00,32.9,32.95,32.85,32.85,331700,DNSE
TCB,15,2026-09-18 09:45:00,32.8,32.85,32.7,32.75,266900,DNSE
TCB,15,2026-09-18 10:00:00,32.75,32.8,32.7,32.7,284100,DNSE
TCB,15,2026-09-18 10:15:00,32.7,32.8,32.65,32.8,728600,DNSE
TCB,15,2026-09-18 10:30:00,32.8,32.9,32.8,32.85,519000,DNSE
TCB,15,2026-09-18 10:45:00,32.85,33.0,32.8,32.95,787900,DNSE
TCB,15,2026-09-18 11:00:00,32.95,32.95,32.85,32.9,527400,DNSE
TCB,15,2026-09-18 11:15:00,32.9,32.9,32.85,32.9,151600,DNSE
TCB,15,2026-09-18 13:00:00,32.9,32.9,32.8,32.8,563900,DNSE
TCB,15,2026-09-18 13:15:00,32.8,32.85,32.75,32.75,395000,DNSE
TCB,15,2026-09-18 13:30:00,32.8,32.9,32.75,32.75,595100,DNSE
TCB,15,2026-09-18 13:45:00,32.75,32.8,32.7,32.7,497200,DNSE
TCB,15,2026-09-18 14:00:00,32.7,32.75,32.55,32.55,1053400,DNSE
TCB,15,2026-09-18 14:15:00,32.55,32.7,32.55,32.65,851000,DNSE
TCB,15,2026-09-18 14:45:00,31.6,31.6,31.6,31.6,7024800,DNSE
TCB,15,2026-09-21 09:15:00,32.0,32.2,31.85,31.95,2370600,DNSE
TCB,15,2026-09-21 09:30:00,31.95,32.15,31.95,32.0,562500,DNSE
TCB,15,2026-09-21 09:45:00,32.0,32.05,31.9,31.95,599800,DNSE
TCB,15,2026-09-21 10:00:00,31.95,32.0,31.9,31.95,407800,DNSE
TCB,15,2026-09-21 10:15:00,31.9,31.95,31.9,31.95,126200,DNSE
TCB,15,2026-09-21 10:30:00,31.9,31.95,31.85,31.85,232500,DNSE
TCB,15,2026-09-21 10:45:00,31.85,31.9,31.8,31.8,494500,DNSE
TCB,15,2026-09-21 11:00:00,31.8,31.85,31.75,31.75,522100,DNSE
TCB,15,2026-09-21 11:15:00,31.75,31.85,31.75,31.85,199700,DNSE
TCB,15,2026-09-21 13:00:00,31.85,31.9,31.75,31.75,901900,DNSE
TCB,15,2026-09-21 13:15:00,31.75,31.8,31.65,31.75,934700,DNSE
TCB,15,2026-09-21 13:30:00,31.8,31.8,31.65,31.75,642200,DNSE
TCB,15,2026-09-21 13:45:00,31.75,31.8,31.65,31.7,597800,DNSE
TCB,15,2026-09-21 14:00:00,31.65,31.7,31.6,31.65,725900,DNSE
TCB,15,2026-09-21 14:15:00,31.65,32.0,31.65,31.95,2777600,DNSE
TCB,15,2026-09-21 14:45:00,32.25,32.25,32.25,32.25,2524600,DNSE
VCB,15,2026-09-14 09:15:00,58.2,58.3,58.1,58.2,182600,DNSE
VCB,15,2026-09-14 09:30:00,58.2,58.2,58.0,58.0,146900,DNSE
VCB,15,2026-09-14 09:45:00,58.0,58.2,58.0,58.1,248900,DNSE
VCB,15,2026-09-14 10:00:00,58.2,58.2,58.0,58.2,175600,DNSE
VCB,15,2026-09-14 10:15:00,58.1,58.3,58.1,58.3,256000,DNSE
VCB,15,2026-09-14 10:30:00,58.3,58.5,58.3,58.4,287300,DNSE
VCB,15,2026-09-14 10:45:00,58.4,58.7,58.4,58.5,316600,DNSE
VCB,15,2026-09-14 11:00:00,58.5,58.6,58.5,58.5,89200,DNSE
VCB,15,2026-09-14 11:15:00,58.5,58.6,58.5,58.5,64200,DNSE
VCB,15,2026-09-14 13:00:00,58.5,58.6,58.4,58.4,251200,DNSE
VCB,15,2026-09-14 13:15:00,58.4,58.5,58.4,58.4,153200,DNSE
VCB,15,2026-09-14 13:30:00,58.4,58.5,58.2,58.3,499500,DNSE
VCB,15,2026-09-14 13:45:00,58.3,58.4,58.1,58.3,679400,DNSE
VCB,15,2026-09-14 14:00:00,58.3,58.4,58.3,58.3,373700,DNSE
VCB,15,2026-09-14 14:15:00,58.3,58.8,58.1,58.6,988500,DNSE
VCB,15,2026-09-14 14:45:00,58.5,58.5,58.5,58.5,106000,DNSE
VCB,15,2026-09-15 09:15:00,58.6,59.1,58.6,58.9,507100,DNSE
VCB,15,2026-09-15 09:30:00,58.9,59.6,58.9,59.4,833300,DNSE
VCB,15,2026-09-15 09:45:00,59.4,59.4,59.0,59.2,339300,DNSE
VCB,15,2026-09-15 10:00:00,59.2,59.4,59.1,59.4,462700,DNSE
VCB,15,2026-09-15 10:15:00,59.4,59.7,59.4,59.5,797300,DNSE
VCB,15,2026-09-15 10:30:00,59.5,59.6,59.4,59.5,223300,DNSE
VCB,15,2026-09-15 10:45:00,59.5,59.5,59.3,59.4,246200,DNSE
VCB,15,2026-09-15 11:00:00,59.4,59.4,59.2,59.4,349200,DNSE
VCB,15,2026-09-15 11:15:00,59.4,59.6,59.3,59.5,300300,DNSE
VCB,15,2026-09-15 13:00:00,59.5,59.6,59.4,59.6,576500,DNSE
VCB,15,2026-09-15 13:15:00,59.6,59.7,59.5,59.7,380200,DNSE
VCB,15,2026-09-15 13:30:00,59.7,60.0,59.6,60.0,1180200,DNSE
VCB,15,2026-09-15 13:45:00,59.9,60.0,59.8,59.9,797000,DNSE
VCB,15,2026-09-15 14:00:00,59.9,60.0,59.8,59.9,775100,DNSE
VCB,15,2026-09-15 14:15:00,60.0,60.0,59.7,59.8,721600,DNSE
VCB,15,2026-09-15 14:45:00,60.0,60.0,60.0,60.0,1057900,DNSE
VCB,15,2026-09-16 09:15:00,60.1,60.3,59.8,59.9,289600,DNSE
VCB,15,2026-09-16 09:30:00,59.9,60.0,59.9,59.9,56500,DNSE
VCB,15,2026-09-16 09:45:00,59.9,60.0,59.8,59.9,107100,DNSE
VCB,15,2026-09-16 10:00:00,59.8,59.9,59.6,59.6,190700,DNSE
VCB,15,2026-09-16 10:15:00,59.6,59.8,59.5,59.6,142500,DNSE
VCB,15,2026-09-16 10:30:00,59.6,59.8,59.6,59.8,70200,DNSE
VCB,15,2026-09-16 10:45:00,59.7,59.9,59.6,59.7,142400,DNSE
VCB,15,2026-09-16 11:00:00,59.7,59.8,59.7,59.7,61300,DNSE
VCB,15,2026-09-16 11:15:00,59.7,59.7,59.6,59.6,67800,DNSE
VCB,15,2026-09-16 13:00:00,59.6,59.7,59.4,59.5,285500,DNSE
VCB,15,2026-09-16 13:15:00,59.5,59.7,59.4,59.6,122500,DNSE
VCB,15,2026-09-16 13:30:00,59.7,59.7,59.4,59.5,269400,DNSE
VCB,15,2026-09-16 13:45:00,59.5,59.6,59.4,59.4,123200,DNSE
VCB,15,2026-09-16 14:00:00,59.4,59.5,59.3,59.5,139400,DNSE
VCB,15,2026-09-16 14:15:00,59.5,59.7,59.4,59.6,293100,DNSE
VCB,15,2026-09-16 14:45:00,59.3,59.3,59.3,59.3,519600,DNSE
VCB,15,2026-09-17 09:15:00,59.0,59.5,58.8,59.5,439700,DNSE
VCB,15,2026-09-17 09:30:00,59.5,59.6,59.2,59.3,194600,DNSE
VCB,15,2026-09-17 09:45:00,59.2,59.4,59.2,59.4,140500,DNSE
VCB,15,2026-09-17 10:00:00,59.4,59.5,59.3,59.5,184500,DNSE
VCB,15,2026-09-17 10:15:00,59.5,60.0,59.4,59.8,668400,DNSE
VCB,15,2026-09-17 10:30:00,59.8,59.9,59.6,59.8,206300,DNSE
VCB,15,2026-09-17 10:45:00,59.8,59.8,59.7,59.8,237200,DNSE
VCB,15,2026-09-17 11:00:00,59.8,60.0,59.7,59.9,239400,DNSE
VCB,15,2026-09-17 11:15:00,59.9,60.0,59.8,59.9,218200,DNSE
VCB,15,2026-09-17 13:00:00,59.9,60.0,59.8,59.9,425100,DNSE
VCB,15,2026-09-17 13:15:00,59.9,59.9,59.6,59.7,309700,DNSE
VCB,15,2026-09-17 13:30:00,59.7,59.9,59.6,59.9,447400,DNSE
VCB,15,2026-09-17 13:45:00,59.8,59.9,59.5,59.6,306800,DNSE
VCB,15,2026-09-17 14:00:00,59.6,59.7,59.5,59.7,351500,DNSE
VCB,15,2026-09-17 14:15:00,59.7,59.9,59.6,59.9,556400,DNSE
VCB,15,2026-09-17 14:45:00,59.6,59.6,59.6,59.6,470200,DNSE
VCB,15,2026-09-18 09:15:00,60.0,60.6,59.9,60.1,943600,DNSE
VCB,15,2026-09-18 09:30:00,60.1,60.4,60.0,60.0,714900,DNSE
VCB,15,2026-09-18 09:45:00,60.0,60.2,59.8,60.1,204500,DNSE
VCB,15,2026-09-18 10:00:00,60.1,60.3,60.1,60.2,257300,DNSE
VCB,15,2026-09-18 10:15:00,60.2,60.3,60.1,60.1,174100,DNSE
VCB,15,2026-09-18 10:30:00,60.1,60.3,60.1,60.2,210500,DNSE
VCB,15,2026-09-18 10:45:00,60.3,61.0,60.2,60.7,1715800,DNSE
VCB,15,2026-09-18 11:00:00,60.7,60.8,60.5,60.7,441300,DNSE
VCB,15,2026-09-18 11:15:00,60.7,60.7,60.3,60.6,286800,DNSE
VCB,15,2026-09-18 13:00:00,60.6,60.6,60.4,60.5,470000,DNSE
VCB,15,2026-09-18 13:15:00,60.5,60.5,60.4,60.5,242300,DNSE
VCB,15,2026-09-18 13:30:00,60.4,60.5,60.4,60.4,318000,DNSE
VCB,15,2026-09-18 13:45:00,60.5,60.5,60.2,60.3,314900,DNSE
VCB,15,2026-09-18 14:00:00,60.3,60.4,60.1,60.1,331400,DNSE
VCB,15,2026-09-18 14:15:00,60.2,60.2,59.9,60.1,689800,DNSE
VCB,15,2026-09-18 14:45:00,59.9,59.9,59.9,59.9,3047400,DNSE
VCB,15,2026-09-21 09:15:00,60.2,60.2,59.6,59.6,359700,DNSE
VCB,15,2026-09-21 09:30:00,59.6,60.0,59.6,59.8,226900,DNSE
VCB,15,2026-09-21 09:45:00,59.8,59.9,59.5,59.6,477900,DNSE
VCB,15,2026-09-21 10:00:00,59.6,59.7,59.5,59.6,256500,DNSE
VCB,15,2026-09-21 10:15:00,59.5,59.6,59.4,59.5,218300,DNSE
VCB,15,2026-09-21 10:30:00,59.5,59.5,59.4,59.4,195600,DNSE
VCB,15,2026-09-21 10:45:00,59.4,59.5,59.3,59.3,177700,DNSE
VCB,15,2026-09-21 11:00:00,59.3,59.4,59.1,59.2,248000,DNSE
VCB,15,2026-09-21 11:15:00,59.2,59.4,59.1,59.3,174800,DNSE
VCB,15,2026-09-21 13:00:00,59.3,59.3,59.1,59.1,448600,DNSE
VCB,15,2026-09-21 13:15:00,59.1,59.2,59.0,59.1,382600,DNSE
VCB,15,2026-09-21 13:30:00,59.1,59.1,59.0,59.1,294600,DNSE
VCB,15,2026-09-21 13:45:00,59.0,59.1,58.8,58.9,707900,DNSE
VCB,15,2026-09-21 14:00:00,58.9,59.0,58.8,58.9,432400,DNSE
VCB,15,2026-09-21 14:15:00,58.9,59.3,58.8,59.1,591200,DNSE
VCB,15,2026-09-21 14:45:00,58.9,58.9,58.9,58.9,288200,DNSE
VCI,15,2026-09-14 09:15:00,20.0,20.2,19.95,20.0,651900,DNSE
VCI,15,2026-09-14 09:30:00,20.0,20.1,19.95,20.05,322700,DNSE
VCI,15,2026-09-14 09:45:00,20.05,20.05,19.8,19.85,1262600,DNSE
VCI,15,2026-09-14 10:00:00,19.85,20.15,19.8,20.05,1481700,DNSE
VCI,15,2026-09-14 10:15:00,20.05,20.1,19.95,20.1,669800,DNSE
VCI,15,2026-09-14 10:30:00,20.15,20.15,20.0,20.0,193400,DNSE
VCI,15,2026-09-14 10:45:00,20.0,20.1,20.0,20.1,394100,DNSE
VCI,15,2026-09-14 11:00:00,20.05,20.1,20.0,20.0,105700,DNSE
VCI,15,2026-09-14 11:15:00,20.0,20.05,19.95,20.0,366000,DNSE
VCI,15,2026-09-14 13:00:00,20.0,20.0,19.9,19.9,505500,DNSE
VCI,15,2026-09-14 13:15:00,19.9,19.9,19.8,19.8,746400,DNSE
VCI,15,2026-09-14 13:30:00,19.85,19.85,19.7,19.7,1328500,DNSE
VCI,15,2026-09-14 13:45:00,19.7,19.7,19.45,19.55,2055200,DNSE
VCI,15,2026-09-14 14:00:00,19.55,19.7,19.5,19.55,1007600,DNSE
VCI,15,2026-09-14 14:15:00,19.55,19.85,19.45,19.75,1431900,DNSE
VCI,15,2026-09-14 14:45:00,19.6,19.6,19.6,19.6,576900,DNSE
VCI,15,2026-09-15 09:15:00,19.75,20.0,19.75,19.95,286100,DNSE
VCI,15,2026-09-15 09:30:00,20.0,20.1,19.95,20.0,301600,DNSE
VCI,15,2026-09-15 09:45:00,20.0,20.0,19.8,19.9,302700,DNSE
VCI,15,2026-09-15 10:00:00,19.9,20.2,19.85,20.2,480400,DNSE
VCI,15,2026-09-15 10:15:00,20.2,20.2,20.05,20.15,283700,DNSE
VCI,15,2026-09-15 10:30:00,20.2,20.2,20.05,20.15,170500,DNSE
VCI,15,2026-09-15 10:45:00,20.15,20.15,20.0,20.05,94200,DNSE
VCI,15,2026-09-15 11:00:00,20.0,20.05,19.9,20.0,196700,DNSE
VCI,15,2026-09-15 11:15:00,20.0,20.0,19.9,20.0,132500,DNSE
VCI,15,2026-09-15 13:00:00,19.9,20.0,19.85,20.0,403600,DNSE
VCI,15,2026-09-15 13:15:00,19.95,20.0,19.9,20.0,331600,DNSE
VCI,15,2026-09-15 13:30:00,20.0,20.0,19.9,19.95,256900,DNSE
VCI,15,2026-09-15 13:45:00,19.95,20.0,19.9,19.95,291200,DNSE
VCI,15,2026-09-15 14:00:00,19.95,20.05,19.95,20.05,559200,DNSE
VCI,15,2026-09-15 14:15:00,20.05,20.15,20.0,20.15,496600,DNSE
VCI,15,2026-09-15 14:45:00,19.8,19.8,19.8,19.8,2075500,DNSE
VCI,15,2026-09-16 09:15:00,19.9,20.1,19.85,19.95,359900,DNSE
VCI,15,2026-09-16 09:30:00,19.95,20.0,19.85,19.85,229600,DNSE
VCI,15,2026-09-16 09:45:00,19.85,19.85,19.75,19.8,419500,DNSE
VCI,15,2026-09-16 10:00:00,19.75,19.8,19.7,19.7,452300,DNSE
VCI,15,2026-09-16 10:15:00,19.7,19.8,19.65,19.75,279900,DNSE
VCI,15,2026-09-16 10:30:00,19.7,19.8,19.7,19.75,281000,DNSE
VCI,15,2026-09-16 10:45:00,19.75,19.85,19.7,19.8,294200,DNSE
VCI,15,2026-09-16 11:00:00,19.8,19.85,19.8,19.8,141500,DNSE
VCI,15,2026-09-16 11:15:00,19.8,19.8,19.7,19.75,147300,DNSE
VCI,15,2026-09-16 13:00:00,19.75,19.8,19.65,19.65,361800,DNSE
VCI,15,2026-09-16 13:15:00,19.7,19.7,19.6,19.65,523900,DNSE
VCI,15,2026-09-16 13:30:00,19.65,19.7,19.55,19.6,452600,DNSE
VCI,15,2026-09-16 13:45:00,19.6,19.6,19.4,19.5,1013700,DNSE
VCI,15,2026-09-16 14:00:00,19.5,19.65,19.45,19.5,698200,DNSE
VCI,15,2026-09-16 14:15:00,19.5,19.6,19.5,19.55,981800,DNSE
VCI,15,2026-09-16 14:45:00,19.25,19.25,19.25,19.25,2216000,DNSE
VCI,15,2026-09-17 09:15:00,19.2,19.75,19.15,19.75,737300,DNSE
VCI,15,2026-09-17 09:30:00,19.75,19.8,19.5,19.65,725600,DNSE
VCI,15,2026-09-17 09:45:00,19.65,20.1,19.65,20.0,1493400,DNSE
VCI,15,2026-09-17 10:00:00,20.0,20.35,19.95,20.25,1421100,DNSE
VCI,15,2026-09-17 10:15:00,20.25,20.55,20.25,20.55,2778300,DNSE
VCI,15,2026-09-17 10:30:00,20.55,20.55,20.45,20.55,2165300,DNSE
VCI,15,2026-09-17 10:45:00,20.55,20.55,20.55,20.55,105300,DNSE
VCI,15,2026-09-17 11:00:00,20.55,20.55,20.5,20.5,1242200,DNSE
VCI,15,2026-09-17 11:15:00,20.5,20.55,20.45,20.45,652200,DNSE
VCI,15,2026-09-17 13:00:00,20.5,20.5,20.4,20.4,634900,DNSE
VCI,15,2026-09-17 13:15:00,20.4,20.45,20.3,20.35,875500,DNSE
VCI,15,2026-09-17 13:30:00,20.3,20.35,20.25,20.3,755000,DNSE
VCI,15,2026-09-17 13:45:00,20.3,20.35,20.05,20.1,1123500,DNSE
VCI,15,2026-09-17 14:00:00,20.15,20.25,20.05,20.25,727800,DNSE
VCI,15,2026-09-17 14:15:00,20.25,20.3,20.1,20.2,730600,DNSE
VCI,15,2026-09-17 14:45:00,20.0,20.0,20.0,20.0,2175400,DNSE
VCI,15,2026-09-18 09:15:00,20.4,20.65,20.2,20.45,1159700,DNSE
VCI,15,2026-09-18 09:30:00,20.45,20.5,20.25,20.25,351200,DNSE
VCI,15,2026-09-18 09:45:00,20.25,20.5,20.25,20.5,344100,DNSE
VCI,15,2026-09-18 10:00:00,20.5,20.65,20.5,20.6,879800,DNSE
VCI,15,2026-09-18 10:15:00,20.6,20.7,20.55,20.7,626200,DNSE
VCI,15,2026-09-18 10:30:00,20.7,20.7,20.55,20.6,318700,DNSE
VCI,15,2026-09-18 10:45:00,20.6,20.7,20.55,20.7,337300,DNSE
VCI,15,2026-09-18 11:00:00,20.7,20.9,20.65,20.85,989600,DNSE
VCI,15,2026-09-18 11:15:00,20.9,20.9,20.8,20.85,551100,DNSE
VCI,15,2026-09-18 13:00:00,20.8,20.85,20.7,20.8,802500,DNSE
VCI,15,2026-09-18 13:15:00,20.8,20.8,20.6,20.7,713100,DNSE
VCI,15,2026-09-18 13:30:00,20.65,20.7,20.6,20.65,435900,DNSE
VCI,15,2026-09-18 13:45:00,20.6,20.65,20.55,20.6,533400,DNSE
VCI,15,2026-09-18 14:00:00,20.55,20.6,20.5,20.5,686200,DNSE
VCI,15,2026-09-18 14:15:00,20.55,20.6,20.45,20.5,984600,DNSE
VCI,15,2026-09-18 14:45:00,20.65,20.65,20.65,20.65,4794900,DNSE
VCI,15,2026-09-21 09:15:00,20.95,20.95,20.75,20.8,1325300,DNSE
VCI,15,2026-09-21 09:30:00,20.85,20.85,20.75,20.8,520500,DNSE
VCI,15,2026-09-21 09:45:00,20.8,20.85,20.65,20.7,437900,DNSE
VCI,15,2026-09-21 10:00:00,20.7,20.75,20.6,20.6,381200,DNSE
VCI,15,2026-09-21 10:15:00,20.6,20.7,20.6,20.65,120800,DNSE
VCI,15,2026-09-21 10:30:00,20.6,20.65,20.6,20.6,108300,DNSE
VCI,15,2026-09-21 10:45:00,20.6,20.65,20.55,20.55,421100,DNSE
VCI,15,2026-09-21 11:00:00,20.5,20.6,20.35,20.35,444000,DNSE
VCI,15,2026-09-21 11:15:00,20.4,20.45,20.35,20.4,247800,DNSE
VCI,15,2026-09-21 13:00:00,20.35,20.4,20.15,20.15,1651700,DNSE
VCI,15,2026-09-21 13:15:00,20.15,20.25,20.15,20.2,896900,DNSE
VCI,15,2026-09-21 13:30:00,20.25,20.3,20.15,20.25,536300,DNSE
VCI,15,2026-09-21 13:45:00,20.3,20.3,20.15,20.2,516400,DNSE
VCI,15,2026-09-21 14:00:00,20.2,20.4,20.2,20.35,682300,DNSE
VCI,15,2026-09-21 14:15:00,20.3,20.35,20.2,20.3,936800,DNSE
VCI,15,2026-09-21 14:45:00,20.15,20.15,20.15,20.15,1359300,DNSE
VHM,15,2026-09-14 09:15:00,71.0,72.1,71.0,72.1,460500,DNSE
VHM,15,2026-09-14 09:30:00,72.0,72.3,71.8,71.9,302200,DNSE
VHM,15,2026-09-14 09:45:00,71.8,72.0,71.6,71.6,502400,DNSE
VHM,15,2026-09-14 10:00:00,71.6,71.8,71.3,71.4,476400,DNSE
VHM,15,2026-09-14 10:15:00,71.4,73.2,71.2,72.3,977900,DNSE
VHM,15,2026-09-14 10:30:00,72.3,73.2,72.3,73.2,562100,DNSE
VHM,15,2026-09-14 10:45:00,73.2,73.9,73.0,73.1,670500,DNSE
VHM,15,2026-09-14 11:00:00,73.0,73.2,72.8,72.9,216000,DNSE
VHM,15,2026-09-14 11:15:00,73.0,73.2,72.8,72.8,134700,DNSE
VHM,15,2026-09-14 13:00:00,72.8,72.9,72.2,72.4,539200,DNSE
VHM,15,2026-09-14 13:15:00,72.3,72.4,71.8,72.1,818000,DNSE
VHM,15,2026-09-14 13:30:00,72.1,72.2,71.5,71.6,781800,DNSE
VHM,15,2026-09-14 13:45:00,71.6,72.0,71.0,71.9,1277500,DNSE
VHM,15,2026-09-14 14:00:00,71.9,72.3,71.6,71.9,548400,DNSE
VHM,15,2026-09-14 14:15:00,72.0,72.6,71.9,72.2,1148000,DNSE
VHM,15,2026-09-14 14:45:00,71.7,71.7,71.7,71.7,700600,DNSE
VHM,15,2026-09-15 09:15:00,72.1,72.8,72.1,72.3,573400,DNSE
VHM,15,2026-09-15 09:30:00,72.3,72.3,71.1,71.6,546300,DNSE
VHM,15,2026-09-15 09:45:00,71.6,72.1,71.6,71.8,193900,DNSE
VHM,15,2026-09-15 10:00:00,71.7,72.0,71.7,71.9,151800,DNSE
VHM,15,2026-09-15 10:15:00,71.8,71.9,71.7,71.9,190300,DNSE
VHM,15,2026-09-15 10:30:00,71.9,71.9,71.6,71.7,443500,DNSE
VHM,15,2026-09-15 10:45:00,71.7,71.7,71.4,71.5,292400,DNSE
VHM,15,2026-09-15 11:00:00,71.5,71.8,71.4,71.8,180300,DNSE
VHM,15,2026-09-15 11:15:00,71.8,71.8,71.5,71.6,203300,DNSE
VHM,15,2026-09-15 13:00:00,71.6,71.7,71.4,71.5,530100,DNSE
VHM,15,2026-09-15 13:15:00,71.5,71.6,71.3,71.6,496400,DNSE
VHM,15,2026-09-15 13:30:00,71.6,71.6,71.4,71.5,372500,DNSE
VHM,15,2026-09-15 13:45:00,71.5,71.6,71.3,71.6,844900,DNSE
VHM,15,2026-09-15 14:00:00,71.6,71.7,71.4,71.7,529900,DNSE
VHM,15,2026-09-15 14:15:00,71.7,71.9,71.5,71.8,837900,DNSE
VHM,15,2026-09-15 14:45:00,71.4,71.4,71.4,71.4,1530500,DNSE
VHM,15,2026-09-16 09:15:00,71.2,71.7,71.1,71.5,569500,DNSE
VHM,15,2026-09-16 09:30:00,71.5,72.0,71.4,71.7,502800,DNSE
VHM,15,2026-09-16 09:45:00,71.6,71.7,71.3,71.3,265700,DNSE
VHM,15,2026-09-16 10:00:00,71.3,71.5,71.2,71.3,356700,DNSE
VHM,15,2026-09-16 10:15:00,71.3,71.5,71.2,71.4,263200,DNSE
VHM,15,2026-09-16 10:30:00,71.4,71.5,71.3,71.5,216900,DNSE
VHM,15,2026-09-16 10:45:00,71.4,71.9,71.4,71.7,300600,DNSE
VHM,15,2026-09-16 11:00:00,71.7,71.8,71.5,71.6,188500,DNSE
VHM,15,2026-09-16 11:15:00,71.6,71.6,71.4,71.5,106200,DNSE
VHM,15,2026-09-16 13:00:00,71.5,71.6,71.3,71.4,260200,DNSE
VHM,15,2026-09-16 13:15:00,71.4,71.5,71.2,71.4,327900,DNSE
VHM,15,2026-09-16 13:30:00,71.4,71.5,71.2,71.3,238200,DNSE
VHM,15,2026-09-16 13:45:00,71.3,71.4,71.1,71.3,416000,DNSE
VHM,15,2026-09-16 14:00:00,71.2,71.4,71.2,71.3,394200,DNSE
VHM,15,2026-09-16 14:15:00,71.2,71.7,71.2,71.4,645600,DNSE
VHM,15,2026-09-16 14:45:00,71.0,71.0,71.0,71.0,1969700,DNSE
VHM,15,2026-09-17 09:15:00,70.5,71.4,70.5,71.3,542000,DNSE
VHM,15,2026-09-17 09:30:00,71.3,71.3,70.7,70.8,300300,DNSE
VHM,15,2026-09-17 09:45:00,70.8,71.3,70.7,71.1,339700,DNSE
VHM,15,2026-09-17 10:00:00,71.0,71.2,70.8,71.2,325800,DNSE
VHM,15,2026-09-17 10:15:00,71.1,71.7,71.0,71.6,433400,DNSE
VHM,15,2026-09-17 10:30:00,71.5,71.7,71.2,71.3,283700,DNSE
VHM,15,2026-09-17 10:45:00,71.4,71.5,71.3,71.5,167300,DNSE
VHM,15,2026-09-17 11:00:00,71.5,71.7,71.4,71.6,212400,DNSE
VHM,15,2026-09-17 11:15:00,71.6,71.6,71.4,71.5,167500,DNSE
VHM,15,2026-09-17 13:00:00,71.5,71.7,71.4,71.4,373600,DNSE
VHM,15,2026-09-17 13:15:00,71.5,71.5,71.1,71.2,404700,DNSE
VHM,15,2026-09-17 13:30:00,71.1,73.0,71.0,72.6,1369400,DNSE
VHM,15,2026-09-17 13:45:00,72.6,72.7,71.7,71.8,523000,DNSE
VHM,15,2026-09-17 14:00:00,71.8,72.0,71.4,71.7,446200,DNSE
VHM,15,2026-09-17 14:15:00,71.7,71.9,71.5,71.7,820900,DNSE
VHM,15,2026-09-17 14:45:00,71.3,71.3,71.3,71.3,1477500,DNSE
VHM,15,2026-09-18 09:15:00,72.2,72.9,72.1,72.6,601000,DNSE
VHM,15,2026-09-18 09:30:00,72.7,72.9,72.6,72.6,349800,DNSE
VHM,15,2026-09-18 09:45:00,72.6,72.8,72.5,72.7,343300,DNSE
VHM,15,2026-09-18 10:00:00,72.7,72.7,72.5,72.6,285400,DNSE
VHM,15,2026-09-18 10:15:00,72.6,72.7,72.5,72.6,328400,DNSE
VHM,15,2026-09-18 10:30:00,72.6,72.6,72.2,72.3,318300,DNSE
VHM,15,2026-09-18 10:45:00,72.3,72.6,72.3,72.3,209400,DNSE
VHM,15,2026-09-18 11:00:00,72.3,72.4,72.1,72.3,363600,DNSE
VHM,15,2026-09-18 11:15:00,72.3,72.8,72.3,72.6,250500,DNSE
VHM,15,2026-09-18 13:00:00,72.6,72.7,72.4,72.5,406600,DNSE
VHM,15,2026-09-18 13:15:00,72.4,72.5,72.3,72.4,311300,DNSE
VHM,15,2026-09-18 13:30:00,72.4,72.4,72.2,72.3,396700,DNSE
VHM,15,2026-09-18 13:45:00,72.3,72.3,71.8,71.9,1114300,DNSE
VHM,15,2026-09-18 14:00:00,72.0,72.0,71.5,71.7,977900,DNSE
VHM,15,2026-09-18 14:15:00,71.7,71.9,71.5,71.9,1252100,DNSE
VHM,15,2026-09-18 14:45:00,71.0,71.0,71.0,71.0,11266000,DNSE
VHM,15,2026-09-21 09:15:00,71.7,72.0,71.0,71.1,701400,DNSE
VHM,15,2026-09-21 09:30:00,71.1,71.3,71.0,71.2,409400,DNSE
VHM,15,2026-09-21 09:45:00,71.2,71.2,70.4,70.6,970500,DNSE
VHM,15,2026-09-21 10:00:00,70.5,70.6,70.2,70.4,678100,DNSE
VHM,15,2026-09-21 10:15:00,70.5,70.7,70.3,70.4,428400,DNSE
VHM,15,2026-09-21 10:30:00,70.3,70.5,70.3,70.4,284100,DNSE
VHM,15,2026-09-21 10:45:00,70.3,70.5,70.2,70.2,378700,DNSE
VHM,15,2026-09-21 11:00:00,70.2,70.3,69.5,69.7,1486700,DNSE
VHM,15,2026-09-21 11:15:00,69.8,70.0,69.6,69.9,390000,DNSE
VHM,15,2026-09-21 13:00:00,70.0,70.0,69.7,69.7,759100,DNSE
VHM,15,2026-09-21 13:15:00,69.8,69.8,69.0,69.5,1368200,DNSE
VHM,15,2026-09-21 13:30:00,69.4,69.5,69.1,69.4,768800,DNSE
VHM,15,2026-09-21 13:45:00,69.4,69.4,68.3,68.7,2250900,DNSE
VHM,15,2026-09-21 14:00:00,68.7,68.9,68.3,68.6,1558900,DNSE
VHM,15,2026-09-21 14:15:00,68.6,69.1,67.6,68.9,3075700,DNSE
VHM,15,2026-09-21 14:45:00,68.1,68.1,68.1,68.1,1700900,DNSE
VIC,15,2026-09-14 09:15:00,242.3,243.0,240.1,242.0,92100,DNSE
VIC,15,2026-09-14 09:30:00,242.7,242.9,239.8,239.9,128100,DNSE
VIC,15,2026-09-14 09:45:00,239.8,239.9,237.2,237.5,212500,DNSE
VIC,15,2026-09-14 10:00:00,237.5,238.0,235.6,236.5,151000,DNSE
VIC,15,2026-09-14 10:15:00,236.5,241.0,235.8,239.1,200900,DNSE
VIC,15,2026-09-14 10:30:00,239.1,240.0,237.0,239.0,83100,DNSE
VIC,15,2026-09-14 10:45:00,239.0,240.4,238.2,238.6,72300,DNSE
VIC,15,2026-09-14 11:00:00,238.5,239.8,238.0,239.3,77500,DNSE
VIC,15,2026-09-14 11:15:00,239.2,240.4,238.1,238.2,129000,DNSE
VIC,15,2026-09-14 13:00:00,238.1,241.8,238.1,240.6,216400,DNSE
VIC,15,2026-09-14 13:15:00,240.6,243.3,240.6,242.9,393600,DNSE
VIC,15,2026-09-14 13:30:00,242.9,242.9,240.7,240.7,199900,DNSE
VIC,15,2026-09-14 13:45:00,240.7,241.3,239.5,241.2,456800,DNSE
VIC,15,2026-09-14 14:00:00,241.2,242.0,240.8,241.0,251800,DNSE
VIC,15,2026-09-14 14:15:00,240.9,242.1,240.2,240.2,533800,DNSE
VIC,15,2026-09-14 14:45:00,241.4,241.4,241.4,241.4,945900,DNSE
VIC,15,2026-09-15 09:15:00,242.0,243.2,241.4,241.8,64100,DNSE
VIC,15,2026-09-15 09:30:00,241.8,242.2,241.0,241.5,72300,DNSE
VIC,15,2026-09-15 09:45:00,241.4,242.1,241.4,242.1,41500,DNSE
VIC,15,2026-09-15 10:00:00,242.0,242.6,241.9,242.5,40700,DNSE
VIC,15,2026-09-15 10:15:00,242.5,243.1,242.4,242.8,56000,DNSE
VIC,15,2026-09-15 10:30:00,242.8,242.8,242.4,242.5,57800,DNSE
VIC,15,2026-09-15 10:45:00,242.4,242.5,241.3,241.5,141600,DNSE
VIC,15,2026-09-15 11:00:00,241.5,241.9,241.5,241.7,53100,DNSE
VIC,15,2026-09-15 11:15:00,241.7,241.9,241.4,241.5,72900,DNSE
VIC,15,2026-09-15 13:00:00,241.5,241.7,241.2,241.2,77900,DNSE
VIC,15,2026-09-15 13:15:00,241.2,241.8,241.2,241.3,145100,DNSE
VIC,15,2026-09-15 13:30:00,241.4,241.6,241.0,241.0,483300,DNSE
VIC,15,2026-09-15 13:45:00,241.0,241.4,240.8,241.2,545800,DNSE
VIC,15,2026-09-15 14:00:00,241.3,241.4,241.1,241.2,339400,DNSE
VIC,15,2026-09-15 14:15:00,241.2,241.4,240.8,241.0,316700,DNSE
VIC,15,2026-09-15 14:45:00,241.3,241.3,241.3,241.3,1687900,DNSE
VIC,15,2026-09-16 09:15:00,240.9,242.2,237.6,242.2,112000,DNSE
VIC,15,2026-09-16 09:30:00,242.2,242.8,241.6,242.2,42300,DNSE
VIC,15,2026-09-16 09:45:00,242.2,242.3,241.1,241.2,31800,DNSE
VIC,15,2026-09-16 10:00:00,241.2,241.4,241.0,241.2,37900,DNSE
VIC,15,2026-09-16 10:15:00,241.2,242.0,241.0,241.6,74900,DNSE
VIC,15,2026-09-16 10:30:00,241.6,242.3,241.3,242.3,83800,DNSE
VIC,15,2026-09-16 10:45:00,242.3,243.8,242.1,242.9,167200,DNSE
VIC,15,2026-09-16 11:00:00,242.9,243.5,242.9,243.0,89800,DNSE
VIC,15,2026-09-16 11:15:00,243.0,243.1,242.9,242.9,65600,DNSE
VIC,15,2026-09-16 13:00:00,242.8,242.8,242.1,242.1,113200,DNSE
VIC,15,2026-09-16 13:15:00,242.1,242.2,241.7,242.0,117500,DNSE
VIC,15,2026-09-16 13:30:00,242.0,242.0,241.1,241.2,134500,DNSE
VIC,15,2026-09-16 13:45:00,241.3,241.3,241.0,241.1,210200,DNSE
VIC,15,2026-09-16 14:00:00,241.1,241.4,241.0,241.2,308100,DNSE
VIC,15,2026-09-16 14:15:00,241.3,241.5,241.0,241.3,552400,DNSE
VIC,15,2026-09-16 14:45:00,241.2,241.2,241.2,241.2,1872800,DNSE
VIC,15,2026-09-17 09:15:00,240.9,242.9,239.8,242.6,168900,DNSE
VIC,15,2026-09-17 09:30:00,242.6,242.6,241.8,242.0,82700,DNSE
VIC,15,2026-09-17 09:45:00,242.0,242.5,242.0,242.1,87600,DNSE
VIC,15,2026-09-17 10:00:00,242.1,242.3,241.9,242.3,50700,DNSE
VIC,15,2026-09-17 10:15:00,242.3,243.0,242.3,242.7,123300,DNSE
VIC,15,2026-09-17 10:30:00,242.6,242.7,242.0,242.2,129800,DNSE
VIC,15,2026-09-17 10:45:00,242.2,242.3,241.7,242.3,63600,DNSE
VIC,15,2026-09-17 11:00:00,242.3,242.5,242.1,242.5,41300,DNSE
VIC,15,2026-09-17 11:15:00,242.5,242.6,242.3,242.4,53900,DNSE
VIC,15,2026-09-17 13:00:00,242.4,242.9,242.2,242.8,129700,DNSE
VIC,15,2026-09-17 13:15:00,242.9,242.9,242.2,242.4,89700,DNSE
VIC,15,2026-09-17 13:30:00,242.4,244.1,242.3,244.1,346900,DNSE
VIC,15,2026-09-17 13:45:00,244.0,244.1,242.2,242.2,232400,DNSE
VIC,15,2026-09-17 14:00:00,242.2,242.4,241.3,241.6,191800,DNSE
VIC,15,2026-09-17 14:15:00,241.6,242.1,241.5,241.8,497700,DNSE
VIC,15,2026-09-17 14:45:00,241.2,241.2,241.2,241.2,1661500,DNSE
VIC,15,2026-09-18 09:15:00,244.5,244.5,242.9,242.9,95700,DNSE
VIC,15,2026-09-18 09:30:00,242.9,243.2,242.5,242.5,40500,DNSE
VIC,15,2026-09-18 09:45:00,242.4,243.0,242.1,243.0,101200,DNSE
VIC,15,2026-09-18 10:00:00,243.1,244.3,243.0,243.5,163400,DNSE
VIC,15,2026-09-18 10:15:00,243.5,244.1,243.5,243.5,56500,DNSE
VIC,15,2026-09-18 10:30:00,243.5,243.5,242.8,242.9,57100,DNSE
VIC,15,2026-09-18 10:45:00,242.8,242.9,242.6,242.7,64400,DNSE
VIC,15,2026-09-18 11:00:00,242.7,242.7,242.4,242.4,44200,DNSE
VIC,15,2026-09-18 11:15:00,242.4,242.6,242.4,242.6,31200,DNSE
VIC,15,2026-09-18 13:00:00,242.6,242.6,241.7,241.8,116800,DNSE
VIC,15,2026-09-18 13:15:00,241.9,242.0,241.5,241.7,120800,DNSE
VIC,15,2026-09-18 13:30:00,241.7,241.8,241.3,241.4,178200,DNSE
VIC,15,2026-09-18 13:45:00,241.4,241.6,241.2,241.2,109000,DNSE
VIC,15,2026-09-18 14:00:00,241.2,241.3,240.9,241.0,298100,DNSE
VIC,15,2026-09-18 14:15:00,241.0,241.1,240.3,240.8,296400,DNSE
VIC,15,2026-09-18 14:45:00,241.2,241.2,241.2,241.2,11478000,DNSE
VIC,15,2026-09-21 09:15:00,243.4,243.4,238.7,239.1,230000,DNSE
VIC,15,2026-09-21 09:30:00,239.5,240.1,239.1,239.1,124100,DNSE
VIC,15,2026-09-21 09:45:00,239.1,239.2,237.0,238.0,174100,DNSE
VIC,15,2026-09-21 10:00:00,237.8,238.8,237.2,238.5,72300,DNSE
VIC,15,2026-09-21 10:15:00,238.5,238.8,238.1,238.3,33100,DNSE
VIC,15,2026-09-21 10:30:00,238.4,239.5,238.3,239.3,43000,DNSE
VIC,15,2026-09-21 10:45:00,239.3,239.5,239.0,239.3,27900,DNSE
VIC,15,2026-09-21 11:00:00,239.3,239.3,237.1,237.3,134700,DNSE
VIC,15,2026-09-21 11:15:00,237.3,239.0,237.3,238.0,83100,DNSE
VIC,15,2026-09-21 13:00:00,238.0,238.4,237.0,237.2,123200,DNSE
VIC,15,2026-09-21 13:15:00,237.2,237.6,235.7,235.9,515900,DNSE
VIC,15,2026-09-21 13:30:00,235.8,236.0,234.5,235.5,283500,DNSE
VIC,15,2026-09-21 13:45:00,235.5,236.0,234.6,235.0,194000,DNSE
VIC,15,2026-09-21 14:00:00,235.0,235.9,233.9,235.3,210800,DNSE
VIC,15,2026-09-21 14:15:00,235.3,235.3,232.8,234.0,372300,DNSE
VIC,15,2026-09-21 14:45:00,235.0,235.0,235.0,235.0,1063300,DNSE
VND,15,2026-09-14 09:15:00,15.2,15.35,15.15,15.2,806100,DNSE
VND,15,2026-09-14 09:30:00,15.25,15.25,15.15,15.15,393600,DNSE
VND,15,2026-09-14 09:45:00,15.15,15.2,15.05,15.05,648400,DNSE
VND,15,2026-09-14 10:00:00,15.05,15.1,15.0,15.0,864900,DNSE
VND,15,2026-09-14 10:15:00,15.05,15.15,14.9,15.1,1185700,DNSE
VND,15,2026-09-14 10:30:00,15.05,15.1,14.95,15.0,407300,DNSE
VND,15,2026-09-14 10:45:00,15.0,15.15,15.0,15.05,363000,DNSE
VND,15,2026-09-14 11:00:00,15.05,15.1,14.95,15.0,711600,DNSE
VND,15,2026-09-14 11:15:00,15.0,15.05,14.95,15.05,385300,DNSE
VND,15,2026-09-14 13:00:00,15.05,15.05,14.95,15.0,406500,DNSE
VND,15,2026-09-14 13:15:00,14.95,15.0,14.9,14.9,1253200,DNSE
VND,15,2026-09-14 13:30:00,14.9,14.95,14.75,14.8,2640900,DNSE
VND,15,2026-09-14 13:45:00,14.75,14.8,14.6,14.7,1819900,DNSE
VND,15,2026-09-14 14:00:00,14.7,14.8,14.6,14.65,921400,DNSE
VND,15,2026-09-14 14:15:00,14.65,14.75,14.5,14.6,4289900,DNSE
VND,15,2026-09-14 14:45:00,14.6,14.6,14.6,14.6,750800,DNSE
VND,15,2026-09-15 09:15:00,14.7,14.9,14.7,14.85,910600,DNSE
VND,15,2026-09-15 09:30:00,14.85,14.85,14.6,14.7,1633600,DNSE
VND,15,2026-09-15 09:45:00,14.7,14.7,14.6,14.65,927200,DNSE
VND,15,2026-09-15 10:00:00,14.65,14.9,14.6,14.8,1288400,DNSE
VND,15,2026-09-15 10:15:00,14.85,14.85,14.65,14.8,518700,DNSE
VND,15,2026-09-15 10:30:00,14.8,14.8,14.7,14.8,438200,DNSE
VND,15,2026-09-15 10:45:00,14.8,14.8,14.75,14.8,223100,DNSE
VND,15,2026-09-15 11:00:00,14.75,14.8,14.7,14.75,412400,DNSE
VND,15,2026-09-15 11:15:00,14.75,14.9,14.7,14.85,465700,DNSE
VND,15,2026-09-15 13:00:00,14.85,14.9,14.8,14.85,181900,DNSE
VND,15,2026-09-15 13:15:00,14.9,14.9,14.85,14.85,319200,DNSE
VND,15,2026-09-15 13:30:00,14.85,14.9,14.7,14.75,763400,DNSE
VND,15,2026-09-15 13:45:00,14.75,14.85,14.75,14.75,401100,DNSE
VND,15,2026-09-15 14:00:00,14.8,15.0,14.75,14.95,1337500,DNSE
VND,15,2026-09-15 14:15:00,14.95,15.0,14.9,14.95,836100,DNSE
VND,15,2026-09-15 14:45:00,14.7,14.7,14.7,14.7,2168600,DNSE
VND,15,2026-09-16 09:15:00,14.8,14.85,14.75,14.85,299400,DNSE
VND,15,2026-09-16 09:30:00,14.9,14.9,14.8,14.8,385300,DNSE
VND,15,2026-09-16 09:45:00,14.85,14.85,14.8,14.8,266900,DNSE
VND,15,2026-09-16 10:00:00,14.8,14.8,14.75,14.8,112600,DNSE
VND,15,2026-09-16 10:15:00,14.8,14.8,14.7,14.8,214600,DNSE
VND,15,2026-09-16 10:30:00,14.8,14.8,14.75,14.8,74600,DNSE
VND,15,2026-09-16 10:45:00,14.8,14.8,14.75,14.8,150700,DNSE
VND,15,2026-09-16 11:00:00,14.8,14.8,14.75,14.75,121800,DNSE
VND,15,2026-09-16 11:15:00,14.75,14.8,14.75,14.75,240700,DNSE
VND,15,2026-09-16 13:00:00,14.8,14.8,14.75,14.75,288500,DNSE
VND,15,2026-09-16 13:15:00,14.75,14.8,14.7,14.75,195900,DNSE
VND,15,2026-09-16 13:30:00,14.75,14.75,14.6,14.65,1233600,DNSE
VND,15,2026-09-16 13:45:00,14.65,14.75,14.6,14.7,334900,DNSE
VND,15,2026-09-16 14:00:00,14.7,14.75,14.65,14.7,283100,DNSE
VND,15,2026-09-16 14:15:00,14.7,14.75,14.65,14.7,336800,DNSE
VND,15,2026-09-16 14:45:00,14.5,14.5,14.5,14.5,2566200,DNSE
VND,15,2026-09-17 09:15:00,14.4,14.75,14.4,14.75,987700,DNSE
VND,15,2026-09-17 09:30:00,14.75,14.8,14.65,14.65,576800,DNSE
VND,15,2026-09-17 09:45:00,14.65,15.05,14.65,14.9,1697700,DNSE
VND,15,2026-09-17 10:00:00,14.9,15.15,14.9,15.05,1030000,DNSE
VND,15,2026-09-17 10:15:00,15.05,15.3,15.0,15.25,1357000,DNSE
VND,15,2026-09-17 10:30:00,15.25,15.25,15.1,15.2,731700,DNSE
VND,15,2026-09-17 10:45:00,15.2,15.25,15.2,15.25,423600,DNSE
VND,15,2026-09-17 11:00:00,15.2,15.3,15.15,15.2,663100,DNSE
VND,15,2026-09-17 11:15:00,15.2,15.25,15.1,15.1,347000,DNSE
VND,15,2026-09-17 13:00:00,15.15,15.15,15.0,15.05,744000,DNSE
VND,15,2026-09-17 13:15:00,15.0,15.05,14.9,14.95,882200,DNSE
VND,15,2026-09-17 13:30:00,14.9,15.0,14.9,14.95,528300,DNSE
VND,15,2026-09-17 13:45:00,15.0,15.0,14.85,14.9,1014800,DNSE
VND,15,2026-09-17 14:00:00,14.95,14.95,14.85,14.95,414900,DNSE
VND,15,2026-09-17 14:15:00,14.95,15.0,14.9,14.95,523300,DNSE
VND,15,2026-09-17 14:45:00,14.8,14.8,14.8,14.8,2376700,DNSE
VND,15,2026-09-18 09:15:00,15.1,15.15,15.0,15.1,757600,DNSE
VND,15,2026-09-18 09:30:00,15.05,15.15,14.9,14.95,1232400,DNSE
VND,15,2026-09-18 09:45:00,15.0,15.1,14.95,15.1,293500,DNSE
VND,15,2026-09-18 10:00:00,15.1,15.2,14.95,15.15,937300,DNSE
VND,15,2026-09-18 10:15:00,15.15,15.25,15.15,15.2,705700,DNSE
VND,15,2026-09-18 10:30:00,15.2,15.2,15.1,15.1,551000,DNSE
VND,15,2026-09-18 10:45:00,15.1,15.2,15.1,15.2,527800,DNSE
VND,15,2026-09-18 11:00:00,15.15,15.25,15.15,15.2,604800,DNSE
VND,15,2026-09-18 11:15:00,15.25,15.3,15.15,15.3,715100,DNSE
VND,15,2026-09-18 13:00:00,15.3,15.3,15.15,15.2,745200,DNSE
VND,15,2026-09-18 13:15:00,15.2,15.25,15.15,15.2,522500,DNSE
VND,15,2026-09-18 13:30:00,15.2,15.2,15.1,15.15,519100,DNSE
VND,15,2026-09-18 13:45:00,15.15,15.2,15.05,15.1,682600,DNSE
VND,15,2026-09-18 14:00:00,15.1,15.15,15.05,15.1,660500,DNSE
VND,15,2026-09-18 14:15:00,15.1,15.1,15.0,15.05,1639900,DNSE
VND,15,2026-09-18 14:45:00,15.2,15.2,15.2,15.2,4936500,DNSE
VND,15,2026-09-21 09:15:00,15.3,15.3,15.15,15.2,522000,DNSE
VND,15,2026-09-21 09:30:00,15.2,15.2,15.15,15.2,321200,DNSE
VND,15,2026-09-21 09:45:00,15.2,15.2,15.1,15.15,180800,DNSE
VND,15,2026-09-21 10:00:00,15.15,15.15,15.1,15.15,137700,DNSE
VND,15,2026-09-21 10:15:00,15.15,15.15,15.1,15.15,55500,DNSE
VND,15,2026-09-21 10:30:00,15.15,15.15,15.05,15.05,439100,DNSE
VND,15,2026-09-21 10:45:00,15.05,15.1,15.05,15.05,165400,DNSE
VND,15,2026-09-21 11:00:00,15.05,15.1,14.95,15.0,519700,DNSE
VND,15,2026-09-21 11:15:00,15.0,15.0,14.95,14.95,118400,DNSE
VND,15,2026-09-21 13:00:00,14.95,15.0,14.85,14.85,1090000,DNSE
VND,15,2026-09-21 13:15:00,14.9,14.9,14.8,14.85,1003800,DNSE
VND,15,2026-09-21 13:30:00,14.85,14.9,14.8,14.85,934800,DNSE
VND,15,2026-09-21 13:45:00,14.85,14.9,14.8,14.8,1132500,DNSE
VND,15,2026-09-21 14:00:00,14.85,14.9,14.8,14.9,403800,DNSE
VND,15,2026-09-21 14:15:00,14.9,14.95,14.75,14.9,1309000,DNSE
VND,15,2026-09-21 14:45:00,14.7,14.7,14.7,14.7,1619500,DNSE
VNINDEX,15,2026-09-14 09:15:00,1792.67,1797.04,1791.6,1796.21,33473057,DNSE
VNINDEX,15,2026-09-14 09:30:00,1796.41,1799.1,1791.82,1791.89,27490417,DNSE
VNINDEX,15,2026-09-14 09:45:00,1792.45,1792.45,1786.43,1787.01,30973562,DNSE
VNINDEX,15,2026-09-14 10:00:00,1786.53,1787.99,1782.09,1782.5,31771903,DNSE
VNINDEX,15,2026-09-14 10:15:00,1782.61,1794.93,1780.66,1790.34,27381575,DNSE
VNINDEX,15,2026-09-14 10:30:00,1790.41,1792.96,1788.14,1792.61,15434864,DNSE
VNINDEX,15,2026-09-14 10:45:00,1792.53,1796.98,1792.53,1793.08,22695601,DNSE
VNINDEX,15,2026-09-14 11:00:00,1794.05,1794.48,1791.3,1792.76,12502682,DNSE
VNINDEX,15,2026-09-14 11:15:00,1793.27,1795.82,1790.93,1790.93,11256470,DNSE
VNINDEX,15,2026-09-14 11:30:00,1790.81,1790.81,1790.8,1790.8,245380,DNSE
VNINDEX,15,2026-09-14 13:00:00,1790.37,1796.24,1790.07,1792.55,26700219,DNSE
VNINDEX,15,2026-09-14 13:15:00,1792.82,1796.0,1792.25,1793.68,34174882,DNSE
VNINDEX,15,2026-09-14 13:30:00,1793.83,1793.91,1784.22,1784.22,64095813,DNSE
VNINDEX,15,2026-09-14 13:45:00,1783.82,1784.08,1776.85,1782.88,128408049,DNSE
VNINDEX,15,2026-09-14 14:00:00,1783.16,1786.76,1779.63,1779.91,61812221,DNSE
VNINDEX,15,2026-09-14 14:15:00,1780.08,1789.2,1778.67,1787.31,90277849,DNSE
VNINDEX,15,2026-09-14 14:30:00,1787.69,1787.69,1783.37,1783.37,453273,DNSE
VNINDEX,15,2026-09-14 14:45:00,1785.98,1788.23,1785.98,1788.23,44569689,DNSE
VNINDEX,15,2026-09-15 09:15:00,1795.12,1802.86,1794.76,1797.48,42875703,DNSE
VNINDEX,15,2026-09-15 09:30:00,1797.46,1801.05,1797.36,1798.54,33625958,DNSE
VNINDEX,15,2026-09-15 09:45:00,1798.49,1799.34,1797.55,1799.15,29533513,DNSE
VNINDEX,15,2026-09-15 10:00:00,1799.09,1803.87,1798.09,1803.87,36060175,DNSE
VNINDEX,15,2026-09-15 10:15:00,1803.81,1806.02,1803.75,1804.76,19782623,DNSE
VNINDEX,15,2026-09-15 10:30:00,1804.95,1805.35,1803.75,1804.58,15414729,DNSE
VNINDEX,15,2026-09-15 10:45:00,1804.71,1804.71,1799.36,1800.14,15163287,DNSE
VNINDEX,15,2026-09-15 11:00:00,1800.02,1801.64,1800.02,1801.46,12407285,DNSE
VNINDEX,15,2026-09-15 11:15:00,1801.34,1802.39,1800.27,1802.32,13977350,DNSE
VNINDEX,15,2026-09-15 11:30:00,1802.35,1802.35,1802.34,1802.34,183603,DNSE
VNINDEX,15,2026-09-15 13:00:00,1802.01,1803.78,1801.12,1802.82,34628693,DNSE
VNINDEX,15,2026-09-15 13:15:00,1802.78,1805.95,1802.78,1804.78,45169656,DNSE
VNINDEX,15,2026-09-15 13:30:00,1805.2,1805.48,1804.07,1804.34,36492377,DNSE
VNINDEX,15,2026-09-15 13:45:00,1804.23,1808.29,1804.23,1807.93,49919517,DNSE
VNINDEX,15,2026-09-15 14:00:00,1807.68,1810.99,1807.58,1810.87,39770951,DNSE
VNINDEX,15,2026-09-15 14:15:00,1810.32,1812.07,1810.25,1811.3,48748668,DNSE
VNINDEX,15,2026-09-15 14:30:00,1811.37,1813.94,1811.37,1813.94,521696,DNSE
VNINDEX,15,2026-09-15 14:45:00,1810.67,1811.15,1810.67,1811.15,49541273,DNSE
VNINDEX,15,2026-09-16 09:15:00,1812.96,1812.96,1807.31,1812.93,27310604,DNSE
VNINDEX,15,2026-09-16 09:30:00,1812.86,1816.26,1812.37,1814.98,21578460,DNSE
VNINDEX,15,2026-09-16 09:45:00,1814.96,1815.13,1811.84,1812.0,28920016,DNSE
VNINDEX,15,2026-09-16 10:00:00,1811.66,1811.93,1809.62,1809.62,35564952,DNSE
VNINDEX,15,2026-09-16 10:15:00,1810.1,1813.59,1808.45,1811.73,40846256,DNSE
VNINDEX,15,2026-09-16 10:30:00,1811.71,1813.98,1810.97,1812.78,22707184,DNSE
VNINDEX,15,2026-09-16 10:45:00,1813.03,1816.11,1812.39,1814.36,24937600,DNSE
VNINDEX,15,2026-09-16 11:00:00,1814.45,1815.87,1813.92,1814.28,13599616,DNSE
VNINDEX,15,2026-09-16 11:15:00,1814.29,1814.44,1812.95,1813.14,15673376,DNSE
VNINDEX,15,2026-09-16 13:00:00,1813.04,1813.04,1808.78,1809.42,60435952,DNSE
VNINDEX,15,2026-09-16 13:15:00,1809.56,1811.01,1806.96,1810.11,39319968,DNSE
VNINDEX,15,2026-09-16 13:30:00,1810.26,1810.81,1806.39,1806.39,32513248,DNSE
VNINDEX,15,2026-09-16 13:45:00,1806.74,1807.3,1805.2,1806.61,49196320,DNSE
VNINDEX,15,2026-09-16 14:00:00,1806.39,1810.13,1805.99,1809.97,31877088,DNSE
VNINDEX,15,2026-09-16 14:15:00,1809.72,1812.79,1809.32,1810.76,56439456,DNSE
VNINDEX,15,2026-09-16 14:45:00,1810.11,1810.11,1810.11,1810.11,82365472,DNSE
VNINDEX,15,2026-09-17 09:15:00,1802.79,1817.41,1801.42,1816.86,48080736,DNSE
VNINDEX,15,2026-09-17 09:30:00,1817.01,1817.28,1811.55,1812.1,45055208,DNSE
VNINDEX,15,2026-09-17 09:45:00,1812.19,1817.84,1812.04,1817.08,48834584,DNSE
VNINDEX,15,2026-09-17 10:00:00,1817.06,1820.47,1816.79,1820.36,42287872,DNSE
VNINDEX,15,2026-09-17 10:15:00,1820.34,1827.74,1820.25,1825.82,56104464,DNSE
VNINDEX,15,2026-09-17 10:30:00,1825.86,1827.06,1823.88,1824.77,44778416,DNSE
VNINDEX,15,2026-09-17 10:45:00,1824.66,1825.42,1823.66,1825.4,27603552,DNSE
VNINDEX,15,2026-09-17 11:00:00,1825.44,1826.59,1825.06,1826.18,26959584,DNSE
VNINDEX,15,2026-09-17 11:15:00,1825.87,1826.02,1824.09,1825.04,24372544,DNSE
VNINDEX,15,2026-09-17 13:00:00,1824.93,1826.32,1822.93,1825.56,46635744,DNSE
VNINDEX,15,2026-09-17 13:15:00,1825.99,1825.99,1820.92,1821.3,37714048,DNSE
VNINDEX,15,2026-09-17 13:30:00,1821.52,1830.35,1820.61,1829.14,51017760,DNSE
VNINDEX,15,2026-09-17 13:45:00,1829.63,1829.95,1818.67,1818.91,48136864,DNSE
VNINDEX,15,2026-09-17 14:00:00,1819.0,1821.25,1818.91,1818.91,30014144,DNSE
VNINDEX,15,2026-09-17 14:15:00,1820.05,1825.94,1819.82,1825.34,61914752,DNSE
VNINDEX,15,2026-09-17 14:45:00,1822.77,1822.77,1822.77,1822.77,76413056,DNSE
VNINDEX,15,2026-09-18 09:15:00,1835.32,1837.2,1833.6,1833.69,55001892,DNSE
VNINDEX,15,2026-09-18 09:30:00,1833.56,1834.06,1830.49,1830.7,20413380,DNSE
VNINDEX,15,2026-09-18 09:45:00,1830.64,1833.41,1829.13,1833.15,24669304,DNSE
VNINDEX,15,2026-09-18 10:00:00,1833.5,1836.1,1833.33,1834.89,30794896,DNSE
VNINDEX,15,2026-09-18 10:15:00,1834.89,1838.83,1834.74,1836.8,32545792,DNSE
VNINDEX,15,2026-09-18 10:30:00,1837.06,1837.47,1836.07,1837.09,49041792,DNSE
VNINDEX,15,2026-09-18 10:45:00,1836.97,1841.2,1836.78,1839.51,40678032,DNSE
VNINDEX,15,2026-09-18 11:00:00,1839.59,1839.59,1837.82,1838.34,29916160,DNSE
VNINDEX,15,2026-09-18 11:15:00,1838.39,1840.12,1838.36,1839.94,27671200,DNSE
VNINDEX,15,2026-09-18 13:00:00,1839.67,1839.67,1835.16,1835.8,88182880,DNSE
VNINDEX,15,2026-09-18 13:15:00,1835.82,1836.27,1834.63,1834.99,45184832,DNSE
VNINDEX,15,2026-09-18 13:30:00,1834.9,1835.41,1833.38,1833.47,45934432,DNSE
VNINDEX,15,2026-09-18 13:45:00,1833.51,1834.57,1830.69,1830.69,37238624,DNSE
VNINDEX,15,2026-09-18 14:00:00,1830.46,1830.66,1826.87,1827.1,39045440,DNSE
VNINDEX,15,2026-09-18 14:15:00,1827.22,1829.44,1826.01,1829.04,49983040,DNSE
VNINDEX,15,2026-09-18 14:45:00,1815.66,1815.66,1815.66,1815.66,245761920,DNSE
VNINDEX,15,2026-09-21 09:15:00,1829.03,1829.03,1814.92,1815.44,50488340,DNSE
VNINDEX,15,2026-09-21 09:30:00,1815.27,1817.83,1815.27,1816.75,27249140,DNSE
VNINDEX,15,2026-09-21 09:45:00,1816.72,1817.11,1807.87,1810.55,29120920,DNSE
VNINDEX,15,2026-09-21 10:00:00,1810.93,1811.58,1808.93,1810.46,17473776,DNSE
VNINDEX,15,2026-09-21 10:15:00,1810.88,1810.95,1809.29,1809.52,27023344,DNSE
VNINDEX,15,2026-09-21 10:30:00,1809.92,1811.63,1809.05,1811.16,14709840,DNSE
VNINDEX,15,2026-09-21 10:45:00,1810.99,1811.57,1809.97,1811.53,16906560,DNSE
VNINDEX,15,2026-09-21 11:00:00,1811.13,1811.32,1804.32,1804.77,26918960,DNSE
VNINDEX,15,2026-09-21 11:15:00,1804.53,1807.63,1804.49,1806.54,21533040,DNSE
VNINDEX,15,2026-09-21 13:00:00,1806.44,1806.44,1800.91,1801.3,68435120,DNSE
VNINDEX,15,2026-09-21 13:15:00,1801.35,1801.93,1796.75,1799.07,70367360,DNSE
VNINDEX,15,2026-09-21 13:30:00,1798.52,1798.52,1793.43,1796.78,48657888,DNSE
VNINDEX,15,2026-09-21 13:45:00,1797.23,1798.16,1791.33,1791.81,54471584,DNSE
VNINDEX,15,2026-09-21 14:00:00,1792.0,1795.79,1788.63,1794.15,50270752,DNSE
VNINDEX,15,2026-09-21 14:15:00,1794.48,1796.06,1786.37,1793.41,60284736,DNSE
VNINDEX,15,2026-09-21 14:45:00,1799.67,1799.67,1799.67,1799.67,70247744,DNSE
VNM,15,2026-09-14 09:15:00,59.7,60.0,59.7,60.0,157400,DNSE
VNM,15,2026-09-14 09:30:00,60.0,60.1,59.8,60.0,93400,DNSE
VNM,15,2026-09-14 09:45:00,60.0,60.0,59.7,59.7,181300,DNSE
VNM,15,2026-09-14 10:00:00,59.7,59.8,59.6,59.8,47800,DNSE
VNM,15,2026-09-14 10:15:00,59.8,59.8,59.6,59.6,67300,DNSE
VNM,15,2026-09-14 10:30:00,59.6,59.7,59.6,59.7,74700,DNSE
VNM,15,2026-09-14 10:45:00,59.7,59.7,59.6,59.6,102100,DNSE
VNM,15,2026-09-14 11:00:00,59.6,59.7,59.5,59.6,203500,DNSE
VNM,15,2026-09-14 11:15:00,59.6,59.6,59.5,59.6,58100,DNSE
VNM,15,2026-09-14 13:00:00,59.6,59.7,59.3,59.3,263000,DNSE
VNM,15,2026-09-14 13:15:00,59.3,59.3,59.0,59.2,486900,DNSE
VNM,15,2026-09-14 13:30:00,59.2,59.2,58.6,58.7,695100,DNSE
VNM,15,2026-09-14 13:45:00,58.8,59.0,58.6,58.9,401200,DNSE
VNM,15,2026-09-14 14:00:00,58.9,58.9,58.6,58.8,366600,DNSE
VNM,15,2026-09-14 14:15:00,58.7,59.2,58.6,59.1,538300,DNSE
VNM,15,2026-09-14 14:45:00,59.3,59.3,59.3,59.3,116300,DNSE
VNM,15,2026-09-15 09:15:00,59.5,60.2,59.5,59.9,236100,DNSE
VNM,15,2026-09-15 09:30:00,59.9,59.9,59.7,59.8,82300,DNSE
VNM,15,2026-09-15 09:45:00,59.8,59.8,59.5,59.5,79300,DNSE
VNM,15,2026-09-15 10:00:00,59.6,59.9,59.5,59.8,46100,DNSE
VNM,15,2026-09-15 10:15:00,59.7,60.0,59.7,59.8,107200,DNSE
VNM,15,2026-09-15 10:30:00,59.9,60.0,59.6,59.8,56500,DNSE
VNM,15,2026-09-15 10:45:00,59.8,59.8,59.5,59.6,108700,DNSE
VNM,15,2026-09-15 11:00:00,59.7,59.7,59.5,59.5,48300,DNSE
VNM,15,2026-09-15 11:15:00,59.5,59.7,59.4,59.5,47200,DNSE
VNM,15,2026-09-15 13:00:00,59.5,59.9,59.5,59.8,158900,DNSE
VNM,15,2026-09-15 13:15:00,59.9,59.9,59.7,59.8,52300,DNSE
VNM,15,2026-09-15 13:30:00,59.8,59.9,59.7,59.8,102000,DNSE
VNM,15,2026-09-15 13:45:00,59.8,59.9,59.7,59.8,49100,DNSE
VNM,15,2026-09-15 14:00:00,59.7,59.9,59.7,59.8,100100,DNSE
VNM,15,2026-09-15 14:15:00,59.8,59.9,59.5,59.8,297700,DNSE
VNM,15,2026-09-15 14:45:00,59.7,59.7,59.7,59.7,263500,DNSE
VNM,15,2026-09-16 09:15:00,59.8,60.3,59.8,60.2,126400,DNSE
VNM,15,2026-09-16 09:30:00,60.3,60.3,60.0,60.1,42800,DNSE
VNM,15,2026-09-16 09:45:00,60.1,60.1,59.8,60.0,49700,DNSE
VNM,15,2026-09-16 10:00:00,60.0,60.0,59.9,59.9,36700,DNSE
VNM,15,2026-09-16 10:15:00,60.0,60.1,59.8,60.1,142100,DNSE
VNM,15,2026-09-16 10:30:00,60.1,60.1,59.9,60.1,35900,DNSE
VNM,15,2026-09-16 10:45:00,60.1,60.1,60.0,60.1,49000,DNSE
VNM,15,2026-09-16 11:00:00,60.1,60.1,60.0,60.1,27200,DNSE
VNM,15,2026-09-16 11:15:00,60.1,60.1,60.0,60.0,46600,DNSE
VNM,15,2026-09-16 13:00:00,60.0,60.0,59.8,60.0,120000,DNSE
VNM,15,2026-09-16 13:15:00,60.0,60.1,59.8,60.1,132000,DNSE
VNM,15,2026-09-16 13:30:00,60.1,60.1,59.9,60.0,94900,DNSE
VNM,15,2026-09-16 13:45:00,60.0,60.1,59.9,60.0,116500,DNSE
VNM,15,2026-09-16 14:00:00,60.0,60.2,60.0,60.2,127300,DNSE
VNM,15,2026-09-16 14:15:00,60.2,60.3,60.0,60.1,266500,DNSE
VNM,15,2026-09-16 14:45:00,59.6,59.6,59.6,59.6,323800,DNSE
VNM,15,2026-09-17 09:15:00,59.4,60.2,59.4,60.2,104000,DNSE
VNM,15,2026-09-17 09:30:00,60.2,60.2,59.9,60.0,49700,DNSE
VNM,15,2026-09-17 09:45:00,60.0,60.2,60.0,60.2,58600,DNSE
VNM,15,2026-09-17 10:00:00,60.2,60.3,60.0,60.2,75200,DNSE
VNM,15,2026-09-17 10:15:00,60.2,60.5,60.2,60.5,155000,DNSE
VNM,15,2026-09-17 10:30:00,60.5,60.5,60.3,60.3,92600,DNSE
VNM,15,2026-09-17 10:45:00,60.3,60.5,60.2,60.4,87000,DNSE
VNM,15,2026-09-17 11:00:00,60.4,60.5,60.3,60.5,127000,DNSE
VNM,15,2026-09-17 11:15:00,60.5,60.5,60.2,60.3,82700,DNSE
VNM,15,2026-09-17 13:00:00,60.3,60.4,60.2,60.3,113700,DNSE
VNM,15,2026-09-17 13:15:00,60.3,60.3,60.1,60.2,83000,DNSE
VNM,15,2026-09-17 13:30:00,60.2,60.5,60.1,60.4,261800,DNSE
VNM,15,2026-09-17 13:45:00,60.5,60.5,60.0,60.0,123500,DNSE
VNM,15,2026-09-17 14:00:00,60.1,60.4,60.0,60.4,133600,DNSE
VNM,15,2026-09-17 14:15:00,60.4,60.7,60.1,60.5,700500,DNSE
VNM,15,2026-09-17 14:45:00,60.2,60.2,60.2,60.2,189200,DNSE
VNM,15,2026-09-18 09:15:00,60.4,60.6,60.4,60.4,44600,DNSE
VNM,15,2026-09-18 09:30:00,60.4,60.5,60.3,60.5,29800,DNSE
VNM,15,2026-09-18 09:45:00,60.5,60.8,60.4,60.7,70100,DNSE
VNM,15,2026-09-18 10:00:00,60.8,60.8,60.7,60.7,40800,DNSE
VNM,15,2026-09-18 10:15:00,60.7,60.9,60.7,60.8,148700,DNSE
VNM,15,2026-09-18 10:30:00,60.8,60.8,60.6,60.6,31700,DNSE
VNM,15,2026-09-18 10:45:00,60.6,60.7,60.6,60.6,75400,DNSE
VNM,15,2026-09-18 11:00:00,60.6,60.8,60.6,60.7,75300,DNSE
VNM,15,2026-09-18 11:15:00,60.7,61.0,60.7,61.0,90500,DNSE
VNM,15,2026-09-18 13:00:00,61.0,61.0,60.7,60.8,100700,DNSE
VNM,15,2026-09-18 13:15:00,60.8,60.8,60.7,60.7,68400,DNSE
VNM,15,2026-09-18 13:30:00,60.7,60.7,60.6,60.6,61900,DNSE
VNM,15,2026-09-18 13:45:00,60.6,60.7,60.5,60.5,84200,DNSE
VNM,15,2026-09-18 14:00:00,60.6,60.7,60.5,60.6,75000,DNSE
VNM,15,2026-09-18 14:15:00,60.7,60.7,60.4,60.5,134300,DNSE
VNM,15,2026-09-18 14:45:00,61.2,61.2,61.2,61.2,3385900,DNSE
VNM,15,2026-09-21 09:15:00,61.2,61.3,60.7,60.7,237100,DNSE
VNM,15,2026-09-21 09:30:00,60.8,60.9,60.7,60.9,63200,DNSE
VNM,15,2026-09-21 09:45:00,60.8,61.0,60.6,60.7,137800,DNSE
VNM,15,2026-09-21 10:00:00,60.7,60.9,60.6,60.6,79700,DNSE
VNM,15,2026-09-21 10:15:00,60.6,60.8,60.5,60.7,78700,DNSE
VNM,15,2026-09-21 10:30:00,60.7,60.9,60.6,60.7,114400,DNSE
VNM,15,2026-09-21 10:45:00,60.7,60.8,60.6,60.7,156300,DNSE
VNM,15,2026-09-21 11:00:00,60.8,60.8,60.5,60.6,156600,DNSE
VNM,15,2026-09-21 11:15:00,60.6,60.7,60.6,60.7,53200,DNSE
VNM,15,2026-09-21 13:00:00,60.7,60.7,60.5,60.5,211500,DNSE
VNM,15,2026-09-21 13:15:00,60.5,60.8,60.5,60.6,141100,DNSE
VNM,15,2026-09-21 13:30:00,60.6,60.9,60.6,60.9,150800,DNSE
VNM,15,2026-09-21 13:45:00,60.9,61.0,60.8,60.9,223000,DNSE
VNM,15,2026-09-21 14:00:00,60.9,61.0,60.5,60.6,268900,DNSE
VNM,15,2026-09-21 14:15:00,60.6,60.9,60.5,60.6,250900,DNSE
VNM,15,2026-09-21 14:45:00,60.3,60.3,60.3,60.3,199100,DNSE
